{"type":"FeatureCollection","name":"landuse","crs_note":"coordinates are source-image pixels of assets/maps/source/base_map.webp (x right, y down); see docs/COORDINATES.md","features":[{"type":"Feature","properties":{"id":"LU_FOREST_HARDWOOD_0001","class":"forest_hardwood","color":"#5d7a32","area_m2":277.0},"geometry":{"type":"Polygon","coordinates":[[[295.1,660.6],[292.1,662.9],[291.1,666.9],[300.9,666.9],[299.4,662.1],[295.1,660.6]]]}},{"type":"Feature","properties":{"id":"LU_FOREST_HARDWOOD_0002","class":"forest_hardwood","color":"#5d7a32","area_m2":289.0},"geometry":{"type":"Polygon","coordinates":[[[1799.6,659.4],[1796.6,661.9],[1796.1,666.9],[1803.9,666.9],[1803.4,661.1],[1799.6,659.4]]]}},{"type":"Feature","properties":{"id":"LU_FOREST_HARDWOOD_0003","class":"forest_hardwood","color":"#5d7a32","area_m2":365.0},"geometry":{"type":"Polygon","coordinates":[[[70.6,659.4],[67.9,661.4],[66.1,666.9],[76.9,666.9],[75.4,661.1],[70.6,659.4]]]}},{"type":"Feature","properties":{"id":"LU_FOREST_HARDWOOD_0004","class":"forest_hardwood","color":"#5d7a32","area_m2":237.0},"geometry":{"type":"Polygon","coordinates":[[[1499.6,659.1],[1496.1,661.9],[1495.1,666.9],[1500.4,666.9],[1502.4,660.4],[1499.6,659.1]]]}},{"type":"Feature","properties":{"id":"LU_FOREST_HARDWOOD_0005","class":"forest_hardwood","color":"#5d7a32","area_m2":271.0},"geometry":{"type":"Polygon","coordinates":[[[603.6,658.1],[601.1,660.6],[602.1,666.9],[606.9,666.9],[607.6,660.6],[603.6,658.1]]]}},{"type":"Feature","properties":{"id":"LU_FOREST_HARDWOOD_0006","class":"forest_hardwood","color":"#5d7a32","area_m2":337.0},"geometry":{"type":"Polygon","coordinates":[[[886.4,657.9],[884.1,660.6],[885.1,666.9],[892.9,666.9],[890.4,660.1],[886.4,657.9]]]}},{"type":"Feature","properties":{"id":"LU_FOREST_HARDWOOD_0007","class":"forest_hardwood","color":"#5d7a32","area_m2":712.0},"geometry":{"type":"Polygon","coordinates":[[[1297.9,656.4],[1295.9,657.9],[1295.6,659.9],[1298.1,666.9],[1308.9,666.9],[1308.6,660.6],[1305.9,657.6],[1297.9,656.4]]]}},{"type":"Feature","properties":{"id":"LU_FOREST_HARDWOOD_0008","class":"forest_hardwood","color":"#5d7a32","area_m2":372.0},"geometry":{"type":"Polygon","coordinates":[[[157.6,656.1],[155.6,657.4],[155.4,659.1],[157.6,662.9],[158.1,666.9],[162.9,666.9],[162.6,658.6],[160.9,656.6],[157.6,656.1]]]}},{"type":"Feature","properties":{"id":"LU_FOREST_HARDWOOD_0009","class":"forest_hardwood","color":"#5d7a32","area_m2":607.0},"geometry":{"type":"Polygon","coordinates":[[[1704.9,655.1],[1700.1,659.9],[1698.1,666.9],[1707.9,666.9],[1708.4,663.9],[1711.4,659.6],[1704.9,655.1]]]}},{"type":"Feature","properties":{"id":"LU_FOREST_HARDWOOD_0010","class":"forest_hardwood","color":"#5d7a32","area_m2":2032.0},"geometry":{"type":"Polygon","coordinates":[[[1005.9,652.1],[1001.4,656.1],[997.6,655.9],[993.6,652.9],[989.6,654.6],[989.6,656.4],[993.9,660.6],[994.1,666.9],[1019.9,666.9],[1015.4,655.1],[1012.4,652.4],[1005.9,652.1]]]}},{"type":"Feature","properties":{"id":"LU_FOREST_HARDWOOD_0011","class":"forest_hardwood","color":"#5d7a32","area_m2":1688.0},"geometry":{"type":"Polygon","coordinates":[[[710.6,652.1],[706.1,656.6],[708.1,666.9],[727.9,666.9],[726.9,658.4],[724.9,654.6],[721.6,653.1],[710.6,652.1]]]}},{"type":"Feature","properties":{"id":"LU_FOREST_HARDWOOD_0012","class":"forest_hardwood","color":"#5d7a32","area_m2":916.0},"geometry":{"type":"Polygon","coordinates":[[[1117.6,648.6],[1109.1,650.6],[1103.9,656.6],[1092.1,663.6],[1090.1,666.9],[1100.9,666.9],[1101.4,664.1],[1105.1,660.4],[1110.9,657.4],[1116.4,651.9],[1117.6,648.6]]]}},{"type":"Feature","properties":{"id":"LU_FOREST_HARDWOOD_0013","class":"forest_hardwood","color":"#5d7a32","area_m2":979.0},"geometry":{"type":"Polygon","coordinates":[[[690.6,646.1],[687.6,647.1],[677.1,646.6],[675.4,648.6],[675.4,651.4],[679.6,654.9],[693.4,655.6],[695.6,653.4],[695.9,650.4],[693.9,647.1],[690.6,646.1]]]}},{"type":"Feature","properties":{"id":"LU_FOREST_HARDWOOD_0014","class":"forest_hardwood","color":"#5d7a32","area_m2":952.0},"geometry":{"type":"Polygon","coordinates":[[[343.6,643.4],[340.1,650.4],[340.4,653.4],[342.1,655.4],[344.6,656.6],[353.6,655.9],[358.6,657.1],[359.9,656.1],[357.9,650.6],[348.9,648.1],[343.6,643.4]]]}},{"type":"Feature","properties":{"id":"LU_FOREST_HARDWOOD_0015","class":"forest_hardwood","color":"#5d7a32","area_m2":443.0},"geometry":{"type":"Polygon","coordinates":[[[1490.6,638.1],[1486.6,641.1],[1485.1,644.4],[1485.6,647.6],[1487.6,648.9],[1491.1,647.9],[1494.6,644.4],[1494.4,639.9],[1490.6,638.1]]]}},{"type":"Feature","properties":{"id":"LU_FOREST_HARDWOOD_0016","class":"forest_hardwood","color":"#5d7a32","area_m2":276.0},"geometry":{"type":"Polygon","coordinates":[[[666.6,635.1],[663.6,637.1],[663.1,639.4],[665.1,642.4],[667.4,642.9],[671.1,640.1],[671.4,638.1],[669.1,635.6],[666.6,635.1]]]}},{"type":"Feature","properties":{"id":"LU_FOREST_HARDWOOD_0017","class":"forest_hardwood","color":"#5d7a32","area_m2":5365.0},"geometry":{"type":"Polygon","coordinates":[[[127.9,632.6],[118.4,634.9],[110.6,633.4],[106.1,635.6],[104.1,639.6],[105.1,643.4],[104.6,652.1],[108.6,654.9],[117.1,652.1],[122.1,656.6],[127.9,651.4],[130.6,651.9],[130.4,653.6],[122.4,662.1],[116.9,661.9],[114.6,664.1],[114.1,666.9],[128.1,666.9],[128.9,665.4],[132.6,666.9],[133.1,661.6],[136.6,658.9],[140.6,661.1],[141.1,666.9],[145.9,666.9],[148.9,656.6],[149.1,650.6],[151.1,647.1],[143.4,644.4],[136.9,646.6],[136.4,641.1],[130.9,633.9],[127.9,632.6]],[[116.4,638.1],[127.9,640.4],[130.9,643.9],[129.1,648.6],[125.4,650.1],[116.1,645.6],[113.9,641.6],[116.4,638.1]]]}},{"type":"Feature","properties":{"id":"LU_FOREST_HARDWOOD_0018","class":"forest_hardwood","color":"#5d7a32","area_m2":6755.0},"geometry":{"type":"Polygon","coordinates":[[[1953.9,631.4],[1944.4,637.6],[1944.1,649.4],[1947.1,653.4],[1960.6,653.9],[1967.4,650.9],[1970.6,651.4],[1971.9,654.1],[1967.4,659.6],[1967.1,666.9],[1977.9,666.9],[1978.1,661.6],[1981.4,658.4],[1984.1,658.9],[1986.6,661.1],[1989.1,666.9],[1997.4,666.9],[1999.9,665.1],[1999.9,654.1],[1995.1,653.6],[1983.9,640.6],[1981.6,640.1],[1977.4,641.6],[1968.9,638.1],[1964.4,633.4],[1953.9,631.4]]]}},{"type":"Feature","properties":{"id":"LU_FOREST_HARDWOOD_0019","class":"forest_hardwood","color":"#5d7a32","area_m2":625.0},"geometry":{"type":"Polygon","coordinates":[[[449.6,630.1],[443.4,636.9],[443.6,638.9],[448.6,642.9],[452.1,642.4],[457.9,638.9],[452.9,634.9],[451.1,630.6],[449.6,630.1]]]}},{"type":"Feature","properties":{"id":"LU_FOREST_HARDWOOD_0020","class":"forest_hardwood","color":"#5d7a32","area_m2":2084.0},"geometry":{"type":"Polygon","coordinates":[[[1735.9,629.4],[1732.4,632.9],[1727.9,634.1],[1726.9,637.1],[1733.1,640.9],[1748.1,645.4],[1752.9,655.6],[1751.1,661.4],[1751.1,666.9],[1758.9,666.9],[1758.9,657.4],[1756.4,649.1],[1749.1,644.4],[1746.9,636.9],[1741.9,631.6],[1735.9,629.4]]]}},{"type":"Feature","properties":{"id":"LU_FOREST_HARDWOOD_0021","class":"forest_hardwood","color":"#5d7a32","area_m2":1723.0},"geometry":{"type":"Polygon","coordinates":[[[295.9,628.1],[293.9,629.9],[295.1,634.1],[304.9,645.6],[302.6,654.9],[307.9,659.9],[311.9,660.4],[315.4,656.1],[315.4,650.9],[301.1,629.9],[295.9,628.1]]]}},{"type":"Feature","properties":{"id":"LU_FOREST_HARDWOOD_0022","class":"forest_hardwood","color":"#5d7a32","area_m2":412.0},"geometry":{"type":"Polygon","coordinates":[[[1511.6,625.1],[1508.6,627.1],[1508.4,630.4],[1511.9,633.4],[1515.1,633.4],[1518.4,630.9],[1519.1,628.4],[1516.1,625.6],[1511.6,625.1]]]}},{"type":"Feature","properties":{"id":"LU_FOREST_HARDWOOD_0023","class":"forest_hardwood","color":"#5d7a32","area_m2":249.0},"geometry":{"type":"Polygon","coordinates":[[[986.6,623.9],[984.4,625.9],[984.9,629.1],[990.6,632.1],[993.1,631.6],[989.4,625.1],[986.6,623.9]]]}},{"type":"Feature","properties":{"id":"LU_FOREST_HARDWOOD_0024","class":"forest_hardwood","color":"#5d7a32","area_m2":721.0},"geometry":{"type":"Polygon","coordinates":[[[653.4,621.1],[649.1,623.9],[648.4,630.1],[649.9,631.6],[657.6,633.4],[660.6,630.4],[660.4,624.9],[658.1,622.1],[653.4,621.1]]]}},{"type":"Feature","properties":{"id":"LU_FOREST_HARDWOOD_0025","class":"forest_hardwood","color":"#5d7a32","area_m2":4294.0},"geometry":{"type":"Polygon","coordinates":[[[897.9,619.4],[894.6,623.1],[893.9,627.1],[892.1,628.9],[884.9,625.1],[879.9,630.6],[872.1,635.1],[870.4,633.4],[873.4,627.6],[869.6,629.1],[865.6,635.9],[864.1,641.6],[865.6,649.1],[868.1,652.4],[876.4,655.6],[879.9,655.4],[881.9,652.4],[882.4,644.9],[885.4,639.1],[889.1,636.4],[890.6,636.4],[892.1,638.6],[890.6,645.6],[891.9,646.6],[894.1,645.6],[899.4,634.1],[902.6,631.6],[905.6,631.1],[907.4,628.6],[903.9,626.9],[900.9,620.9],[897.9,619.4]]]}},{"type":"Feature","properties":{"id":"LU_FOREST_HARDWOOD_0026","class":"forest_hardwood","color":"#5d7a32","area_m2":5522.0},"geometry":{"type":"Polygon","coordinates":[[[1003.1,618.4],[998.4,628.6],[994.9,631.4],[996.9,635.6],[993.9,641.6],[995.6,646.9],[1000.1,649.9],[1001.9,649.4],[1002.4,631.9],[1006.9,626.9],[1010.6,626.6],[1014.1,631.4],[1014.1,640.4],[1016.1,643.4],[1020.1,642.9],[1024.4,638.4],[1026.9,639.6],[1028.1,648.4],[1027.1,658.4],[1029.1,666.9],[1035.9,666.9],[1030.1,657.4],[1030.9,653.9],[1035.9,648.6],[1038.9,650.6],[1038.4,658.4],[1042.9,666.1],[1049.4,658.9],[1050.4,656.1],[1049.6,648.6],[1044.4,640.1],[1039.6,638.4],[1033.6,642.6],[1031.1,642.1],[1029.1,639.1],[1029.4,631.9],[1025.9,626.6],[1018.6,623.4],[1011.9,622.6],[1003.1,618.4]]]}},{"type":"Feature","properties":{"id":"LU_FOREST_HARDWOOD_0027","class":"forest_hardwood","color":"#5d7a32","area_m2":538.0},"geometry":{"type":"Polygon","coordinates":[[[1947.1,616.6],[1942.4,618.4],[1942.1,620.4],[1953.9,626.6],[1958.9,625.9],[1958.6,624.4],[1950.9,617.6],[1947.1,616.6]]]}},{"type":"Feature","properties":{"id":"LU_FOREST_HARDWOOD_0028","class":"forest_hardwood","color":"#5d7a32","area_m2":532.0},"geometry":{"type":"Polygon","coordinates":[[[1237.6,614.1],[1234.4,616.9],[1235.6,620.9],[1246.1,628.4],[1248.9,628.9],[1249.1,626.9],[1244.4,622.9],[1242.4,617.1],[1237.6,614.1]]]}},{"type":"Feature","properties":{"id":"LU_FOREST_HARDWOOD_0029","class":"forest_hardwood","color":"#5d7a32","area_m2":8390.0},"geometry":{"type":"Polygon","coordinates":[[[1261.6,612.4],[1259.1,613.6],[1257.4,616.6],[1258.6,621.9],[1263.9,625.6],[1268.6,624.1],[1272.9,625.4],[1278.1,632.4],[1284.6,636.1],[1285.6,639.9],[1288.6,642.6],[1296.9,642.4],[1300.4,638.9],[1302.6,633.9],[1304.6,632.9],[1308.6,635.1],[1309.4,640.4],[1311.1,642.4],[1314.6,642.9],[1320.6,641.4],[1322.1,643.6],[1322.1,652.6],[1328.1,666.9],[1332.9,666.9],[1331.9,656.4],[1335.6,649.1],[1338.4,648.9],[1344.4,657.4],[1348.4,655.1],[1348.6,651.6],[1345.9,645.9],[1338.1,637.6],[1299.6,623.1],[1294.6,623.4],[1289.6,627.6],[1287.9,625.4],[1287.6,620.6],[1285.4,618.1],[1279.6,618.9],[1273.6,616.4],[1268.6,615.9],[1265.1,613.1],[1261.6,612.4]]]}},{"type":"Feature","properties":{"id":"LU_FOREST_HARDWOOD_0030","class":"forest_hardwood","color":"#5d7a32","area_m2":288.0},"geometry":{"type":"Polygon","coordinates":[[[287.9,612.4],[285.1,614.9],[284.4,618.1],[286.1,620.4],[289.1,620.9],[291.4,619.1],[291.9,615.6],[289.9,612.6],[287.9,612.4]]]}},{"type":"Feature","properties":{"id":"LU_FOREST_HARDWOOD_0031","class":"forest_hardwood","color":"#5d7a32","area_m2":4392.0},"geometry":{"type":"Polygon","coordinates":[[[815.4,612.1],[814.1,620.1],[807.6,626.9],[807.1,629.4],[808.6,632.4],[819.6,633.9],[825.6,631.6],[827.6,633.4],[827.4,637.4],[828.6,639.9],[832.1,643.4],[835.6,644.9],[847.4,643.6],[850.4,640.9],[851.9,635.4],[847.9,629.6],[832.1,623.6],[829.4,616.4],[820.6,616.9],[815.4,612.1]]]}},{"type":"Feature","properties":{"id":"LU_FOREST_HARDWOOD_0032","class":"forest_hardwood","color":"#5d7a32","area_m2":757.0},"geometry":{"type":"Polygon","coordinates":[[[1527.1,609.4],[1524.4,611.9],[1518.6,613.1],[1503.9,611.4],[1502.6,613.4],[1506.9,613.4],[1511.9,618.1],[1518.9,616.4],[1525.6,619.4],[1527.4,617.9],[1529.6,611.4],[1528.9,609.4],[1527.1,609.4]]]}},{"type":"Feature","properties":{"id":"LU_FOREST_HARDWOOD_0033","class":"forest_hardwood","color":"#5d7a32","area_m2":1973.0},"geometry":{"type":"Polygon","coordinates":[[[1659.6,607.6],[1659.9,611.4],[1654.1,615.6],[1654.1,617.9],[1658.9,620.4],[1665.4,628.1],[1669.9,630.4],[1673.6,634.1],[1674.6,639.1],[1677.1,642.4],[1681.1,643.1],[1682.9,640.4],[1682.4,636.9],[1672.9,626.1],[1671.4,615.6],[1661.4,609.9],[1659.6,607.6]]]}},{"type":"Feature","properties":{"id":"LU_FOREST_HARDWOOD_0034","class":"forest_hardwood","color":"#5d7a32","area_m2":245.0},"geometry":{"type":"Polygon","coordinates":[[[1999.9,603.1],[1995.6,605.1],[1995.4,607.4],[1996.6,613.1],[1999.9,614.9],[1999.9,603.1]]]}},{"type":"Feature","properties":{"id":"LU_FOREST_HARDWOOD_0035","class":"forest_hardwood","color":"#5d7a32","area_m2":3817.0},"geometry":{"type":"Polygon","coordinates":[[[1916.4,603.1],[1907.9,605.6],[1904.6,608.1],[1898.9,618.4],[1898.9,621.1],[1902.1,622.4],[1907.4,620.9],[1914.1,624.4],[1922.1,621.4],[1929.9,624.4],[1935.1,632.4],[1938.9,632.4],[1940.9,629.4],[1940.4,624.9],[1932.9,619.1],[1930.4,609.1],[1923.1,603.6],[1916.4,603.1]]]}},{"type":"Feature","properties":{"id":"LU_FOREST_HARDWOOD_0036","class":"forest_hardwood","color":"#5d7a32","area_m2":363.0},"geometry":{"type":"Polygon","coordinates":[[[476.9,599.4],[475.4,602.4],[478.1,606.4],[489.9,606.1],[483.1,601.1],[476.9,599.4]]]}},{"type":"Feature","properties":{"id":"LU_FOREST_HARDWOOD_0037","class":"forest_hardwood","color":"#5d7a32","area_m2":3740.0},"geometry":{"type":"Polygon","coordinates":[[[1727.4,599.1],[1716.6,603.1],[1710.1,602.4],[1709.4,607.1],[1702.9,613.1],[1696.1,610.4],[1694.1,611.1],[1696.9,617.4],[1702.4,615.1],[1704.4,615.1],[1705.9,616.9],[1705.6,618.9],[1699.9,623.9],[1700.1,626.6],[1703.6,628.1],[1707.6,627.9],[1712.6,625.6],[1715.1,626.9],[1713.6,630.1],[1708.4,632.4],[1708.4,634.1],[1712.4,633.6],[1718.9,629.4],[1724.4,622.9],[1723.9,616.9],[1725.9,613.1],[1726.1,607.6],[1728.1,605.4],[1730.1,605.9],[1730.9,604.4],[1730.9,599.9],[1727.4,599.1]]]}},{"type":"Feature","properties":{"id":"LU_FOREST_HARDWOOD_0038","class":"forest_hardwood","color":"#5d7a32","area_m2":1421.0},"geometry":{"type":"Polygon","coordinates":[[[792.6,597.4],[788.1,600.9],[787.6,606.9],[799.1,618.4],[803.9,618.4],[806.9,613.6],[802.4,609.1],[802.4,602.9],[800.9,601.4],[796.4,600.6],[792.6,597.4]]]}},{"type":"Feature","properties":{"id":"LU_FOREST_HARDWOOD_0039","class":"forest_hardwood","color":"#5d7a32","area_m2":465.0},"geometry":{"type":"Polygon","coordinates":[[[1668.1,593.4],[1666.1,596.4],[1664.4,605.1],[1666.9,607.9],[1669.9,608.4],[1671.4,607.4],[1671.9,604.4],[1669.6,594.6],[1668.1,593.4]]]}},{"type":"Feature","properties":{"id":"LU_FOREST_HARDWOOD_0040","class":"forest_hardwood","color":"#5d7a32","area_m2":1316.0},"geometry":{"type":"Polygon","coordinates":[[[445.9,591.1],[444.4,592.4],[445.9,598.1],[442.6,602.4],[444.6,609.6],[446.6,610.6],[449.4,607.4],[458.9,609.4],[461.4,605.9],[460.6,600.6],[454.1,598.6],[448.6,591.6],[445.9,591.1]]]}},{"type":"Feature","properties":{"id":"LU_FOREST_HARDWOOD_0041","class":"forest_hardwood","color":"#5d7a32","area_m2":292.0},"geometry":{"type":"Polygon","coordinates":[[[1467.6,587.9],[1463.4,592.6],[1463.6,594.6],[1465.6,595.9],[1473.4,592.4],[1470.9,588.6],[1467.6,587.9]]]}},{"type":"Feature","properties":{"id":"LU_FOREST_HARDWOOD_0042","class":"forest_hardwood","color":"#5d7a32","area_m2":271.0},"geometry":{"type":"Polygon","coordinates":[[[431.9,587.4],[430.4,588.6],[429.1,593.6],[430.9,596.6],[433.9,595.1],[436.4,589.9],[435.9,588.4],[431.9,587.4]]]}},{"type":"Feature","properties":{"id":"LU_FOREST_HARDWOOD_0043","class":"forest_hardwood","color":"#5d7a32","area_m2":592.0},"geometry":{"type":"Polygon","coordinates":[[[48.9,586.4],[43.6,590.1],[42.6,592.9],[56.9,597.6],[59.1,593.6],[55.1,591.6],[50.6,586.6],[48.9,586.4]]]}},{"type":"Feature","properties":{"id":"LU_FOREST_HARDWOOD_0044","class":"forest_hardwood","color":"#5d7a32","area_m2":1625.0},"geometry":{"type":"Polygon","coordinates":[[[330.6,585.1],[325.9,590.6],[323.6,591.1],[318.9,589.4],[315.6,592.9],[316.1,599.1],[321.9,604.4],[327.1,605.1],[325.1,601.4],[324.9,597.6],[327.6,594.9],[330.4,595.1],[332.6,597.1],[335.1,604.4],[337.9,603.4],[341.1,599.4],[338.4,593.1],[334.1,589.4],[333.6,586.6],[330.6,585.1]]]}},{"type":"Feature","properties":{"id":"LU_FOREST_HARDWOOD_0045","class":"forest_hardwood","color":"#5d7a32","area_m2":3408.0},"geometry":{"type":"Polygon","coordinates":[[[278.9,585.6],[275.1,586.1],[275.9,592.4],[272.6,595.6],[269.9,595.1],[267.4,592.9],[265.6,587.6],[263.4,586.1],[259.4,587.4],[253.4,586.6],[250.6,590.9],[250.4,594.4],[254.6,598.6],[260.4,598.1],[266.9,601.4],[271.6,608.9],[274.6,610.6],[277.4,610.6],[279.9,608.9],[281.9,602.9],[285.9,599.1],[291.9,601.4],[295.9,607.1],[298.1,607.4],[298.6,605.9],[294.4,599.1],[278.9,585.6]]]}},{"type":"Feature","properties":{"id":"LU_FOREST_HARDWOOD_0046","class":"forest_hardwood","color":"#5d7a32","area_m2":6182.0},"geometry":{"type":"Polygon","coordinates":[[[384.9,581.4],[383.4,584.4],[386.1,591.4],[388.4,604.4],[392.1,608.9],[394.6,616.9],[400.1,622.4],[406.4,623.9],[410.6,621.9],[415.6,621.9],[420.9,624.4],[425.9,629.6],[434.6,626.9],[442.1,629.1],[439.9,623.6],[439.9,619.4],[442.1,614.1],[441.1,612.4],[439.4,612.6],[436.1,616.1],[430.4,618.1],[421.6,614.9],[418.1,609.4],[417.6,602.6],[413.9,598.6],[402.6,593.1],[393.1,592.6],[389.9,589.1],[388.4,583.1],[384.9,581.4]],[[400.9,601.6],[403.9,601.9],[405.9,604.6],[405.1,608.1],[401.9,610.6],[398.1,609.6],[396.4,606.9],[396.6,604.9],[400.9,601.6]]]}},{"type":"Feature","properties":{"id":"LU_FOREST_HARDWOOD_0047","class":"forest_hardwood","color":"#5d7a32","area_m2":734.0},"geometry":{"type":"Polygon","coordinates":[[[27.6,581.1],[22.4,583.9],[15.9,582.4],[13.6,585.6],[16.6,588.6],[29.4,590.9],[31.6,589.1],[31.9,585.4],[30.1,581.9],[27.6,581.1]]]}},{"type":"Feature","properties":{"id":"LU_FOREST_HARDWOOD_0048","class":"forest_hardwood","color":"#5d7a32","area_m2":369.0},"geometry":{"type":"Polygon","coordinates":[[[1306.6,580.1],[1303.1,581.6],[1301.6,584.6],[1305.1,588.4],[1308.6,589.4],[1310.6,587.4],[1310.9,583.6],[1308.9,580.6],[1306.6,580.1]]]}},{"type":"Feature","properties":{"id":"LU_FOREST_HARDWOOD_0049","class":"forest_hardwood","color":"#5d7a32","area_m2":552.0},"geometry":{"type":"Polygon","coordinates":[[[754.1,579.6],[751.6,581.1],[747.6,587.1],[747.6,589.9],[749.1,591.4],[753.1,590.9],[759.1,585.6],[758.4,581.1],[754.1,579.6]]]}},{"type":"Feature","properties":{"id":"LU_FOREST_HARDWOOD_0050","class":"forest_hardwood","color":"#5d7a32","area_m2":41750.0},"geometry":{"type":"Polygon","coordinates":[[[1801.6,578.6],[1800.1,580.6],[1800.4,585.1],[1797.4,587.9],[1791.1,589.6],[1789.1,592.6],[1791.1,597.9],[1793.4,598.1],[1799.4,594.9],[1805.1,599.9],[1805.4,603.6],[1799.9,612.6],[1785.4,617.1],[1779.1,613.6],[1772.9,612.1],[1766.4,607.4],[1762.4,607.1],[1759.4,609.1],[1760.4,612.4],[1767.9,613.4],[1772.6,622.9],[1778.4,625.1],[1779.9,626.9],[1777.9,630.6],[1764.9,636.1],[1762.9,638.6],[1763.1,640.4],[1770.6,647.1],[1774.1,652.4],[1778.9,652.9],[1782.1,646.6],[1784.6,644.9],[1786.9,645.4],[1792.1,651.4],[1794.1,651.6],[1800.1,642.6],[1805.1,641.1],[1808.1,644.6],[1806.1,650.4],[1806.4,656.4],[1814.9,663.6],[1820.6,661.9],[1825.6,662.4],[1828.1,656.6],[1830.6,654.6],[1838.6,655.6],[1849.9,649.4],[1853.4,648.9],[1857.4,652.4],[1854.1,659.4],[1856.1,666.9],[1888.9,666.9],[1887.6,656.9],[1888.6,655.4],[1893.6,653.9],[1898.6,656.1],[1901.6,660.9],[1903.1,666.9],[1929.9,666.9],[1929.1,658.6],[1933.6,652.4],[1931.9,647.6],[1925.9,645.4],[1921.1,648.6],[1918.1,648.6],[1912.9,642.6],[1900.4,632.9],[1896.9,625.6],[1888.9,623.1],[1881.6,615.9],[1871.4,615.1],[1867.1,612.6],[1861.4,605.1],[1855.1,600.6],[1848.9,593.6],[1842.1,593.6],[1840.1,591.4],[1838.9,586.9],[1835.1,583.1],[1830.9,582.6],[1825.9,589.6],[1822.4,590.1],[1818.1,588.6],[1814.4,584.9],[1812.1,579.9],[1809.6,579.1],[1805.4,580.6],[1801.6,578.6]],[[1895.6,640.4],[1903.1,642.9],[1904.9,644.9],[1904.6,646.6],[1902.4,648.1],[1897.1,647.6],[1893.4,643.6],[1895.6,640.4]],[[1860.1,615.6],[1864.6,616.6],[1870.6,615.9],[1875.9,619.9],[1880.4,621.1],[1881.9,622.9],[1881.9,625.4],[1878.4,628.1],[1868.1,626.9],[1859.4,619.9],[1858.6,617.4],[1860.1,615.6]],[[1844.4,601.4],[1847.1,601.4],[1850.1,603.9],[1850.6,606.9],[1848.6,609.6],[1842.9,608.6],[1839.4,606.4],[1839.4,604.4],[1844.4,601.4]],[[1836.4,615.1],[1838.9,615.4],[1843.1,619.9],[1846.6,626.1],[1845.1,629.4],[1841.1,628.6],[1834.9,621.1],[1833.9,617.6],[1836.4,615.1]],[[1835.4,631.1],[1837.9,631.4],[1840.6,634.1],[1842.1,639.4],[1841.6,644.1],[1837.4,647.1],[1833.1,645.6],[1830.9,641.6],[1831.4,633.9],[1835.4,631.1]],[[1813.1,613.1],[1817.1,613.4],[1820.6,616.9],[1820.9,620.4],[1817.9,623.6],[1807.9,625.6],[1802.1,630.1],[1794.9,632.1],[1786.4,639.9],[1782.4,638.6],[1781.9,635.4],[1786.4,621.9],[1788.4,619.6],[1792.6,618.9],[1799.4,620.9],[1804.4,620.6],[1810.1,614.4],[1813.1,613.1]],[[1798.4,636.4],[1801.1,637.1],[1800.4,640.4],[1796.6,642.9],[1793.4,642.6],[1792.9,640.1],[1798.4,636.4]]]}},{"type":"Feature","properties":{"id":"LU_FOREST_HARDWOOD_0051","class":"forest_hardwood","color":"#5d7a32","area_m2":465.0},"geometry":{"type":"Polygon","coordinates":[[[229.4,577.6],[226.4,580.6],[226.6,585.9],[229.6,588.6],[236.6,588.4],[237.1,586.1],[233.4,582.9],[231.6,578.6],[229.4,577.6]]]}},{"type":"Feature","properties":{"id":"LU_FOREST_HARDWOOD_0052","class":"forest_hardwood","color":"#5d7a32","area_m2":290.0},"geometry":{"type":"Polygon","coordinates":[[[1706.6,575.1],[1702.6,577.4],[1703.1,579.9],[1714.1,581.9],[1713.4,579.1],[1710.9,576.6],[1706.6,575.1]]]}},{"type":"Feature","properties":{"id":"LU_FOREST_HARDWOOD_0053","class":"forest_hardwood","color":"#5d7a32","area_m2":379.0},"geometry":{"type":"Polygon","coordinates":[[[995.6,572.1],[992.6,574.1],[992.6,577.9],[997.4,580.9],[1000.6,580.4],[1001.9,578.4],[1001.4,575.1],[998.9,572.6],[995.6,572.1]]]}},{"type":"Feature","properties":{"id":"LU_FOREST_HARDWOOD_0054","class":"forest_hardwood","color":"#5d7a32","area_m2":2796.0},"geometry":{"type":"Polygon","coordinates":[[[791.4,571.6],[789.1,574.6],[791.1,581.6],[790.6,583.9],[786.6,585.9],[779.4,582.4],[776.1,583.1],[771.9,589.6],[767.1,590.6],[763.1,594.9],[762.4,598.1],[765.1,601.4],[769.6,601.9],[778.4,597.9],[783.9,597.4],[794.4,586.9],[798.1,581.4],[803.4,580.4],[800.9,576.6],[794.1,572.1],[791.4,571.6]]]}},{"type":"Feature","properties":{"id":"LU_FOREST_HARDWOOD_0055","class":"forest_hardwood","color":"#5d7a32","area_m2":16017.0},"geometry":{"type":"Polygon","coordinates":[[[562.1,567.4],[560.1,570.4],[558.6,583.1],[562.6,585.4],[566.6,579.4],[569.1,579.1],[572.6,583.9],[572.6,587.9],[565.1,593.1],[559.6,595.1],[552.6,594.9],[548.9,592.1],[546.4,593.9],[541.1,594.1],[540.9,595.4],[546.6,602.1],[550.6,609.4],[552.4,608.6],[553.4,605.1],[555.6,603.1],[558.4,603.1],[562.9,605.4],[570.9,618.6],[568.6,626.9],[576.1,628.4],[578.1,630.1],[578.4,632.1],[576.9,634.1],[569.9,635.6],[568.1,637.1],[567.4,640.4],[568.6,642.9],[573.9,646.4],[577.6,651.9],[582.6,655.9],[590.6,652.9],[595.4,652.9],[600.9,647.4],[610.4,646.1],[612.9,648.9],[612.6,654.1],[622.6,662.1],[624.1,666.9],[628.9,666.9],[627.9,660.6],[629.9,658.1],[631.9,659.1],[633.1,666.9],[634.6,666.9],[637.6,658.4],[636.6,652.6],[630.1,648.6],[623.9,640.6],[615.4,636.1],[603.4,638.1],[592.1,633.6],[592.9,631.1],[599.1,630.6],[600.9,627.6],[593.4,616.1],[587.4,611.4],[587.6,603.1],[580.1,595.1],[580.9,591.9],[585.9,584.1],[585.9,581.6],[575.1,573.1],[562.1,567.4]],[[574.1,600.9],[576.4,601.1],[578.1,603.6],[576.9,608.4],[574.6,610.6],[572.1,609.4],[571.1,606.4],[571.9,602.9],[574.1,600.9]]]}},{"type":"Feature","properties":{"id":"LU_FOREST_HARDWOOD_0056","class":"forest_hardwood","color":"#5d7a32","area_m2":391.0},"geometry":{"type":"Polygon","coordinates":[[[220.4,567.1],[216.9,568.9],[216.1,570.6],[216.6,573.9],[218.9,575.6],[220.9,575.4],[227.6,568.4],[226.1,567.1],[220.4,567.1]]]}},{"type":"Feature","properties":{"id":"LU_FOREST_HARDWOOD_0057","class":"forest_hardwood","color":"#5d7a32","area_m2":1400.0},"geometry":{"type":"Polygon","coordinates":[[[440.9,565.1],[439.1,567.1],[441.1,569.4],[455.4,577.9],[455.9,584.6],[464.6,587.6],[469.4,585.9],[470.9,581.6],[468.9,578.6],[460.9,576.6],[457.1,574.6],[449.9,567.6],[440.9,565.1]]]}},{"type":"Feature","properties":{"id":"LU_FOREST_HARDWOOD_0058","class":"forest_hardwood","color":"#5d7a32","area_m2":2394.0},"geometry":{"type":"Polygon","coordinates":[[[90.6,561.4],[81.4,566.4],[80.9,568.4],[82.1,570.4],[90.9,573.4],[105.9,586.9],[116.6,591.9],[120.4,590.4],[120.1,587.9],[107.9,575.6],[100.1,571.6],[95.1,563.4],[90.6,561.4]]]}},{"type":"Feature","properties":{"id":"LU_FOREST_HARDWOOD_0059","class":"forest_hardwood","color":"#5d7a32","area_m2":765.0},"geometry":{"type":"Polygon","coordinates":[[[0.1,559.1],[0.1,578.9],[4.4,578.9],[8.9,574.4],[5.1,567.1],[6.4,561.4],[4.4,559.4],[0.1,559.1]]]}},{"type":"Feature","properties":{"id":"LU_FOREST_HARDWOOD_0060","class":"forest_hardwood","color":"#5d7a32","area_m2":263.0},"geometry":{"type":"Polygon","coordinates":[[[297.1,554.6],[294.6,556.4],[294.6,558.9],[298.9,561.9],[301.6,561.6],[302.6,560.1],[301.9,556.9],[299.6,554.9],[297.1,554.6]]]}},{"type":"Feature","properties":{"id":"LU_FOREST_HARDWOOD_0061","class":"forest_hardwood","color":"#5d7a32","area_m2":687.0},"geometry":{"type":"Polygon","coordinates":[[[1745.4,552.4],[1744.4,553.4],[1744.9,555.1],[1749.1,559.4],[1754.6,560.1],[1762.1,563.4],[1763.6,562.6],[1762.9,558.9],[1760.1,556.1],[1753.6,553.1],[1745.4,552.4]]]}},{"type":"Feature","properties":{"id":"LU_FOREST_HARDWOOD_0062","class":"forest_hardwood","color":"#5d7a32","area_m2":2719.0},"geometry":{"type":"Polygon","coordinates":[[[1714.4,549.1],[1706.9,554.9],[1706.9,556.9],[1708.9,557.6],[1714.1,553.4],[1716.9,553.9],[1719.9,556.6],[1723.6,556.4],[1725.1,561.4],[1729.6,565.1],[1732.4,569.6],[1732.1,571.9],[1727.1,574.6],[1721.9,580.9],[1722.4,583.4],[1725.6,583.6],[1732.1,581.4],[1737.6,577.1],[1743.4,577.6],[1747.6,575.6],[1738.9,561.6],[1721.1,550.1],[1714.4,549.1]]]}},{"type":"Feature","properties":{"id":"LU_FOREST_HARDWOOD_0063","class":"forest_hardwood","color":"#5d7a32","area_m2":41466.0},"geometry":{"type":"Polygon","coordinates":[[[22.9,548.4],[20.9,549.9],[20.6,551.9],[23.9,558.6],[23.1,564.4],[26.6,572.9],[28.6,574.6],[35.1,575.4],[42.4,579.9],[51.4,578.9],[61.9,582.4],[65.1,585.9],[66.6,590.6],[64.9,592.6],[60.6,594.1],[67.1,607.4],[64.1,611.1],[58.1,612.6],[49.9,602.6],[42.6,601.9],[38.9,597.1],[29.6,602.1],[0.1,605.1],[0.1,666.9],[30.9,666.9],[27.1,660.4],[26.9,657.6],[31.6,648.4],[37.9,652.4],[44.6,653.4],[46.6,660.1],[48.9,662.4],[53.1,661.9],[61.9,651.4],[56.9,635.4],[57.4,633.1],[59.9,631.1],[65.1,632.9],[67.6,635.1],[69.9,640.6],[76.6,646.1],[81.1,653.4],[84.6,654.9],[86.9,654.4],[88.9,651.4],[90.4,635.9],[95.9,632.4],[97.9,629.4],[95.4,622.1],[98.4,617.9],[98.4,615.1],[95.4,613.1],[88.6,614.9],[85.1,612.1],[85.4,610.1],[91.9,605.4],[94.4,605.1],[100.1,607.9],[105.1,612.4],[110.9,615.4],[114.6,621.9],[116.9,623.4],[121.4,623.6],[124.4,620.9],[124.9,618.6],[122.9,613.9],[108.9,597.6],[101.9,591.6],[94.1,588.6],[87.9,582.6],[79.9,579.1],[73.1,573.6],[68.9,569.1],[65.4,561.1],[58.9,555.6],[55.6,554.1],[51.4,554.1],[46.1,556.6],[44.6,558.1],[44.6,560.6],[49.1,561.6],[50.6,564.9],[47.9,568.6],[43.9,569.6],[36.9,567.6],[33.4,564.9],[27.4,551.1],[24.9,548.6],[22.9,548.4]],[[81.4,597.6],[83.1,598.1],[82.4,600.4],[80.4,599.4],[81.4,597.6]],[[70.4,579.6],[75.1,580.9],[76.6,584.1],[74.6,584.9],[70.9,583.1],[69.4,581.4],[70.4,579.6]],[[40.1,625.1],[43.9,624.4],[47.1,629.4],[46.9,632.4],[44.6,634.4],[41.9,633.4],[39.9,629.6],[40.1,625.1]],[[24.1,616.6],[26.1,616.6],[27.9,618.9],[25.6,622.6],[23.9,622.4],[22.1,620.1],[24.1,616.6]]]}},{"type":"Feature","properties":{"id":"LU_FOREST_HARDWOOD_0064","class":"forest_hardwood","color":"#5d7a32","area_m2":1829.0},"geometry":{"type":"Polygon","coordinates":[[[322.4,545.6],[320.6,547.1],[320.4,549.4],[326.1,557.9],[326.4,561.1],[324.6,562.6],[319.6,561.1],[314.1,561.6],[309.6,567.4],[298.4,574.1],[299.4,577.4],[302.4,577.6],[311.9,570.9],[324.9,566.9],[329.4,563.9],[330.9,560.6],[330.9,554.4],[332.4,549.4],[328.9,547.1],[322.4,545.6]]]}},{"type":"Feature","properties":{"id":"LU_FOREST_HARDWOOD_0065","class":"forest_hardwood","color":"#5d7a32","area_m2":670.0},"geometry":{"type":"Polygon","coordinates":[[[284.1,545.6],[279.6,549.1],[279.1,552.6],[283.1,558.4],[286.6,558.9],[290.4,555.9],[289.9,550.4],[287.9,546.6],[284.1,545.6]]]}},{"type":"Feature","properties":{"id":"LU_FOREST_HARDWOOD_0066","class":"forest_hardwood","color":"#5d7a32","area_m2":8080.0},"geometry":{"type":"Polygon","coordinates":[[[1846.6,544.4],[1845.6,545.6],[1848.9,551.6],[1846.9,556.6],[1840.4,558.1],[1834.4,555.6],[1832.6,558.1],[1838.6,563.9],[1839.6,568.9],[1841.6,570.6],[1851.4,571.9],[1856.6,568.1],[1859.9,568.4],[1868.1,577.4],[1875.9,580.4],[1879.6,586.9],[1886.9,592.9],[1886.6,595.1],[1884.1,597.4],[1881.1,596.6],[1874.4,590.1],[1865.9,590.4],[1864.4,591.9],[1864.6,593.9],[1871.9,599.4],[1886.6,601.1],[1894.1,606.1],[1893.1,598.1],[1894.9,596.4],[1900.6,594.6],[1900.4,589.1],[1890.9,579.6],[1886.1,576.9],[1884.9,571.9],[1876.4,564.6],[1876.1,560.4],[1872.4,556.1],[1864.9,554.4],[1861.6,556.6],[1859.4,556.4],[1857.6,554.6],[1857.6,550.6],[1855.9,548.6],[1846.6,544.4]]]}},{"type":"Feature","properties":{"id":"LU_FOREST_HARDWOOD_0067","class":"forest_hardwood","color":"#5d7a32","area_m2":1782.0},"geometry":{"type":"Polygon","coordinates":[[[260.4,542.1],[255.6,551.9],[244.9,561.9],[244.9,563.9],[247.4,564.6],[253.4,563.1],[271.6,568.6],[279.9,567.6],[280.6,566.6],[279.4,565.4],[271.4,565.1],[267.4,561.9],[263.4,556.1],[261.9,550.6],[261.9,543.4],[260.4,542.1]]]}},{"type":"Feature","properties":{"id":"LU_FOREST_HARDWOOD_0068","class":"forest_hardwood","color":"#5d7a32","area_m2":1202.0},"geometry":{"type":"Polygon","coordinates":[[[515.4,540.6],[510.1,542.6],[508.6,544.4],[510.1,550.4],[507.4,556.1],[509.4,558.4],[513.1,557.1],[515.4,552.1],[520.4,554.6],[525.4,551.1],[524.4,546.1],[518.1,541.1],[515.4,540.6]]]}},{"type":"Feature","properties":{"id":"LU_FOREST_HARDWOOD_0069","class":"forest_hardwood","color":"#5d7a32","area_m2":647.0},"geometry":{"type":"Polygon","coordinates":[[[602.6,537.1],[592.1,542.6],[590.1,546.4],[592.4,547.9],[598.4,547.9],[602.9,545.4],[605.9,542.1],[606.4,539.4],[602.6,537.1]]]}},{"type":"Feature","properties":{"id":"LU_FOREST_HARDWOOD_0070","class":"forest_hardwood","color":"#5d7a32","area_m2":519.0},"geometry":{"type":"Polygon","coordinates":[[[32.4,536.6],[29.6,539.1],[30.1,542.9],[35.9,546.4],[38.6,549.6],[41.6,549.6],[42.4,546.1],[34.1,536.9],[32.4,536.6]]]}},{"type":"Feature","properties":{"id":"LU_FOREST_HARDWOOD_0071","class":"forest_hardwood","color":"#5d7a32","area_m2":1282.0},"geometry":{"type":"Polygon","coordinates":[[[177.4,532.4],[172.1,538.9],[170.1,544.4],[170.6,549.9],[175.6,552.9],[182.9,549.4],[186.4,544.6],[186.1,542.9],[177.4,532.4]]]}},{"type":"Feature","properties":{"id":"LU_FOREST_HARDWOOD_0072","class":"forest_hardwood","color":"#5d7a32","area_m2":2576.0},"geometry":{"type":"Polygon","coordinates":[[[530.4,530.6],[525.6,537.6],[532.9,546.1],[539.1,546.4],[545.1,551.9],[546.6,557.9],[542.1,566.4],[543.6,570.9],[545.6,571.9],[547.6,569.4],[547.4,564.1],[550.6,561.9],[558.6,561.4],[559.4,557.9],[553.9,549.6],[547.9,548.6],[544.6,546.1],[544.6,540.6],[541.9,536.6],[536.1,532.1],[530.4,530.6]]]}},{"type":"Feature","properties":{"id":"LU_FOREST_HARDWOOD_0073","class":"forest_hardwood","color":"#5d7a32","area_m2":2192.0},"geometry":{"type":"Polygon","coordinates":[[[1667.6,529.6],[1660.9,532.1],[1661.4,533.6],[1664.9,534.4],[1668.1,539.4],[1668.1,543.6],[1664.4,550.6],[1665.1,554.1],[1667.4,556.1],[1670.1,556.1],[1672.9,548.9],[1676.1,546.4],[1679.6,547.9],[1682.6,553.1],[1679.9,556.6],[1675.6,557.4],[1673.4,559.6],[1673.1,565.6],[1675.4,568.4],[1681.9,561.1],[1684.9,550.6],[1680.9,544.1],[1681.6,539.4],[1674.1,535.6],[1667.6,529.6]]]}},{"type":"Feature","properties":{"id":"LU_FOREST_HARDWOOD_0074","class":"forest_hardwood","color":"#5d7a32","area_m2":291.0},"geometry":{"type":"Polygon","coordinates":[[[1380.6,527.6],[1379.1,529.6],[1379.1,534.4],[1381.1,537.4],[1383.1,537.6],[1385.4,535.9],[1385.6,533.6],[1383.4,529.1],[1380.6,527.6]]]}},{"type":"Feature","properties":{"id":"LU_FOREST_HARDWOOD_0075","class":"forest_hardwood","color":"#5d7a32","area_m2":529.0},"geometry":{"type":"Polygon","coordinates":[[[1647.1,527.1],[1645.4,528.4],[1646.6,531.9],[1652.1,537.4],[1656.6,537.4],[1657.6,534.6],[1654.9,527.9],[1647.1,527.1]]]}},{"type":"Feature","properties":{"id":"LU_FOREST_HARDWOOD_0076","class":"forest_hardwood","color":"#5d7a32","area_m2":49661.0},"geometry":{"type":"Polygon","coordinates":[[[200.1,526.6],[199.1,528.1],[200.1,538.6],[195.4,544.9],[195.9,549.4],[193.1,557.1],[190.6,559.6],[184.9,560.1],[178.6,566.6],[175.9,566.1],[173.4,563.9],[167.4,553.1],[162.4,548.4],[154.1,547.6],[147.6,551.1],[135.6,545.1],[124.6,550.1],[123.9,556.4],[120.1,560.9],[118.1,566.4],[120.1,569.4],[126.6,572.6],[128.6,574.9],[129.1,577.4],[125.6,583.9],[125.6,586.9],[131.1,590.9],[133.4,588.1],[134.4,582.4],[138.6,580.9],[145.6,586.1],[147.9,591.4],[147.9,601.4],[143.9,605.6],[140.4,607.4],[139.9,609.4],[141.9,611.6],[144.4,611.4],[148.9,605.9],[163.6,598.1],[168.6,591.1],[172.1,591.4],[179.6,594.9],[182.1,592.9],[173.6,583.1],[166.6,578.1],[163.1,578.6],[159.6,582.1],[157.1,587.4],[153.1,586.6],[148.4,581.9],[146.9,578.4],[147.4,576.1],[151.4,573.1],[150.9,571.4],[142.4,571.1],[136.6,573.1],[133.1,572.6],[131.4,569.1],[135.6,564.1],[132.4,557.9],[134.1,554.4],[136.4,553.9],[140.6,555.6],[145.4,554.9],[153.4,558.1],[163.1,570.4],[168.6,570.9],[175.1,574.4],[178.1,573.9],[183.1,568.4],[188.6,566.1],[190.9,566.4],[194.1,571.6],[192.1,577.4],[193.1,582.4],[192.6,592.1],[178.9,616.6],[173.1,619.6],[167.4,625.1],[149.6,622.1],[142.4,622.1],[139.9,623.4],[139.6,625.1],[164.9,633.4],[168.1,636.9],[169.4,641.9],[175.1,645.1],[173.4,653.1],[175.4,655.4],[178.4,653.9],[178.6,647.6],[180.6,645.1],[189.9,645.4],[191.6,647.4],[191.4,649.6],[183.4,657.4],[183.1,659.1],[184.6,660.6],[196.9,658.4],[199.4,652.9],[202.1,650.4],[213.6,653.9],[221.9,651.4],[229.4,658.4],[232.4,656.9],[235.1,652.4],[238.6,651.9],[247.1,654.9],[252.9,659.4],[261.1,661.9],[264.1,666.9],[278.4,666.9],[279.9,662.6],[279.4,659.6],[271.9,657.6],[267.1,654.6],[258.1,644.1],[258.9,640.9],[262.1,637.4],[265.6,635.1],[269.4,635.1],[271.6,637.1],[273.6,641.9],[280.6,647.1],[284.9,654.1],[288.9,653.4],[291.4,650.1],[291.4,647.1],[282.4,640.9],[278.4,628.1],[271.1,623.6],[264.9,616.6],[250.1,610.6],[243.9,604.6],[234.1,598.1],[225.9,596.6],[219.1,591.6],[208.9,589.6],[206.4,587.1],[202.1,577.4],[205.6,568.1],[201.9,564.1],[201.4,559.9],[205.1,555.4],[216.1,550.9],[221.4,545.9],[225.4,534.4],[216.4,530.1],[209.1,531.6],[200.1,526.6]],[[262.4,621.9],[263.6,621.6],[264.1,623.4],[262.4,623.4],[262.4,621.9]],[[252.4,626.9],[254.6,627.1],[256.1,629.6],[255.9,632.4],[253.6,634.4],[250.9,633.4],[249.6,631.4],[250.1,628.6],[252.4,626.9]],[[231.4,628.6],[233.6,629.6],[232.4,631.6],[230.4,630.4],[231.4,628.6]],[[225.6,606.4],[227.6,606.4],[228.9,609.1],[224.6,612.6],[222.9,609.6],[225.6,606.4]],[[215.4,598.9],[218.4,599.9],[218.6,602.9],[213.1,606.6],[210.4,610.6],[208.1,610.9],[206.9,608.9],[207.4,607.1],[215.4,598.9]],[[177.1,629.4],[191.1,626.6],[192.6,629.9],[186.9,636.6],[179.4,641.1],[173.4,638.9],[172.6,634.4],[177.1,629.4]]]}},{"type":"Feature","properties":{"id":"LU_FOREST_HARDWOOD_0077","class":"forest_hardwood","color":"#5d7a32","area_m2":229.0},"geometry":{"type":"Polygon","coordinates":[[[275.6,526.4],[270.4,529.1],[270.9,531.1],[273.9,533.6],[275.9,533.4],[277.9,530.4],[277.6,527.1],[275.6,526.4]]]}},{"type":"Feature","properties":{"id":"LU_FOREST_HARDWOOD_0078","class":"forest_hardwood","color":"#5d7a32","area_m2":6559.0},"geometry":{"type":"Polygon","coordinates":[[[1612.6,525.1],[1610.1,527.6],[1609.6,534.9],[1606.4,537.9],[1600.9,538.1],[1599.9,539.6],[1600.4,543.1],[1603.4,544.9],[1610.4,542.9],[1613.9,543.4],[1617.6,548.1],[1615.4,554.6],[1617.1,558.4],[1639.1,563.9],[1641.9,566.9],[1641.1,571.4],[1642.6,574.9],[1654.9,583.9],[1658.9,584.6],[1659.4,582.6],[1651.1,576.6],[1647.1,571.4],[1646.9,561.4],[1648.9,555.9],[1643.1,550.4],[1638.4,531.1],[1636.1,530.1],[1630.1,535.1],[1625.6,537.1],[1622.4,537.1],[1617.9,534.1],[1616.4,526.6],[1612.6,525.1]]]}},{"type":"Feature","properties":{"id":"LU_FOREST_HARDWOOD_0079","class":"forest_hardwood","color":"#5d7a32","area_m2":263.0},"geometry":{"type":"Polygon","coordinates":[[[1262.1,523.9],[1258.6,524.9],[1257.9,526.4],[1260.9,529.9],[1264.9,530.6],[1267.1,526.4],[1265.9,524.6],[1262.1,523.9]]]}},{"type":"Feature","properties":{"id":"LU_FOREST_HARDWOOD_0080","class":"forest_hardwood","color":"#5d7a32","area_m2":500.0},"geometry":{"type":"Polygon","coordinates":[[[517.1,523.4],[509.4,533.1],[510.9,536.6],[513.4,536.6],[518.6,532.9],[520.6,525.9],[517.1,523.4]]]}},{"type":"Feature","properties":{"id":"LU_FOREST_HARDWOOD_0081","class":"forest_hardwood","color":"#5d7a32","area_m2":1136.0},"geometry":{"type":"Polygon","coordinates":[[[167.4,520.1],[158.4,526.6],[155.1,536.6],[155.9,538.6],[158.4,539.1],[161.9,537.4],[166.4,532.9],[169.4,526.4],[175.4,526.9],[174.9,523.9],[171.9,520.6],[167.4,520.1]]]}},{"type":"Feature","properties":{"id":"LU_FOREST_HARDWOOD_0082","class":"forest_hardwood","color":"#5d7a32","area_m2":2474.0},"geometry":{"type":"Polygon","coordinates":[[[1792.4,517.4],[1791.4,519.4],[1793.6,525.9],[1798.9,529.4],[1803.1,534.9],[1805.4,535.9],[1817.1,535.4],[1819.6,537.9],[1821.1,545.1],[1824.1,548.4],[1826.4,548.6],[1828.9,546.9],[1831.9,538.4],[1831.4,536.4],[1792.4,517.4]]]}},{"type":"Feature","properties":{"id":"LU_FOREST_HARDWOOD_0083","class":"forest_hardwood","color":"#5d7a32","area_m2":562.0},"geometry":{"type":"Polygon","coordinates":[[[1393.6,517.1],[1389.6,520.1],[1389.1,524.4],[1392.1,528.4],[1395.4,528.9],[1397.9,527.1],[1399.9,521.6],[1396.9,517.6],[1393.6,517.1]]]}},{"type":"Feature","properties":{"id":"LU_FOREST_HARDWOOD_0084","class":"forest_hardwood","color":"#5d7a32","area_m2":462.0},"geometry":{"type":"Polygon","coordinates":[[[1663.1,515.6],[1661.6,516.6],[1657.1,526.4],[1660.4,526.6],[1667.4,523.6],[1668.1,517.4],[1663.1,515.6]]]}},{"type":"Feature","properties":{"id":"LU_FOREST_HARDWOOD_0085","class":"forest_hardwood","color":"#5d7a32","area_m2":319.0},"geometry":{"type":"Polygon","coordinates":[[[506.1,511.6],[503.6,515.1],[504.1,517.9],[509.4,520.6],[512.9,520.6],[512.9,517.1],[506.1,511.6]]]}},{"type":"Feature","properties":{"id":"LU_FOREST_HARDWOOD_0086","class":"forest_hardwood","color":"#5d7a32","area_m2":1099.0},"geometry":{"type":"Polygon","coordinates":[[[289.1,509.1],[282.6,521.6],[291.1,527.4],[292.1,526.4],[290.9,522.6],[291.4,519.4],[293.6,517.9],[300.1,518.4],[303.6,515.6],[303.9,513.9],[302.4,512.4],[289.1,509.1]]]}},{"type":"Feature","properties":{"id":"LU_FOREST_HARDWOOD_0087","class":"forest_hardwood","color":"#5d7a32","area_m2":8200.0},"geometry":{"type":"Polygon","coordinates":[[[1527.1,508.6],[1524.6,510.9],[1524.4,513.4],[1530.6,522.9],[1533.6,525.1],[1535.6,524.6],[1537.9,517.6],[1544.9,521.4],[1547.9,524.6],[1550.1,532.9],[1554.1,540.9],[1567.1,545.4],[1570.6,550.9],[1574.1,554.4],[1577.4,555.6],[1584.6,555.9],[1590.6,558.6],[1593.1,558.4],[1596.4,555.9],[1597.6,552.1],[1594.9,549.6],[1576.9,545.6],[1573.1,542.1],[1573.4,540.1],[1576.1,537.4],[1578.4,537.1],[1587.9,543.4],[1591.4,543.4],[1594.1,534.6],[1591.1,527.9],[1583.6,529.1],[1577.1,524.1],[1572.6,522.4],[1560.9,522.6],[1559.1,521.1],[1556.4,514.1],[1551.6,511.1],[1535.1,511.6],[1527.1,508.6]],[[1574.6,530.6],[1575.9,530.4],[1576.6,531.6],[1575.4,532.4],[1574.6,530.6]],[[1559.6,529.1],[1561.6,529.1],[1562.9,530.9],[1561.1,533.9],[1558.4,531.9],[1559.6,529.1]]]}},{"type":"Feature","properties":{"id":"LU_FOREST_HARDWOOD_0088","class":"forest_hardwood","color":"#5d7a32","area_m2":50755.0},"geometry":{"type":"Polygon","coordinates":[[[428.9,508.4],[423.6,511.1],[417.6,509.4],[411.4,512.1],[411.1,524.6],[409.6,529.1],[408.4,531.6],[401.1,537.9],[397.1,548.1],[396.6,555.1],[386.1,571.9],[385.6,575.1],[389.6,575.9],[395.1,574.6],[403.6,585.9],[407.9,589.6],[422.1,584.4],[423.4,582.1],[421.1,573.9],[422.6,572.1],[427.9,570.4],[430.1,566.9],[426.9,566.6],[417.6,572.1],[413.1,580.9],[413.9,586.4],[411.9,587.4],[408.1,584.4],[405.9,570.4],[401.9,562.1],[403.4,560.1],[414.9,561.4],[420.1,554.4],[425.9,552.9],[420.4,545.9],[420.4,543.4],[421.4,542.4],[428.1,543.4],[438.9,549.4],[447.6,557.1],[451.1,562.4],[459.6,561.9],[475.9,568.4],[478.6,571.1],[479.6,574.9],[487.4,579.9],[487.6,584.9],[490.1,587.4],[494.9,588.4],[500.1,595.4],[505.1,596.9],[508.6,600.1],[511.1,605.4],[511.6,610.9],[519.6,617.1],[521.9,622.6],[521.6,624.9],[517.4,628.1],[509.6,627.1],[499.9,629.6],[477.1,642.6],[461.9,646.6],[456.6,651.1],[454.9,655.4],[452.4,657.1],[444.1,655.6],[439.9,651.6],[435.1,649.6],[428.9,643.6],[425.4,642.4],[419.6,652.6],[422.6,654.6],[429.1,653.1],[430.1,655.9],[426.6,658.1],[419.1,659.4],[414.1,652.6],[401.9,649.4],[400.6,647.6],[400.6,642.6],[397.9,639.6],[390.9,633.6],[386.4,633.9],[383.9,630.1],[379.6,628.1],[374.6,629.4],[371.1,641.6],[369.1,640.9],[364.9,634.6],[360.1,633.6],[357.1,637.6],[358.6,643.9],[362.1,647.4],[364.4,647.9],[375.4,646.6],[384.4,641.6],[387.1,641.6],[388.1,644.4],[384.6,649.1],[384.1,652.4],[390.6,660.9],[391.1,666.9],[405.9,666.9],[407.4,661.1],[411.4,658.9],[415.1,659.1],[418.4,663.4],[424.4,660.9],[429.1,661.4],[432.6,664.1],[433.6,666.9],[452.9,666.9],[453.4,663.1],[455.9,661.1],[462.1,663.9],[464.1,666.9],[515.9,666.9],[512.9,659.4],[503.6,662.1],[500.6,661.9],[498.4,659.6],[500.6,654.1],[498.1,651.1],[498.6,646.9],[496.4,643.1],[496.1,639.6],[498.4,637.4],[504.1,638.6],[508.6,636.4],[510.6,638.1],[512.6,643.1],[509.1,651.4],[513.1,657.4],[514.4,657.4],[518.9,651.6],[520.6,651.4],[526.6,655.6],[533.4,655.9],[536.6,658.1],[536.6,661.1],[533.6,666.9],[563.9,666.9],[563.4,661.1],[560.9,658.6],[556.1,657.1],[551.9,651.6],[545.4,646.9],[544.9,644.6],[547.6,639.4],[547.4,636.9],[538.4,621.1],[537.4,616.1],[533.9,612.6],[526.4,608.9],[525.4,601.1],[517.9,594.1],[515.9,586.6],[517.6,579.6],[513.4,578.6],[510.4,572.1],[505.6,568.6],[496.4,571.1],[487.9,568.1],[484.4,564.9],[483.9,560.4],[485.1,555.1],[481.1,554.1],[476.9,548.6],[469.4,544.4],[467.4,541.9],[471.6,534.1],[469.9,528.1],[460.1,525.4],[455.9,532.6],[451.1,533.6],[448.9,531.1],[448.4,528.4],[452.4,524.4],[452.4,522.6],[442.1,516.6],[437.1,512.1],[428.9,508.4]],[[534.9,648.9],[536.4,649.6],[535.6,650.6],[534.4,649.9],[534.9,648.9]],[[527.6,631.9],[529.4,631.9],[531.1,633.9],[532.4,636.6],[531.9,639.1],[521.9,641.4],[520.9,639.1],[526.4,635.9],[527.6,631.9]],[[494.9,654.6],[496.4,655.1],[495.4,656.4],[494.4,655.6],[494.9,654.6]],[[481.1,649.4],[489.1,648.1],[490.9,651.4],[487.6,657.9],[482.1,663.1],[472.6,662.9],[466.6,658.1],[466.6,656.6],[468.6,655.1],[474.6,657.4],[481.1,649.4]],[[456.4,543.1],[460.9,543.4],[462.6,545.4],[462.4,547.1],[459.4,549.1],[455.9,548.1],[454.1,544.9],[456.4,543.1]],[[420.1,513.6],[428.9,513.9],[431.1,517.6],[430.1,520.9],[426.6,522.1],[422.1,519.6],[419.4,516.9],[420.1,513.6]],[[394.1,652.6],[396.1,652.6],[397.4,654.4],[395.1,657.4],[392.4,655.6],[394.1,652.6]]]}},{"type":"Feature","properties":{"id":"LU_FOREST_HARDWOOD_0089","class":"forest_hardwood","color":"#5d7a32","area_m2":1157.0},"geometry":{"type":"Polygon","coordinates":[[[1723.6,507.6],[1719.9,510.9],[1719.6,512.9],[1721.6,516.9],[1725.6,520.6],[1726.6,525.1],[1730.6,522.1],[1733.6,522.1],[1736.4,525.4],[1737.6,530.4],[1746.6,527.4],[1746.6,525.4],[1744.1,523.1],[1733.4,519.9],[1723.6,507.6]]]}},{"type":"Feature","properties":{"id":"LU_FOREST_HARDWOOD_0090","class":"forest_hardwood","color":"#5d7a32","area_m2":2961.0},"geometry":{"type":"Polygon","coordinates":[[[556.4,507.6],[551.1,510.6],[549.4,513.9],[556.1,519.9],[556.6,526.9],[559.1,529.4],[564.4,530.1],[566.6,532.1],[566.6,535.1],[562.9,540.6],[563.4,542.6],[569.1,544.9],[575.4,549.6],[576.9,547.4],[576.9,540.4],[573.1,532.4],[569.4,517.9],[563.9,510.6],[556.4,507.6]]]}},{"type":"Feature","properties":{"id":"LU_FOREST_HARDWOOD_0091","class":"forest_hardwood","color":"#5d7a32","area_m2":503.0},"geometry":{"type":"Polygon","coordinates":[[[1644.1,501.9],[1641.1,505.6],[1641.1,522.4],[1642.9,524.6],[1644.9,523.1],[1644.9,508.4],[1645.9,505.6],[1645.6,502.4],[1644.1,501.9]]]}},{"type":"Feature","properties":{"id":"LU_FOREST_HARDWOOD_0092","class":"forest_hardwood","color":"#5d7a32","area_m2":1538.0},"geometry":{"type":"Polygon","coordinates":[[[597.4,501.1],[586.1,506.6],[584.9,511.1],[588.4,512.6],[596.4,509.1],[599.1,511.1],[602.1,516.9],[606.9,517.4],[611.6,511.4],[611.4,507.1],[605.1,502.6],[597.4,501.1]]]}},{"type":"Feature","properties":{"id":"LU_FOREST_HARDWOOD_0093","class":"forest_hardwood","color":"#5d7a32","area_m2":999.0},"geometry":{"type":"Polygon","coordinates":[[[1682.6,500.1],[1678.4,503.6],[1678.9,509.4],[1685.4,508.1],[1695.6,511.9],[1698.4,510.6],[1698.6,507.4],[1696.4,503.4],[1687.6,500.1],[1682.6,500.1]]]}},{"type":"Feature","properties":{"id":"LU_FOREST_HARDWOOD_0094","class":"forest_hardwood","color":"#5d7a32","area_m2":1591.0},"geometry":{"type":"Polygon","coordinates":[[[208.4,500.1],[204.9,502.4],[203.1,506.4],[204.4,513.9],[205.9,514.9],[213.6,514.9],[221.4,519.1],[224.1,519.1],[224.9,514.4],[222.4,509.1],[213.1,501.1],[208.4,500.1]]]}},{"type":"Feature","properties":{"id":"LU_FOREST_HARDWOOD_0095","class":"forest_hardwood","color":"#5d7a32","area_m2":6380.0},"geometry":{"type":"Polygon","coordinates":[[[41.4,500.1],[38.6,501.1],[12.1,501.4],[5.6,511.9],[2.9,514.6],[0.1,515.1],[0.1,522.9],[3.9,522.4],[9.6,517.9],[14.1,520.1],[14.6,522.6],[11.6,526.9],[11.1,530.6],[14.9,540.1],[16.6,540.4],[18.4,538.9],[19.4,533.1],[31.9,521.4],[36.1,521.9],[41.4,528.4],[43.6,527.9],[45.9,506.4],[44.6,501.1],[41.4,500.1]]]}},{"type":"Feature","properties":{"id":"LU_FOREST_HARDWOOD_0096","class":"forest_hardwood","color":"#5d7a32","area_m2":6637.0},"geometry":{"type":"Polygon","coordinates":[[[62.9,499.6],[58.9,500.6],[56.6,502.9],[56.9,515.4],[51.4,522.6],[55.9,533.4],[56.6,539.1],[61.9,546.9],[81.4,554.6],[85.4,554.6],[87.4,552.6],[87.1,550.9],[75.1,542.6],[72.4,539.9],[72.4,537.1],[75.9,533.9],[85.4,528.9],[94.4,532.9],[97.4,532.6],[99.9,530.1],[101.6,524.9],[99.9,524.4],[94.6,527.1],[85.9,526.1],[76.1,514.9],[71.6,514.9],[64.6,511.1],[63.6,507.6],[66.9,503.9],[67.4,501.4],[62.9,499.6]],[[67.9,520.6],[69.6,521.1],[68.9,522.6],[67.4,521.9],[67.9,520.6]]]}},{"type":"Feature","properties":{"id":"LU_FOREST_HARDWOOD_0097","class":"forest_hardwood","color":"#5d7a32","area_m2":683.0},"geometry":{"type":"Polygon","coordinates":[[[1653.6,496.1],[1650.4,498.9],[1650.9,505.6],[1653.9,508.9],[1660.4,511.4],[1660.9,509.4],[1658.9,504.6],[1659.6,498.1],[1658.1,496.6],[1653.6,496.1]]]}},{"type":"Feature","properties":{"id":"LU_FOREST_HARDWOOD_0098","class":"forest_hardwood","color":"#5d7a32","area_m2":838.0},"geometry":{"type":"Polygon","coordinates":[[[239.4,494.6],[237.4,496.6],[234.6,504.9],[229.9,506.9],[231.9,509.9],[238.1,511.9],[240.9,510.6],[243.9,504.6],[243.4,497.9],[241.1,494.9],[239.4,494.6]]]}},{"type":"Feature","properties":{"id":"LU_FOREST_HARDWOOD_0099","class":"forest_hardwood","color":"#5d7a32","area_m2":1410.0},"geometry":{"type":"Polygon","coordinates":[[[1334.6,493.4],[1327.9,495.1],[1326.1,498.1],[1328.6,500.1],[1331.6,505.9],[1334.6,516.1],[1337.1,517.9],[1339.9,515.4],[1339.9,504.4],[1343.6,494.4],[1334.6,493.4]]]}},{"type":"Feature","properties":{"id":"LU_FOREST_HARDWOOD_0100","class":"forest_hardwood","color":"#5d7a32","area_m2":511.0},"geometry":{"type":"Polygon","coordinates":[[[1557.6,491.1],[1554.1,494.6],[1557.1,499.4],[1561.4,500.9],[1566.4,497.9],[1566.4,495.1],[1562.9,491.6],[1557.6,491.1]]]}},{"type":"Feature","properties":{"id":"LU_FOREST_HARDWOOD_0101","class":"forest_hardwood","color":"#5d7a32","area_m2":492.0},"geometry":{"type":"Polygon","coordinates":[[[1732.9,490.6],[1731.4,494.4],[1733.4,502.4],[1736.9,504.4],[1740.4,501.9],[1740.6,498.6],[1736.1,492.4],[1732.9,490.6]]]}},{"type":"Feature","properties":{"id":"LU_FOREST_HARDWOOD_0102","class":"forest_hardwood","color":"#5d7a32","area_m2":1120.0},"geometry":{"type":"Polygon","coordinates":[[[134.9,490.1],[131.1,494.6],[131.6,498.1],[134.9,504.1],[133.1,505.9],[128.6,506.9],[127.4,513.6],[128.9,514.9],[131.6,514.9],[136.9,512.4],[140.9,504.6],[137.6,491.6],[134.9,490.1]]]}},{"type":"Feature","properties":{"id":"LU_FOREST_HARDWOOD_0103","class":"forest_hardwood","color":"#5d7a32","area_m2":1398.0},"geometry":{"type":"Polygon","coordinates":[[[539.1,484.4],[537.6,488.1],[542.1,503.1],[547.4,506.9],[552.1,506.4],[553.9,503.6],[551.4,492.1],[542.1,485.1],[539.1,484.4]]]}},{"type":"Feature","properties":{"id":"LU_FOREST_HARDWOOD_0104","class":"forest_hardwood","color":"#5d7a32","area_m2":2171.0},"geometry":{"type":"Polygon","coordinates":[[[494.6,483.6],[484.4,483.9],[482.6,485.1],[479.1,496.6],[481.9,504.1],[479.9,506.4],[475.4,505.6],[474.1,507.4],[474.4,510.4],[476.4,510.9],[489.1,507.1],[490.9,508.6],[491.6,511.6],[493.6,512.4],[499.4,506.9],[499.9,503.4],[497.6,499.6],[495.1,499.6],[490.6,502.1],[487.1,499.4],[486.9,495.4],[488.4,492.1],[495.1,488.1],[495.9,486.4],[494.6,483.6]]]}},{"type":"Feature","properties":{"id":"LU_FOREST_HARDWOOD_0105","class":"forest_hardwood","color":"#5d7a32","area_m2":3084.0},"geometry":{"type":"Polygon","coordinates":[[[107.4,482.4],[106.9,484.6],[103.4,487.4],[100.9,493.6],[92.6,500.4],[93.4,504.4],[89.6,509.4],[90.4,511.4],[105.1,512.9],[110.4,510.1],[117.1,509.9],[119.4,508.6],[119.1,507.4],[114.1,506.6],[109.1,501.1],[110.1,499.1],[115.9,497.4],[117.6,495.4],[117.9,492.4],[113.9,484.6],[107.4,482.4]],[[103.4,495.6],[104.9,495.4],[105.4,496.6],[103.6,497.4],[103.4,495.6]]]}},{"type":"Feature","properties":{"id":"LU_FOREST_HARDWOOD_0106","class":"forest_hardwood","color":"#5d7a32","area_m2":348.0},"geometry":{"type":"Polygon","coordinates":[[[1680.9,481.4],[1674.6,486.1],[1673.6,488.1],[1674.6,490.1],[1678.1,490.4],[1684.4,485.4],[1684.1,482.9],[1680.9,481.4]]]}},{"type":"Feature","properties":{"id":"LU_FOREST_HARDWOOD_0107","class":"forest_hardwood","color":"#5d7a32","area_m2":529.0},"geometry":{"type":"Polygon","coordinates":[[[956.4,476.6],[952.6,480.1],[951.1,483.6],[951.6,485.9],[954.6,487.9],[958.1,486.9],[963.4,482.6],[962.1,480.1],[956.4,476.6]]]}},{"type":"Feature","properties":{"id":"LU_FOREST_HARDWOOD_0108","class":"forest_hardwood","color":"#5d7a32","area_m2":1400.0},"geometry":{"type":"Polygon","coordinates":[[[571.4,476.1],[568.1,477.6],[561.6,485.9],[561.1,490.4],[563.1,493.4],[572.9,494.4],[576.4,491.1],[577.6,478.6],[575.1,476.6],[571.4,476.1]]]}},{"type":"Feature","properties":{"id":"LU_FOREST_HARDWOOD_0109","class":"forest_hardwood","color":"#5d7a32","area_m2":2195.0},"geometry":{"type":"Polygon","coordinates":[[[1986.4,475.1],[1979.1,476.6],[1977.4,478.6],[1977.1,484.4],[1997.1,498.4],[1999.9,498.9],[1999.9,479.1],[1986.4,475.1]]]}},{"type":"Feature","properties":{"id":"LU_FOREST_HARDWOOD_0110","class":"forest_hardwood","color":"#5d7a32","area_m2":1995.0},"geometry":{"type":"Polygon","coordinates":[[[1605.4,472.6],[1598.6,477.1],[1597.6,481.9],[1593.4,486.6],[1593.4,491.4],[1604.1,505.4],[1613.1,508.9],[1617.9,512.4],[1622.6,512.6],[1623.1,511.1],[1621.1,507.1],[1623.1,503.9],[1611.1,503.6],[1607.4,499.9],[1606.9,495.6],[1601.1,490.4],[1601.4,479.9],[1607.9,475.1],[1607.6,473.4],[1605.4,472.6]]]}},{"type":"Feature","properties":{"id":"LU_FOREST_HARDWOOD_0111","class":"forest_hardwood","color":"#5d7a32","area_m2":1009.0},"geometry":{"type":"Polygon","coordinates":[[[1575.4,472.1],[1571.6,475.1],[1573.6,480.9],[1581.9,485.4],[1584.9,485.4],[1587.9,481.4],[1586.9,474.1],[1583.6,472.1],[1575.4,472.1]]]}},{"type":"Feature","properties":{"id":"LU_FOREST_HARDWOOD_0112","class":"forest_hardwood","color":"#5d7a32","area_m2":385.0},"geometry":{"type":"Polygon","coordinates":[[[1282.6,471.4],[1279.6,473.9],[1279.1,478.4],[1281.1,481.4],[1283.4,481.9],[1286.6,479.4],[1286.9,474.6],[1284.9,471.6],[1282.6,471.4]]]}},{"type":"Feature","properties":{"id":"LU_FOREST_HARDWOOD_0113","class":"forest_hardwood","color":"#5d7a32","area_m2":271.0},"geometry":{"type":"Polygon","coordinates":[[[1136.6,467.4],[1136.6,474.6],[1139.6,476.6],[1143.9,470.1],[1140.9,468.1],[1136.6,467.4]]]}},{"type":"Feature","properties":{"id":"LU_FOREST_HARDWOOD_0114","class":"forest_hardwood","color":"#5d7a32","area_m2":345.0},"geometry":{"type":"Polygon","coordinates":[[[1639.6,466.1],[1635.1,470.6],[1635.6,472.9],[1638.6,474.9],[1642.9,473.4],[1644.9,470.4],[1644.1,467.9],[1639.6,466.1]]]}},{"type":"Feature","properties":{"id":"LU_FOREST_HARDWOOD_0115","class":"forest_hardwood","color":"#5d7a32","area_m2":5601.0},"geometry":{"type":"Polygon","coordinates":[[[1464.6,458.4],[1460.6,461.1],[1459.1,464.4],[1459.6,468.1],[1461.1,469.9],[1468.9,470.4],[1474.9,478.4],[1480.6,478.9],[1485.1,480.9],[1493.1,490.4],[1501.1,495.4],[1504.1,496.1],[1505.9,494.9],[1508.4,487.1],[1508.1,477.6],[1514.9,473.6],[1508.9,472.1],[1507.6,476.1],[1504.9,476.9],[1502.6,475.1],[1502.4,473.1],[1505.4,468.1],[1502.1,464.1],[1500.6,464.9],[1500.1,469.9],[1495.6,472.1],[1493.1,470.6],[1492.4,464.4],[1489.9,461.6],[1473.4,461.1],[1464.6,458.4]],[[1490.9,473.1],[1492.6,473.9],[1491.1,475.6],[1489.9,474.6],[1490.9,473.1]]]}},{"type":"Feature","properties":{"id":"LU_FOREST_HARDWOOD_0116","class":"forest_hardwood","color":"#5d7a32","area_m2":1292.0},"geometry":{"type":"Polygon","coordinates":[[[1279.6,453.4],[1271.1,457.6],[1267.1,461.9],[1262.1,473.4],[1262.9,479.1],[1275.1,467.6],[1282.4,455.9],[1281.6,453.6],[1279.6,453.4]]]}},{"type":"Feature","properties":{"id":"LU_FOREST_HARDWOOD_0117","class":"forest_hardwood","color":"#5d7a32","area_m2":424.0},"geometry":{"type":"Polygon","coordinates":[[[533.4,449.1],[532.1,450.1],[532.6,453.6],[530.9,455.6],[525.6,455.1],[523.9,456.1],[523.9,458.1],[526.1,460.4],[530.9,459.4],[538.1,452.1],[537.9,449.4],[533.4,449.1]]]}},{"type":"Feature","properties":{"id":"LU_FOREST_HARDWOOD_0118","class":"forest_hardwood","color":"#5d7a32","area_m2":1553.0},"geometry":{"type":"Polygon","coordinates":[[[69.6,449.1],[63.9,453.4],[62.1,457.4],[63.4,461.6],[65.4,462.1],[71.4,459.9],[81.1,465.1],[84.1,464.9],[88.1,462.1],[87.9,459.4],[83.9,454.6],[69.6,449.1]]]}},{"type":"Feature","properties":{"id":"LU_FOREST_HARDWOOD_0119","class":"forest_hardwood","color":"#5d7a32","area_m2":1283.0},"geometry":{"type":"Polygon","coordinates":[[[1305.1,447.6],[1301.1,449.6],[1291.6,461.1],[1289.6,465.1],[1291.1,468.4],[1293.4,468.9],[1296.9,467.4],[1308.4,455.9],[1309.9,452.4],[1309.4,449.9],[1307.9,448.1],[1305.1,447.6]]]}},{"type":"Feature","properties":{"id":"LU_FOREST_HARDWOOD_0120","class":"forest_hardwood","color":"#5d7a32","area_m2":1925.0},"geometry":{"type":"Polygon","coordinates":[[[546.6,442.1],[544.4,443.6],[544.4,445.4],[550.6,445.6],[552.1,447.9],[550.6,454.1],[555.9,455.4],[558.1,458.6],[557.6,460.9],[554.9,463.6],[550.1,465.6],[546.9,469.6],[549.1,473.4],[551.4,473.9],[567.1,459.4],[574.9,456.4],[576.6,451.9],[573.9,450.4],[569.4,453.9],[565.4,454.1],[558.1,450.6],[552.9,442.6],[546.6,442.1]]]}},{"type":"Feature","properties":{"id":"LU_FOREST_HARDWOOD_0121","class":"forest_hardwood","color":"#5d7a32","area_m2":164932.0},"geometry":{"type":"Polygon","coordinates":[[[704.6,441.6],[699.6,445.1],[699.6,447.9],[712.6,457.1],[713.9,462.1],[712.1,464.4],[698.6,459.1],[688.4,458.1],[682.6,456.1],[675.4,456.1],[663.6,451.1],[645.6,467.4],[646.9,469.6],[653.4,468.9],[657.6,471.9],[657.9,476.4],[653.9,480.6],[648.6,480.4],[641.6,484.1],[633.4,484.1],[628.1,481.6],[622.9,476.6],[619.4,476.1],[608.9,480.1],[605.6,483.9],[605.1,487.1],[606.9,489.4],[618.9,488.4],[621.9,491.6],[621.6,497.6],[622.9,499.1],[624.9,499.4],[632.4,496.1],[638.1,498.4],[640.9,501.6],[637.6,510.9],[633.9,514.6],[628.1,517.6],[617.6,520.4],[614.9,522.9],[614.6,524.6],[616.1,526.4],[624.1,528.9],[626.6,531.1],[626.9,533.4],[624.6,536.4],[616.9,540.1],[613.6,543.1],[613.1,551.6],[611.1,558.9],[607.1,569.1],[602.1,576.6],[605.1,582.4],[615.1,583.9],[618.6,587.1],[620.9,591.4],[621.1,595.4],[619.1,598.4],[610.6,596.4],[607.6,598.1],[606.1,601.4],[609.4,614.4],[614.6,620.1],[616.6,625.9],[620.1,630.4],[622.6,631.6],[626.1,630.9],[631.1,623.9],[637.9,621.4],[643.9,615.1],[647.4,606.1],[651.1,604.1],[653.6,606.1],[655.1,611.1],[658.1,614.4],[669.4,613.9],[673.6,617.1],[675.1,627.6],[678.1,631.4],[682.6,631.9],[689.4,628.9],[693.1,629.4],[711.6,642.6],[715.4,640.9],[718.1,634.9],[728.6,629.6],[730.1,629.9],[731.4,631.4],[730.1,635.4],[730.4,641.4],[738.6,648.1],[740.6,651.9],[742.1,666.9],[751.4,666.9],[753.1,663.9],[755.6,662.9],[761.4,664.1],[763.1,666.9],[794.9,666.9],[793.4,663.1],[789.6,661.1],[782.6,662.1],[775.9,661.1],[761.4,646.9],[760.1,644.4],[760.9,641.1],[768.4,636.9],[772.4,637.1],[779.6,641.4],[779.6,643.6],[775.1,647.9],[777.1,651.4],[785.6,651.9],[792.1,654.9],[801.9,660.4],[805.6,664.1],[806.6,666.9],[838.9,666.9],[839.9,661.9],[843.1,659.4],[849.9,661.4],[853.1,666.9],[864.9,666.9],[862.9,662.6],[852.9,659.1],[845.4,652.4],[829.6,659.1],[818.9,656.6],[816.4,654.1],[814.4,647.1],[809.1,644.6],[803.9,637.6],[797.1,635.6],[792.4,628.1],[787.1,624.6],[781.9,618.6],[758.4,608.9],[751.6,610.1],[743.1,604.6],[722.9,584.6],[715.6,582.9],[713.4,580.9],[702.9,563.1],[697.6,562.9],[685.9,558.1],[681.4,553.9],[674.9,544.6],[663.1,538.6],[660.9,536.1],[659.4,529.9],[649.9,512.4],[655.4,502.1],[658.1,500.4],[663.1,501.9],[667.6,506.1],[668.1,509.6],[666.4,515.1],[668.4,517.1],[677.9,511.4],[682.4,505.1],[686.1,503.1],[698.1,517.9],[699.1,520.4],[698.4,527.4],[699.6,529.4],[701.9,529.6],[707.4,503.9],[710.9,500.4],[716.4,499.9],[719.1,502.6],[718.1,511.6],[721.9,522.6],[721.6,525.1],[717.9,529.6],[709.1,533.6],[699.6,543.1],[699.4,545.4],[704.6,552.9],[714.1,562.1],[715.6,560.9],[713.4,554.4],[716.1,551.4],[719.4,551.1],[726.6,554.4],[731.6,548.4],[734.6,548.9],[732.1,556.6],[734.1,562.4],[733.9,566.4],[730.4,569.9],[722.4,569.4],[722.1,571.4],[724.9,573.9],[734.4,579.1],[736.9,579.4],[748.9,573.4],[752.9,565.6],[751.9,553.4],[755.4,544.9],[760.9,537.6],[765.4,538.1],[768.6,541.1],[773.6,549.9],[774.6,559.1],[780.1,568.4],[783.6,569.4],[785.4,567.9],[786.1,558.6],[789.1,555.4],[794.1,555.4],[797.6,558.9],[798.6,564.9],[810.9,576.1],[810.6,578.4],[808.4,580.4],[809.4,583.6],[808.6,587.4],[815.6,587.9],[821.6,589.9],[826.4,589.1],[829.1,591.1],[829.4,594.1],[825.1,598.4],[826.6,601.9],[832.1,607.9],[832.6,612.9],[837.6,611.9],[847.1,614.4],[857.4,623.4],[873.4,617.1],[876.9,619.6],[876.1,625.6],[877.1,625.9],[880.4,623.9],[881.1,619.6],[883.1,617.4],[888.4,617.9],[894.9,614.4],[901.1,613.1],[901.6,610.4],[897.9,607.1],[898.9,605.1],[902.1,605.4],[907.9,608.4],[909.9,610.6],[910.1,618.4],[911.9,621.9],[910.4,626.4],[913.1,628.6],[913.6,631.6],[918.4,634.9],[919.4,638.4],[913.4,647.1],[906.9,646.9],[898.6,654.6],[905.6,661.1],[907.1,666.9],[915.9,666.9],[916.9,664.4],[918.9,665.1],[919.1,666.9],[920.9,666.9],[921.4,665.1],[927.6,660.1],[931.6,662.1],[933.1,666.9],[937.9,666.9],[939.4,662.1],[943.4,659.9],[948.9,660.4],[950.9,662.6],[951.1,666.9],[967.9,666.9],[965.9,659.9],[962.1,656.6],[957.6,654.6],[951.6,654.9],[947.1,650.1],[939.6,652.1],[936.1,651.1],[935.9,648.1],[943.4,642.9],[943.6,639.6],[938.6,634.9],[934.6,636.1],[930.1,635.6],[922.4,625.9],[922.1,622.6],[925.1,619.4],[930.1,616.9],[932.4,618.4],[934.1,624.1],[937.1,627.4],[942.4,629.9],[944.4,628.6],[944.4,627.1],[934.6,617.6],[932.4,613.6],[920.1,613.9],[919.1,611.9],[921.9,607.9],[918.9,601.1],[914.6,598.9],[912.9,596.4],[914.1,587.6],[916.1,585.4],[918.9,585.4],[932.4,598.1],[934.9,596.1],[935.4,587.6],[939.6,586.9],[942.9,588.4],[947.1,592.9],[950.4,605.4],[951.9,607.1],[960.6,607.9],[967.4,610.1],[966.6,612.6],[961.9,614.9],[962.4,617.4],[970.6,616.9],[977.4,619.9],[988.9,619.4],[993.4,614.1],[993.4,607.4],[991.4,606.1],[987.1,606.6],[985.4,608.6],[984.6,615.9],[982.6,617.6],[980.9,617.4],[977.4,612.1],[972.9,608.9],[971.1,604.9],[965.4,600.6],[969.9,591.9],[964.4,584.9],[959.9,575.1],[956.9,574.4],[954.6,576.4],[957.9,582.9],[957.6,584.9],[955.1,586.9],[950.4,584.9],[948.4,579.1],[945.9,576.6],[940.4,576.1],[928.6,572.1],[914.4,572.1],[899.6,577.1],[893.1,576.4],[892.4,578.1],[894.1,580.4],[898.1,581.4],[901.1,583.9],[905.9,597.1],[903.9,599.6],[896.1,602.6],[892.6,606.1],[891.6,610.1],[889.4,612.9],[886.1,612.6],[882.9,608.4],[882.9,602.4],[885.9,593.4],[882.9,586.1],[880.6,587.9],[879.6,592.9],[866.9,603.6],[862.9,603.1],[857.6,596.6],[855.9,596.4],[850.4,602.9],[847.9,608.6],[844.6,610.1],[840.1,610.1],[839.4,606.6],[847.4,597.9],[848.1,595.4],[842.1,594.6],[840.1,592.1],[840.4,587.1],[830.9,578.6],[826.1,579.1],[820.1,582.6],[817.9,582.6],[817.1,580.9],[819.4,576.9],[819.9,572.4],[824.4,573.4],[825.9,570.1],[828.1,569.6],[838.1,579.4],[847.1,581.6],[848.6,586.9],[852.6,589.9],[861.6,589.9],[869.4,591.6],[872.4,589.1],[872.6,583.9],[867.6,584.1],[862.4,580.1],[850.4,580.1],[844.1,577.6],[840.4,573.9],[837.4,567.1],[834.9,564.6],[827.1,561.6],[822.4,552.1],[812.4,543.9],[804.9,526.9],[791.9,512.6],[778.6,507.1],[771.4,508.6],[770.1,503.9],[765.4,498.9],[758.9,487.6],[755.6,486.9],[750.1,488.6],[747.4,486.9],[738.6,475.4],[739.4,472.1],[743.4,469.1],[746.6,468.6],[746.6,466.6],[741.4,466.6],[737.4,464.9],[732.1,470.1],[726.9,470.6],[724.4,467.9],[725.4,462.4],[721.9,459.4],[721.9,453.9],[711.9,449.1],[704.6,441.6]],[[953.1,591.6],[955.6,592.6],[953.9,596.4],[951.4,594.9],[953.1,591.6]],[[929.1,580.4],[933.9,581.4],[935.6,583.1],[935.6,586.1],[933.9,586.9],[931.1,585.6],[928.1,582.1],[929.1,580.4]],[[925.1,641.9],[928.1,640.6],[930.4,642.9],[929.6,645.9],[927.9,646.1],[925.4,643.9],[925.1,641.9]],[[916.4,654.1],[919.6,655.4],[916.9,661.4],[913.4,657.6],[913.6,655.9],[916.4,654.1]],[[860.1,609.1],[863.1,609.1],[864.1,611.1],[861.1,614.1],[858.4,614.6],[856.6,611.9],[860.1,609.1]],[[812.1,561.6],[815.1,561.9],[818.4,565.4],[818.4,568.6],[816.4,570.9],[813.1,570.6],[810.1,567.4],[810.1,563.6],[812.1,561.6]],[[806.1,544.6],[807.6,544.4],[809.9,546.4],[809.1,549.4],[807.4,549.6],[805.1,547.6],[806.1,544.6]],[[786.4,638.6],[788.4,639.1],[787.9,641.1],[785.6,640.4],[786.4,638.6]],[[750.6,511.9],[759.1,511.4],[770.6,519.1],[776.4,530.4],[775.6,533.9],[772.1,533.6],[764.1,526.1],[754.9,522.6],[749.4,518.9],[748.4,513.9],[750.6,511.9]],[[743.1,529.4],[745.9,530.9],[745.1,533.6],[742.4,532.1],[743.1,529.4]],[[733.4,529.4],[736.1,529.4],[739.1,531.9],[739.9,535.1],[737.9,537.6],[735.1,537.6],[731.4,533.9],[731.1,531.1],[733.4,529.4]],[[729.9,513.4],[731.6,513.4],[733.1,515.6],[731.1,518.9],[728.1,517.1],[729.9,513.4]],[[729.1,475.1],[730.9,476.4],[729.9,477.6],[728.1,476.4],[729.1,475.1]],[[723.6,498.9],[728.9,497.4],[730.6,499.4],[730.1,502.1],[727.4,504.4],[724.6,503.9],[722.9,501.4],[723.6,498.9]],[[711.4,466.1],[716.1,466.9],[720.6,470.4],[720.4,472.1],[718.1,473.9],[711.9,472.1],[709.9,469.4],[711.4,466.1]],[[709.4,631.9],[709.6,630.6],[710.1,631.4],[709.4,631.9]],[[701.6,583.6],[704.1,583.6],[707.1,587.6],[706.6,590.9],[703.1,593.9],[699.1,592.6],[696.9,588.4],[697.4,586.1],[701.6,583.6]],[[669.1,474.1],[675.6,473.9],[685.9,479.4],[695.1,481.9],[701.4,489.4],[706.6,490.4],[706.6,493.9],[700.9,499.6],[697.6,501.1],[689.9,500.1],[681.9,491.6],[679.4,491.9],[671.4,496.9],[665.9,495.1],[660.4,487.1],[659.9,482.4],[664.1,476.4],[669.1,474.1]],[[701.6,469.4],[704.4,470.4],[706.9,475.6],[706.1,479.1],[703.4,481.4],[700.1,480.6],[697.9,477.4],[698.4,473.9],[701.6,469.4]],[[693.1,596.1],[697.1,596.4],[701.6,599.1],[703.1,602.6],[702.9,608.1],[695.4,614.6],[694.6,622.9],[691.9,625.6],[689.4,626.1],[685.4,623.9],[683.9,618.4],[685.4,615.1],[692.4,609.4],[692.1,606.9],[686.4,603.9],[675.6,607.9],[672.9,605.9],[671.9,602.6],[673.4,599.1],[676.1,597.4],[687.6,599.4],[693.1,596.1]],[[683.1,564.4],[688.9,563.4],[692.1,567.6],[691.6,572.1],[688.6,575.6],[685.1,574.6],[681.1,568.1],[683.1,564.4]],[[660.4,566.1],[664.9,567.4],[667.6,570.1],[667.9,572.4],[662.9,578.6],[659.1,579.6],[655.9,577.1],[654.9,571.6],[660.4,566.1]],[[660.4,555.9],[663.6,554.4],[666.4,556.9],[665.6,559.9],[663.6,560.4],[661.4,558.9],[660.4,555.9]],[[657.4,587.9],[660.1,587.9],[664.6,591.1],[665.9,595.1],[663.9,597.6],[658.6,597.9],[654.4,593.9],[654.4,590.9],[657.4,587.9]],[[654.9,552.1],[656.6,551.9],[657.4,553.6],[655.1,554.4],[654.9,552.1]],[[635.4,570.9],[646.4,569.9],[649.1,574.4],[647.6,580.9],[632.1,594.1],[628.6,594.9],[626.1,593.6],[623.1,589.6],[621.9,582.6],[623.6,576.4],[625.9,574.4],[635.4,570.9]],[[643.9,542.6],[646.1,542.6],[648.6,545.1],[648.6,550.9],[645.9,553.6],[634.1,558.6],[624.9,568.6],[621.6,569.4],[619.9,568.4],[617.4,563.9],[618.4,560.1],[626.9,554.4],[631.1,549.4],[643.9,542.6]],[[639.1,518.6],[641.6,518.6],[644.6,521.1],[645.4,524.1],[644.4,525.6],[641.6,525.9],[638.4,522.9],[637.6,520.4],[639.1,518.6]],[[631.4,538.9],[632.4,538.6],[632.9,539.9],[631.6,540.4],[631.4,538.9]],[[622.4,611.6],[624.1,611.6],[627.6,615.9],[628.1,618.4],[626.1,620.9],[622.9,620.4],[621.4,618.1],[620.9,613.6],[622.4,611.6]],[[612.9,571.1],[614.6,571.4],[615.6,573.9],[612.4,576.4],[610.6,575.1],[610.4,573.1],[612.9,571.1]]]}},{"type":"Feature","properties":{"id":"LU_FOREST_HARDWOOD_0122","class":"forest_hardwood","color":"#5d7a32","area_m2":3803.0},"geometry":{"type":"Polygon","coordinates":[[[611.9,441.4],[609.4,443.6],[608.6,451.1],[604.6,455.9],[604.4,461.1],[597.9,468.6],[599.6,472.6],[604.9,472.4],[612.1,465.4],[617.9,462.4],[620.9,454.9],[624.6,451.1],[629.1,451.9],[632.6,456.1],[632.4,458.1],[625.6,464.1],[625.6,467.1],[627.9,469.6],[630.9,468.1],[636.1,459.4],[641.1,458.4],[643.4,456.1],[642.6,450.6],[640.1,448.6],[634.1,448.6],[611.9,441.4]]]}},{"type":"Feature","properties":{"id":"LU_FOREST_HARDWOOD_0123","class":"forest_hardwood","color":"#5d7a32","area_m2":5761.0},"geometry":{"type":"Polygon","coordinates":[[[1510.6,439.1],[1507.6,441.1],[1507.6,445.1],[1520.6,460.1],[1523.1,466.6],[1520.9,470.6],[1515.9,473.4],[1518.9,475.4],[1519.1,477.1],[1515.6,482.6],[1519.6,484.6],[1523.4,480.4],[1526.9,481.4],[1533.1,489.6],[1532.6,491.6],[1528.6,494.1],[1528.9,495.6],[1531.9,498.9],[1535.4,499.6],[1539.1,493.4],[1544.1,494.4],[1544.9,492.9],[1537.1,487.6],[1524.4,474.9],[1524.1,471.6],[1528.9,469.4],[1538.1,460.4],[1545.6,455.1],[1547.9,455.4],[1555.1,463.4],[1561.6,465.9],[1563.9,465.4],[1565.4,463.6],[1565.1,461.4],[1560.1,456.1],[1560.4,454.1],[1563.6,450.9],[1563.6,448.9],[1560.6,447.4],[1540.6,452.1],[1538.4,450.6],[1538.4,447.1],[1536.6,444.9],[1534.1,450.4],[1533.6,458.1],[1531.1,460.6],[1528.6,461.1],[1524.4,459.4],[1522.6,457.1],[1523.6,453.9],[1528.1,451.1],[1528.9,449.4],[1526.4,444.1],[1520.6,440.1],[1510.6,439.1]]]}},{"type":"Feature","properties":{"id":"LU_FOREST_HARDWOOD_0124","class":"forest_hardwood","color":"#5d7a32","area_m2":267.0},"geometry":{"type":"Polygon","coordinates":[[[1567.9,436.4],[1566.9,438.1],[1569.6,442.9],[1574.1,447.4],[1577.1,448.1],[1577.1,446.4],[1574.1,443.6],[1571.4,438.1],[1567.9,436.4]]]}},{"type":"Feature","properties":{"id":"LU_FOREST_HARDWOOD_0125","class":"forest_hardwood","color":"#5d7a32","area_m2":383.0},"geometry":{"type":"Polygon","coordinates":[[[1463.9,436.4],[1461.6,438.1],[1460.6,442.9],[1462.9,445.4],[1465.4,445.9],[1468.9,443.9],[1469.6,440.6],[1467.9,437.6],[1463.9,436.4]]]}},{"type":"Feature","properties":{"id":"LU_FOREST_HARDWOOD_0126","class":"forest_hardwood","color":"#5d7a32","area_m2":423.0},"geometry":{"type":"Polygon","coordinates":[[[742.6,434.4],[736.6,438.1],[737.4,443.4],[738.9,444.6],[742.1,443.9],[746.4,439.9],[745.9,435.9],[742.6,434.4]]]}},{"type":"Feature","properties":{"id":"LU_FOREST_HARDWOOD_0127","class":"forest_hardwood","color":"#5d7a32","area_m2":500.0},"geometry":{"type":"Polygon","coordinates":[[[693.4,433.1],[689.1,435.6],[685.6,439.9],[685.6,442.9],[688.6,445.6],[691.4,445.9],[693.6,444.1],[694.9,434.6],[693.4,433.1]]]}},{"type":"Feature","properties":{"id":"LU_FOREST_HARDWOOD_0128","class":"forest_hardwood","color":"#5d7a32","area_m2":337.0},"geometry":{"type":"Polygon","coordinates":[[[841.9,427.4],[838.4,431.1],[832.1,431.1],[831.6,434.4],[835.1,436.4],[837.1,436.1],[841.4,432.1],[844.9,430.6],[844.9,428.6],[841.9,427.4]]]}},{"type":"Feature","properties":{"id":"LU_FOREST_HARDWOOD_0129","class":"forest_hardwood","color":"#5d7a32","area_m2":1009.0},"geometry":{"type":"Polygon","coordinates":[[[1302.6,418.1],[1290.4,429.6],[1289.1,439.4],[1291.1,442.4],[1293.9,442.4],[1296.6,439.4],[1294.6,432.4],[1295.4,429.1],[1298.9,426.4],[1308.1,423.9],[1310.1,421.4],[1308.4,418.4],[1302.6,418.1]]]}},{"type":"Feature","properties":{"id":"LU_FOREST_HARDWOOD_0130","class":"forest_hardwood","color":"#5d7a32","area_m2":393.0},"geometry":{"type":"Polygon","coordinates":[[[741.1,416.1],[733.9,418.1],[731.6,421.1],[732.6,424.9],[737.9,427.6],[738.9,427.4],[738.1,421.6],[741.9,417.9],[741.1,416.1]]]}},{"type":"Feature","properties":{"id":"LU_FOREST_HARDWOOD_0131","class":"forest_hardwood","color":"#5d7a32","area_m2":2139.0},"geometry":{"type":"Polygon","coordinates":[[[1885.9,415.4],[1881.9,418.9],[1882.1,420.9],[1908.9,438.9],[1912.1,439.9],[1911.9,434.4],[1908.9,427.6],[1908.6,422.6],[1902.9,416.6],[1899.4,415.6],[1894.9,419.6],[1891.6,420.4],[1887.6,415.6],[1885.9,415.4]]]}},{"type":"Feature","properties":{"id":"LU_FOREST_HARDWOOD_0132","class":"forest_hardwood","color":"#5d7a32","area_m2":2510.0},"geometry":{"type":"Polygon","coordinates":[[[1326.6,415.4],[1315.1,424.6],[1313.1,428.4],[1314.4,432.4],[1319.1,431.9],[1320.9,432.9],[1321.1,436.6],[1323.1,439.9],[1326.6,440.1],[1333.4,435.9],[1343.1,435.4],[1349.4,429.9],[1352.6,421.4],[1352.4,419.1],[1350.1,417.4],[1347.4,418.6],[1346.6,421.9],[1343.9,424.6],[1338.9,426.1],[1332.9,431.6],[1322.6,431.6],[1322.9,427.9],[1329.9,419.4],[1329.4,416.4],[1326.6,415.4]]]}},{"type":"Feature","properties":{"id":"LU_FOREST_HARDWOOD_0133","class":"forest_hardwood","color":"#5d7a32","area_m2":8084.0},"geometry":{"type":"Polygon","coordinates":[[[1949.6,415.1],[1948.4,416.4],[1952.1,420.9],[1955.6,429.9],[1962.9,434.6],[1964.9,447.6],[1969.1,443.4],[1973.6,442.9],[1978.6,446.1],[1980.6,450.1],[1978.9,453.6],[1974.4,454.1],[1965.4,449.1],[1966.1,457.4],[1963.6,465.1],[1965.6,472.6],[1969.6,473.9],[1975.1,472.4],[1979.6,469.1],[1986.1,469.6],[1988.9,464.1],[1990.9,462.6],[1999.9,466.9],[1999.9,443.1],[1991.1,442.9],[1989.1,438.9],[1984.1,435.6],[1978.9,434.4],[1974.9,428.1],[1971.9,426.9],[1961.9,417.6],[1954.6,415.1],[1949.6,415.1]]]}},{"type":"Feature","properties":{"id":"LU_FOREST_HARDWOOD_0134","class":"forest_hardwood","color":"#5d7a32","area_m2":224.0},"geometry":{"type":"Polygon","coordinates":[[[547.1,414.9],[538.9,416.6],[537.6,417.9],[538.1,420.1],[539.9,421.6],[541.9,421.4],[546.9,416.4],[547.1,414.9]]]}},{"type":"Feature","properties":{"id":"LU_FOREST_HARDWOOD_0135","class":"forest_hardwood","color":"#5d7a32","area_m2":12422.0},"geometry":{"type":"Polygon","coordinates":[[[12.9,408.4],[8.9,414.6],[0.1,415.1],[0.1,428.9],[5.4,428.6],[9.1,426.4],[10.6,426.4],[12.1,428.6],[11.9,431.4],[9.4,434.4],[12.1,439.1],[8.6,442.4],[6.4,442.6],[5.1,441.1],[8.1,434.4],[5.4,433.1],[0.1,434.1],[0.1,445.9],[4.4,449.6],[3.1,452.4],[0.1,453.1],[0.1,473.9],[9.1,473.1],[14.6,477.9],[24.1,474.1],[30.4,481.6],[33.9,484.4],[36.4,484.6],[38.4,483.1],[38.1,481.4],[29.6,469.4],[30.6,466.4],[34.6,465.9],[41.9,468.4],[48.9,476.4],[57.4,475.9],[61.6,477.9],[63.6,477.4],[63.9,473.1],[59.9,467.6],[57.6,467.1],[50.1,469.6],[47.4,467.1],[46.6,462.6],[44.9,460.6],[38.9,459.6],[36.4,457.1],[33.9,447.6],[40.4,439.1],[39.9,435.1],[29.4,430.4],[28.1,432.4],[30.1,438.4],[27.9,441.6],[24.9,441.6],[20.4,437.9],[19.4,434.1],[21.4,427.4],[17.9,422.4],[17.6,411.6],[12.9,408.4]]]}},{"type":"Feature","properties":{"id":"LU_FOREST_HARDWOOD_0136","class":"forest_hardwood","color":"#5d7a32","area_m2":232.0},"geometry":{"type":"Polygon","coordinates":[[[978.9,402.4],[974.6,408.6],[975.4,410.1],[979.6,406.1],[981.6,406.1],[984.1,408.6],[986.6,408.1],[986.1,404.9],[982.1,404.4],[978.9,402.4]]]}},{"type":"Feature","properties":{"id":"LU_FOREST_HARDWOOD_0137","class":"forest_hardwood","color":"#5d7a32","area_m2":318.0},"geometry":{"type":"Polygon","coordinates":[[[1885.6,401.9],[1883.4,403.9],[1883.6,407.1],[1886.1,410.4],[1889.1,410.6],[1891.9,405.9],[1888.9,402.6],[1885.6,401.9]]]}},{"type":"Feature","properties":{"id":"LU_FOREST_HARDWOOD_0138","class":"forest_hardwood","color":"#5d7a32","area_m2":1153.0},"geometry":{"type":"Polygon","coordinates":[[[1868.6,400.1],[1866.9,400.9],[1859.1,411.9],[1870.1,415.6],[1870.9,414.1],[1867.9,408.9],[1871.1,407.1],[1875.1,411.4],[1873.6,416.6],[1877.9,418.1],[1878.4,404.1],[1874.1,401.1],[1868.6,400.1]]]}},{"type":"Feature","properties":{"id":"LU_FOREST_HARDWOOD_0139","class":"forest_hardwood","color":"#5d7a32","area_m2":737.0},"geometry":{"type":"Polygon","coordinates":[[[938.6,393.4],[934.6,395.1],[924.4,393.9],[921.1,396.9],[920.6,399.6],[927.1,401.9],[932.4,398.9],[938.4,399.9],[943.4,397.4],[942.6,394.9],[938.6,393.4]]]}},{"type":"Feature","properties":{"id":"LU_FOREST_HARDWOOD_0140","class":"forest_hardwood","color":"#5d7a32","area_m2":244.0},"geometry":{"type":"Polygon","coordinates":[[[375.9,393.4],[372.4,397.6],[373.4,401.4],[377.4,400.9],[379.6,398.4],[378.9,394.9],[375.9,393.4]]]}},{"type":"Feature","properties":{"id":"LU_FOREST_HARDWOOD_0141","class":"forest_hardwood","color":"#5d7a32","area_m2":2403.0},"geometry":{"type":"Polygon","coordinates":[[[691.9,392.4],[687.6,399.9],[685.4,401.9],[681.4,402.6],[681.1,403.9],[683.9,410.4],[684.6,416.4],[690.6,423.9],[693.6,425.6],[697.6,419.1],[695.6,415.1],[699.4,410.9],[701.6,403.6],[700.1,399.9],[693.6,392.6],[691.9,392.4]]]}},{"type":"Feature","properties":{"id":"LU_FOREST_HARDWOOD_0142","class":"forest_hardwood","color":"#5d7a32","area_m2":38918.0},"geometry":{"type":"Polygon","coordinates":[[[1172.6,391.1],[1168.1,393.6],[1164.6,398.1],[1168.1,412.6],[1165.9,416.6],[1161.4,418.9],[1151.9,416.1],[1140.6,408.1],[1132.4,409.1],[1127.9,411.4],[1123.6,401.6],[1121.4,400.1],[1102.4,401.1],[1095.4,402.6],[1094.1,404.6],[1094.1,410.6],[1096.1,418.4],[1094.6,422.6],[1097.6,426.9],[1098.1,430.4],[1094.4,434.1],[1092.1,433.6],[1089.9,430.4],[1091.6,422.6],[1085.1,418.1],[1074.6,413.1],[1067.4,413.1],[1061.9,411.6],[1051.6,404.1],[1041.9,403.4],[1040.9,405.1],[1042.6,411.9],[1048.6,418.1],[1051.1,424.1],[1056.1,429.4],[1062.4,430.1],[1067.6,433.9],[1076.1,433.4],[1082.1,440.4],[1091.6,442.9],[1097.9,441.4],[1102.9,435.1],[1104.4,431.1],[1107.6,428.1],[1113.9,428.9],[1116.1,432.4],[1117.1,439.1],[1119.1,441.4],[1121.4,441.9],[1126.9,437.9],[1137.4,438.9],[1139.4,437.6],[1140.9,429.6],[1139.4,421.4],[1140.6,420.1],[1149.6,420.9],[1152.9,422.4],[1155.1,426.6],[1154.4,433.4],[1156.9,435.6],[1160.9,434.4],[1165.4,426.1],[1168.1,423.4],[1170.4,423.1],[1173.1,426.6],[1171.4,433.6],[1173.1,437.4],[1175.9,437.4],[1180.9,431.6],[1182.9,431.4],[1185.4,433.4],[1187.9,439.1],[1194.4,440.1],[1197.6,443.1],[1198.1,453.6],[1196.1,458.6],[1197.1,462.1],[1199.6,463.9],[1206.4,463.1],[1209.9,466.9],[1209.1,470.1],[1203.9,478.4],[1204.1,481.1],[1206.1,481.1],[1212.9,475.4],[1217.1,475.4],[1225.6,482.1],[1228.1,488.6],[1236.1,488.4],[1242.1,493.9],[1242.4,497.1],[1232.6,504.1],[1232.4,506.1],[1233.9,507.9],[1237.4,508.9],[1245.6,506.9],[1254.4,510.9],[1262.6,510.4],[1263.9,508.4],[1263.9,498.4],[1262.9,496.1],[1259.1,493.6],[1250.6,491.9],[1248.1,489.1],[1248.4,487.1],[1251.6,484.9],[1259.4,486.4],[1258.9,478.4],[1255.4,470.1],[1244.4,461.9],[1239.1,452.4],[1229.4,448.6],[1227.9,451.9],[1230.1,456.6],[1228.6,457.6],[1224.6,452.9],[1220.1,450.1],[1219.1,448.9],[1220.1,445.9],[1229.4,442.1],[1228.4,438.1],[1226.1,436.4],[1221.9,436.6],[1213.1,421.4],[1205.6,416.9],[1201.6,417.4],[1200.9,420.9],[1198.9,422.4],[1194.1,421.6],[1192.6,418.9],[1195.1,416.1],[1192.4,411.6],[1194.6,409.9],[1201.1,410.6],[1201.9,408.9],[1199.4,405.1],[1194.4,400.1],[1187.4,402.9],[1185.1,402.6],[1183.1,400.4],[1181.9,393.1],[1177.4,393.6],[1172.6,391.1]],[[1223.4,464.1],[1225.9,464.4],[1230.4,469.6],[1229.6,472.9],[1227.6,474.4],[1223.1,472.6],[1219.4,468.6],[1219.6,466.9],[1223.4,464.1]],[[1214.9,467.4],[1215.9,467.1],[1216.4,468.4],[1215.1,468.9],[1214.9,467.4]],[[1214.4,459.4],[1214.6,458.1],[1215.1,458.9],[1214.4,459.4]],[[1205.6,439.4],[1208.1,440.1],[1208.9,443.1],[1205.1,447.9],[1205.9,452.1],[1203.9,453.4],[1201.4,451.6],[1201.1,449.9],[1203.6,446.9],[1203.9,441.6],[1205.6,439.4]],[[1195.1,426.9],[1197.9,427.4],[1200.4,429.9],[1199.9,432.4],[1197.4,432.4],[1194.1,429.6],[1193.9,427.9],[1195.1,426.9]],[[1173.1,419.4],[1175.4,420.1],[1174.9,422.1],[1172.4,421.1],[1173.1,419.4]],[[1168.9,399.4],[1170.6,399.9],[1169.9,402.1],[1167.9,401.1],[1168.9,399.4]],[[1130.4,415.4],[1135.9,416.4],[1137.6,419.9],[1134.4,422.1],[1126.9,422.4],[1125.4,420.9],[1125.4,418.1],[1130.4,415.4]],[[1123.1,434.9],[1125.1,435.4],[1124.9,437.6],[1122.6,436.9],[1123.1,434.9]],[[1120.1,422.1],[1120.4,420.6],[1121.1,421.6],[1120.1,422.1]],[[1109.4,412.9],[1112.9,413.4],[1116.6,416.6],[1116.6,418.4],[1113.6,420.1],[1107.9,419.4],[1103.6,423.6],[1100.9,423.4],[1099.4,420.1],[1101.4,416.1],[1109.4,412.9]],[[1099.6,406.9],[1103.1,405.9],[1105.6,407.9],[1105.1,409.9],[1102.4,411.9],[1100.6,411.6],[1099.1,409.4],[1099.6,406.9]],[[1083.9,425.4],[1085.6,425.9],[1084.6,427.9],[1082.6,427.1],[1083.9,425.4]]]}},{"type":"Feature","properties":{"id":"LU_FOREST_HARDWOOD_0143","class":"forest_hardwood","color":"#5d7a32","area_m2":499.0},"geometry":{"type":"Polygon","coordinates":[[[1525.9,390.4],[1524.9,391.9],[1526.4,395.9],[1522.6,397.9],[1517.4,398.6],[1517.6,401.1],[1527.6,401.9],[1530.9,399.9],[1531.6,396.6],[1529.9,392.9],[1525.9,390.4]]]}},{"type":"Feature","properties":{"id":"LU_FOREST_HARDWOOD_0144","class":"forest_hardwood","color":"#5d7a32","area_m2":491.0},"geometry":{"type":"Polygon","coordinates":[[[1487.9,389.1],[1484.1,402.4],[1486.1,405.4],[1490.4,405.9],[1492.4,404.6],[1492.6,402.6],[1487.9,389.1]]]}},{"type":"Feature","properties":{"id":"LU_FOREST_HARDWOOD_0145","class":"forest_hardwood","color":"#5d7a32","area_m2":1438.0},"geometry":{"type":"Polygon","coordinates":[[[1834.4,387.6],[1833.1,390.4],[1835.4,394.4],[1835.4,397.1],[1833.6,398.6],[1827.1,397.6],[1825.9,399.1],[1827.4,400.6],[1838.6,404.4],[1842.6,401.1],[1851.4,402.9],[1855.4,399.9],[1855.9,397.9],[1854.1,395.6],[1840.6,391.9],[1834.4,387.6]]]}},{"type":"Feature","properties":{"id":"LU_FOREST_HARDWOOD_0146","class":"forest_hardwood","color":"#5d7a32","area_m2":1253.0},"geometry":{"type":"Polygon","coordinates":[[[1360.6,386.9],[1355.6,391.9],[1355.1,403.4],[1361.1,410.4],[1363.6,411.1],[1365.9,408.4],[1364.9,401.6],[1366.6,394.6],[1363.9,388.1],[1360.6,386.9]]]}},{"type":"Feature","properties":{"id":"LU_FOREST_HARDWOOD_0147","class":"forest_hardwood","color":"#5d7a32","area_m2":301.0},"geometry":{"type":"Polygon","coordinates":[[[951.4,383.9],[948.6,386.1],[947.6,389.9],[947.9,392.1],[950.9,393.9],[952.6,392.9],[954.6,387.4],[954.4,385.4],[951.4,383.9]]]}},{"type":"Feature","properties":{"id":"LU_FOREST_HARDWOOD_0148","class":"forest_hardwood","color":"#5d7a32","area_m2":274.0},"geometry":{"type":"Polygon","coordinates":[[[1949.4,382.1],[1943.4,384.4],[1942.1,386.6],[1947.6,388.9],[1950.1,388.1],[1952.9,383.1],[1949.4,382.1]]]}},{"type":"Feature","properties":{"id":"LU_FOREST_HARDWOOD_0149","class":"forest_hardwood","color":"#5d7a32","area_m2":257.0},"geometry":{"type":"Polygon","coordinates":[[[743.4,381.6],[740.1,386.4],[741.4,390.6],[744.9,389.4],[747.6,386.1],[747.4,384.1],[743.4,381.6]]]}},{"type":"Feature","properties":{"id":"LU_FOREST_HARDWOOD_0150","class":"forest_hardwood","color":"#5d7a32","area_m2":593.0},"geometry":{"type":"Polygon","coordinates":[[[719.1,380.4],[718.1,382.4],[720.1,387.1],[723.1,390.9],[729.4,394.6],[729.6,399.6],[732.1,400.4],[732.6,396.6],[725.9,383.9],[719.1,380.4]]]}},{"type":"Feature","properties":{"id":"LU_FOREST_HARDWOOD_0151","class":"forest_hardwood","color":"#5d7a32","area_m2":2822.0},"geometry":{"type":"Polygon","coordinates":[[[1243.1,377.6],[1238.9,381.4],[1239.6,385.9],[1242.6,387.6],[1252.1,385.9],[1254.1,390.1],[1246.9,399.9],[1238.9,402.6],[1235.4,405.6],[1235.6,408.6],[1241.9,413.9],[1239.1,421.6],[1240.6,424.1],[1253.6,414.9],[1249.9,407.9],[1248.9,401.6],[1251.6,399.9],[1259.4,400.9],[1261.6,399.1],[1260.4,389.6],[1256.1,386.6],[1252.9,386.1],[1245.1,377.9],[1243.1,377.6]]]}},{"type":"Feature","properties":{"id":"LU_FOREST_HARDWOOD_0152","class":"forest_hardwood","color":"#5d7a32","area_m2":1718.0},"geometry":{"type":"Polygon","coordinates":[[[1777.6,376.1],[1775.6,377.4],[1775.1,380.4],[1777.9,383.4],[1815.6,396.9],[1819.6,393.4],[1819.6,389.6],[1817.4,387.4],[1812.6,387.4],[1808.9,390.6],[1806.1,391.1],[1797.9,382.1],[1795.4,381.6],[1790.1,383.6],[1785.1,379.1],[1777.6,376.1]]]}},{"type":"Feature","properties":{"id":"LU_FOREST_HARDWOOD_0153","class":"forest_hardwood","color":"#5d7a32","area_m2":4776.0},"geometry":{"type":"Polygon","coordinates":[[[623.1,374.6],[616.6,375.1],[609.9,374.4],[607.6,376.1],[607.6,379.1],[611.1,383.9],[610.1,390.4],[612.6,392.9],[617.6,391.1],[624.4,392.1],[628.6,396.1],[627.6,400.9],[621.6,405.4],[622.9,408.1],[625.9,408.4],[631.9,404.1],[633.9,404.4],[636.6,407.1],[636.4,411.9],[631.1,413.6],[629.4,415.6],[629.6,418.4],[632.6,418.6],[636.6,413.4],[649.4,408.1],[652.1,410.6],[650.1,417.6],[651.6,421.9],[661.1,425.4],[665.1,428.4],[667.9,428.4],[669.6,426.4],[670.4,421.6],[665.4,418.4],[659.6,418.9],[656.6,417.1],[652.1,407.9],[652.1,405.6],[654.4,402.1],[645.6,403.1],[642.1,401.6],[632.9,390.4],[627.1,389.6],[621.4,383.9],[622.4,380.4],[628.4,379.9],[630.1,378.1],[623.1,374.6]]]}},{"type":"Feature","properties":{"id":"LU_FOREST_HARDWOOD_0154","class":"forest_hardwood","color":"#5d7a32","area_m2":304.0},"geometry":{"type":"Polygon","coordinates":[[[1483.9,369.6],[1482.9,376.6],[1488.9,382.4],[1489.6,379.6],[1488.6,374.6],[1485.9,370.1],[1483.9,369.6]]]}},{"type":"Feature","properties":{"id":"LU_FOREST_HARDWOOD_0155","class":"forest_hardwood","color":"#5d7a32","area_m2":390.0},"geometry":{"type":"Polygon","coordinates":[[[1234.6,369.4],[1226.1,370.6],[1222.9,373.9],[1222.9,376.1],[1225.6,377.9],[1228.9,377.4],[1235.1,370.9],[1234.6,369.4]]]}},{"type":"Feature","properties":{"id":"LU_FOREST_HARDWOOD_0156","class":"forest_hardwood","color":"#5d7a32","area_m2":224.0},"geometry":{"type":"Polygon","coordinates":[[[1881.6,364.4],[1873.9,367.6],[1874.9,369.9],[1878.6,371.6],[1880.6,370.9],[1882.4,365.9],[1881.6,364.4]]]}},{"type":"Feature","properties":{"id":"LU_FOREST_HARDWOOD_0157","class":"forest_hardwood","color":"#5d7a32","area_m2":249.0},"geometry":{"type":"Polygon","coordinates":[[[1732.6,364.1],[1730.4,365.9],[1731.9,368.4],[1744.6,371.4],[1743.4,369.4],[1732.6,364.1]]]}},{"type":"Feature","properties":{"id":"LU_FOREST_HARDWOOD_0158","class":"forest_hardwood","color":"#5d7a32","area_m2":317.0},"geometry":{"type":"Polygon","coordinates":[[[1134.4,363.4],[1133.1,365.6],[1133.6,376.4],[1136.4,374.9],[1139.1,368.6],[1138.9,366.6],[1134.4,363.4]]]}},{"type":"Feature","properties":{"id":"LU_FOREST_HARDWOOD_0159","class":"forest_hardwood","color":"#5d7a32","area_m2":332.0},"geometry":{"type":"Polygon","coordinates":[[[1182.6,358.6],[1182.1,366.6],[1183.6,369.9],[1186.1,370.9],[1187.6,369.4],[1188.6,364.6],[1187.4,362.1],[1182.6,358.6]]]}},{"type":"Feature","properties":{"id":"LU_FOREST_HARDWOOD_0160","class":"forest_hardwood","color":"#5d7a32","area_m2":568.0},"geometry":{"type":"Polygon","coordinates":[[[1986.6,358.4],[1982.6,361.1],[1981.1,364.4],[1981.6,368.9],[1984.6,370.9],[1987.9,370.4],[1990.9,366.4],[1990.4,361.1],[1988.6,358.6],[1986.6,358.4]]]}},{"type":"Feature","properties":{"id":"LU_FOREST_HARDWOOD_0161","class":"forest_hardwood","color":"#5d7a32","area_m2":1446.0},"geometry":{"type":"Polygon","coordinates":[[[15.6,355.1],[6.9,356.6],[0.1,360.6],[0.1,367.9],[12.6,371.6],[15.9,370.9],[17.9,367.6],[17.9,356.9],[15.6,355.1]]]}},{"type":"Feature","properties":{"id":"LU_FOREST_HARDWOOD_0162","class":"forest_hardwood","color":"#5d7a32","area_m2":1028.0},"geometry":{"type":"Polygon","coordinates":[[[1216.6,355.1],[1202.6,355.1],[1200.4,356.4],[1199.9,358.4],[1205.9,367.9],[1212.4,366.6],[1215.4,363.9],[1217.4,356.9],[1216.6,355.1]]]}},{"type":"Feature","properties":{"id":"LU_FOREST_HARDWOOD_0163","class":"forest_hardwood","color":"#5d7a32","area_m2":379.0},"geometry":{"type":"Polygon","coordinates":[[[1849.6,352.1],[1848.1,354.4],[1848.6,359.6],[1852.4,361.6],[1859.6,362.6],[1859.9,360.6],[1854.1,357.1],[1851.4,352.6],[1849.6,352.1]]]}},{"type":"Feature","properties":{"id":"LU_FOREST_HARDWOOD_0164","class":"forest_hardwood","color":"#5d7a32","area_m2":60780.0},"geometry":{"type":"Polygon","coordinates":[[[247.9,352.1],[246.4,353.1],[245.9,357.6],[248.1,360.4],[276.9,379.4],[295.9,394.1],[297.1,396.4],[298.6,410.6],[304.1,410.6],[309.4,418.4],[312.9,418.4],[317.1,420.4],[319.4,419.4],[315.4,411.9],[316.1,405.6],[309.1,403.6],[295.4,389.1],[295.4,383.9],[301.4,376.1],[305.4,373.9],[308.4,374.1],[312.6,378.1],[313.4,383.9],[324.4,384.6],[329.4,387.4],[331.9,386.1],[337.6,375.4],[341.1,375.6],[343.1,379.4],[343.1,383.6],[341.6,386.9],[337.9,390.6],[332.4,391.6],[330.4,396.1],[326.6,398.6],[325.6,404.1],[323.4,408.1],[323.4,412.4],[325.1,415.6],[331.4,419.4],[343.4,414.9],[345.9,416.9],[345.6,419.9],[343.4,421.9],[338.1,421.6],[334.9,423.1],[328.9,429.4],[321.6,424.6],[319.9,432.4],[316.4,435.1],[313.1,434.9],[310.6,432.6],[306.4,432.9],[303.1,428.4],[301.1,428.4],[300.1,429.9],[301.1,442.6],[297.1,448.9],[297.4,450.6],[299.9,451.4],[303.4,449.4],[306.9,450.4],[312.1,456.4],[318.4,459.9],[319.4,461.6],[318.4,465.1],[315.9,466.6],[302.6,466.1],[300.1,464.1],[303.1,459.6],[301.9,456.6],[298.6,454.6],[294.4,456.1],[287.6,454.9],[284.6,457.4],[285.4,462.1],[278.1,465.6],[276.4,469.1],[287.4,476.9],[293.6,476.9],[298.4,474.9],[301.6,475.4],[303.1,477.6],[302.9,480.4],[297.1,485.1],[296.9,486.6],[298.6,488.6],[302.4,489.1],[304.6,491.1],[307.1,497.1],[312.4,503.4],[315.1,502.9],[318.4,499.9],[320.4,491.9],[322.1,489.9],[325.6,489.6],[331.9,493.4],[333.6,496.6],[329.4,502.6],[331.1,508.6],[330.4,514.6],[336.6,518.9],[344.1,516.1],[345.9,519.1],[341.9,523.6],[332.1,529.1],[324.6,531.9],[319.6,531.9],[313.4,535.9],[302.6,533.1],[295.6,539.1],[295.6,544.6],[297.6,545.9],[309.6,546.9],[315.4,542.9],[316.1,538.6],[318.1,536.4],[326.4,536.9],[334.4,532.9],[338.9,533.4],[340.9,535.6],[341.4,538.6],[342.9,539.1],[355.9,529.4],[362.4,521.1],[367.1,516.4],[370.4,514.9],[376.1,515.4],[379.6,519.9],[380.1,522.4],[378.1,530.4],[378.6,536.9],[381.1,539.1],[386.9,539.4],[391.4,532.1],[391.9,524.4],[393.6,520.4],[393.4,518.6],[389.1,514.6],[390.4,513.4],[395.9,514.4],[398.9,509.4],[397.4,505.6],[392.6,504.1],[391.4,500.1],[394.1,496.4],[399.1,495.6],[400.6,494.1],[401.9,483.6],[400.9,475.6],[404.4,469.1],[404.4,465.4],[401.1,464.6],[394.4,471.1],[390.4,470.9],[385.1,468.6],[381.4,464.9],[379.4,460.1],[380.9,454.6],[380.9,447.6],[377.4,442.9],[377.4,438.4],[371.1,434.6],[365.6,433.1],[363.9,434.1],[363.9,436.1],[374.9,449.9],[373.6,452.6],[369.1,453.6],[367.1,456.6],[367.4,460.4],[372.1,465.9],[372.6,469.9],[370.6,471.6],[367.9,471.1],[364.4,465.1],[361.4,463.1],[354.1,465.6],[351.6,469.9],[353.1,472.4],[364.1,480.9],[368.6,477.1],[371.6,477.1],[375.9,487.6],[374.6,490.9],[365.1,489.1],[362.6,486.4],[357.1,487.6],[353.9,486.1],[343.9,475.6],[335.1,471.6],[331.9,465.6],[332.4,459.9],[335.9,452.9],[338.9,449.9],[343.1,449.4],[349.6,455.9],[357.1,455.4],[359.4,453.9],[360.9,450.6],[360.9,447.4],[357.1,437.1],[350.4,434.4],[343.4,437.1],[339.6,435.1],[342.1,432.4],[348.6,430.1],[356.6,430.9],[360.1,428.6],[354.9,413.6],[354.9,402.6],[352.9,399.1],[355.6,394.4],[355.9,389.4],[354.4,386.6],[348.9,386.9],[346.4,384.6],[350.4,378.9],[350.4,376.4],[346.1,373.1],[338.6,370.4],[310.4,366.1],[273.6,354.1],[270.6,354.4],[265.4,358.6],[263.1,358.9],[259.1,354.6],[247.9,352.1]],[[384.4,510.9],[384.6,509.6],[385.1,510.4],[384.4,510.9]],[[381.6,496.1],[384.1,496.9],[383.1,499.1],[380.9,498.1],[381.6,496.1]],[[345.4,394.4],[348.1,394.6],[349.4,397.4],[344.6,405.9],[341.9,407.1],[340.1,405.1],[341.1,399.4],[342.6,395.9],[345.4,394.4]],[[330.4,435.6],[332.6,436.6],[331.4,438.6],[329.4,437.4],[330.4,435.6]],[[318.4,474.1],[324.6,476.6],[324.9,479.1],[323.1,481.1],[319.6,481.9],[316.4,479.9],[315.4,476.4],[318.4,474.1]],[[307.1,437.4],[312.1,435.9],[313.9,437.4],[314.9,442.4],[312.4,444.9],[306.1,445.6],[304.6,444.1],[305.4,439.9],[307.1,437.4]],[[295.9,367.9],[297.4,368.4],[296.4,370.1],[295.4,369.1],[295.9,367.9]],[[273.1,362.6],[275.1,362.6],[279.6,366.4],[278.6,369.6],[276.1,369.6],[271.4,365.6],[273.1,362.6]]]}},{"type":"Feature","properties":{"id":"LU_FOREST_HARDWOOD_0165","class":"forest_hardwood","color":"#5d7a32","area_m2":273.0},"geometry":{"type":"Polygon","coordinates":[[[387.9,351.4],[385.6,353.1],[385.4,356.4],[391.6,361.1],[393.4,358.4],[389.9,352.1],[387.9,351.4]]]}},{"type":"Feature","properties":{"id":"LU_FOREST_HARDWOOD_0166","class":"forest_hardwood","color":"#5d7a32","area_m2":21374.0},"geometry":{"type":"Polygon","coordinates":[[[1320.4,344.1],[1319.1,345.1],[1319.9,347.1],[1327.9,350.4],[1328.9,354.4],[1324.1,357.6],[1314.6,368.1],[1312.6,373.9],[1309.9,376.6],[1306.4,377.6],[1302.9,374.6],[1299.6,373.9],[1293.6,378.1],[1293.6,381.4],[1297.6,384.1],[1299.1,387.4],[1297.9,392.4],[1292.1,394.6],[1286.6,389.6],[1283.9,389.6],[1275.6,392.6],[1271.9,401.4],[1266.1,400.1],[1259.1,405.9],[1258.6,408.6],[1261.4,410.1],[1262.6,412.6],[1257.4,417.1],[1256.6,421.9],[1250.6,428.9],[1250.4,431.4],[1253.9,440.4],[1251.6,446.9],[1244.4,452.1],[1246.9,459.1],[1249.1,459.6],[1253.6,456.1],[1261.1,454.9],[1267.1,445.4],[1271.4,444.6],[1274.4,441.9],[1274.1,437.9],[1268.1,435.6],[1266.4,433.6],[1266.9,431.1],[1270.1,428.6],[1270.4,426.9],[1267.1,425.6],[1264.9,422.4],[1266.9,416.9],[1271.9,411.6],[1274.1,411.6],[1277.6,415.1],[1278.4,423.1],[1279.9,424.6],[1281.9,424.4],[1293.9,411.1],[1294.9,403.4],[1299.4,394.1],[1311.1,386.1],[1313.1,382.6],[1315.1,383.9],[1317.6,394.6],[1314.9,396.1],[1311.1,394.1],[1306.4,401.4],[1312.1,409.4],[1315.6,410.9],[1318.1,410.4],[1323.9,402.6],[1329.6,403.9],[1332.1,402.9],[1328.1,397.4],[1328.1,394.6],[1329.6,392.9],[1333.6,392.1],[1338.6,388.9],[1345.4,389.6],[1349.4,386.9],[1349.9,383.4],[1348.1,378.4],[1349.4,375.4],[1351.9,375.4],[1358.1,379.4],[1360.6,379.1],[1365.4,375.9],[1366.4,373.9],[1365.4,370.1],[1356.4,364.9],[1355.9,362.9],[1357.4,360.6],[1360.4,359.9],[1363.1,360.9],[1372.6,369.6],[1376.1,368.9],[1378.4,366.1],[1378.9,363.6],[1376.9,358.9],[1368.4,351.1],[1356.9,355.6],[1353.9,360.1],[1349.6,359.4],[1341.9,364.6],[1339.1,364.9],[1337.1,362.4],[1337.9,356.4],[1336.4,353.1],[1327.1,346.1],[1320.4,344.1]],[[1329.9,381.4],[1331.9,381.1],[1332.6,383.1],[1330.1,384.1],[1329.1,382.9],[1329.9,381.4]],[[1324.6,367.4],[1327.1,367.4],[1329.1,369.9],[1328.9,372.4],[1326.4,374.4],[1324.1,374.1],[1322.1,371.4],[1322.4,369.1],[1324.6,367.4]],[[1280.4,396.1],[1283.1,396.4],[1285.6,399.1],[1285.4,401.1],[1283.4,402.9],[1280.6,402.9],[1278.1,400.4],[1278.4,397.4],[1280.4,396.1]]]}},{"type":"Feature","properties":{"id":"LU_FOREST_HARDWOOD_0167","class":"forest_hardwood","color":"#5d7a32","area_m2":814.0},"geometry":{"type":"Polygon","coordinates":[[[17.1,338.9],[9.4,343.9],[0.1,342.1],[0.1,349.9],[5.4,348.9],[10.4,350.6],[16.6,349.4],[17.9,347.4],[17.1,338.9]]]}},{"type":"Feature","properties":{"id":"LU_FOREST_HARDWOOD_0168","class":"forest_hardwood","color":"#5d7a32","area_m2":2121.0},"geometry":{"type":"Polygon","coordinates":[[[430.9,338.4],[425.1,345.1],[421.6,346.1],[417.6,342.6],[413.6,347.9],[413.1,354.6],[414.1,357.9],[417.6,364.9],[420.4,367.1],[422.6,367.4],[424.4,365.9],[426.9,354.9],[436.1,344.6],[435.4,340.1],[430.9,338.4]]]}},{"type":"Feature","properties":{"id":"LU_FOREST_HARDWOOD_0169","class":"forest_hardwood","color":"#5d7a32","area_m2":1415.0},"geometry":{"type":"Polygon","coordinates":[[[616.1,338.6],[611.1,338.6],[602.9,346.9],[602.6,348.6],[605.1,351.4],[611.1,354.1],[613.6,361.1],[616.1,364.4],[622.4,366.9],[624.1,365.9],[624.1,363.9],[615.9,356.1],[617.9,348.9],[614.1,344.4],[614.1,341.6],[616.1,338.6]]]}},{"type":"Feature","properties":{"id":"LU_FOREST_HARDWOOD_0170","class":"forest_hardwood","color":"#5d7a32","area_m2":246.0},"geometry":{"type":"Polygon","coordinates":[[[1741.4,336.4],[1740.4,339.1],[1741.6,340.6],[1745.4,341.9],[1751.9,341.1],[1749.9,338.4],[1741.4,336.4]]]}},{"type":"Feature","properties":{"id":"LU_FOREST_HARDWOOD_0171","class":"forest_hardwood","color":"#5d7a32","area_m2":1728.0},"geometry":{"type":"Polygon","coordinates":[[[1393.9,336.1],[1381.1,345.1],[1375.6,346.1],[1381.9,356.9],[1386.9,357.4],[1391.1,351.9],[1397.6,349.1],[1399.4,347.1],[1399.9,343.4],[1398.6,339.6],[1395.6,336.4],[1393.9,336.1]]]}},{"type":"Feature","properties":{"id":"LU_FOREST_HARDWOOD_0172","class":"forest_hardwood","color":"#5d7a32","area_m2":898.0},"geometry":{"type":"Polygon","coordinates":[[[1160.9,332.1],[1159.1,334.4],[1161.6,340.9],[1166.9,345.9],[1179.4,351.9],[1178.4,348.1],[1171.1,342.4],[1169.4,336.1],[1164.4,332.4],[1160.9,332.1]]]}},{"type":"Feature","properties":{"id":"LU_FOREST_HARDWOOD_0173","class":"forest_hardwood","color":"#5d7a32","area_m2":379.0},"geometry":{"type":"Polygon","coordinates":[[[1488.1,321.9],[1483.6,322.6],[1482.9,324.6],[1486.6,332.6],[1488.4,333.1],[1491.9,326.9],[1488.1,321.9]]]}},{"type":"Feature","properties":{"id":"LU_FOREST_HARDWOOD_0174","class":"forest_hardwood","color":"#5d7a32","area_m2":888.0},"geometry":{"type":"Polygon","coordinates":[[[1852.6,321.1],[1848.6,324.4],[1850.4,333.4],[1852.1,335.4],[1855.1,335.4],[1859.9,331.4],[1865.6,329.6],[1865.1,326.9],[1860.1,326.1],[1855.9,321.6],[1852.6,321.1]]]}},{"type":"Feature","properties":{"id":"LU_FOREST_HARDWOOD_0175","class":"forest_hardwood","color":"#5d7a32","area_m2":1535.0},"geometry":{"type":"Polygon","coordinates":[[[1609.9,319.4],[1614.6,334.6],[1635.4,339.1],[1637.9,338.1],[1637.6,336.4],[1629.9,329.6],[1625.9,328.1],[1615.9,320.6],[1609.9,319.4]]]}},{"type":"Feature","properties":{"id":"LU_FOREST_HARDWOOD_0176","class":"forest_hardwood","color":"#5d7a32","area_m2":4645.0},"geometry":{"type":"Polygon","coordinates":[[[124.6,311.1],[121.4,313.6],[121.1,318.6],[119.4,322.6],[114.1,326.1],[108.4,324.9],[99.9,319.9],[94.4,320.1],[88.1,323.6],[83.9,329.1],[75.4,332.9],[73.9,335.1],[93.4,334.9],[97.6,331.1],[111.6,327.6],[116.4,328.1],[117.9,329.9],[117.9,332.6],[119.6,333.9],[166.9,331.1],[164.4,329.1],[138.9,326.6],[133.9,323.1],[131.4,315.1],[127.9,311.6],[124.6,311.1]]]}},{"type":"Feature","properties":{"id":"LU_FOREST_HARDWOOD_0177","class":"forest_hardwood","color":"#5d7a32","area_m2":477.0},"geometry":{"type":"Polygon","coordinates":[[[82.4,309.6],[78.1,313.1],[77.9,314.6],[82.1,319.4],[84.4,319.9],[90.4,314.1],[87.1,311.1],[82.4,309.6]]]}},{"type":"Feature","properties":{"id":"LU_FOREST_HARDWOOD_0178","class":"forest_hardwood","color":"#5d7a32","area_m2":1566.0},"geometry":{"type":"Polygon","coordinates":[[[991.9,309.4],[980.4,318.4],[980.1,320.1],[982.9,325.1],[980.1,327.9],[975.9,326.9],[976.6,329.6],[981.4,331.9],[992.1,331.9],[993.6,330.9],[993.9,310.9],[991.9,309.4]]]}},{"type":"Feature","properties":{"id":"LU_FOREST_HARDWOOD_0179","class":"forest_hardwood","color":"#5d7a32","area_m2":1328.0},"geometry":{"type":"Polygon","coordinates":[[[1982.9,303.4],[1979.4,306.6],[1988.6,314.1],[1988.6,323.9],[1991.6,325.9],[1999.9,324.9],[1999.9,315.6],[1987.9,305.6],[1982.9,303.4]]]}},{"type":"Feature","properties":{"id":"LU_FOREST_HARDWOOD_0180","class":"forest_hardwood","color":"#5d7a32","area_m2":1419.0},"geometry":{"type":"Polygon","coordinates":[[[931.6,303.1],[929.4,304.9],[929.1,308.4],[932.1,312.4],[941.1,314.9],[947.9,320.9],[949.6,320.6],[954.1,316.1],[954.1,313.4],[950.1,308.1],[947.9,307.9],[947.1,310.9],[945.4,311.6],[943.4,309.6],[943.6,306.1],[942.1,304.6],[931.6,303.1]]]}},{"type":"Feature","properties":{"id":"LU_FOREST_HARDWOOD_0181","class":"forest_hardwood","color":"#5d7a32","area_m2":5266.0},"geometry":{"type":"Polygon","coordinates":[[[49.1,301.6],[47.4,304.1],[51.4,308.9],[49.4,311.9],[46.1,311.6],[41.4,307.4],[36.1,308.4],[43.1,313.9],[43.9,320.4],[40.4,323.1],[33.9,322.4],[32.9,323.4],[32.9,328.4],[29.9,331.6],[23.9,330.1],[19.9,326.1],[17.9,318.6],[20.9,313.6],[18.4,312.4],[16.1,312.6],[8.1,317.6],[0.1,319.1],[0.1,325.9],[7.9,325.4],[12.1,330.4],[18.4,332.9],[20.1,337.9],[37.4,336.9],[41.6,333.4],[45.9,336.9],[51.6,336.9],[56.1,335.4],[60.4,332.6],[60.1,330.9],[55.1,327.6],[50.1,326.6],[47.6,322.6],[50.1,319.4],[56.6,317.9],[57.4,312.4],[54.6,307.9],[56.9,304.1],[49.1,301.6]]]}},{"type":"Feature","properties":{"id":"LU_FOREST_HARDWOOD_0182","class":"forest_hardwood","color":"#5d7a32","area_m2":401.0},"geometry":{"type":"Polygon","coordinates":[[[1489.4,296.9],[1486.6,299.1],[1486.6,301.9],[1494.4,302.1],[1498.4,306.4],[1500.1,305.9],[1499.9,301.4],[1498.4,299.4],[1489.4,296.9]]]}},{"type":"Feature","properties":{"id":"LU_FOREST_HARDWOOD_0183","class":"forest_hardwood","color":"#5d7a32","area_m2":228.0},"geometry":{"type":"Polygon","coordinates":[[[1577.4,294.6],[1573.1,298.9],[1574.9,301.6],[1582.4,299.4],[1579.1,294.9],[1577.4,294.6]]]}},{"type":"Feature","properties":{"id":"LU_FOREST_HARDWOOD_0184","class":"forest_hardwood","color":"#5d7a32","area_m2":609.0},"geometry":{"type":"Polygon","coordinates":[[[0.1,292.1],[0.1,304.9],[4.6,306.9],[7.9,306.6],[8.9,305.1],[7.9,297.9],[2.9,292.6],[0.1,292.1]]]}},{"type":"Feature","properties":{"id":"LU_FOREST_HARDWOOD_0185","class":"forest_hardwood","color":"#5d7a32","area_m2":314.0},"geometry":{"type":"Polygon","coordinates":[[[920.9,291.4],[918.6,293.1],[918.4,296.4],[921.1,299.4],[924.4,299.6],[926.4,297.9],[926.4,294.9],[924.1,292.1],[920.9,291.4]]]}},{"type":"Feature","properties":{"id":"LU_FOREST_HARDWOOD_0186","class":"forest_hardwood","color":"#5d7a32","area_m2":10877.0},"geometry":{"type":"Polygon","coordinates":[[[1940.6,287.1],[1938.4,288.9],[1938.6,292.1],[1940.1,294.4],[1944.9,296.4],[1947.6,299.1],[1948.4,301.6],[1947.1,303.4],[1941.4,304.1],[1932.9,298.6],[1930.6,298.4],[1927.1,299.6],[1925.6,301.6],[1931.6,308.4],[1929.9,312.1],[1926.1,311.6],[1920.1,305.4],[1916.1,307.1],[1916.4,311.1],[1924.6,317.4],[1927.6,315.1],[1932.6,314.9],[1937.4,312.9],[1942.9,314.4],[1946.1,320.4],[1944.4,331.9],[1949.6,336.1],[1951.6,341.9],[1953.4,343.4],[1956.9,342.4],[1959.6,338.4],[1957.9,330.6],[1958.4,323.4],[1954.1,321.1],[1951.9,317.4],[1954.1,313.4],[1957.1,313.4],[1959.6,315.9],[1960.4,320.4],[1965.9,322.4],[1969.9,326.6],[1969.9,331.4],[1966.9,335.4],[1966.9,338.1],[1982.9,349.4],[1988.9,356.4],[1993.9,355.4],[1996.4,351.1],[1999.9,348.9],[1999.9,333.1],[1989.1,333.4],[1985.9,340.1],[1981.9,339.4],[1979.4,334.9],[1979.9,330.6],[1977.1,326.4],[1975.4,316.9],[1970.1,307.4],[1946.9,287.6],[1940.6,287.1]]]}},{"type":"Feature","properties":{"id":"LU_FOREST_HARDWOOD_0187","class":"forest_hardwood","color":"#5d7a32","area_m2":243.0},"geometry":{"type":"Polygon","coordinates":[[[1305.9,283.4],[1303.6,285.1],[1303.4,288.1],[1305.9,290.4],[1308.9,290.4],[1310.4,288.9],[1310.4,285.9],[1308.1,283.6],[1305.9,283.4]]]}},{"type":"Feature","properties":{"id":"LU_FOREST_HARDWOOD_0188","class":"forest_hardwood","color":"#5d7a32","area_m2":440079.0},"geometry":{"type":"Polygon","coordinates":[[[1423.6,283.1],[1419.4,285.6],[1419.6,289.9],[1421.6,291.6],[1426.6,291.9],[1433.9,294.4],[1437.1,297.9],[1441.4,308.4],[1433.9,312.6],[1418.6,309.4],[1416.4,311.6],[1416.1,315.4],[1414.6,317.6],[1407.6,317.4],[1404.4,320.6],[1404.1,326.4],[1405.6,328.4],[1406.9,328.1],[1407.4,324.9],[1409.1,322.9],[1410.6,322.6],[1412.6,324.4],[1409.1,330.1],[1413.6,336.9],[1415.1,346.6],[1411.6,354.9],[1404.1,359.6],[1402.9,362.6],[1404.6,364.6],[1419.1,367.9],[1421.4,370.6],[1420.9,372.6],[1399.9,380.1],[1387.6,391.1],[1387.1,393.4],[1389.9,403.9],[1388.6,404.9],[1381.9,404.9],[1378.6,413.9],[1373.1,417.6],[1368.1,418.6],[1365.6,421.1],[1364.6,432.9],[1361.1,436.1],[1348.9,440.6],[1345.6,443.1],[1344.1,446.4],[1343.9,454.4],[1341.9,456.6],[1336.1,457.6],[1330.6,465.6],[1328.9,465.4],[1324.1,460.6],[1321.1,460.6],[1319.1,463.6],[1318.6,471.9],[1311.4,476.9],[1307.9,476.4],[1304.4,472.9],[1300.6,475.1],[1298.6,480.9],[1293.6,486.1],[1293.4,488.1],[1295.9,491.1],[1297.6,491.4],[1302.6,484.1],[1308.4,484.1],[1310.6,486.4],[1309.1,491.4],[1310.4,499.4],[1306.1,506.6],[1308.1,513.4],[1308.1,516.4],[1306.6,518.6],[1304.1,518.6],[1290.4,504.9],[1282.9,490.6],[1279.6,489.1],[1268.9,489.1],[1267.4,490.1],[1269.1,496.1],[1278.6,507.1],[1277.6,513.9],[1279.6,520.9],[1289.4,529.9],[1289.1,531.9],[1284.6,536.4],[1286.1,539.4],[1292.6,538.9],[1298.4,535.9],[1305.4,537.9],[1313.9,536.4],[1315.9,540.4],[1312.9,544.6],[1307.6,548.4],[1307.6,550.9],[1309.1,552.4],[1320.1,555.4],[1329.6,560.6],[1337.6,560.9],[1344.4,563.9],[1350.9,563.4],[1353.1,565.1],[1354.1,567.4],[1353.6,575.1],[1347.1,580.9],[1345.6,591.1],[1341.4,594.9],[1334.4,591.9],[1330.1,577.4],[1323.1,570.6],[1284.6,564.9],[1278.1,560.6],[1272.6,559.9],[1267.4,554.6],[1265.4,556.6],[1265.9,563.1],[1264.1,564.9],[1262.6,564.6],[1260.9,561.6],[1260.6,555.4],[1257.1,549.4],[1251.4,544.9],[1243.9,535.6],[1239.1,533.6],[1233.9,527.6],[1228.6,526.1],[1224.9,522.6],[1222.6,522.4],[1219.6,524.4],[1221.6,528.4],[1221.1,534.6],[1222.1,537.6],[1220.1,540.9],[1215.1,540.6],[1207.6,529.6],[1204.9,530.1],[1199.9,533.6],[1197.4,533.6],[1196.9,530.4],[1202.9,524.4],[1208.4,523.1],[1214.1,525.4],[1214.9,517.6],[1209.1,513.1],[1203.9,511.4],[1197.9,503.6],[1192.1,502.9],[1188.9,498.6],[1183.4,494.9],[1179.9,488.6],[1179.6,482.6],[1172.1,471.4],[1171.9,468.6],[1174.4,462.1],[1172.1,458.4],[1171.6,453.6],[1169.1,451.1],[1161.1,447.6],[1155.4,446.4],[1149.4,447.6],[1144.6,445.1],[1140.4,445.1],[1135.6,447.1],[1124.6,447.4],[1120.4,450.9],[1115.1,449.1],[1114.4,454.1],[1109.1,460.4],[1110.9,464.1],[1110.4,466.1],[1107.1,469.1],[1100.6,471.6],[1091.6,468.9],[1090.4,466.6],[1094.9,463.4],[1105.1,461.6],[1101.6,454.4],[1102.4,449.4],[1101.1,448.4],[1087.6,448.4],[1086.1,451.1],[1089.1,454.9],[1089.6,457.6],[1086.9,460.6],[1080.9,463.4],[1083.6,469.1],[1079.4,473.6],[1081.6,477.1],[1081.4,479.1],[1077.6,480.9],[1071.6,478.1],[1068.6,478.1],[1065.4,480.9],[1066.1,482.9],[1073.9,488.9],[1088.6,492.9],[1094.4,488.9],[1100.9,478.9],[1108.4,474.9],[1110.4,475.9],[1112.1,479.4],[1112.9,485.6],[1111.1,490.1],[1113.9,493.1],[1115.6,493.4],[1116.9,490.6],[1115.1,486.1],[1116.9,484.9],[1122.4,484.9],[1124.6,483.1],[1122.4,476.9],[1123.6,471.9],[1121.1,468.4],[1119.9,462.6],[1119.9,458.6],[1121.4,456.4],[1124.1,456.4],[1127.1,458.9],[1128.1,468.1],[1129.4,469.4],[1133.9,466.4],[1133.1,458.6],[1139.1,452.4],[1142.1,452.4],[1152.6,457.9],[1161.1,455.6],[1162.6,457.4],[1162.1,478.6],[1163.1,484.6],[1160.6,488.6],[1158.4,488.6],[1156.4,486.1],[1155.9,478.6],[1153.9,473.1],[1150.6,471.1],[1146.6,471.6],[1146.6,478.6],[1147.9,479.6],[1152.1,479.1],[1153.9,480.6],[1150.1,491.1],[1151.1,492.6],[1158.9,495.1],[1158.1,502.4],[1149.9,506.9],[1145.1,507.6],[1133.4,504.6],[1132.1,508.6],[1133.6,511.9],[1140.9,518.6],[1143.9,517.1],[1150.1,508.1],[1155.1,507.4],[1160.6,504.4],[1162.6,506.4],[1162.4,508.6],[1158.6,513.1],[1157.6,517.9],[1153.9,521.6],[1147.4,524.1],[1141.6,523.4],[1134.9,530.6],[1130.9,531.9],[1128.9,529.4],[1129.6,519.6],[1127.1,517.4],[1122.1,517.6],[1119.4,514.9],[1121.9,504.6],[1116.4,499.4],[1113.4,499.4],[1106.1,502.6],[1101.6,498.4],[1099.6,493.4],[1098.4,492.9],[1097.6,494.9],[1101.6,502.9],[1104.6,505.6],[1111.1,506.9],[1113.1,509.6],[1112.6,511.9],[1110.4,513.9],[1099.1,515.6],[1086.1,504.1],[1077.1,502.1],[1069.6,497.9],[1067.1,497.9],[1066.1,501.4],[1064.1,503.1],[1055.6,505.1],[1052.4,502.9],[1048.9,496.6],[1043.6,495.9],[1044.4,493.4],[1052.6,490.9],[1054.9,483.9],[1059.9,479.1],[1057.9,474.6],[1050.9,473.9],[1049.6,471.6],[1052.4,469.9],[1059.9,468.6],[1060.6,467.4],[1052.6,457.9],[1049.6,459.1],[1045.6,466.4],[1041.6,468.1],[1034.9,467.6],[1032.9,465.9],[1033.1,463.4],[1034.9,462.1],[1039.1,462.6],[1040.4,461.6],[1041.9,453.9],[1046.9,449.4],[1051.6,449.1],[1063.4,454.9],[1068.4,452.9],[1076.4,453.6],[1079.4,450.9],[1079.6,447.9],[1076.4,445.4],[1070.4,446.6],[1066.9,443.6],[1062.4,442.1],[1056.9,443.6],[1043.4,437.1],[1038.4,439.9],[1035.4,439.6],[1034.1,438.1],[1035.9,432.4],[1035.4,430.1],[1030.6,426.4],[1028.4,419.1],[1023.9,414.6],[1021.9,414.4],[1020.1,416.6],[1021.1,421.9],[1023.6,426.9],[1028.6,431.1],[1029.1,434.4],[1019.6,447.1],[1020.9,447.1],[1024.6,442.6],[1027.1,442.1],[1031.9,445.4],[1034.6,449.4],[1032.4,451.1],[1025.4,452.1],[1016.9,448.9],[1009.6,454.1],[1003.9,453.1],[1001.9,450.4],[1002.6,444.4],[999.1,441.6],[998.9,439.9],[1002.6,436.9],[1008.6,438.4],[1013.4,434.9],[1013.9,432.6],[1012.6,430.6],[1006.1,432.4],[1004.4,431.4],[1004.9,425.1],[1014.4,417.9],[1016.9,412.4],[1015.4,408.1],[1005.1,400.6],[1001.4,400.1],[995.9,401.6],[991.1,406.4],[991.6,410.9],[996.1,413.9],[998.4,409.1],[1000.6,407.6],[1004.6,410.1],[1004.6,413.1],[1000.6,416.6],[1004.6,424.4],[996.9,434.6],[985.4,440.4],[987.4,443.6],[995.6,449.1],[996.1,451.4],[994.4,457.4],[1000.9,462.9],[998.6,466.6],[993.9,465.6],[990.9,463.1],[987.9,455.6],[988.9,450.4],[987.9,447.6],[976.1,439.1],[964.1,434.6],[958.6,430.1],[959.6,425.9],[957.9,422.4],[958.4,419.1],[961.9,415.9],[965.9,414.4],[969.6,410.4],[969.4,406.9],[966.9,403.6],[961.9,403.9],[956.6,401.4],[945.4,403.4],[940.1,405.6],[938.6,408.9],[943.9,416.9],[943.6,418.9],[941.1,421.1],[937.9,420.1],[934.4,416.9],[934.9,410.9],[933.1,408.9],[929.6,409.4],[923.9,413.1],[913.6,408.1],[902.6,407.1],[900.1,409.6],[900.9,416.4],[899.4,421.1],[900.9,422.6],[905.6,422.9],[912.4,425.9],[919.9,426.4],[921.9,428.6],[922.6,433.9],[925.1,436.4],[932.6,438.6],[940.1,435.9],[950.9,427.4],[954.4,427.1],[957.1,429.6],[955.6,434.9],[950.4,439.6],[950.1,442.4],[952.1,446.6],[950.9,449.1],[947.6,449.9],[941.6,447.1],[937.9,448.1],[938.9,450.9],[944.9,452.9],[946.9,457.1],[938.6,464.1],[937.4,469.1],[945.9,463.4],[954.4,461.9],[961.6,467.1],[966.6,467.1],[974.9,470.4],[978.1,473.9],[978.6,477.9],[970.1,482.1],[967.4,485.9],[968.6,496.1],[972.9,501.9],[974.6,501.6],[978.1,497.9],[980.6,497.4],[987.6,503.6],[994.6,503.9],[997.1,502.9],[998.6,501.1],[998.4,499.4],[993.1,497.6],[990.9,495.1],[990.1,491.6],[995.4,479.1],[1004.1,472.9],[1006.9,473.9],[1007.1,477.6],[1005.1,482.4],[1003.4,493.4],[1004.6,495.9],[1007.6,497.6],[1011.4,495.9],[1012.4,489.9],[1017.1,483.4],[1020.4,482.6],[1024.4,485.4],[1026.9,484.9],[1033.4,474.4],[1038.1,475.9],[1040.6,478.1],[1040.6,488.9],[1037.1,492.1],[1020.1,499.6],[1012.1,508.1],[1024.9,506.4],[1028.1,510.6],[1025.6,517.9],[1013.9,528.6],[996.1,537.6],[993.4,534.1],[993.4,529.9],[1004.4,514.4],[1007.9,511.4],[1004.1,514.1],[997.1,516.6],[994.4,519.6],[992.9,526.4],[989.1,528.6],[986.1,532.6],[987.6,536.6],[992.1,537.4],[994.9,539.4],[996.6,543.9],[996.1,547.1],[991.6,550.1],[982.9,549.6],[978.9,552.4],[977.1,555.6],[978.1,559.1],[980.9,561.4],[990.6,563.9],[998.6,562.9],[1004.6,566.6],[1014.9,568.4],[1016.9,570.6],[1018.1,577.4],[1014.1,588.6],[1016.4,592.4],[1019.1,591.9],[1025.9,587.4],[1027.6,585.4],[1027.9,581.6],[1029.4,579.4],[1032.6,578.9],[1036.9,580.9],[1038.4,582.9],[1037.6,585.9],[1028.9,593.4],[1026.1,599.1],[1025.6,602.9],[1027.6,605.6],[1032.6,605.9],[1039.6,601.1],[1042.4,601.1],[1046.1,604.6],[1045.9,607.4],[1043.4,610.9],[1043.6,612.9],[1046.6,614.9],[1051.4,614.6],[1053.4,612.9],[1054.4,603.9],[1061.4,596.9],[1063.1,593.4],[1054.4,593.1],[1051.1,591.6],[1049.4,589.1],[1050.4,580.4],[1048.9,577.4],[1049.9,573.6],[1048.9,559.6],[1051.1,556.4],[1056.4,552.9],[1059.6,547.9],[1068.4,546.9],[1071.6,549.1],[1072.1,551.4],[1070.1,553.9],[1064.4,551.9],[1061.9,552.9],[1062.1,556.1],[1065.9,559.6],[1075.4,556.1],[1082.6,555.1],[1091.4,556.9],[1089.9,552.9],[1091.6,550.4],[1095.9,552.6],[1101.4,550.9],[1105.6,553.1],[1107.1,556.4],[1106.9,561.4],[1100.6,568.1],[1099.6,571.6],[1105.4,575.9],[1106.1,579.4],[1097.6,596.6],[1100.1,599.4],[1105.9,600.9],[1107.6,602.9],[1107.6,605.9],[1100.9,613.6],[1093.9,615.6],[1087.6,619.1],[1084.1,618.6],[1079.9,614.1],[1078.4,606.1],[1086.6,600.4],[1087.1,591.6],[1092.4,586.9],[1093.9,583.6],[1094.6,578.6],[1092.9,576.4],[1089.4,576.4],[1082.9,579.1],[1068.4,589.1],[1066.9,590.9],[1068.4,592.6],[1070.6,593.6],[1074.9,592.9],[1076.9,594.1],[1076.9,599.4],[1068.6,606.1],[1063.6,614.4],[1057.6,615.4],[1055.4,617.9],[1055.6,619.9],[1059.6,622.9],[1062.1,622.1],[1064.6,617.4],[1067.6,615.1],[1070.1,615.4],[1075.6,619.1],[1075.6,621.6],[1070.1,624.6],[1066.1,628.9],[1065.1,632.4],[1067.1,635.4],[1070.1,635.4],[1079.9,629.4],[1083.6,628.9],[1086.9,630.4],[1090.6,635.9],[1095.6,639.4],[1100.1,634.4],[1107.9,632.4],[1117.9,622.4],[1121.6,621.9],[1130.4,625.9],[1134.4,624.6],[1133.4,621.1],[1127.1,616.6],[1122.4,616.1],[1117.1,618.4],[1115.6,617.6],[1115.6,615.9],[1123.6,609.1],[1127.9,609.4],[1137.9,618.9],[1139.6,618.4],[1142.4,613.1],[1146.9,609.4],[1156.1,608.1],[1159.6,611.1],[1162.6,617.1],[1160.9,620.6],[1150.6,624.1],[1142.1,624.1],[1140.4,625.4],[1146.9,638.4],[1148.6,650.6],[1147.1,651.9],[1142.6,651.4],[1132.6,653.1],[1129.1,656.1],[1121.1,659.6],[1117.1,666.9],[1151.9,666.9],[1152.4,661.1],[1158.9,657.4],[1161.9,654.1],[1162.9,644.4],[1166.4,635.1],[1168.9,632.9],[1171.6,634.4],[1169.1,641.4],[1171.1,646.4],[1171.1,656.6],[1173.4,660.4],[1176.4,659.6],[1176.9,652.9],[1184.9,644.9],[1191.4,643.9],[1195.1,646.9],[1195.1,652.1],[1185.6,660.1],[1184.6,663.9],[1198.9,653.9],[1205.4,652.1],[1214.9,656.4],[1220.9,657.4],[1225.1,661.9],[1226.1,666.9],[1265.9,666.9],[1266.9,663.6],[1272.6,661.1],[1276.9,662.4],[1279.1,666.9],[1286.9,666.9],[1287.4,659.1],[1281.1,655.6],[1272.9,647.6],[1262.9,645.6],[1254.1,638.6],[1246.6,638.9],[1241.9,631.6],[1236.1,630.6],[1230.4,622.1],[1222.4,615.9],[1221.6,612.6],[1222.6,607.6],[1218.1,601.4],[1218.4,599.1],[1220.9,596.9],[1226.6,595.9],[1235.9,602.9],[1240.9,604.4],[1247.1,610.4],[1250.6,610.9],[1257.9,606.4],[1263.4,604.6],[1263.4,601.9],[1259.9,597.6],[1247.1,589.6],[1240.1,583.1],[1227.4,581.4],[1222.6,583.1],[1220.9,590.4],[1218.4,592.9],[1207.4,590.1],[1198.4,595.4],[1196.1,593.4],[1195.6,589.6],[1193.9,587.6],[1191.6,587.4],[1185.4,590.1],[1181.1,588.6],[1173.9,580.6],[1169.1,578.6],[1161.9,570.6],[1154.1,566.6],[1152.4,564.1],[1152.1,559.6],[1154.1,557.4],[1157.4,555.9],[1162.6,555.9],[1166.9,558.6],[1168.1,565.9],[1171.4,567.9],[1174.4,567.6],[1181.1,558.4],[1187.6,557.1],[1187.1,549.6],[1189.1,546.9],[1198.4,546.6],[1201.4,543.9],[1202.9,540.4],[1204.1,540.4],[1212.6,549.1],[1213.6,552.9],[1220.1,559.9],[1220.4,563.1],[1218.4,564.9],[1215.4,565.1],[1207.1,559.6],[1204.1,559.6],[1201.4,563.6],[1202.1,568.4],[1200.6,570.9],[1198.6,571.4],[1193.6,569.1],[1182.6,570.4],[1180.4,572.9],[1181.9,576.1],[1190.4,574.1],[1197.4,576.9],[1204.4,574.1],[1212.4,577.9],[1218.1,577.4],[1227.4,568.4],[1223.6,565.9],[1224.6,563.1],[1230.9,560.4],[1235.9,552.6],[1237.6,552.4],[1242.6,555.1],[1245.1,551.1],[1247.1,550.1],[1253.6,557.4],[1253.6,559.9],[1249.1,564.6],[1239.9,566.1],[1237.9,567.9],[1237.6,570.1],[1245.6,570.9],[1251.6,567.6],[1255.1,568.6],[1258.1,574.4],[1258.1,581.6],[1259.6,584.9],[1266.9,590.4],[1274.9,591.4],[1276.9,593.6],[1276.4,599.1],[1277.4,600.4],[1280.9,599.6],[1283.4,594.1],[1287.4,591.9],[1290.9,592.4],[1293.6,595.1],[1294.6,598.9],[1296.9,598.4],[1300.4,594.9],[1300.9,592.6],[1297.9,587.6],[1288.6,581.9],[1278.6,580.4],[1272.4,582.1],[1270.9,572.4],[1272.1,569.9],[1278.6,574.6],[1284.4,575.9],[1287.6,575.9],[1294.4,572.9],[1302.1,576.4],[1309.4,573.9],[1314.6,573.9],[1321.4,576.4],[1322.6,578.1],[1321.6,585.6],[1314.6,589.1],[1312.9,597.4],[1304.9,595.9],[1302.1,600.4],[1302.6,604.1],[1304.6,607.4],[1309.9,609.4],[1317.1,617.4],[1322.9,621.4],[1326.6,621.9],[1332.9,620.4],[1337.9,623.9],[1340.9,624.4],[1347.1,619.4],[1349.1,619.1],[1351.4,620.9],[1351.1,624.1],[1346.6,630.1],[1347.6,633.9],[1350.9,636.4],[1362.1,639.9],[1363.9,641.9],[1361.9,646.4],[1362.9,648.6],[1367.4,646.9],[1370.9,649.9],[1369.4,654.1],[1364.6,652.9],[1354.6,664.1],[1353.6,666.9],[1365.9,666.9],[1366.1,658.6],[1369.6,654.6],[1377.9,656.4],[1381.1,659.9],[1384.1,666.9],[1387.9,666.9],[1386.9,659.4],[1384.4,652.9],[1378.9,646.4],[1379.9,641.9],[1383.6,638.9],[1388.1,640.6],[1389.4,644.9],[1394.6,648.1],[1396.1,652.1],[1401.9,659.4],[1403.1,666.9],[1407.9,666.9],[1405.4,660.1],[1405.6,656.1],[1403.4,652.6],[1409.6,648.9],[1412.4,649.1],[1414.6,651.4],[1414.1,654.1],[1410.4,658.6],[1410.9,663.1],[1416.6,658.1],[1421.6,657.9],[1426.6,661.1],[1428.1,666.9],[1470.9,666.9],[1470.9,661.4],[1468.9,658.1],[1459.4,656.6],[1454.9,647.6],[1451.6,646.1],[1445.6,645.9],[1442.4,642.9],[1442.9,634.6],[1441.1,631.4],[1440.9,627.4],[1439.4,624.1],[1435.1,620.6],[1427.4,620.1],[1414.4,624.4],[1410.6,622.6],[1403.1,621.6],[1403.1,623.1],[1409.6,628.1],[1411.1,633.6],[1405.6,643.9],[1402.1,645.6],[1391.4,638.9],[1387.9,627.9],[1383.1,623.1],[1366.9,619.1],[1361.1,615.6],[1351.6,613.9],[1350.1,612.1],[1350.6,605.6],[1348.9,599.6],[1352.6,595.9],[1355.4,596.1],[1359.6,599.1],[1365.4,596.4],[1367.6,596.6],[1371.1,599.4],[1374.9,600.4],[1379.1,607.9],[1388.1,611.9],[1389.6,611.4],[1392.6,603.4],[1398.4,604.1],[1401.4,603.1],[1402.6,604.9],[1399.9,611.6],[1401.9,613.6],[1403.4,613.4],[1410.9,605.4],[1421.6,600.9],[1427.9,601.4],[1429.6,599.1],[1429.1,590.6],[1432.9,586.1],[1434.4,577.9],[1440.6,568.4],[1439.9,560.4],[1440.9,557.9],[1451.9,550.9],[1457.4,549.6],[1457.4,546.9],[1455.6,544.6],[1450.6,545.4],[1445.9,540.4],[1437.9,542.1],[1435.1,546.4],[1434.6,554.9],[1432.1,556.9],[1427.4,554.9],[1425.4,555.4],[1422.6,561.9],[1413.1,571.9],[1408.6,581.9],[1391.1,593.6],[1386.1,592.6],[1375.4,581.9],[1371.9,574.6],[1371.4,565.4],[1374.1,564.1],[1382.9,569.4],[1386.4,569.6],[1389.4,567.1],[1390.4,563.1],[1394.9,558.9],[1399.6,556.9],[1405.4,557.6],[1413.9,553.4],[1414.9,551.1],[1408.4,548.4],[1406.1,545.4],[1409.4,538.1],[1404.9,539.1],[1395.1,545.6],[1388.1,552.1],[1376.1,556.6],[1368.4,549.4],[1359.6,550.1],[1356.1,548.6],[1348.4,537.1],[1348.4,528.9],[1351.1,525.4],[1354.6,524.4],[1359.1,531.4],[1363.9,532.4],[1365.9,529.4],[1364.9,517.4],[1369.1,511.4],[1373.1,510.4],[1378.1,512.4],[1380.6,512.1],[1391.1,504.4],[1395.9,502.4],[1400.1,495.4],[1406.4,494.6],[1411.9,490.1],[1414.6,491.4],[1414.9,494.4],[1403.4,510.6],[1402.1,517.6],[1404.1,520.9],[1408.9,520.9],[1411.4,516.1],[1417.4,511.9],[1429.9,512.4],[1433.6,504.4],[1431.1,494.6],[1433.4,491.1],[1435.4,490.6],[1441.6,497.9],[1441.1,504.6],[1442.1,506.9],[1451.4,508.1],[1455.9,512.6],[1455.9,515.4],[1451.6,525.6],[1457.6,529.4],[1461.9,524.9],[1465.9,524.4],[1476.6,535.1],[1479.6,543.9],[1482.1,546.4],[1487.4,547.1],[1489.6,549.1],[1488.6,553.9],[1486.4,555.9],[1480.6,557.4],[1477.4,561.4],[1473.6,560.9],[1465.6,565.1],[1461.6,564.9],[1458.4,562.9],[1456.4,563.4],[1453.4,569.4],[1452.6,575.1],[1449.6,579.9],[1449.6,582.9],[1452.1,585.4],[1454.1,585.6],[1457.9,577.6],[1463.6,578.9],[1467.1,577.9],[1473.4,569.4],[1479.6,572.6],[1487.6,569.9],[1489.9,570.4],[1491.9,572.6],[1491.6,577.9],[1495.1,585.1],[1496.1,590.6],[1494.6,593.9],[1481.9,605.6],[1472.6,607.1],[1464.6,603.1],[1459.4,604.9],[1451.6,603.4],[1448.1,605.9],[1446.4,611.1],[1449.4,614.4],[1452.1,613.9],[1459.6,607.9],[1467.4,611.9],[1468.1,615.4],[1462.6,623.1],[1463.9,626.1],[1467.9,625.4],[1471.4,619.1],[1475.4,617.1],[1478.6,619.9],[1481.6,628.9],[1483.9,631.1],[1486.1,631.1],[1495.1,622.6],[1494.6,618.1],[1488.1,615.6],[1485.9,611.6],[1486.4,605.9],[1489.4,602.1],[1500.1,593.4],[1507.9,589.4],[1517.9,577.9],[1522.4,575.9],[1529.6,575.9],[1535.4,573.9],[1544.6,573.9],[1556.1,577.9],[1562.6,584.1],[1566.6,595.1],[1572.1,605.4],[1570.6,617.9],[1567.1,621.1],[1563.1,621.6],[1561.1,619.4],[1558.1,610.6],[1557.6,599.9],[1552.9,594.6],[1549.6,594.4],[1547.9,596.9],[1553.9,598.4],[1554.9,601.4],[1551.1,606.9],[1546.1,604.4],[1544.1,604.6],[1542.1,606.9],[1540.6,623.9],[1538.6,625.6],[1530.4,622.9],[1527.4,624.6],[1527.6,628.1],[1532.1,633.9],[1534.1,639.1],[1536.4,638.6],[1537.9,633.9],[1539.9,631.9],[1541.6,632.1],[1544.4,635.1],[1548.4,635.4],[1547.9,637.1],[1545.1,637.6],[1541.9,641.6],[1531.6,648.1],[1530.6,651.6],[1532.6,653.6],[1547.9,653.4],[1551.1,649.4],[1557.4,645.9],[1558.4,639.9],[1560.4,636.1],[1562.9,634.4],[1568.6,633.9],[1572.6,636.9],[1573.1,647.6],[1572.1,650.1],[1567.9,653.1],[1558.1,655.6],[1553.6,660.9],[1554.1,666.9],[1591.9,666.9],[1594.9,657.9],[1599.9,653.1],[1603.1,653.9],[1607.1,658.4],[1613.9,661.4],[1616.1,666.9],[1648.9,666.9],[1649.4,664.1],[1652.9,661.1],[1654.9,661.4],[1657.6,664.1],[1658.1,666.9],[1671.9,666.9],[1671.9,660.6],[1674.1,657.4],[1677.6,656.9],[1683.4,658.9],[1688.6,658.9],[1696.9,652.9],[1700.6,651.6],[1701.1,650.1],[1693.6,643.9],[1686.1,645.6],[1680.4,651.9],[1666.9,646.1],[1663.4,642.9],[1660.4,637.1],[1652.9,629.6],[1648.1,626.1],[1637.1,621.6],[1624.9,604.6],[1610.9,599.1],[1602.1,591.6],[1594.4,592.1],[1591.1,590.6],[1584.9,582.1],[1582.9,577.6],[1583.1,574.6],[1585.4,572.4],[1587.6,572.6],[1606.9,586.9],[1611.4,588.9],[1619.6,588.9],[1624.1,590.9],[1631.6,597.1],[1633.6,602.9],[1636.6,605.6],[1646.9,606.4],[1649.9,600.6],[1649.9,596.6],[1648.6,594.6],[1642.1,593.6],[1622.1,577.6],[1609.4,577.6],[1604.9,570.6],[1598.9,568.1],[1592.4,563.4],[1583.9,564.6],[1573.6,570.1],[1564.4,567.9],[1555.9,558.6],[1550.4,554.9],[1545.9,548.6],[1542.1,546.6],[1532.9,537.6],[1527.1,534.6],[1521.9,528.6],[1515.4,524.9],[1513.1,515.6],[1515.9,505.6],[1512.9,501.6],[1502.4,501.1],[1495.9,498.1],[1491.4,494.4],[1481.4,494.1],[1474.6,491.9],[1464.9,480.6],[1458.4,481.1],[1453.4,477.9],[1446.4,466.1],[1444.6,457.4],[1446.6,455.1],[1455.9,454.4],[1457.9,451.4],[1457.4,446.9],[1455.1,444.6],[1450.1,442.6],[1441.9,431.6],[1434.4,428.6],[1433.9,426.6],[1435.4,424.4],[1442.6,423.9],[1448.6,421.4],[1454.9,426.9],[1463.4,429.6],[1468.1,427.9],[1474.1,421.4],[1476.1,421.1],[1478.1,423.6],[1477.4,433.4],[1484.4,438.9],[1484.1,443.4],[1485.6,445.4],[1487.1,445.1],[1489.6,441.4],[1488.1,432.6],[1489.9,429.6],[1494.4,429.1],[1501.4,432.9],[1506.1,430.4],[1507.9,427.1],[1497.9,417.6],[1487.1,414.6],[1474.4,400.9],[1468.1,390.4],[1469.9,388.9],[1476.9,388.4],[1478.6,386.4],[1478.4,383.1],[1475.4,380.4],[1469.4,380.1],[1462.1,376.6],[1456.4,366.1],[1446.4,357.9],[1442.9,350.1],[1440.4,349.6],[1437.4,352.6],[1437.4,361.4],[1449.6,372.1],[1451.9,377.6],[1450.9,379.9],[1446.4,380.1],[1438.1,377.6],[1435.4,374.1],[1432.9,365.9],[1429.1,362.6],[1415.6,363.1],[1413.6,361.9],[1413.4,360.4],[1415.1,358.4],[1419.1,356.9],[1422.6,353.4],[1421.9,342.4],[1422.9,334.4],[1421.4,327.4],[1422.9,325.6],[1434.1,327.9],[1434.4,322.6],[1436.6,321.4],[1441.6,326.1],[1443.4,330.9],[1447.4,332.1],[1448.4,327.1],[1450.6,325.1],[1452.9,325.1],[1453.9,328.4],[1450.1,334.1],[1455.9,337.4],[1460.1,342.9],[1465.9,338.9],[1469.1,331.9],[1469.1,330.6],[1466.1,329.6],[1462.9,325.1],[1458.4,321.9],[1456.4,317.1],[1456.1,312.6],[1460.9,308.9],[1460.6,307.4],[1444.6,294.1],[1441.9,286.9],[1440.6,285.6],[1433.4,286.1],[1423.6,283.1]],[[1624.6,647.4],[1630.1,648.9],[1634.6,653.1],[1636.4,656.6],[1635.1,659.4],[1631.9,659.6],[1624.4,654.9],[1622.9,649.6],[1624.6,647.4]],[[1626.4,619.1],[1629.1,619.4],[1632.4,621.6],[1634.6,624.4],[1634.4,625.9],[1629.6,628.1],[1626.1,627.6],[1624.1,625.4],[1623.9,621.6],[1626.4,619.1]],[[1621.4,631.1],[1623.9,631.4],[1626.1,635.4],[1624.6,638.9],[1620.6,641.1],[1618.1,639.1],[1617.9,634.6],[1621.4,631.1]],[[1593.9,610.6],[1596.1,610.6],[1598.9,613.6],[1597.4,620.6],[1598.4,627.4],[1606.4,634.9],[1606.6,636.6],[1596.6,645.1],[1591.9,653.1],[1587.6,654.1],[1581.4,648.9],[1579.9,644.6],[1582.1,641.4],[1586.6,641.4],[1588.6,639.4],[1588.9,633.4],[1590.9,627.6],[1586.4,620.9],[1586.1,618.6],[1587.4,616.1],[1593.9,610.6]],[[1575.9,610.1],[1578.1,610.9],[1576.9,612.9],[1575.1,611.6],[1575.9,610.1]],[[1569.6,585.4],[1571.9,585.4],[1577.6,591.1],[1577.9,593.1],[1576.1,595.1],[1573.1,595.6],[1568.6,592.6],[1566.9,588.6],[1569.6,585.4]],[[1554.4,566.1],[1556.6,565.9],[1560.6,567.9],[1564.1,571.1],[1563.9,573.6],[1559.4,575.1],[1553.1,572.6],[1551.1,568.9],[1554.4,566.1]],[[1514.6,534.4],[1517.9,535.4],[1517.1,538.4],[1515.4,538.6],[1513.6,537.1],[1514.6,534.4]],[[1511.9,565.1],[1515.9,563.9],[1518.1,567.4],[1517.9,570.4],[1516.1,572.1],[1514.4,571.9],[1511.4,567.9],[1511.9,565.1]],[[1501.6,548.4],[1507.1,549.9],[1509.4,553.4],[1506.4,558.6],[1506.6,564.1],[1504.1,569.1],[1500.9,570.9],[1493.4,565.9],[1491.9,561.6],[1494.1,558.4],[1500.4,556.6],[1499.9,550.6],[1501.6,548.4]],[[1482.9,499.1],[1490.9,500.4],[1492.9,502.6],[1492.9,504.9],[1490.9,505.9],[1485.6,502.4],[1481.9,501.9],[1480.9,500.1],[1482.9,499.1]],[[1484.4,418.6],[1486.9,419.9],[1485.9,421.9],[1483.1,420.6],[1484.4,418.6]],[[1462.4,407.6],[1464.6,407.6],[1467.9,410.9],[1471.9,411.9],[1472.6,414.1],[1470.9,414.9],[1467.1,411.1],[1462.4,410.6],[1461.4,409.4],[1462.4,407.6]],[[1465.4,505.6],[1466.9,505.6],[1468.1,507.6],[1468.1,515.4],[1465.4,513.9],[1463.9,509.6],[1465.4,505.6]],[[1449.9,490.4],[1450.9,490.1],[1451.4,491.4],[1450.1,491.9],[1449.9,490.4]],[[1444.4,388.6],[1446.9,389.9],[1445.4,392.6],[1443.1,391.1],[1444.4,388.6]],[[1444.1,657.9],[1445.6,658.1],[1444.6,660.4],[1443.4,659.9],[1444.1,657.9]],[[1412.4,431.9],[1417.9,434.6],[1425.1,434.6],[1427.6,441.9],[1436.6,449.1],[1439.6,456.9],[1435.6,461.9],[1433.4,461.9],[1426.9,458.1],[1421.4,452.9],[1415.4,440.1],[1411.4,434.9],[1411.1,432.9],[1412.4,431.9]],[[1435.6,381.4],[1437.9,381.4],[1439.4,382.9],[1438.6,385.6],[1436.6,386.1],[1434.4,384.6],[1434.1,382.9],[1435.6,381.4]],[[1434.6,463.9],[1436.4,463.9],[1438.4,465.9],[1437.6,468.6],[1435.9,468.9],[1433.6,467.1],[1434.6,463.9]],[[1434.1,655.4],[1436.1,655.1],[1437.1,657.6],[1434.6,658.1],[1434.1,655.4]],[[1421.4,399.1],[1425.9,399.4],[1431.1,404.4],[1435.9,406.1],[1436.6,408.6],[1434.4,410.1],[1431.6,409.9],[1424.4,405.1],[1418.9,406.4],[1415.4,409.1],[1411.6,407.1],[1411.4,405.4],[1412.9,403.6],[1416.9,403.6],[1421.4,399.1]],[[1420.4,640.1],[1423.1,640.4],[1426.6,643.1],[1427.1,647.4],[1425.9,649.1],[1422.1,647.6],[1418.9,644.1],[1418.4,641.4],[1420.4,640.1]],[[1419.4,425.6],[1422.1,426.9],[1420.6,429.6],[1418.1,428.1],[1419.4,425.6]],[[1415.4,584.1],[1419.1,585.1],[1419.6,588.9],[1414.9,594.6],[1408.1,598.6],[1405.1,598.6],[1402.9,595.4],[1404.4,591.1],[1407.9,587.6],[1411.1,587.4],[1415.4,584.1]],[[1366.1,451.1],[1378.6,451.9],[1403.9,465.4],[1414.4,466.1],[1417.9,469.6],[1416.9,475.6],[1415.9,478.1],[1413.4,479.9],[1407.9,478.6],[1402.9,475.4],[1392.1,479.6],[1382.4,473.4],[1379.1,473.6],[1370.6,482.1],[1366.6,488.9],[1359.1,496.9],[1356.6,513.9],[1354.4,515.9],[1350.1,516.6],[1347.6,519.1],[1343.6,528.9],[1341.9,530.6],[1338.9,530.6],[1319.9,521.1],[1316.4,517.1],[1316.4,512.9],[1322.9,499.9],[1319.9,494.4],[1319.4,480.9],[1325.9,473.9],[1331.6,472.9],[1336.6,476.1],[1344.4,488.4],[1346.1,488.9],[1352.4,482.9],[1357.1,472.9],[1360.9,473.4],[1365.4,477.1],[1367.9,476.4],[1371.1,472.9],[1366.1,471.6],[1363.4,468.9],[1360.9,459.6],[1361.9,453.9],[1366.1,451.1]],[[1405.4,388.4],[1408.1,388.4],[1410.9,391.6],[1409.6,395.9],[1406.4,397.9],[1404.1,397.6],[1401.1,394.1],[1402.4,390.1],[1405.4,388.4]],[[1382.4,443.1],[1387.4,440.6],[1391.4,443.4],[1398.1,443.4],[1400.6,445.1],[1401.6,448.6],[1398.1,451.9],[1386.9,449.6],[1382.1,445.1],[1382.4,443.1]],[[1382.1,424.1],[1388.4,425.1],[1389.9,426.9],[1389.6,428.9],[1385.6,433.1],[1382.9,438.6],[1379.6,440.1],[1375.6,439.9],[1372.4,436.9],[1372.4,433.9],[1375.4,429.1],[1382.1,424.1]],[[1380.1,486.4],[1386.4,485.1],[1388.6,487.1],[1388.6,491.1],[1384.1,495.6],[1378.6,495.9],[1376.4,493.9],[1376.4,490.9],[1380.1,486.4]],[[1358.6,622.1],[1366.1,620.6],[1368.6,623.1],[1370.1,628.4],[1368.4,630.9],[1360.1,632.9],[1358.1,629.6],[1357.1,623.9],[1358.6,622.1]],[[1344.1,551.4],[1346.1,551.6],[1348.6,554.9],[1349.1,557.1],[1347.1,559.4],[1345.1,558.4],[1343.4,555.1],[1342.9,553.1],[1344.1,551.4]],[[1342.4,473.6],[1344.9,474.9],[1343.1,477.9],[1341.1,476.9],[1342.4,473.6]],[[1327.6,602.4],[1334.1,604.4],[1339.1,602.6],[1341.1,603.1],[1342.1,605.4],[1340.6,609.9],[1335.6,613.1],[1324.4,614.6],[1322.1,608.9],[1327.6,602.4]],[[1322.4,533.6],[1324.4,533.6],[1325.6,535.6],[1322.4,536.6],[1321.4,535.4],[1322.4,533.6]],[[1305.4,524.1],[1309.4,524.1],[1312.6,527.4],[1312.4,529.1],[1308.9,532.6],[1303.6,531.9],[1301.4,529.6],[1302.9,525.9],[1305.4,524.1]],[[1265.4,581.1],[1268.6,581.1],[1271.9,582.9],[1270.4,584.9],[1267.1,585.4],[1263.9,583.1],[1265.4,581.1]],[[1250.6,659.1],[1254.9,658.4],[1257.1,660.6],[1256.4,663.6],[1253.9,663.6],[1250.6,661.1],[1250.6,659.1]],[[1242.9,642.4],[1245.6,643.4],[1244.9,646.1],[1242.1,644.6],[1242.9,642.4]],[[1229.9,531.4],[1231.9,531.1],[1233.1,532.9],[1230.9,539.6],[1232.1,545.4],[1230.1,548.1],[1224.9,549.9],[1223.6,547.9],[1226.6,542.6],[1228.1,534.4],[1229.9,531.4]],[[1195.9,612.1],[1203.6,616.4],[1203.6,618.9],[1201.9,620.6],[1199.6,620.9],[1196.4,618.9],[1194.1,614.4],[1195.9,612.1]],[[1193.4,517.1],[1201.6,514.6],[1202.1,516.1],[1198.6,521.9],[1195.9,524.6],[1192.9,524.4],[1191.4,521.1],[1193.4,517.1]],[[1189.4,603.1],[1193.6,600.4],[1194.9,603.4],[1191.4,606.4],[1189.6,605.1],[1189.4,603.1]],[[1187.6,531.4],[1189.9,532.4],[1188.4,534.6],[1186.4,533.4],[1187.6,531.4]],[[1170.6,493.4],[1172.9,493.4],[1180.9,497.4],[1188.6,505.1],[1188.4,508.1],[1185.4,509.6],[1179.1,505.4],[1172.6,507.1],[1168.1,506.6],[1166.4,503.4],[1169.1,499.6],[1169.1,494.9],[1170.6,493.4]],[[1173.1,513.1],[1178.1,513.9],[1182.1,517.9],[1182.6,520.6],[1179.9,523.6],[1172.4,524.1],[1168.1,522.6],[1165.9,520.4],[1166.4,517.1],[1173.1,513.1]],[[1155.6,582.4],[1158.1,582.4],[1163.9,586.4],[1171.1,594.4],[1174.9,596.4],[1180.9,602.4],[1180.9,604.6],[1178.4,606.1],[1171.4,605.1],[1159.1,600.6],[1152.9,587.6],[1153.4,584.1],[1155.6,582.4]],[[1163.4,543.1],[1169.6,542.9],[1175.6,546.1],[1176.1,549.6],[1172.9,554.6],[1170.4,555.9],[1167.4,554.9],[1161.4,546.9],[1161.4,544.4],[1163.4,543.1]],[[1162.6,524.4],[1165.1,524.4],[1168.6,527.1],[1169.4,532.1],[1168.4,533.6],[1164.9,533.6],[1160.4,530.1],[1160.1,526.6],[1162.6,524.4]],[[1135.9,537.6],[1138.6,537.6],[1149.1,544.1],[1149.4,547.6],[1145.9,551.6],[1142.1,552.6],[1130.9,546.9],[1130.4,544.1],[1131.9,540.9],[1135.9,537.6]],[[1136.9,573.6],[1139.1,573.6],[1142.6,577.9],[1144.9,583.6],[1143.1,586.9],[1140.1,586.6],[1134.4,580.1],[1134.4,575.9],[1136.9,573.6]],[[1132.6,589.6],[1133.6,589.4],[1134.1,590.4],[1133.1,590.9],[1132.6,589.6]],[[1121.1,571.6],[1125.9,572.4],[1128.1,574.9],[1127.9,576.6],[1125.4,578.1],[1121.1,576.6],[1119.4,574.6],[1121.1,571.6]],[[1123.1,524.1],[1124.9,525.4],[1123.9,526.6],[1122.1,525.4],[1123.1,524.1]],[[1119.6,587.4],[1122.6,588.4],[1122.6,592.9],[1117.1,598.1],[1112.4,598.6],[1111.4,597.6],[1111.9,594.9],[1119.6,587.4]],[[1112.1,526.6],[1115.1,526.9],[1122.9,532.6],[1122.9,536.6],[1119.9,541.6],[1116.9,541.6],[1113.9,539.1],[1110.9,530.6],[1112.1,526.6]],[[1107.4,546.9],[1111.4,548.9],[1110.9,551.9],[1108.6,551.9],[1106.4,549.9],[1106.1,547.9],[1107.4,546.9]],[[1100.1,472.6],[1101.6,473.4],[1102.1,475.6],[1100.4,478.9],[1098.6,478.9],[1096.1,475.9],[1100.1,472.6]],[[1098.6,539.6],[1100.1,541.1],[1097.9,542.4],[1097.4,540.6],[1098.6,539.6]],[[1089.1,516.6],[1092.1,516.9],[1094.4,519.4],[1094.4,522.6],[1092.1,524.9],[1090.4,524.6],[1087.6,520.6],[1087.4,518.4],[1089.1,516.6]],[[1087.6,473.9],[1091.1,473.9],[1092.9,475.4],[1092.1,480.4],[1093.9,485.4],[1092.6,486.6],[1089.4,484.9],[1086.4,478.1],[1085.9,475.9],[1087.6,473.9]],[[1071.4,512.1],[1073.4,512.1],[1079.9,516.4],[1082.6,520.1],[1081.9,524.4],[1076.1,527.1],[1082.9,538.6],[1082.6,541.6],[1080.4,543.1],[1078.1,542.6],[1072.1,537.1],[1058.9,533.6],[1054.9,530.1],[1055.4,528.1],[1059.9,523.9],[1067.6,522.4],[1067.4,515.9],[1071.4,512.1]],[[1026.1,558.1],[1040.1,560.4],[1043.6,563.1],[1043.6,566.1],[1040.4,568.9],[1025.6,568.9],[1022.4,565.9],[1021.9,562.4],[1022.9,560.1],[1026.1,558.1]],[[1036.1,519.1],[1039.9,517.9],[1041.4,519.9],[1039.1,522.9],[1036.1,521.1],[1036.1,519.1]],[[1034.4,535.1],[1037.9,536.9],[1037.6,538.6],[1035.4,540.1],[1032.1,538.1],[1032.4,536.4],[1034.4,535.1]],[[1030.1,455.9],[1031.6,456.1],[1030.6,458.1],[1029.6,457.4],[1030.1,455.9]],[[1027.4,523.9],[1029.9,524.4],[1029.1,527.1],[1026.9,526.1],[1027.4,523.9]],[[1024.1,464.6],[1026.6,464.6],[1028.6,466.4],[1027.6,469.6],[1024.6,469.9],[1022.6,468.1],[1022.4,466.4],[1024.1,464.6]],[[1014.1,543.1],[1018.6,543.1],[1025.9,546.4],[1027.6,549.1],[1027.1,551.9],[1024.9,553.6],[1018.4,551.9],[1011.4,558.9],[1005.1,557.6],[1003.1,553.6],[1005.6,547.4],[1014.1,543.1]],[[1019.1,534.1],[1023.4,532.4],[1024.4,534.4],[1020.4,536.9],[1019.1,534.1]],[[1021.1,472.9],[1022.6,473.1],[1021.6,475.1],[1020.6,474.4],[1021.1,472.9]],[[1016.9,455.6],[1019.4,456.9],[1019.6,461.9],[1011.9,469.6],[1009.1,469.6],[1007.1,467.1],[1008.1,458.1],[1016.9,455.6]],[[930.4,424.9],[944.9,423.1],[945.9,426.4],[936.9,432.9],[931.1,430.6],[928.4,427.6],[930.4,424.9]]]}},{"type":"Feature","properties":{"id":"LU_FOREST_HARDWOOD_0189","class":"forest_hardwood","color":"#5d7a32","area_m2":2644.0},"geometry":{"type":"Polygon","coordinates":[[[1133.9,281.4],[1131.4,283.6],[1131.1,287.1],[1138.4,292.9],[1137.9,299.1],[1151.6,312.1],[1157.9,324.1],[1162.6,324.9],[1164.9,323.9],[1165.6,322.1],[1164.1,317.4],[1160.4,312.9],[1153.4,299.1],[1144.4,291.9],[1137.9,282.6],[1133.9,281.4]]]}},{"type":"Feature","properties":{"id":"LU_FOREST_HARDWOOD_0190","class":"forest_hardwood","color":"#5d7a32","area_m2":476.0},"geometry":{"type":"Polygon","coordinates":[[[1971.6,281.1],[1969.9,282.6],[1971.6,286.9],[1977.9,291.1],[1980.1,291.4],[1981.4,284.4],[1977.1,281.6],[1971.6,281.1]]]}},{"type":"Feature","properties":{"id":"LU_FOREST_HARDWOOD_0191","class":"forest_hardwood","color":"#5d7a32","area_m2":1985.0},"geometry":{"type":"Polygon","coordinates":[[[1918.6,280.4],[1903.6,292.1],[1894.9,304.6],[1895.9,314.4],[1889.4,321.6],[1887.1,330.4],[1887.1,336.6],[1889.4,341.4],[1890.6,341.1],[1890.9,332.4],[1895.4,319.9],[1899.6,315.1],[1899.1,307.6],[1903.4,303.9],[1904.4,299.1],[1918.4,286.9],[1919.9,283.6],[1918.6,280.4]]]}},{"type":"Feature","properties":{"id":"LU_FOREST_HARDWOOD_0192","class":"forest_hardwood","color":"#5d7a32","area_m2":578.0},"geometry":{"type":"Polygon","coordinates":[[[550.6,280.1],[548.6,281.4],[548.6,283.9],[554.1,289.4],[558.4,290.9],[561.4,288.9],[561.6,285.6],[557.9,281.6],[554.6,280.1],[550.6,280.1]]]}},{"type":"Feature","properties":{"id":"LU_FOREST_HARDWOOD_0193","class":"forest_hardwood","color":"#5d7a32","area_m2":1125.0},"geometry":{"type":"Polygon","coordinates":[[[116.6,279.1],[113.4,281.9],[113.6,283.9],[115.6,285.6],[132.4,290.9],[139.4,291.9],[142.6,290.9],[142.4,288.1],[139.1,285.6],[130.4,284.1],[125.4,281.4],[116.6,279.1]]]}},{"type":"Feature","properties":{"id":"LU_FOREST_HARDWOOD_0194","class":"forest_hardwood","color":"#5d7a32","area_m2":26721.0},"geometry":{"type":"Polygon","coordinates":[[[469.1,273.6],[467.4,276.1],[472.6,282.1],[472.9,284.4],[466.6,291.1],[466.6,293.9],[472.9,301.9],[478.6,298.1],[489.1,297.6],[490.6,300.9],[488.4,304.6],[488.1,307.6],[489.9,313.4],[487.9,316.6],[484.9,318.1],[474.6,318.1],[467.9,326.6],[453.1,334.6],[449.4,338.6],[449.9,342.1],[454.6,343.4],[457.6,338.1],[461.1,337.4],[477.6,328.1],[481.4,328.1],[488.9,331.9],[490.6,334.1],[490.6,339.4],[495.6,344.1],[499.1,351.1],[503.1,355.4],[508.4,357.9],[520.1,359.4],[521.4,360.6],[524.1,370.6],[519.4,382.4],[521.6,387.9],[528.9,393.6],[527.6,402.6],[533.1,410.1],[536.1,411.6],[541.6,408.1],[546.1,406.9],[550.9,400.1],[552.6,400.4],[555.6,404.1],[555.9,409.4],[551.4,415.4],[560.9,421.4],[562.6,425.6],[559.4,428.1],[548.6,427.4],[546.9,429.4],[547.9,432.1],[554.9,437.9],[558.4,438.6],[560.9,436.9],[562.9,431.9],[566.1,428.4],[569.4,428.1],[572.1,430.1],[572.9,433.4],[566.6,440.9],[566.4,443.1],[567.9,445.1],[570.1,445.1],[576.6,439.1],[579.1,439.4],[587.4,444.1],[590.1,444.1],[591.6,442.4],[591.9,437.4],[590.9,431.4],[584.9,416.4],[586.9,407.4],[583.4,401.1],[582.4,395.6],[574.6,388.9],[569.6,389.1],[562.6,385.9],[560.9,388.4],[564.1,398.4],[562.1,400.9],[558.9,400.1],[555.4,396.9],[554.4,391.1],[552.4,389.4],[548.1,388.6],[546.4,386.6],[546.1,377.9],[548.9,372.6],[546.9,367.9],[543.4,364.4],[542.4,360.1],[540.4,358.4],[537.4,358.6],[534.1,367.1],[531.6,369.4],[529.4,369.6],[526.4,366.9],[526.4,356.4],[525.1,355.4],[521.4,355.6],[517.6,351.9],[512.9,351.6],[511.4,344.9],[506.4,338.9],[504.1,331.9],[494.1,325.6],[492.1,323.1],[492.4,321.4],[494.6,319.9],[503.4,318.9],[509.4,319.9],[513.9,318.4],[516.9,314.4],[515.6,308.1],[511.6,306.6],[502.6,297.9],[487.9,288.4],[482.9,281.6],[475.6,278.6],[472.1,274.1],[469.1,273.6]],[[577.4,399.4],[577.6,398.1],[578.1,398.9],[577.4,399.4]],[[566.4,403.1],[568.9,403.4],[572.6,407.9],[572.6,410.9],[570.6,412.6],[567.9,412.1],[564.1,408.4],[564.1,404.9],[566.4,403.1]],[[536.1,396.6],[537.6,396.4],[539.6,398.1],[540.1,401.4],[536.9,405.6],[534.6,405.9],[531.9,402.6],[536.1,396.6]]]}},{"type":"Feature","properties":{"id":"LU_FOREST_HARDWOOD_0195","class":"forest_hardwood","color":"#5d7a32","area_m2":149771.0},"geometry":{"type":"Polygon","coordinates":[[[689.4,271.6],[686.6,274.1],[685.9,278.4],[683.9,280.6],[680.9,280.6],[676.6,278.1],[670.1,288.4],[669.6,300.9],[667.1,302.9],[662.1,302.6],[658.6,306.1],[659.1,313.6],[657.1,318.1],[649.4,323.1],[643.6,321.1],[635.6,322.9],[631.9,320.1],[631.4,316.9],[633.4,311.1],[630.9,306.6],[636.4,300.6],[634.4,298.1],[625.4,299.1],[622.1,300.6],[619.1,303.9],[616.6,309.9],[611.9,314.6],[606.4,317.6],[606.6,322.6],[605.1,324.1],[603.4,323.9],[601.9,321.4],[602.9,317.6],[602.6,306.1],[597.1,305.4],[592.1,311.4],[589.9,311.4],[587.9,308.4],[588.9,300.9],[582.9,293.6],[576.1,288.9],[572.9,289.1],[568.9,294.1],[562.1,296.6],[560.1,301.1],[563.6,303.9],[570.6,301.1],[574.9,302.4],[579.6,312.9],[585.4,319.6],[589.6,319.6],[591.6,321.1],[599.1,333.4],[601.1,333.6],[604.6,331.6],[609.6,332.4],[612.9,328.9],[616.9,330.4],[620.9,335.1],[626.6,338.9],[628.6,346.1],[628.1,350.9],[638.6,348.6],[640.9,349.6],[640.6,351.4],[636.6,352.1],[633.9,357.1],[634.1,359.1],[639.4,359.1],[641.6,361.4],[641.4,363.1],[635.6,368.1],[638.1,374.6],[637.4,377.1],[634.6,379.4],[636.6,383.6],[644.6,387.1],[649.4,384.9],[651.4,381.9],[651.4,379.4],[645.4,381.9],[642.1,380.1],[644.1,376.4],[650.9,374.4],[652.9,371.4],[652.4,369.1],[646.6,363.1],[646.6,360.4],[648.6,358.1],[658.1,355.4],[661.9,352.1],[663.9,352.4],[666.1,356.4],[663.6,361.9],[661.4,363.9],[655.9,363.4],[655.1,364.6],[660.9,369.9],[667.4,370.9],[669.6,372.6],[667.1,378.6],[667.6,383.1],[665.4,383.6],[662.4,379.1],[659.9,377.9],[656.1,386.4],[656.1,389.6],[658.1,394.1],[664.1,400.4],[667.4,399.4],[668.4,394.1],[674.1,387.4],[677.6,388.4],[676.6,394.4],[684.6,391.1],[686.4,389.1],[686.6,386.9],[685.1,385.1],[674.9,379.1],[673.9,375.6],[676.1,371.9],[680.9,370.9],[683.9,372.4],[692.1,383.4],[694.4,381.9],[696.9,374.6],[692.1,372.1],[689.1,367.4],[685.6,367.1],[681.1,368.9],[678.4,359.1],[668.1,350.1],[663.6,348.1],[654.4,349.1],[649.4,345.9],[647.9,342.6],[648.9,337.9],[650.9,335.9],[656.4,333.9],[659.9,334.4],[665.4,341.1],[667.9,341.4],[671.6,339.6],[674.4,340.1],[675.9,341.6],[678.6,352.1],[681.9,356.4],[694.1,356.4],[702.1,364.4],[711.6,363.9],[717.4,366.1],[723.1,371.4],[728.9,373.4],[735.1,378.4],[737.1,378.1],[741.9,372.9],[745.4,371.9],[754.9,377.4],[763.9,379.4],[766.1,382.6],[765.4,386.1],[753.1,392.6],[750.6,395.1],[749.6,400.1],[745.6,404.4],[745.6,405.9],[750.4,413.6],[752.4,429.9],[754.4,430.6],[759.1,429.4],[763.9,431.4],[778.6,444.1],[781.6,450.1],[779.9,450.9],[777.4,449.9],[769.6,453.1],[760.1,454.6],[759.1,455.6],[759.4,463.4],[754.6,462.6],[753.4,464.6],[758.4,467.4],[759.1,474.6],[761.1,478.4],[767.9,481.4],[774.9,488.9],[780.4,489.6],[783.1,487.1],[783.1,484.4],[774.4,476.9],[771.1,466.9],[776.9,463.4],[782.1,457.4],[789.1,452.4],[792.6,452.6],[794.1,454.9],[793.6,456.9],[783.6,468.4],[787.1,475.4],[787.1,487.6],[789.1,492.1],[796.1,499.4],[803.9,503.4],[813.6,515.1],[815.1,521.4],[813.4,525.6],[818.6,529.1],[820.4,536.6],[822.9,541.1],[825.1,541.1],[832.1,534.4],[835.4,532.9],[845.6,534.9],[842.1,542.4],[842.9,546.1],[845.6,547.6],[854.4,546.9],[857.9,549.6],[857.9,554.4],[853.1,561.6],[855.1,565.4],[857.9,565.4],[859.4,563.9],[864.9,549.9],[869.1,544.9],[870.6,544.6],[873.1,547.1],[873.6,555.9],[876.1,558.4],[880.9,560.4],[887.1,568.4],[890.6,569.4],[894.9,558.4],[892.9,550.6],[893.4,547.1],[896.6,544.9],[904.4,544.9],[907.6,547.1],[908.6,550.9],[911.4,553.4],[914.1,552.9],[919.1,548.4],[923.4,548.6],[928.1,547.1],[930.6,549.1],[930.6,551.9],[927.9,554.6],[920.6,555.4],[916.6,559.1],[916.4,565.4],[919.4,568.4],[922.9,567.4],[930.1,559.4],[932.6,558.1],[936.9,559.4],[948.6,570.6],[951.4,570.6],[955.9,568.4],[962.9,555.6],[962.6,546.6],[961.4,544.6],[962.4,539.1],[945.9,521.6],[939.9,516.6],[931.1,513.6],[927.1,510.1],[921.6,508.6],[918.4,505.4],[911.1,512.6],[912.9,519.1],[910.1,522.4],[906.9,522.1],[903.4,518.1],[903.1,513.6],[906.4,509.1],[903.9,503.6],[902.6,491.4],[898.4,490.1],[897.4,487.4],[901.1,485.1],[904.4,488.9],[906.4,487.9],[913.4,473.1],[914.9,462.4],[909.4,451.1],[902.4,442.1],[899.1,439.1],[894.1,437.6],[885.1,429.1],[878.1,426.1],[874.9,421.1],[874.1,416.9],[871.9,414.6],[868.1,413.6],[862.9,406.6],[857.1,403.6],[846.6,392.9],[843.4,391.1],[837.6,390.9],[834.4,387.9],[829.4,380.1],[828.9,370.4],[826.9,365.9],[819.4,359.9],[817.4,352.9],[813.9,348.6],[807.6,347.9],[805.4,345.9],[804.6,341.6],[801.9,338.6],[798.6,338.1],[795.6,340.1],[795.4,345.6],[799.6,356.9],[804.1,361.4],[808.9,364.4],[816.4,365.1],[818.6,367.1],[818.9,372.6],[817.6,375.9],[814.4,378.9],[811.4,378.9],[798.1,373.6],[784.4,359.9],[776.4,343.1],[765.1,338.6],[761.4,332.1],[753.4,325.9],[747.4,312.1],[736.1,304.6],[733.6,304.6],[732.9,306.6],[743.6,318.1],[746.6,323.4],[746.1,325.4],[744.6,325.1],[736.9,316.6],[731.6,313.9],[720.1,319.6],[714.1,326.1],[705.1,328.1],[703.4,330.6],[702.6,337.1],[700.6,339.4],[696.4,341.1],[691.4,339.4],[689.4,337.1],[689.1,333.6],[695.4,324.1],[702.4,318.1],[713.9,317.4],[723.9,303.1],[725.6,297.6],[721.9,292.6],[716.1,289.6],[701.6,284.1],[694.1,282.6],[692.1,280.1],[692.6,273.1],[689.4,271.6]],[[946.1,528.6],[948.1,528.4],[950.4,530.4],[952.1,538.9],[956.1,546.4],[955.9,552.4],[953.1,554.9],[948.4,552.9],[942.9,540.6],[943.1,531.6],[946.1,528.6]],[[927.6,529.1],[927.9,527.9],[928.4,528.6],[927.6,529.1]],[[916.6,539.4],[918.9,540.4],[917.4,542.6],[915.4,541.4],[916.6,539.4]],[[899.1,532.4],[904.9,531.4],[906.9,533.6],[906.9,537.4],[904.6,539.4],[899.9,538.1],[897.6,535.4],[899.1,532.4]],[[901.4,465.6],[903.6,466.6],[902.1,468.9],[900.1,467.6],[901.4,465.6]],[[893.1,444.9],[896.9,445.4],[899.1,448.9],[893.9,453.4],[891.9,452.4],[890.9,449.6],[891.1,446.6],[893.1,444.9]],[[880.6,463.4],[883.9,464.6],[885.1,469.6],[883.1,475.4],[883.6,479.9],[893.1,487.4],[897.1,492.4],[896.1,495.4],[891.1,497.6],[887.9,500.9],[888.1,505.1],[886.6,506.6],[884.1,506.1],[878.1,500.6],[870.1,498.6],[868.4,496.1],[867.9,490.6],[865.9,486.1],[867.1,484.1],[870.9,484.4],[871.1,477.6],[877.4,470.9],[880.6,463.4]],[[892.6,460.1],[893.6,459.9],[896.9,463.9],[895.4,466.4],[892.1,464.1],[892.6,460.1]],[[889.9,472.1],[892.6,473.4],[891.9,475.4],[889.4,474.6],[889.9,472.1]],[[842.1,399.9],[845.9,400.4],[849.1,404.4],[857.6,409.1],[857.1,423.6],[858.6,428.9],[864.9,425.4],[868.4,424.9],[876.6,433.1],[877.4,439.1],[881.9,449.9],[880.6,452.6],[878.1,452.6],[874.4,448.9],[871.4,440.6],[864.6,439.1],[859.9,439.6],[852.4,444.9],[844.6,443.4],[838.4,447.1],[828.9,441.6],[818.4,445.9],[815.6,444.9],[815.4,443.4],[817.1,441.4],[823.4,438.9],[825.4,430.4],[831.4,426.6],[830.4,423.6],[823.4,423.4],[820.4,420.1],[832.9,417.4],[836.4,413.6],[835.1,410.1],[835.9,407.9],[840.6,410.6],[842.9,410.6],[843.9,408.6],[840.9,402.6],[842.1,399.9]],[[876.4,545.6],[877.9,545.6],[879.6,547.9],[880.6,552.6],[879.4,553.9],[877.4,552.6],[875.4,548.1],[876.4,545.6]],[[866.4,515.4],[870.9,516.4],[875.1,523.4],[874.6,528.9],[870.4,531.9],[865.1,530.6],[861.9,526.4],[862.4,518.9],[866.4,515.4]],[[847.6,452.1],[859.1,451.4],[867.1,455.4],[869.6,457.9],[869.9,460.1],[867.6,462.6],[861.9,462.9],[858.1,468.1],[852.9,468.6],[851.9,473.4],[848.9,476.6],[844.9,476.6],[842.1,473.4],[842.4,471.1],[846.6,466.1],[843.9,461.4],[835.6,463.1],[838.1,467.6],[836.1,470.6],[830.9,471.9],[827.6,469.1],[828.4,463.1],[827.4,459.9],[829.9,459.1],[834.9,462.4],[834.6,454.4],[837.1,451.4],[840.6,452.4],[840.1,455.9],[842.1,456.6],[847.6,452.1]],[[813.9,494.4],[815.6,494.4],[820.1,500.4],[823.4,501.9],[826.4,501.6],[832.4,497.9],[838.1,498.9],[840.6,501.9],[841.6,508.9],[845.6,511.9],[849.1,511.1],[853.9,504.9],[857.9,504.4],[859.6,507.9],[852.6,515.1],[853.6,520.1],[852.6,523.9],[848.6,526.1],[842.6,525.4],[836.4,528.1],[832.1,526.6],[828.4,522.1],[825.4,512.1],[823.4,510.4],[817.9,509.1],[815.9,507.1],[812.4,498.1],[813.9,494.4]],[[845.1,490.4],[846.6,491.1],[845.4,492.9],[843.9,491.6],[845.1,490.4]],[[820.4,389.6],[825.9,388.4],[828.6,392.9],[838.1,400.6],[837.6,403.9],[835.6,405.9],[830.1,407.6],[825.4,412.9],[816.6,415.1],[806.9,412.9],[805.1,415.6],[804.6,422.9],[799.1,426.1],[797.4,430.1],[804.6,438.1],[807.6,443.9],[815.6,451.1],[824.1,463.9],[824.6,466.6],[818.1,472.9],[814.6,481.9],[805.9,490.6],[798.6,491.1],[795.1,488.4],[794.9,481.4],[792.4,474.1],[794.4,471.4],[795.6,471.4],[801.1,477.4],[804.6,477.4],[805.9,475.4],[805.9,468.4],[808.6,462.4],[807.9,458.9],[805.1,456.6],[799.9,455.6],[796.9,453.6],[786.4,443.9],[780.9,436.6],[761.1,426.6],[758.4,423.9],[757.4,418.9],[753.1,413.6],[751.9,408.6],[754.6,405.9],[760.4,407.1],[767.9,414.6],[774.6,412.1],[775.9,413.1],[777.6,420.9],[779.6,422.6],[782.4,422.6],[787.4,418.9],[787.6,416.9],[780.6,410.1],[779.9,408.1],[781.1,405.9],[786.1,405.4],[793.9,411.9],[799.4,412.6],[802.4,409.9],[803.1,404.6],[806.1,401.4],[815.6,400.9],[820.6,398.1],[819.9,394.1],[816.9,392.9],[814.1,393.9],[812.9,397.4],[810.9,397.4],[807.9,393.1],[808.1,389.9],[809.9,388.9],[820.4,389.6]],[[828.4,478.4],[834.1,479.9],[837.9,484.6],[837.6,486.9],[831.6,491.1],[827.1,490.6],[823.1,486.4],[823.9,481.9],[828.4,478.4]],[[812.9,421.6],[816.9,422.4],[820.1,427.4],[819.6,430.9],[814.4,435.1],[809.1,434.1],[805.9,428.4],[806.4,426.1],[809.1,423.4],[812.9,421.6]],[[798.1,388.6],[799.9,388.4],[802.6,390.9],[802.6,395.9],[799.4,398.9],[791.9,399.4],[790.4,397.6],[790.6,395.9],[798.1,388.6]],[[779.6,373.4],[781.9,373.4],[783.6,375.1],[786.9,384.6],[786.6,387.6],[784.4,389.1],[778.1,387.6],[774.1,383.4],[774.9,377.9],[779.6,373.4]],[[766.6,396.1],[768.9,396.9],[769.4,402.4],[774.6,403.9],[773.9,405.9],[768.6,406.1],[764.4,403.6],[764.1,400.6],[766.6,396.1]],[[759.1,344.4],[764.6,342.9],[768.6,345.1],[773.6,355.9],[773.1,358.6],[768.4,357.6],[762.6,361.1],[749.9,357.6],[747.4,355.6],[747.1,353.9],[748.6,352.1],[754.1,349.9],[759.1,344.4]],[[751.4,368.4],[755.9,367.4],[757.6,369.4],[755.4,372.9],[752.6,372.9],[751.1,371.4],[751.4,368.4]],[[740.4,330.1],[745.6,329.9],[748.9,331.4],[751.1,335.4],[750.6,339.1],[748.9,341.6],[743.1,345.1],[739.9,351.6],[734.6,353.1],[729.9,352.6],[726.9,350.1],[725.6,344.4],[727.9,341.9],[735.9,338.4],[738.6,334.4],[738.6,331.4],[740.4,330.1]],[[741.6,366.4],[743.6,366.1],[744.1,368.4],[741.9,369.1],[740.9,368.1],[741.6,366.4]],[[719.6,328.4],[721.9,328.4],[728.4,332.9],[729.4,334.9],[725.1,337.6],[721.9,337.6],[719.6,335.6],[717.9,331.4],[719.6,328.4]],[[719.4,360.6],[721.6,361.6],[720.4,363.6],[718.4,362.4],[719.4,360.6]],[[709.9,339.4],[715.9,337.4],[717.6,339.1],[717.9,344.4],[713.4,348.9],[708.6,348.9],[706.4,346.9],[706.4,343.9],[709.9,339.4]],[[713.1,292.6],[714.6,292.4],[716.1,293.9],[714.6,296.6],[711.9,295.1],[713.1,292.6]],[[701.4,299.1],[712.9,302.4],[714.9,304.6],[714.4,308.1],[708.1,313.1],[699.6,315.9],[690.6,312.9],[687.4,309.9],[687.1,306.6],[689.1,304.4],[694.4,303.6],[701.4,299.1]],[[706.1,331.6],[709.4,330.1],[711.6,332.4],[711.4,334.1],[708.6,336.6],[705.9,334.6],[706.1,331.6]],[[690.4,291.4],[694.9,290.4],[696.9,292.9],[696.6,294.9],[694.1,296.9],[692.1,296.6],[690.1,294.4],[690.4,291.4]],[[681.9,327.9],[687.9,323.9],[688.1,325.1],[683.6,329.6],[682.1,329.6],[681.9,327.9]],[[666.6,313.1],[677.1,314.4],[681.1,317.1],[681.6,319.6],[678.6,320.9],[671.4,319.1],[665.4,322.9],[660.4,322.9],[659.6,321.1],[666.6,313.1]],[[675.9,291.1],[678.1,291.9],[676.9,293.9],[675.4,293.1],[675.9,291.1]],[[628.4,326.1],[633.9,327.4],[635.6,329.9],[635.6,332.6],[633.4,333.6],[626.9,330.4],[625.9,327.9],[628.4,326.1]],[[611.6,320.4],[614.6,321.4],[612.9,324.9],[610.1,323.9],[611.6,320.4]]]}},{"type":"Feature","properties":{"id":"LU_FOREST_HARDWOOD_0196","class":"forest_hardwood","color":"#5d7a32","area_m2":237.0},"geometry":{"type":"Polygon","coordinates":[[[566.9,269.4],[564.6,271.1],[564.1,273.4],[566.9,277.1],[568.6,277.4],[570.6,275.4],[570.9,272.6],[568.9,269.6],[566.9,269.4]]]}},{"type":"Feature","properties":{"id":"LU_FOREST_HARDWOOD_0197","class":"forest_hardwood","color":"#5d7a32","area_m2":1583.0},"geometry":{"type":"Polygon","coordinates":[[[1840.4,269.1],[1835.6,270.4],[1833.9,272.4],[1834.9,294.1],[1836.4,293.9],[1850.4,278.6],[1844.4,269.6],[1840.4,269.1]]]}},{"type":"Feature","properties":{"id":"LU_FOREST_HARDWOOD_0198","class":"forest_hardwood","color":"#5d7a32","area_m2":727.0},"geometry":{"type":"Polygon","coordinates":[[[1935.6,265.6],[1934.6,267.4],[1937.4,270.4],[1940.4,277.4],[1945.6,277.9],[1951.6,275.6],[1952.1,273.6],[1949.4,268.6],[1941.6,269.1],[1935.6,265.6]]]}},{"type":"Feature","properties":{"id":"LU_FOREST_HARDWOOD_0199","class":"forest_hardwood","color":"#5d7a32","area_m2":1575.0},"geometry":{"type":"Polygon","coordinates":[[[1179.6,264.4],[1170.6,270.1],[1162.4,268.1],[1159.6,269.4],[1164.4,282.6],[1173.6,283.9],[1176.4,282.4],[1176.4,276.9],[1182.9,267.1],[1182.1,264.9],[1179.6,264.4]]]}},{"type":"Feature","properties":{"id":"LU_FOREST_HARDWOOD_0200","class":"forest_hardwood","color":"#5d7a32","area_m2":365.0},"geometry":{"type":"Polygon","coordinates":[[[1397.1,263.1],[1394.1,264.6],[1391.9,267.6],[1392.1,269.9],[1395.6,271.9],[1402.6,268.6],[1400.9,265.4],[1397.1,263.1]]]}},{"type":"Feature","properties":{"id":"LU_FOREST_HARDWOOD_0201","class":"forest_hardwood","color":"#5d7a32","area_m2":470.0},"geometry":{"type":"Polygon","coordinates":[[[1999.9,261.1],[1986.9,266.1],[1985.4,267.9],[1985.9,270.1],[1988.4,271.1],[1994.4,268.1],[1999.9,267.9],[1999.9,261.1]]]}},{"type":"Feature","properties":{"id":"LU_FOREST_HARDWOOD_0202","class":"forest_hardwood","color":"#5d7a32","area_m2":241.0},"geometry":{"type":"Polygon","coordinates":[[[1056.9,260.1],[1055.4,261.6],[1055.6,265.1],[1058.1,268.4],[1060.9,268.6],[1061.9,267.1],[1061.4,263.9],[1058.6,260.4],[1056.9,260.1]]]}},{"type":"Feature","properties":{"id":"LU_FOREST_HARDWOOD_0203","class":"forest_hardwood","color":"#5d7a32","area_m2":283.0},"geometry":{"type":"Polygon","coordinates":[[[1371.6,259.1],[1369.4,260.9],[1369.6,263.9],[1372.9,266.4],[1375.9,266.4],[1377.4,264.9],[1377.4,261.9],[1375.1,259.6],[1371.6,259.1]]]}},{"type":"Feature","properties":{"id":"LU_FOREST_HARDWOOD_0204","class":"forest_hardwood","color":"#5d7a32","area_m2":3014.0},"geometry":{"type":"Polygon","coordinates":[[[164.1,258.6],[154.6,262.4],[147.1,260.6],[140.6,267.4],[143.4,276.4],[144.9,277.6],[146.9,277.4],[156.6,270.1],[160.6,271.4],[161.1,275.6],[158.9,286.1],[160.1,289.9],[162.4,288.1],[165.4,276.1],[180.6,264.1],[179.1,262.1],[170.9,262.9],[166.6,259.1],[164.1,258.6]]]}},{"type":"Feature","properties":{"id":"LU_FOREST_HARDWOOD_0205","class":"forest_hardwood","color":"#5d7a32","area_m2":1419.0},"geometry":{"type":"Polygon","coordinates":[[[1976.4,253.6],[1968.6,261.1],[1967.9,264.4],[1962.9,268.4],[1963.9,271.1],[1967.6,273.6],[1975.4,273.6],[1979.4,269.1],[1981.6,258.6],[1978.6,254.1],[1976.4,253.6]]]}},{"type":"Feature","properties":{"id":"LU_FOREST_HARDWOOD_0206","class":"forest_hardwood","color":"#5d7a32","area_m2":2759.0},"geometry":{"type":"Polygon","coordinates":[[[527.1,250.1],[520.9,251.6],[517.6,254.1],[514.1,264.1],[509.6,268.1],[508.9,271.4],[516.1,278.4],[522.6,275.6],[517.6,268.6],[517.9,262.4],[521.9,255.4],[524.4,253.1],[527.4,252.6],[529.6,256.6],[526.6,261.6],[527.4,262.6],[531.1,262.6],[533.1,264.9],[532.6,268.9],[526.1,276.6],[526.6,278.9],[530.6,281.4],[539.4,272.1],[538.9,259.4],[540.6,253.9],[535.6,250.1],[527.1,250.1]]]}},{"type":"Feature","properties":{"id":"LU_FOREST_HARDWOOD_0207","class":"forest_hardwood","color":"#5d7a32","area_m2":414.0},"geometry":{"type":"Polygon","coordinates":[[[1356.1,245.9],[1355.4,247.4],[1357.4,252.4],[1360.1,255.4],[1363.4,255.9],[1366.1,254.1],[1366.1,251.4],[1363.9,248.6],[1356.1,245.9]]]}},{"type":"Feature","properties":{"id":"LU_FOREST_HARDWOOD_0208","class":"forest_hardwood","color":"#5d7a32","area_m2":394.0},"geometry":{"type":"Polygon","coordinates":[[[503.4,243.6],[501.6,245.4],[502.6,248.9],[507.1,253.4],[510.9,253.4],[512.4,251.6],[512.1,249.9],[506.9,244.6],[503.4,243.6]]]}},{"type":"Feature","properties":{"id":"LU_FOREST_HARDWOOD_0209","class":"forest_hardwood","color":"#5d7a32","area_m2":680.0},"geometry":{"type":"Polygon","coordinates":[[[489.6,243.1],[484.1,245.6],[482.1,249.4],[483.4,256.4],[485.6,257.9],[489.4,255.9],[493.4,246.9],[493.1,244.9],[489.6,243.1]]]}},{"type":"Feature","properties":{"id":"LU_FOREST_HARDWOOD_0210","class":"forest_hardwood","color":"#5d7a32","area_m2":329.0},"geometry":{"type":"Polygon","coordinates":[[[131.9,243.1],[130.4,244.6],[129.9,249.6],[136.4,258.4],[137.9,258.9],[139.4,255.4],[133.4,250.9],[133.9,244.6],[131.9,243.1]]]}},{"type":"Feature","properties":{"id":"LU_FOREST_HARDWOOD_0211","class":"forest_hardwood","color":"#5d7a32","area_m2":7566.0},"geometry":{"type":"Polygon","coordinates":[[[1470.6,239.1],[1461.1,241.6],[1456.6,249.6],[1470.4,258.4],[1474.4,257.4],[1475.9,258.9],[1472.4,265.6],[1478.6,270.1],[1479.1,274.6],[1477.6,277.9],[1470.1,284.6],[1470.6,288.1],[1473.9,294.1],[1476.4,294.9],[1477.4,293.9],[1478.1,286.6],[1480.4,284.4],[1483.9,285.4],[1489.6,290.9],[1491.9,290.4],[1492.6,286.6],[1490.9,277.4],[1492.4,274.1],[1494.9,272.4],[1500.4,272.1],[1503.9,277.6],[1516.6,273.6],[1516.6,271.6],[1511.9,268.1],[1511.4,265.1],[1514.1,261.4],[1519.6,259.4],[1520.6,257.4],[1515.4,256.4],[1510.1,252.1],[1505.4,250.1],[1500.1,251.6],[1497.6,254.1],[1497.1,262.6],[1492.9,268.6],[1489.6,270.1],[1483.9,269.9],[1481.4,263.4],[1487.4,257.9],[1488.4,253.1],[1485.4,250.4],[1479.1,249.1],[1474.9,241.1],[1470.6,239.1]],[[1504.4,259.1],[1508.1,259.6],[1509.1,260.9],[1506.4,262.9],[1503.9,262.9],[1502.4,260.6],[1504.4,259.1]],[[1504.1,269.4],[1506.6,270.6],[1505.4,272.6],[1503.1,271.1],[1504.1,269.4]]]}},{"type":"Feature","properties":{"id":"LU_FOREST_HARDWOOD_0212","class":"forest_hardwood","color":"#5d7a32","area_m2":448.0},"geometry":{"type":"Polygon","coordinates":[[[1889.1,237.4],[1887.1,242.4],[1887.6,246.9],[1890.6,248.9],[1895.4,247.6],[1896.4,244.1],[1890.9,237.4],[1889.1,237.4]]]}},{"type":"Feature","properties":{"id":"LU_FOREST_HARDWOOD_0213","class":"forest_hardwood","color":"#5d7a32","area_m2":2919.0},"geometry":{"type":"Polygon","coordinates":[[[49.6,237.1],[46.6,239.4],[48.4,247.4],[51.1,250.4],[55.4,251.1],[58.6,254.1],[60.4,264.4],[62.1,266.4],[64.9,266.4],[69.1,261.1],[76.6,262.4],[78.4,260.9],[80.4,257.6],[80.1,255.9],[77.4,253.4],[72.1,252.6],[68.4,246.1],[59.9,238.6],[49.6,237.1]]]}},{"type":"Feature","properties":{"id":"LU_FOREST_HARDWOOD_0214","class":"forest_hardwood","color":"#5d7a32","area_m2":288.0},"geometry":{"type":"Polygon","coordinates":[[[460.9,235.9],[458.6,237.9],[458.1,241.6],[460.1,244.9],[462.1,245.1],[464.4,243.1],[464.9,239.4],[462.9,236.1],[460.9,235.9]]]}},{"type":"Feature","properties":{"id":"LU_FOREST_HARDWOOD_0215","class":"forest_hardwood","color":"#5d7a32","area_m2":266.0},"geometry":{"type":"Polygon","coordinates":[[[1071.6,235.4],[1071.1,236.4],[1072.6,237.6],[1083.6,241.6],[1085.6,240.6],[1082.1,236.6],[1071.6,235.4]]]}},{"type":"Feature","properties":{"id":"LU_FOREST_HARDWOOD_0216","class":"forest_hardwood","color":"#5d7a32","area_m2":1446.0},"geometry":{"type":"Polygon","coordinates":[[[1402.9,232.1],[1401.1,233.1],[1400.6,235.6],[1402.6,236.9],[1407.9,237.1],[1409.1,238.9],[1409.1,250.1],[1403.1,257.1],[1406.6,258.4],[1410.1,251.1],[1416.1,245.4],[1423.9,241.9],[1424.6,239.6],[1422.1,236.6],[1413.1,232.6],[1402.9,232.1]]]}},{"type":"Feature","properties":{"id":"LU_FOREST_HARDWOOD_0217","class":"forest_hardwood","color":"#5d7a32","area_m2":1881.0},"geometry":{"type":"Polygon","coordinates":[[[1517.1,227.4],[1511.9,234.6],[1505.9,237.9],[1505.9,240.1],[1509.1,243.4],[1517.4,243.1],[1520.4,248.6],[1521.9,249.1],[1526.1,244.4],[1529.9,242.4],[1536.9,242.6],[1534.9,239.6],[1526.1,234.6],[1519.1,227.9],[1517.1,227.4]]]}},{"type":"Feature","properties":{"id":"LU_FOREST_HARDWOOD_0218","class":"forest_hardwood","color":"#5d7a32","area_m2":318.0},"geometry":{"type":"Polygon","coordinates":[[[1999.6,224.1],[1996.1,225.6],[1994.4,228.6],[1996.1,235.4],[1997.9,236.9],[1999.9,236.9],[1999.6,224.1]]]}},{"type":"Feature","properties":{"id":"LU_FOREST_HARDWOOD_0219","class":"forest_hardwood","color":"#5d7a32","area_m2":421.0},"geometry":{"type":"Polygon","coordinates":[[[1013.9,222.1],[1012.1,223.9],[1012.1,229.6],[1013.6,232.9],[1016.1,233.9],[1019.9,229.6],[1020.4,227.4],[1016.4,222.6],[1013.9,222.1]]]}},{"type":"Feature","properties":{"id":"LU_FOREST_HARDWOOD_0220","class":"forest_hardwood","color":"#5d7a32","area_m2":386.0},"geometry":{"type":"Polygon","coordinates":[[[503.9,221.1],[501.1,223.9],[499.1,228.6],[500.1,232.1],[502.6,234.1],[505.4,232.6],[504.9,228.6],[506.6,224.4],[506.1,221.9],[503.9,221.1]]]}},{"type":"Feature","properties":{"id":"LU_FOREST_HARDWOOD_0221","class":"forest_hardwood","color":"#5d7a32","area_m2":329.0},"geometry":{"type":"Polygon","coordinates":[[[1402.6,218.4],[1400.4,221.6],[1401.9,226.1],[1409.6,227.4],[1410.6,223.1],[1406.1,221.6],[1402.6,218.4]]]}},{"type":"Feature","properties":{"id":"LU_FOREST_HARDWOOD_0222","class":"forest_hardwood","color":"#5d7a32","area_m2":457.0},"geometry":{"type":"Polygon","coordinates":[[[479.9,218.1],[478.6,219.4],[478.1,227.4],[479.1,229.9],[481.6,231.1],[484.4,228.9],[485.9,222.6],[483.9,219.6],[479.9,218.1]]]}},{"type":"Feature","properties":{"id":"LU_FOREST_HARDWOOD_0223","class":"forest_hardwood","color":"#5d7a32","area_m2":375.0},"geometry":{"type":"Polygon","coordinates":[[[80.6,217.1],[77.9,218.9],[77.6,220.6],[82.6,226.1],[85.1,231.4],[85.9,220.4],[84.4,217.6],[80.6,217.1]]]}},{"type":"Feature","properties":{"id":"LU_FOREST_HARDWOOD_0224","class":"forest_hardwood","color":"#5d7a32","area_m2":1041.0},"geometry":{"type":"Polygon","coordinates":[[[1979.6,216.1],[1978.1,218.4],[1977.6,224.9],[1967.9,231.9],[1962.1,233.6],[1961.1,234.9],[1961.9,237.1],[1964.9,237.4],[1969.1,232.6],[1982.1,228.4],[1987.4,224.9],[1988.9,221.4],[1987.9,218.1],[1984.6,216.1],[1979.6,216.1]]]}},{"type":"Feature","properties":{"id":"LU_FOREST_HARDWOOD_0225","class":"forest_hardwood","color":"#5d7a32","area_m2":2775.0},"geometry":{"type":"Polygon","coordinates":[[[1449.1,215.9],[1443.6,221.1],[1440.1,229.1],[1437.6,231.4],[1435.4,230.4],[1434.1,225.6],[1429.6,226.1],[1427.4,224.6],[1427.6,220.6],[1426.6,219.6],[1417.4,226.9],[1416.6,229.1],[1430.1,233.9],[1434.6,238.6],[1445.9,241.6],[1449.6,237.4],[1450.9,227.9],[1458.6,221.4],[1453.9,219.6],[1449.1,215.9]]]}},{"type":"Feature","properties":{"id":"LU_FOREST_HARDWOOD_0226","class":"forest_hardwood","color":"#5d7a32","area_m2":3083.0},"geometry":{"type":"Polygon","coordinates":[[[1871.6,215.4],[1868.6,217.1],[1860.6,218.4],[1855.9,223.1],[1850.4,223.1],[1844.4,226.9],[1837.6,226.9],[1834.6,228.6],[1834.1,240.1],[1837.9,242.4],[1840.1,245.6],[1839.6,251.9],[1834.1,256.6],[1835.4,261.4],[1843.1,262.4],[1844.6,260.4],[1848.1,248.6],[1846.9,239.4],[1851.4,229.1],[1857.1,224.6],[1872.9,218.4],[1874.1,215.9],[1871.6,215.4]]]}},{"type":"Feature","properties":{"id":"LU_FOREST_HARDWOOD_0227","class":"forest_hardwood","color":"#5d7a32","area_m2":10770.0},"geometry":{"type":"Polygon","coordinates":[[[15.6,213.6],[15.6,216.9],[22.6,223.1],[24.6,226.9],[25.1,238.1],[24.1,239.6],[22.1,239.6],[14.4,230.4],[10.6,233.1],[9.6,236.6],[21.9,242.4],[23.4,244.6],[21.9,248.1],[19.6,248.4],[13.4,245.1],[8.1,245.6],[5.9,242.6],[4.4,231.9],[2.4,228.1],[0.1,227.1],[0.1,271.9],[4.1,270.9],[8.9,267.4],[16.1,266.4],[21.1,263.4],[23.1,263.6],[24.9,265.9],[22.9,269.6],[15.6,274.1],[11.1,281.9],[10.6,284.9],[12.9,287.6],[15.6,286.4],[17.9,279.9],[20.9,277.4],[27.6,276.9],[36.6,273.9],[45.4,277.6],[49.9,276.4],[52.9,272.4],[50.4,268.4],[46.4,268.1],[40.6,269.9],[37.4,267.1],[37.4,263.1],[41.1,259.4],[45.4,258.6],[47.4,256.6],[45.6,250.4],[41.6,244.4],[42.4,239.4],[33.4,231.9],[23.1,216.4],[15.6,213.6]]]}},{"type":"Feature","properties":{"id":"LU_FOREST_HARDWOOD_0228","class":"forest_hardwood","color":"#5d7a32","area_m2":265.0},"geometry":{"type":"Polygon","coordinates":[[[62.6,212.4],[53.9,213.6],[52.4,215.1],[52.6,216.6],[55.6,218.6],[59.1,217.9],[63.1,213.9],[62.6,212.4]]]}},{"type":"Feature","properties":{"id":"LU_FOREST_HARDWOOD_0229","class":"forest_hardwood","color":"#5d7a32","area_m2":639.0},"geometry":{"type":"Polygon","coordinates":[[[0.1,211.1],[0.1,225.1],[7.4,224.1],[8.4,223.1],[8.4,214.1],[6.4,212.4],[0.1,211.1]]]}},{"type":"Feature","properties":{"id":"LU_FOREST_HARDWOOD_0230","class":"forest_hardwood","color":"#5d7a32","area_m2":611.0},"geometry":{"type":"Polygon","coordinates":[[[1171.4,207.9],[1167.1,214.4],[1162.4,216.1],[1161.1,227.4],[1162.9,230.4],[1164.6,229.9],[1164.9,223.4],[1166.9,218.9],[1174.4,212.9],[1174.4,209.9],[1171.4,207.9]]]}},{"type":"Feature","properties":{"id":"LU_FOREST_HARDWOOD_0231","class":"forest_hardwood","color":"#5d7a32","area_m2":241.0},"geometry":{"type":"Polygon","coordinates":[[[1374.1,202.4],[1372.9,204.1],[1376.9,204.9],[1378.1,210.6],[1382.6,209.9],[1382.9,206.6],[1381.6,204.6],[1374.1,202.4]]]}},{"type":"Feature","properties":{"id":"LU_FOREST_HARDWOOD_0232","class":"forest_hardwood","color":"#5d7a32","area_m2":655.0},"geometry":{"type":"Polygon","coordinates":[[[625.4,202.1],[621.1,204.9],[620.6,210.1],[622.6,211.9],[631.9,212.4],[633.9,209.4],[632.9,205.9],[630.1,203.1],[625.4,202.1]]]}},{"type":"Feature","properties":{"id":"LU_FOREST_HARDWOOD_0233","class":"forest_hardwood","color":"#5d7a32","area_m2":7330.0},"geometry":{"type":"Polygon","coordinates":[[[398.6,202.1],[395.6,204.1],[395.4,206.4],[400.1,215.4],[399.4,226.6],[405.1,237.9],[410.4,242.9],[409.1,245.4],[405.6,246.6],[405.9,248.1],[418.9,256.4],[423.6,261.1],[426.1,267.1],[429.9,270.9],[434.4,272.9],[442.6,274.1],[451.4,280.4],[462.1,276.9],[463.6,273.6],[461.9,271.1],[456.4,271.6],[451.1,266.6],[446.6,266.4],[440.1,270.9],[435.4,267.9],[434.6,264.9],[436.1,262.9],[442.6,260.9],[440.9,252.9],[438.6,250.9],[433.6,250.9],[427.6,248.9],[425.4,246.9],[414.1,230.4],[413.9,222.4],[411.9,216.9],[404.4,209.9],[403.4,204.1],[401.4,202.4],[398.6,202.1]]]}},{"type":"Feature","properties":{"id":"LU_FOREST_HARDWOOD_0234","class":"forest_hardwood","color":"#5d7a32","area_m2":3816.0},"geometry":{"type":"Polygon","coordinates":[[[1521.4,196.9],[1519.4,198.6],[1518.1,207.4],[1520.1,220.1],[1528.1,229.4],[1542.9,238.9],[1547.4,240.9],[1549.9,240.6],[1552.9,233.6],[1550.6,221.9],[1548.4,221.4],[1543.9,226.6],[1538.6,230.4],[1535.9,230.6],[1532.6,228.4],[1529.6,223.6],[1534.9,212.9],[1539.4,207.4],[1536.9,204.6],[1521.4,196.9]]]}},{"type":"Feature","properties":{"id":"LU_FOREST_HARDWOOD_0235","class":"forest_hardwood","color":"#5d7a32","area_m2":16057.0},"geometry":{"type":"Polygon","coordinates":[[[1232.4,191.6],[1223.1,198.6],[1212.9,199.6],[1204.1,205.6],[1187.6,222.1],[1183.6,229.9],[1179.1,232.6],[1168.4,243.1],[1169.1,245.9],[1174.9,247.9],[1179.9,253.6],[1181.9,253.4],[1187.1,248.4],[1192.9,245.4],[1197.9,245.4],[1200.6,248.1],[1202.1,252.4],[1201.1,264.6],[1202.9,270.9],[1205.9,275.1],[1214.6,278.9],[1216.9,278.4],[1222.6,271.4],[1221.9,262.9],[1220.1,261.1],[1213.9,260.6],[1210.4,257.9],[1208.9,254.6],[1208.4,247.9],[1202.4,241.9],[1201.9,236.4],[1205.4,230.1],[1209.9,224.6],[1211.9,223.9],[1214.1,225.1],[1215.1,227.6],[1213.4,234.6],[1214.1,237.9],[1215.9,239.4],[1220.6,239.9],[1225.6,242.1],[1227.6,241.6],[1228.4,239.4],[1222.9,235.9],[1223.9,234.1],[1231.4,231.9],[1238.1,232.6],[1240.4,230.9],[1240.1,218.6],[1244.9,213.9],[1248.9,205.9],[1242.1,201.6],[1234.9,192.9],[1232.4,191.6]],[[1218.4,223.6],[1222.9,222.4],[1224.9,224.6],[1224.9,227.1],[1223.1,228.9],[1220.6,228.9],[1218.1,226.4],[1218.4,223.6]]]}},{"type":"Feature","properties":{"id":"LU_FOREST_HARDWOOD_0236","class":"forest_hardwood","color":"#5d7a32","area_m2":401.0},"geometry":{"type":"Polygon","coordinates":[[[1395.1,191.1],[1393.6,191.6],[1394.6,193.6],[1407.4,201.4],[1413.4,199.1],[1395.1,191.1]]]}},{"type":"Feature","properties":{"id":"LU_FOREST_HARDWOOD_0237","class":"forest_hardwood","color":"#5d7a32","area_m2":2400.0},"geometry":{"type":"Polygon","coordinates":[[[953.6,190.9],[937.4,199.1],[937.4,201.6],[941.1,209.4],[934.6,216.1],[934.9,219.6],[937.4,220.1],[943.9,215.9],[945.4,212.1],[948.9,208.9],[953.4,206.9],[959.4,206.9],[961.6,205.6],[959.4,193.6],[953.6,190.9]]]}},{"type":"Feature","properties":{"id":"LU_FOREST_HARDWOOD_0238","class":"forest_hardwood","color":"#5d7a32","area_m2":982.0},"geometry":{"type":"Polygon","coordinates":[[[907.1,189.9],[899.6,195.4],[899.1,197.1],[906.1,205.4],[912.9,206.1],[915.6,203.4],[915.4,199.9],[907.1,189.9]],[[911.1,201.1],[912.4,201.6],[911.6,203.4],[910.4,202.9],[911.1,201.1]]]}},{"type":"Feature","properties":{"id":"LU_FOREST_HARDWOOD_0239","class":"forest_hardwood","color":"#5d7a32","area_m2":4807.0},"geometry":{"type":"Polygon","coordinates":[[[462.6,185.6],[458.6,191.9],[458.4,194.4],[461.1,198.4],[467.6,202.4],[467.4,204.1],[461.6,208.4],[464.9,215.6],[464.1,218.9],[460.4,220.1],[455.1,217.6],[452.1,214.4],[451.4,209.4],[449.4,208.1],[444.1,208.6],[436.4,215.1],[438.1,223.1],[445.6,231.6],[452.9,230.9],[461.9,223.9],[469.6,222.4],[473.9,205.9],[476.1,203.4],[481.1,202.6],[482.6,201.1],[480.1,196.1],[481.4,190.4],[477.6,190.4],[472.4,194.9],[467.6,194.9],[465.4,192.1],[464.4,186.4],[462.6,185.6]]]}},{"type":"Feature","properties":{"id":"LU_FOREST_HARDWOOD_0240","class":"forest_hardwood","color":"#5d7a32","area_m2":2682.0},"geometry":{"type":"Polygon","coordinates":[[[504.4,182.1],[498.4,185.9],[490.4,186.1],[484.1,189.9],[495.9,197.6],[495.9,200.4],[493.6,203.4],[494.9,209.4],[493.1,213.9],[494.4,215.6],[498.6,212.4],[499.4,203.1],[502.6,200.1],[510.9,198.4],[514.9,190.6],[514.6,186.6],[511.9,183.6],[508.6,182.1],[504.4,182.1]]]}},{"type":"Feature","properties":{"id":"LU_FOREST_HARDWOOD_0241","class":"forest_hardwood","color":"#5d7a32","area_m2":242.0},"geometry":{"type":"Polygon","coordinates":[[[106.6,178.9],[105.1,180.6],[105.4,184.4],[109.6,189.1],[110.9,187.4],[110.9,183.4],[109.4,180.1],[106.6,178.9]]]}},{"type":"Feature","properties":{"id":"LU_FOREST_HARDWOOD_0242","class":"forest_hardwood","color":"#5d7a32","area_m2":833.0},"geometry":{"type":"Polygon","coordinates":[[[801.9,177.4],[799.6,179.1],[797.4,183.6],[799.1,187.4],[802.6,187.9],[808.1,186.1],[812.1,189.9],[815.1,189.1],[815.6,183.6],[812.9,180.6],[807.6,181.1],[801.9,177.4]]]}},{"type":"Feature","properties":{"id":"LU_FOREST_HARDWOOD_0243","class":"forest_hardwood","color":"#5d7a32","area_m2":1067.0},"geometry":{"type":"Polygon","coordinates":[[[363.6,177.4],[358.6,181.1],[355.1,188.6],[356.1,190.6],[358.4,191.4],[357.6,194.1],[359.6,195.9],[363.1,195.4],[366.4,192.9],[367.4,190.9],[366.9,187.1],[369.6,184.1],[368.4,180.1],[365.9,177.6],[363.6,177.4]]]}},{"type":"Feature","properties":{"id":"LU_FOREST_HARDWOOD_0244","class":"forest_hardwood","color":"#5d7a32","area_m2":296.0},"geometry":{"type":"Polygon","coordinates":[[[917.6,176.4],[912.6,178.9],[907.6,178.4],[907.6,184.9],[909.9,185.4],[914.4,180.1],[918.9,179.6],[919.6,177.1],[917.6,176.4]]]}},{"type":"Feature","properties":{"id":"LU_FOREST_HARDWOOD_0245","class":"forest_hardwood","color":"#5d7a32","area_m2":751.0},"geometry":{"type":"Polygon","coordinates":[[[82.4,172.1],[77.1,175.6],[77.1,181.6],[75.1,187.6],[76.1,189.6],[80.9,188.4],[84.4,183.1],[86.4,173.1],[82.4,172.1]]]}},{"type":"Feature","properties":{"id":"LU_FOREST_HARDWOOD_0246","class":"forest_hardwood","color":"#5d7a32","area_m2":5520.0},"geometry":{"type":"Polygon","coordinates":[[[1980.4,169.6],[1978.4,171.9],[1980.4,176.6],[1978.4,179.9],[1973.4,180.1],[1959.6,177.1],[1955.6,180.1],[1955.4,182.4],[1959.6,187.6],[1970.9,186.4],[1973.9,189.6],[1974.4,193.4],[1979.6,201.9],[1980.4,205.9],[1987.4,208.6],[1992.4,204.9],[1997.1,198.4],[1999.9,197.9],[1999.9,177.1],[1993.1,173.6],[1988.4,173.1],[1980.4,169.6]],[[1987.6,203.1],[1987.9,201.9],[1988.4,202.6],[1987.6,203.1]]]}},{"type":"Feature","properties":{"id":"LU_FOREST_HARDWOOD_0247","class":"forest_hardwood","color":"#5d7a32","area_m2":8355.0},"geometry":{"type":"Polygon","coordinates":[[[1164.6,169.6],[1159.1,171.6],[1153.9,178.6],[1149.9,180.1],[1146.6,183.1],[1144.1,189.1],[1141.4,191.9],[1133.6,191.9],[1127.1,187.4],[1123.6,189.1],[1123.6,191.9],[1129.6,200.1],[1128.1,216.6],[1133.1,222.4],[1140.4,223.9],[1144.1,223.4],[1149.4,219.9],[1153.1,213.4],[1158.4,213.9],[1160.4,212.6],[1160.4,199.1],[1168.1,193.6],[1175.4,185.9],[1177.4,181.9],[1177.4,180.4],[1175.4,179.1],[1171.4,179.4],[1164.4,182.1],[1162.1,181.6],[1160.1,177.6],[1164.4,171.1],[1164.6,169.6]],[[1140.6,209.9],[1144.1,207.9],[1145.1,210.1],[1141.9,212.1],[1140.6,209.9]]]}},{"type":"Feature","properties":{"id":"LU_FOREST_HARDWOOD_0248","class":"forest_hardwood","color":"#5d7a32","area_m2":2549.0},"geometry":{"type":"Polygon","coordinates":[[[969.6,167.1],[972.4,173.6],[970.1,180.1],[966.9,182.6],[961.1,182.6],[959.6,185.9],[961.9,190.1],[965.9,191.4],[970.1,197.1],[973.1,198.6],[975.9,196.4],[979.4,186.1],[981.6,184.1],[987.9,183.4],[989.9,179.6],[985.1,171.1],[983.6,171.1],[984.9,176.4],[981.9,177.9],[978.6,174.4],[978.9,170.6],[977.9,169.6],[969.6,167.1]]]}},{"type":"Feature","properties":{"id":"LU_FOREST_HARDWOOD_0249","class":"forest_hardwood","color":"#5d7a32","area_m2":324.0},"geometry":{"type":"Polygon","coordinates":[[[1923.9,165.4],[1921.6,167.1],[1920.4,170.6],[1920.6,172.9],[1922.9,174.6],[1925.9,173.9],[1928.4,169.9],[1927.9,167.1],[1923.9,165.4]]]}},{"type":"Feature","properties":{"id":"LU_FOREST_HARDWOOD_0250","class":"forest_hardwood","color":"#5d7a32","area_m2":1921.0},"geometry":{"type":"Polygon","coordinates":[[[1942.6,164.6],[1934.1,168.6],[1929.4,176.6],[1931.1,182.1],[1934.6,185.1],[1940.6,182.9],[1949.1,182.4],[1953.4,178.1],[1952.4,174.1],[1946.1,169.6],[1942.6,164.6]]]}},{"type":"Feature","properties":{"id":"LU_FOREST_HARDWOOD_0251","class":"forest_hardwood","color":"#5d7a32","area_m2":591.0},"geometry":{"type":"Polygon","coordinates":[[[19.4,162.9],[15.6,166.1],[13.4,170.6],[14.6,174.9],[18.1,177.4],[21.4,175.9],[22.9,169.6],[22.4,164.9],[19.4,162.9]]]}},{"type":"Feature","properties":{"id":"LU_FOREST_HARDWOOD_0252","class":"forest_hardwood","color":"#5d7a32","area_m2":3582.0},"geometry":{"type":"Polygon","coordinates":[[[194.6,161.1],[189.6,165.1],[186.6,169.9],[185.1,181.4],[188.1,185.4],[194.1,189.4],[197.4,190.1],[210.4,181.9],[212.9,173.4],[211.1,168.9],[203.9,162.6],[194.6,161.1]]]}},{"type":"Feature","properties":{"id":"LU_FOREST_HARDWOOD_0253","class":"forest_hardwood","color":"#5d7a32","area_m2":428.0},"geometry":{"type":"Polygon","coordinates":[[[127.6,161.1],[124.6,163.4],[125.1,170.1],[123.9,173.6],[119.4,177.6],[118.1,181.6],[118.9,184.1],[120.6,183.4],[126.6,172.9],[126.9,167.9],[129.9,162.6],[127.6,161.1]]]}},{"type":"Feature","properties":{"id":"LU_FOREST_HARDWOOD_0254","class":"forest_hardwood","color":"#5d7a32","area_m2":8249.0},"geometry":{"type":"Polygon","coordinates":[[[1875.9,158.4],[1866.9,170.6],[1856.4,174.6],[1856.1,179.1],[1858.6,182.9],[1860.1,188.4],[1859.6,191.9],[1852.9,199.1],[1850.4,198.9],[1849.4,196.1],[1852.9,191.1],[1852.9,187.6],[1851.4,186.6],[1844.9,194.9],[1844.6,196.6],[1846.9,199.6],[1848.1,204.4],[1848.1,208.6],[1845.6,215.1],[1851.9,215.4],[1855.9,210.6],[1861.4,206.9],[1864.6,202.4],[1866.6,203.4],[1867.9,206.4],[1877.6,208.9],[1896.1,201.1],[1896.4,197.1],[1891.6,194.1],[1886.4,194.6],[1885.9,199.1],[1884.4,200.6],[1881.1,198.4],[1880.6,192.6],[1878.4,189.6],[1879.1,181.1],[1880.9,179.4],[1887.9,177.4],[1891.4,173.9],[1893.6,168.9],[1891.1,166.6],[1882.9,165.1],[1877.6,158.6],[1875.9,158.4]],[[1876.6,165.6],[1878.9,166.1],[1878.1,169.6],[1876.1,168.9],[1876.6,165.6]],[[1863.4,181.4],[1868.4,180.1],[1870.6,182.1],[1870.6,184.9],[1868.9,186.6],[1866.1,186.6],[1863.4,183.9],[1863.4,181.4]]]}},{"type":"Feature","properties":{"id":"LU_FOREST_HARDWOOD_0255","class":"forest_hardwood","color":"#5d7a32","area_m2":393.0},"geometry":{"type":"Polygon","coordinates":[[[1965.4,157.6],[1960.4,162.9],[1960.6,164.9],[1964.4,168.4],[1967.4,167.4],[1969.4,161.9],[1968.9,159.1],[1965.4,157.6]]]}},{"type":"Feature","properties":{"id":"LU_FOREST_HARDWOOD_0256","class":"forest_hardwood","color":"#5d7a32","area_m2":255.0},"geometry":{"type":"Polygon","coordinates":[[[844.6,155.1],[842.6,156.4],[842.1,159.6],[844.1,162.9],[847.1,163.6],[848.9,161.4],[848.6,157.6],[844.6,155.1]]]}},{"type":"Feature","properties":{"id":"LU_FOREST_HARDWOOD_0257","class":"forest_hardwood","color":"#5d7a32","area_m2":6018.0},"geometry":{"type":"Polygon","coordinates":[[[50.4,155.1],[45.6,158.1],[39.9,166.6],[31.6,166.1],[28.6,168.1],[25.6,174.1],[26.9,179.6],[26.1,185.4],[28.1,188.4],[42.6,192.9],[44.9,192.4],[58.9,179.9],[59.1,175.6],[61.4,171.1],[69.9,164.1],[69.9,162.1],[66.1,159.6],[60.9,158.4],[55.6,155.1],[50.4,155.1]],[[58.6,159.1],[60.4,159.9],[60.6,161.4],[57.9,162.9],[56.4,160.6],[58.6,159.1]],[[31.6,174.4],[34.4,175.1],[33.6,177.6],[30.6,176.9],[31.6,174.4]]]}},{"type":"Feature","properties":{"id":"LU_FOREST_HARDWOOD_0258","class":"forest_hardwood","color":"#5d7a32","area_m2":13128.0},"geometry":{"type":"Polygon","coordinates":[[[1538.1,154.1],[1536.1,156.1],[1537.1,161.9],[1533.9,166.9],[1524.9,165.6],[1516.4,160.9],[1514.4,162.6],[1513.6,168.9],[1510.9,171.6],[1505.4,172.1],[1499.6,168.6],[1497.9,168.9],[1496.6,171.6],[1499.9,175.4],[1509.6,178.6],[1513.6,178.4],[1518.4,180.9],[1523.1,179.9],[1527.6,176.1],[1534.1,176.4],[1536.6,178.9],[1538.1,184.4],[1546.9,189.4],[1554.9,190.4],[1560.4,198.1],[1564.6,199.9],[1569.6,198.1],[1572.9,198.9],[1574.6,203.1],[1572.4,207.9],[1572.6,209.9],[1577.1,214.4],[1583.9,217.4],[1585.9,219.6],[1586.1,227.6],[1583.1,234.4],[1583.1,243.4],[1587.6,250.9],[1591.9,252.9],[1592.6,248.6],[1588.9,244.4],[1590.9,237.6],[1590.4,230.4],[1595.9,224.4],[1594.9,204.4],[1592.6,191.6],[1591.1,190.1],[1589.6,190.6],[1591.1,199.6],[1589.6,202.9],[1585.6,205.1],[1580.9,204.1],[1577.9,200.6],[1578.9,193.9],[1586.4,184.6],[1585.4,182.4],[1582.6,182.1],[1575.6,191.4],[1569.4,195.1],[1566.9,194.9],[1564.9,186.6],[1577.4,176.4],[1577.4,173.4],[1573.1,170.9],[1569.9,166.1],[1563.1,164.6],[1554.1,157.6],[1538.1,154.1]],[[1557.4,169.9],[1558.1,168.4],[1558.6,169.1],[1557.4,169.9]],[[1551.6,180.4],[1554.9,180.9],[1555.6,183.4],[1553.4,184.9],[1550.9,184.4],[1549.9,181.9],[1551.6,180.4]],[[1539.4,160.1],[1543.1,158.6],[1546.1,162.6],[1551.9,163.4],[1553.6,165.1],[1553.6,167.9],[1550.4,170.9],[1545.1,170.6],[1539.1,162.4],[1539.4,160.1]],[[1541.9,176.9],[1543.4,177.6],[1542.6,178.6],[1541.4,177.9],[1541.9,176.9]]]}},{"type":"Feature","properties":{"id":"LU_FOREST_HARDWOOD_0259","class":"forest_hardwood","color":"#5d7a32","area_m2":1967.0},"geometry":{"type":"Polygon","coordinates":[[[457.6,153.1],[450.9,158.6],[446.1,160.6],[444.1,163.9],[444.6,167.9],[449.9,171.4],[452.9,171.4],[456.9,167.9],[461.4,166.1],[468.4,166.6],[472.4,162.9],[472.4,159.9],[469.1,156.1],[457.6,153.1]]]}},{"type":"Feature","properties":{"id":"LU_FOREST_HARDWOOD_0260","class":"forest_hardwood","color":"#5d7a32","area_m2":991.0},"geometry":{"type":"Polygon","coordinates":[[[896.4,147.9],[894.4,149.6],[894.1,152.6],[897.6,163.4],[903.4,160.9],[910.6,160.9],[916.9,157.1],[915.4,155.1],[904.1,155.6],[899.4,149.1],[896.4,147.9]]]}},{"type":"Feature","properties":{"id":"LU_FOREST_HARDWOOD_0261","class":"forest_hardwood","color":"#5d7a32","area_m2":585.0},"geometry":{"type":"Polygon","coordinates":[[[177.4,145.6],[174.6,148.1],[174.4,150.4],[177.1,156.4],[177.4,159.9],[179.1,160.6],[183.9,155.9],[184.4,153.1],[181.4,147.1],[177.4,145.6]]]}},{"type":"Feature","properties":{"id":"LU_FOREST_HARDWOOD_0262","class":"forest_hardwood","color":"#5d7a32","area_m2":521.0},"geometry":{"type":"Polygon","coordinates":[[[1116.1,134.6],[1112.6,137.1],[1109.6,143.1],[1110.1,145.9],[1112.1,147.4],[1115.9,146.4],[1119.9,139.6],[1119.4,136.1],[1116.1,134.6]]]}},{"type":"Feature","properties":{"id":"LU_FOREST_HARDWOOD_0263","class":"forest_hardwood","color":"#5d7a32","area_m2":822.0},"geometry":{"type":"Polygon","coordinates":[[[419.4,132.4],[417.4,135.6],[418.4,145.4],[420.6,147.6],[423.6,147.9],[426.9,146.4],[430.1,141.4],[425.9,135.6],[419.4,132.4]]]}},{"type":"Feature","properties":{"id":"LU_FOREST_HARDWOOD_0264","class":"forest_hardwood","color":"#5d7a32","area_m2":9392.0},"geometry":{"type":"Polygon","coordinates":[[[349.1,131.1],[347.4,132.1],[346.1,138.4],[338.4,136.1],[330.4,138.6],[330.4,140.4],[340.1,149.6],[349.6,150.9],[356.4,149.9],[360.6,152.6],[370.1,155.4],[383.6,166.6],[384.6,166.6],[384.4,159.9],[386.9,157.6],[389.9,158.4],[395.1,164.4],[401.9,165.9],[405.6,171.9],[410.9,174.4],[413.6,178.6],[410.4,181.1],[402.9,178.6],[396.9,181.1],[395.1,183.6],[394.6,191.9],[399.1,196.4],[404.9,199.4],[410.9,205.9],[416.6,206.4],[419.9,197.6],[420.9,185.4],[419.6,180.4],[416.4,173.1],[408.9,166.9],[407.4,163.1],[402.4,157.1],[395.1,151.1],[384.4,147.6],[380.1,144.1],[372.4,141.4],[370.4,142.1],[369.9,146.4],[367.9,148.6],[360.9,148.6],[353.4,142.6],[355.1,139.4],[359.4,137.1],[359.1,135.4],[349.1,131.1]]]}},{"type":"Feature","properties":{"id":"LU_FOREST_HARDWOOD_0265","class":"forest_hardwood","color":"#5d7a32","area_m2":590.0},"geometry":{"type":"Polygon","coordinates":[[[695.9,130.4],[694.1,133.4],[696.1,138.1],[700.1,142.4],[702.9,142.4],[705.9,138.4],[704.9,133.9],[702.1,131.6],[695.9,130.4]]]}},{"type":"Feature","properties":{"id":"LU_FOREST_HARDWOOD_0266","class":"forest_hardwood","color":"#5d7a32","area_m2":7777.0},"geometry":{"type":"Polygon","coordinates":[[[459.9,129.4],[456.6,132.1],[450.6,141.9],[452.1,142.9],[465.9,141.9],[470.1,143.9],[476.1,152.4],[481.6,155.1],[484.1,160.6],[483.1,164.1],[476.9,171.6],[469.6,173.4],[467.6,175.1],[467.4,179.4],[470.1,182.4],[473.1,182.4],[488.4,174.9],[495.1,174.6],[495.6,170.6],[504.1,163.4],[506.1,163.1],[509.6,167.6],[514.6,170.1],[521.9,182.1],[526.6,182.9],[531.6,181.9],[534.1,182.9],[547.6,197.1],[549.4,204.4],[553.6,205.6],[556.6,204.4],[558.4,198.4],[552.4,193.9],[550.4,189.1],[545.4,186.4],[541.1,180.1],[535.1,178.6],[531.4,174.9],[527.9,168.6],[522.1,165.9],[522.4,164.4],[526.9,162.4],[526.4,159.1],[523.9,156.6],[521.1,156.6],[518.9,160.9],[516.6,161.9],[503.6,152.6],[497.4,166.4],[493.4,169.9],[489.6,169.9],[487.4,167.9],[486.9,165.6],[490.6,161.4],[491.1,159.1],[484.4,149.1],[472.1,138.6],[464.9,139.4],[462.4,136.1],[461.6,130.1],[459.9,129.4]]]}},{"type":"Feature","properties":{"id":"LU_FOREST_HARDWOOD_0267","class":"forest_hardwood","color":"#5d7a32","area_m2":1003.0},"geometry":{"type":"Polygon","coordinates":[[[1081.4,125.1],[1076.4,128.6],[1076.4,132.4],[1078.6,134.6],[1081.6,135.6],[1091.4,134.9],[1095.4,131.6],[1094.1,127.4],[1092.1,125.6],[1081.4,125.1]]]}},{"type":"Feature","properties":{"id":"LU_FOREST_HARDWOOD_0268","class":"forest_hardwood","color":"#5d7a32","area_m2":3299.0},"geometry":{"type":"Polygon","coordinates":[[[771.4,119.9],[768.6,123.9],[767.6,128.9],[762.6,134.4],[763.6,143.9],[766.1,146.4],[772.9,148.6],[777.6,146.1],[783.6,147.9],[785.9,147.4],[792.6,139.4],[793.4,131.1],[787.9,125.6],[781.9,124.6],[771.4,119.9]],[[771.4,135.4],[783.4,134.1],[785.4,136.4],[784.6,138.9],[779.6,143.1],[772.9,141.1],[770.1,138.1],[771.4,135.4]]]}},{"type":"Feature","properties":{"id":"LU_FOREST_HARDWOOD_0269","class":"forest_hardwood","color":"#5d7a32","area_m2":555.0},"geometry":{"type":"Polygon","coordinates":[[[676.9,118.6],[675.1,122.4],[677.9,126.4],[694.1,125.4],[694.1,124.1],[690.9,121.6],[685.6,122.1],[681.4,119.4],[676.9,118.6]]]}},{"type":"Feature","properties":{"id":"LU_FOREST_HARDWOOD_0270","class":"forest_hardwood","color":"#5d7a32","area_m2":554.0},"geometry":{"type":"Polygon","coordinates":[[[133.1,117.6],[123.4,126.4],[123.9,128.6],[129.4,128.6],[138.4,122.9],[138.4,120.4],[133.1,117.6]]]}},{"type":"Feature","properties":{"id":"LU_FOREST_HARDWOOD_0271","class":"forest_hardwood","color":"#5d7a32","area_m2":4347.0},"geometry":{"type":"Polygon","coordinates":[[[1996.6,116.1],[1993.1,119.6],[1995.1,129.4],[1992.9,132.6],[1987.4,133.1],[1982.4,131.6],[1981.4,129.4],[1984.4,123.4],[1982.4,121.4],[1977.6,121.1],[1970.9,127.6],[1965.1,128.4],[1961.9,131.6],[1957.4,133.4],[1956.4,135.6],[1958.4,140.4],[1962.6,138.9],[1967.9,139.6],[1973.6,134.9],[1979.1,135.4],[1984.6,139.1],[1985.9,143.1],[1982.9,146.6],[1978.1,147.6],[1976.6,149.4],[1976.9,151.6],[1981.4,154.9],[1986.9,154.4],[1993.9,147.9],[1999.9,145.9],[1999.9,116.1],[1996.6,116.1]]]}},{"type":"Feature","properties":{"id":"LU_FOREST_HARDWOOD_0272","class":"forest_hardwood","color":"#5d7a32","area_m2":1613.0},"geometry":{"type":"Polygon","coordinates":[[[1958.9,115.9],[1946.6,121.1],[1932.9,120.6],[1928.6,123.1],[1927.9,127.6],[1932.6,131.9],[1938.4,129.9],[1942.9,130.4],[1945.9,127.1],[1951.4,128.1],[1958.6,123.1],[1960.6,118.4],[1960.6,116.9],[1958.9,115.9]],[[1935.1,124.6],[1937.6,125.6],[1936.4,128.1],[1933.9,127.1],[1935.1,124.6]]]}},{"type":"Feature","properties":{"id":"LU_FOREST_HARDWOOD_0273","class":"forest_hardwood","color":"#5d7a32","area_m2":1058.0},"geometry":{"type":"Polygon","coordinates":[[[966.9,115.4],[964.6,117.1],[964.4,119.4],[970.1,127.4],[977.4,130.9],[980.6,130.9],[984.4,128.9],[985.4,125.4],[983.9,123.6],[978.9,122.6],[968.9,115.6],[966.9,115.4]]]}},{"type":"Feature","properties":{"id":"LU_FOREST_HARDWOOD_0274","class":"forest_hardwood","color":"#5d7a32","area_m2":949.0},"geometry":{"type":"Polygon","coordinates":[[[400.1,114.6],[398.1,116.1],[397.6,118.9],[403.1,129.4],[407.4,130.9],[417.6,127.9],[417.6,122.6],[407.9,123.6],[404.9,121.1],[403.4,116.1],[400.1,114.6]]]}},{"type":"Feature","properties":{"id":"LU_FOREST_HARDWOOD_0275","class":"forest_hardwood","color":"#5d7a32","area_m2":288.0},"geometry":{"type":"Polygon","coordinates":[[[1541.4,114.4],[1540.1,115.9],[1540.6,119.9],[1543.1,122.4],[1545.9,122.4],[1548.4,119.9],[1548.4,117.4],[1541.4,114.4]]]}},{"type":"Feature","properties":{"id":"LU_FOREST_HARDWOOD_0276","class":"forest_hardwood","color":"#5d7a32","area_m2":2982.0},"geometry":{"type":"Polygon","coordinates":[[[1821.4,112.4],[1818.9,114.9],[1822.1,121.4],[1821.1,128.1],[1816.1,133.1],[1811.9,133.6],[1809.9,131.4],[1810.6,124.4],[1809.1,123.9],[1807.1,127.6],[1808.6,136.1],[1813.6,144.9],[1816.9,147.9],[1824.9,149.6],[1831.1,148.9],[1835.1,151.6],[1839.4,144.6],[1827.4,139.4],[1826.9,131.4],[1824.9,124.4],[1829.4,119.1],[1827.9,116.6],[1821.4,112.4]]]}},{"type":"Feature","properties":{"id":"LU_FOREST_HARDWOOD_0277","class":"forest_hardwood","color":"#5d7a32","area_m2":654.0},"geometry":{"type":"Polygon","coordinates":[[[1687.9,112.4],[1685.1,116.4],[1685.1,120.4],[1686.4,122.4],[1689.6,122.9],[1700.4,119.6],[1700.6,118.1],[1699.1,116.6],[1687.9,112.4]]]}},{"type":"Feature","properties":{"id":"LU_FOREST_HARDWOOD_0278","class":"forest_hardwood","color":"#5d7a32","area_m2":2157.0},"geometry":{"type":"Polygon","coordinates":[[[275.4,110.1],[265.9,114.1],[261.9,119.1],[273.6,119.9],[280.6,117.9],[286.6,122.1],[288.6,126.4],[295.4,122.9],[313.1,124.6],[314.9,122.4],[313.6,118.6],[309.9,118.6],[306.9,115.6],[301.1,119.6],[296.4,120.1],[289.6,112.6],[283.1,114.6],[278.4,110.4],[275.4,110.1]]]}},{"type":"Feature","properties":{"id":"LU_FOREST_HARDWOOD_0279","class":"forest_hardwood","color":"#5d7a32","area_m2":2063.0},"geometry":{"type":"Polygon","coordinates":[[[1526.6,109.1],[1517.9,111.6],[1508.4,117.1],[1499.1,115.6],[1497.4,117.6],[1497.4,121.4],[1503.9,123.4],[1506.6,128.9],[1510.4,131.1],[1529.1,115.1],[1528.9,110.6],[1526.6,109.1]]]}},{"type":"Feature","properties":{"id":"LU_FOREST_HARDWOOD_0280","class":"forest_hardwood","color":"#5d7a32","area_m2":3175.0},"geometry":{"type":"Polygon","coordinates":[[[1770.4,108.1],[1764.9,109.6],[1761.9,112.1],[1763.1,113.9],[1768.9,114.4],[1771.1,117.6],[1769.6,122.9],[1761.9,127.9],[1762.1,130.9],[1765.4,132.9],[1775.1,130.9],[1779.4,136.4],[1783.9,134.1],[1785.9,134.4],[1788.6,137.9],[1789.6,144.6],[1791.4,145.1],[1793.4,142.1],[1793.9,138.4],[1784.9,114.9],[1777.1,108.6],[1770.4,108.1]],[[1778.6,120.1],[1781.1,121.1],[1781.9,124.1],[1779.6,127.9],[1775.9,130.1],[1774.1,125.9],[1776.1,121.6],[1778.6,120.1]]]}},{"type":"Feature","properties":{"id":"LU_FOREST_HARDWOOD_0281","class":"forest_hardwood","color":"#5d7a32","area_m2":510.0},"geometry":{"type":"Polygon","coordinates":[[[81.1,108.1],[79.1,113.4],[79.6,118.1],[84.9,125.6],[91.4,129.9],[84.4,117.1],[82.6,108.9],[81.1,108.1]]]}},{"type":"Feature","properties":{"id":"LU_FOREST_HARDWOOD_0282","class":"forest_hardwood","color":"#5d7a32","area_m2":340.0},"geometry":{"type":"Polygon","coordinates":[[[1978.6,103.1],[1976.6,105.6],[1980.1,109.4],[1984.4,110.9],[1987.1,109.1],[1985.9,104.6],[1982.6,103.1],[1978.6,103.1]]]}},{"type":"Feature","properties":{"id":"LU_FOREST_HARDWOOD_0283","class":"forest_hardwood","color":"#5d7a32","area_m2":496.0},"geometry":{"type":"Polygon","coordinates":[[[1068.9,103.1],[1065.1,106.9],[1063.4,113.4],[1067.9,112.1],[1072.4,112.6],[1074.9,110.9],[1074.4,106.1],[1071.9,103.6],[1068.9,103.1]]]}},{"type":"Feature","properties":{"id":"LU_FOREST_HARDWOOD_0284","class":"forest_hardwood","color":"#5d7a32","area_m2":22151.0},"geometry":{"type":"Polygon","coordinates":[[[1372.9,102.1],[1371.1,103.9],[1373.1,112.4],[1373.1,117.6],[1371.6,121.1],[1373.1,127.4],[1371.1,135.4],[1371.9,140.6],[1370.1,142.1],[1361.1,142.4],[1360.1,144.1],[1364.4,146.1],[1368.1,151.4],[1376.9,155.4],[1383.1,162.9],[1383.6,165.9],[1380.1,172.4],[1380.4,176.4],[1382.1,178.4],[1385.4,178.6],[1393.4,174.9],[1401.6,174.9],[1409.9,180.4],[1416.9,188.4],[1422.6,189.1],[1429.4,191.9],[1442.1,190.4],[1449.1,197.4],[1455.4,199.1],[1457.6,201.1],[1458.6,203.1],[1458.1,207.4],[1463.6,211.1],[1465.9,218.4],[1467.9,218.9],[1473.6,216.4],[1476.4,221.1],[1482.4,216.4],[1485.6,215.4],[1484.9,214.4],[1480.4,215.1],[1477.9,214.1],[1474.9,209.4],[1475.6,206.9],[1481.9,201.1],[1482.6,197.6],[1481.1,193.9],[1483.4,192.4],[1486.6,196.6],[1491.1,197.4],[1496.9,201.4],[1501.9,202.4],[1505.1,207.4],[1505.6,214.9],[1509.9,218.4],[1512.6,217.9],[1513.9,196.6],[1511.9,193.9],[1507.6,196.6],[1502.1,190.4],[1494.1,192.4],[1488.1,188.1],[1483.4,186.1],[1479.6,186.1],[1476.4,183.4],[1453.4,180.1],[1447.4,176.4],[1437.9,174.6],[1433.1,171.4],[1427.9,174.9],[1421.9,165.6],[1417.4,165.6],[1411.4,162.4],[1409.6,162.6],[1406.9,165.6],[1404.1,165.6],[1402.1,163.1],[1403.1,156.9],[1401.6,155.9],[1395.6,156.9],[1392.4,153.6],[1392.6,151.9],[1396.4,148.6],[1392.6,138.6],[1389.9,137.9],[1383.6,144.6],[1380.4,142.9],[1378.9,139.6],[1378.9,133.4],[1381.1,129.9],[1385.6,128.9],[1391.1,130.6],[1393.4,128.1],[1395.6,117.4],[1393.9,111.4],[1394.6,107.4],[1393.6,106.4],[1387.9,106.6],[1379.6,102.1],[1372.9,102.1]],[[1467.4,191.6],[1469.1,192.1],[1468.4,194.4],[1466.4,193.4],[1467.4,191.6]],[[1453.1,185.4],[1454.6,186.1],[1453.4,187.9],[1451.9,186.6],[1453.1,185.4]],[[1383.4,147.4],[1389.4,148.9],[1384.6,154.4],[1382.6,153.9],[1380.9,151.4],[1383.4,147.4]],[[1380.4,115.1],[1384.4,115.1],[1386.4,118.1],[1378.1,119.9],[1377.1,117.9],[1380.4,115.1]]]}},{"type":"Feature","properties":{"id":"LU_FOREST_HARDWOOD_0285","class":"forest_hardwood","color":"#5d7a32","area_m2":1088.0},"geometry":{"type":"Polygon","coordinates":[[[1553.6,98.6],[1552.6,101.1],[1557.1,102.4],[1558.4,104.4],[1558.4,110.9],[1568.4,118.6],[1570.1,118.6],[1569.4,101.1],[1567.1,100.1],[1558.1,101.4],[1553.6,98.6]],[[1564.9,107.6],[1566.4,107.4],[1567.1,108.6],[1565.4,109.4],[1564.9,107.6]]]}},{"type":"Feature","properties":{"id":"LU_FOREST_HARDWOOD_0286","class":"forest_hardwood","color":"#5d7a32","area_m2":550.0},"geometry":{"type":"Polygon","coordinates":[[[1938.1,97.6],[1935.6,99.9],[1934.1,107.6],[1936.1,110.9],[1939.1,111.6],[1941.6,109.4],[1942.9,101.6],[1940.1,97.9],[1938.1,97.6]]]}},{"type":"Feature","properties":{"id":"LU_FOREST_HARDWOOD_0287","class":"forest_hardwood","color":"#5d7a32","area_m2":284.0},"geometry":{"type":"Polygon","coordinates":[[[1640.6,94.1],[1639.6,98.9],[1640.6,101.1],[1644.1,101.4],[1647.9,98.1],[1648.1,95.4],[1640.6,94.1]]]}},{"type":"Feature","properties":{"id":"LU_FOREST_HARDWOOD_0288","class":"forest_hardwood","color":"#5d7a32","area_m2":1915.0},"geometry":{"type":"Polygon","coordinates":[[[1306.9,93.4],[1305.6,94.4],[1306.1,96.9],[1310.9,99.9],[1312.1,104.1],[1316.1,108.4],[1325.1,111.4],[1328.1,113.9],[1329.1,117.4],[1325.9,123.4],[1325.9,126.1],[1329.4,127.6],[1335.1,124.4],[1336.1,122.1],[1333.4,119.1],[1332.9,113.4],[1336.1,108.9],[1336.1,107.1],[1324.9,104.6],[1316.4,97.1],[1312.4,97.4],[1309.9,94.1],[1306.9,93.4]]]}},{"type":"Feature","properties":{"id":"LU_FOREST_HARDWOOD_0289","class":"forest_hardwood","color":"#5d7a32","area_m2":380.0},"geometry":{"type":"Polygon","coordinates":[[[1038.9,93.1],[1037.4,94.1],[1037.1,96.6],[1039.4,100.1],[1043.4,101.9],[1048.1,100.4],[1048.1,98.9],[1043.9,94.6],[1038.9,93.1]]]}},{"type":"Feature","properties":{"id":"LU_FOREST_HARDWOOD_0290","class":"forest_hardwood","color":"#5d7a32","area_m2":4670.0},"geometry":{"type":"Polygon","coordinates":[[[738.6,92.1],[735.6,94.1],[730.4,103.6],[730.6,107.1],[733.1,110.9],[736.4,111.6],[738.9,109.9],[740.1,101.6],[742.1,99.4],[744.1,99.1],[750.9,102.4],[755.6,108.6],[760.1,109.4],[762.6,111.9],[762.6,117.9],[759.4,120.9],[751.4,122.6],[750.6,124.4],[752.6,125.9],[762.9,122.4],[765.6,119.4],[767.1,112.6],[769.4,110.6],[776.4,109.6],[780.6,106.1],[786.1,106.1],[787.9,109.1],[783.1,113.1],[782.6,115.6],[788.4,117.6],[792.6,115.1],[796.9,108.1],[794.9,104.6],[789.1,102.6],[786.1,98.4],[782.6,96.1],[778.4,96.1],[772.4,99.1],[761.9,98.4],[760.6,99.4],[760.1,103.9],[757.9,104.9],[749.6,99.1],[749.1,98.1],[750.9,95.6],[749.1,93.6],[738.6,92.1]]]}},{"type":"Feature","properties":{"id":"LU_FOREST_HARDWOOD_0291","class":"forest_hardwood","color":"#5d7a32","area_m2":545.0},"geometry":{"type":"Polygon","coordinates":[[[90.9,90.1],[89.4,91.1],[87.4,97.9],[88.1,104.4],[89.6,106.4],[91.9,104.4],[90.6,98.6],[93.1,95.4],[96.4,94.6],[99.1,96.6],[101.6,95.6],[99.1,92.1],[90.9,90.1]]]}},{"type":"Feature","properties":{"id":"LU_FOREST_HARDWOOD_0292","class":"forest_hardwood","color":"#5d7a32","area_m2":38534.0},"geometry":{"type":"Polygon","coordinates":[[[987.1,89.6],[979.4,96.9],[981.4,101.4],[985.9,100.4],[988.6,102.4],[988.6,104.1],[985.9,105.4],[985.6,106.6],[987.6,107.9],[994.6,107.9],[999.4,109.9],[1005.6,109.9],[1008.9,111.4],[1012.9,115.6],[1012.6,117.9],[1005.9,124.6],[1003.4,125.9],[998.6,125.4],[994.9,127.9],[994.6,130.1],[997.1,136.1],[1001.6,139.1],[1008.9,147.1],[1010.6,147.4],[1015.6,143.9],[1022.6,145.4],[1026.4,139.1],[1027.9,133.1],[1029.9,131.9],[1032.9,132.4],[1038.9,139.6],[1036.4,148.4],[1039.9,154.4],[1039.6,163.9],[1042.1,166.4],[1044.4,166.6],[1052.1,163.1],[1055.6,166.1],[1055.9,171.4],[1051.9,178.4],[1056.9,183.4],[1060.1,183.4],[1065.9,177.9],[1071.4,176.6],[1072.1,180.4],[1068.4,185.6],[1068.4,189.4],[1073.9,192.4],[1077.9,196.9],[1075.9,200.6],[1061.6,204.4],[1056.9,208.9],[1043.6,205.9],[1043.4,204.4],[1045.1,202.4],[1050.1,200.4],[1052.4,197.9],[1051.9,195.1],[1048.4,193.1],[1045.6,194.4],[1045.6,197.6],[1043.9,199.6],[1030.4,206.9],[1027.6,206.9],[1024.1,204.6],[1018.1,198.4],[1016.4,199.1],[1016.6,202.9],[1023.9,209.1],[1027.4,215.1],[1032.6,219.4],[1039.9,217.4],[1046.1,225.4],[1050.1,227.4],[1051.6,226.6],[1051.6,224.6],[1049.1,217.9],[1051.6,215.9],[1055.6,216.4],[1058.9,223.1],[1063.9,223.1],[1065.1,228.4],[1068.6,230.6],[1070.6,230.4],[1074.6,225.1],[1080.6,223.9],[1084.1,224.9],[1087.6,228.1],[1091.9,236.1],[1098.4,237.1],[1100.9,239.6],[1104.6,250.9],[1099.1,258.1],[1098.9,260.1],[1101.1,260.4],[1106.9,256.4],[1110.1,256.4],[1116.1,261.9],[1117.4,267.6],[1119.4,267.9],[1128.1,258.4],[1133.4,256.4],[1134.6,252.6],[1132.4,248.1],[1128.1,244.4],[1126.4,237.9],[1122.4,231.1],[1108.1,218.4],[1102.9,206.9],[1101.9,201.6],[1103.9,198.6],[1107.6,198.6],[1108.6,196.9],[1103.9,192.1],[1099.6,178.6],[1096.9,175.1],[1092.6,165.1],[1088.1,163.1],[1084.6,158.9],[1078.6,156.6],[1075.1,153.1],[1070.1,151.6],[1060.9,145.1],[1056.9,138.6],[1049.4,138.6],[1046.9,134.6],[1047.9,126.6],[1041.9,121.6],[1035.4,122.1],[1031.9,119.9],[1031.9,117.6],[1034.9,113.4],[1034.4,109.9],[1031.9,106.6],[1018.1,102.1],[1015.6,106.9],[1011.9,109.1],[1006.4,101.6],[1008.4,96.4],[1007.4,94.9],[997.4,94.1],[987.1,89.6]],[[1115.4,240.1],[1119.1,241.9],[1122.1,250.4],[1121.6,253.9],[1119.1,255.9],[1117.1,255.6],[1113.9,250.6],[1112.9,242.6],[1115.4,240.1]],[[1104.4,224.6],[1106.6,225.4],[1108.6,232.1],[1108.1,234.9],[1106.1,236.1],[1102.6,235.9],[1100.1,233.1],[1104.4,224.6]],[[1097.4,196.6],[1099.6,197.6],[1098.4,199.6],[1096.4,198.4],[1097.4,196.6]],[[1084.1,181.6],[1088.6,183.1],[1089.6,185.1],[1088.6,187.6],[1086.1,187.6],[1083.4,184.9],[1084.1,181.6]],[[1073.4,167.1],[1077.1,167.9],[1079.4,170.4],[1079.4,173.6],[1077.4,175.9],[1073.4,176.1],[1071.6,174.9],[1070.9,169.6],[1073.4,167.1]],[[1067.9,209.6],[1072.4,210.1],[1075.6,213.1],[1075.6,216.1],[1073.9,218.1],[1070.9,218.1],[1066.4,214.9],[1065.6,211.9],[1067.9,209.6]],[[1043.4,148.1],[1054.9,152.4],[1056.6,155.6],[1051.6,157.9],[1042.9,154.1],[1040.9,150.6],[1043.4,148.1]],[[1015.9,116.4],[1018.1,116.4],[1018.6,118.1],[1015.9,118.6],[1015.9,116.4]],[[1001.6,132.4],[1003.1,132.1],[1004.9,133.9],[1002.9,136.6],[1000.1,135.1],[1001.6,132.4]]]}},{"type":"Feature","properties":{"id":"LU_FOREST_HARDWOOD_0293","class":"forest_hardwood","color":"#5d7a32","area_m2":5337.0},"geometry":{"type":"Polygon","coordinates":[[[118.6,87.4],[112.4,90.9],[114.1,102.6],[116.4,108.4],[121.4,109.1],[125.6,112.6],[128.4,108.4],[132.6,107.9],[147.9,116.4],[152.9,122.6],[151.1,127.6],[151.1,135.1],[153.9,137.9],[169.4,137.9],[172.4,135.9],[172.9,133.6],[171.4,130.1],[164.1,124.6],[157.9,117.6],[140.1,103.6],[135.4,98.9],[133.9,94.9],[130.9,91.6],[124.6,90.9],[118.6,87.4]]]}},{"type":"Feature","properties":{"id":"LU_FOREST_HARDWOOD_0294","class":"forest_hardwood","color":"#5d7a32","area_m2":248.0},"geometry":{"type":"Polygon","coordinates":[[[1706.4,87.1],[1701.9,93.6],[1703.4,97.1],[1706.4,96.6],[1708.1,94.4],[1707.9,88.4],[1706.4,87.1]]]}},{"type":"Feature","properties":{"id":"LU_FOREST_HARDWOOD_0295","class":"forest_hardwood","color":"#5d7a32","area_m2":3194.0},"geometry":{"type":"Polygon","coordinates":[[[244.6,86.9],[238.1,87.4],[236.4,91.6],[237.4,92.6],[242.6,91.9],[248.6,95.1],[250.1,98.4],[249.1,105.4],[252.4,111.4],[255.1,110.9],[260.1,105.4],[265.4,103.1],[273.6,102.9],[280.6,106.4],[286.6,101.9],[285.4,100.4],[280.1,99.6],[273.9,93.6],[270.6,92.4],[257.4,89.1],[251.9,90.9],[244.6,86.9]]]}},{"type":"Feature","properties":{"id":"LU_FOREST_HARDWOOD_0296","class":"forest_hardwood","color":"#5d7a32","area_m2":789.0},"geometry":{"type":"Polygon","coordinates":[[[1340.4,82.6],[1335.9,86.9],[1335.6,88.9],[1345.9,88.4],[1347.9,90.6],[1349.1,95.1],[1354.4,101.1],[1352.4,85.1],[1349.6,82.9],[1344.6,84.1],[1340.4,82.6]]]}},{"type":"Feature","properties":{"id":"LU_FOREST_HARDWOOD_0297","class":"forest_hardwood","color":"#5d7a32","area_m2":293.0},"geometry":{"type":"Polygon","coordinates":[[[327.6,82.6],[321.6,89.9],[321.1,92.1],[322.9,94.1],[326.4,91.9],[329.4,85.9],[329.4,83.4],[327.6,82.6]]]}},{"type":"Feature","properties":{"id":"LU_FOREST_HARDWOOD_0298","class":"forest_hardwood","color":"#5d7a32","area_m2":1749.0},"geometry":{"type":"Polygon","coordinates":[[[208.1,82.1],[206.4,83.4],[208.1,92.6],[201.9,100.9],[202.6,103.6],[211.6,104.9],[220.1,102.4],[226.1,98.9],[225.4,96.9],[216.4,92.9],[214.1,83.9],[208.1,82.1]]]}},{"type":"Feature","properties":{"id":"LU_FOREST_HARDWOOD_0299","class":"forest_hardwood","color":"#5d7a32","area_m2":269.0},"geometry":{"type":"Polygon","coordinates":[[[1770.1,80.4],[1767.9,83.4],[1767.9,86.6],[1769.9,88.9],[1773.9,89.6],[1774.6,87.6],[1772.6,81.6],[1770.1,80.4]]]}},{"type":"Feature","properties":{"id":"LU_FOREST_HARDWOOD_0300","class":"forest_hardwood","color":"#5d7a32","area_m2":2146.0},"geometry":{"type":"Polygon","coordinates":[[[1673.1,79.1],[1671.4,80.1],[1671.1,84.6],[1668.6,89.4],[1669.6,98.6],[1671.6,99.9],[1681.1,100.4],[1688.4,106.4],[1696.1,105.1],[1697.1,102.6],[1694.9,99.6],[1689.9,98.1],[1682.4,92.9],[1681.4,84.1],[1678.1,81.1],[1673.1,79.1]]]}},{"type":"Feature","properties":{"id":"LU_FOREST_HARDWOOD_0301","class":"forest_hardwood","color":"#5d7a32","area_m2":380.0},"geometry":{"type":"Polygon","coordinates":[[[1071.9,79.1],[1070.1,81.6],[1070.6,85.9],[1073.6,88.6],[1077.1,88.4],[1079.4,85.9],[1079.1,83.9],[1075.1,80.1],[1071.9,79.1]]]}},{"type":"Feature","properties":{"id":"LU_FOREST_HARDWOOD_0302","class":"forest_hardwood","color":"#5d7a32","area_m2":2953.0},"geometry":{"type":"Polygon","coordinates":[[[932.9,78.1],[931.4,79.1],[930.4,82.6],[932.1,86.9],[935.4,87.6],[939.6,85.9],[943.1,86.9],[946.6,90.1],[949.6,95.9],[957.6,102.6],[959.6,102.4],[961.4,99.1],[967.9,94.4],[971.1,90.1],[970.1,88.4],[963.9,89.4],[959.4,83.1],[955.6,80.1],[947.6,78.1],[932.9,78.1]]]}},{"type":"Feature","properties":{"id":"LU_FOREST_HARDWOOD_0303","class":"forest_hardwood","color":"#5d7a32","area_m2":733.0},"geometry":{"type":"Polygon","coordinates":[[[1636.1,77.6],[1632.9,81.6],[1626.9,81.9],[1628.1,89.6],[1630.1,92.6],[1637.6,91.6],[1636.4,86.1],[1640.4,80.1],[1636.1,77.6]]]}},{"type":"Feature","properties":{"id":"LU_FOREST_HARDWOOD_0304","class":"forest_hardwood","color":"#5d7a32","area_m2":8060.0},"geometry":{"type":"Polygon","coordinates":[[[1532.4,75.1],[1524.6,80.1],[1517.6,76.9],[1515.6,78.1],[1511.6,84.9],[1508.4,87.1],[1502.4,84.4],[1495.9,87.1],[1486.4,82.6],[1484.9,85.9],[1491.6,93.1],[1492.9,97.4],[1490.6,100.4],[1486.6,102.1],[1478.4,100.6],[1475.4,106.9],[1478.9,113.6],[1476.6,119.9],[1471.1,124.6],[1465.6,126.1],[1461.1,124.6],[1459.1,122.4],[1461.4,112.9],[1458.9,112.9],[1455.6,116.1],[1453.1,123.4],[1453.4,126.4],[1457.1,130.4],[1464.4,134.1],[1464.6,135.6],[1462.6,138.4],[1467.1,148.1],[1468.6,154.9],[1476.4,151.4],[1475.9,141.6],[1477.4,139.4],[1481.1,139.4],[1488.6,144.4],[1492.4,140.1],[1496.6,139.9],[1499.6,137.9],[1499.6,135.6],[1497.6,133.6],[1495.9,133.9],[1491.9,138.4],[1488.6,135.6],[1488.6,132.9],[1495.4,128.9],[1495.9,127.1],[1494.6,125.4],[1489.4,127.1],[1482.6,125.4],[1476.4,130.1],[1473.6,129.9],[1471.9,127.9],[1472.9,125.4],[1477.4,124.6],[1479.4,122.9],[1482.1,117.4],[1496.4,110.9],[1497.4,107.1],[1495.9,100.4],[1498.4,95.6],[1498.1,91.4],[1499.9,90.1],[1512.9,90.6],[1515.4,84.1],[1519.4,81.9],[1529.6,83.4],[1536.1,76.9],[1535.6,75.4],[1532.4,75.1]]]}},{"type":"Feature","properties":{"id":"LU_FOREST_HARDWOOD_0305","class":"forest_hardwood","color":"#5d7a32","area_m2":11456.0},"geometry":{"type":"Polygon","coordinates":[[[1913.9,74.4],[1906.6,78.1],[1892.4,77.1],[1886.6,78.1],[1876.1,77.1],[1874.4,78.1],[1874.1,80.6],[1876.4,84.4],[1881.4,81.4],[1885.4,81.6],[1889.4,79.9],[1895.9,81.4],[1897.9,84.6],[1897.6,88.6],[1904.1,90.1],[1905.9,91.9],[1904.1,100.6],[1905.1,107.4],[1902.9,110.6],[1899.6,112.1],[1891.4,110.6],[1886.9,115.6],[1877.1,119.6],[1873.6,122.9],[1873.6,127.9],[1880.6,132.4],[1877.6,137.4],[1880.9,143.9],[1879.4,146.9],[1874.9,146.1],[1869.6,140.6],[1867.9,140.9],[1862.1,146.9],[1859.1,146.1],[1856.4,142.9],[1854.6,143.4],[1854.4,145.4],[1859.1,158.4],[1858.1,164.4],[1859.4,166.4],[1861.9,166.6],[1863.4,165.1],[1864.1,156.6],[1866.1,154.4],[1876.9,151.9],[1885.4,147.9],[1891.4,147.1],[1898.1,156.4],[1903.6,156.4],[1902.9,140.4],[1910.6,131.1],[1910.4,129.1],[1905.9,125.1],[1905.1,121.6],[1906.4,117.1],[1911.9,111.4],[1915.9,97.4],[1911.1,87.1],[1916.9,85.6],[1918.6,83.4],[1915.6,75.1],[1913.9,74.4]],[[1889.6,140.1],[1891.1,139.9],[1892.4,141.4],[1890.4,144.9],[1887.6,143.4],[1889.6,140.1]],[[1885.1,130.9],[1889.4,128.9],[1891.6,130.4],[1892.1,132.4],[1890.6,134.6],[1888.6,135.1],[1885.4,133.4],[1885.1,130.9]]]}},{"type":"Feature","properties":{"id":"LU_FOREST_HARDWOOD_0306","class":"forest_hardwood","color":"#5d7a32","area_m2":2384.0},"geometry":{"type":"Polygon","coordinates":[[[1378.6,73.1],[1376.6,74.4],[1376.6,76.9],[1383.6,84.1],[1384.6,88.1],[1390.9,99.1],[1397.4,98.1],[1403.6,101.4],[1409.4,95.9],[1408.9,90.4],[1406.9,87.6],[1394.9,86.1],[1382.9,73.6],[1378.6,73.1]]]}},{"type":"Feature","properties":{"id":"LU_FOREST_HARDWOOD_0307","class":"forest_hardwood","color":"#5d7a32","area_m2":238.0},"geometry":{"type":"Polygon","coordinates":[[[791.9,72.4],[790.1,73.9],[789.1,77.4],[790.9,80.1],[792.9,80.4],[795.4,78.1],[795.9,75.6],[793.9,72.6],[791.9,72.4]]]}},{"type":"Feature","properties":{"id":"LU_FOREST_HARDWOOD_0308","class":"forest_hardwood","color":"#5d7a32","area_m2":1642.0},"geometry":{"type":"Polygon","coordinates":[[[1970.1,71.6],[1965.6,74.9],[1965.6,79.1],[1972.6,84.1],[1979.1,94.4],[1983.4,95.9],[1986.1,93.9],[1981.1,89.1],[1983.1,86.9],[1986.6,89.1],[1986.6,93.1],[1992.6,91.1],[1989.4,77.6],[1983.1,81.6],[1978.4,82.1],[1973.4,78.9],[1971.6,72.4],[1970.1,71.6]]]}},{"type":"Feature","properties":{"id":"LU_FOREST_HARDWOOD_0309","class":"forest_hardwood","color":"#5d7a32","area_m2":384.0},"geometry":{"type":"Polygon","coordinates":[[[1600.6,70.4],[1599.6,71.1],[1604.4,71.9],[1612.4,76.9],[1617.4,77.9],[1621.4,77.1],[1619.9,74.6],[1613.4,71.4],[1608.1,72.1],[1600.6,70.4]]]}},{"type":"Feature","properties":{"id":"LU_FOREST_HARDWOOD_0310","class":"forest_hardwood","color":"#5d7a32","area_m2":229.0},"geometry":{"type":"Polygon","coordinates":[[[1363.4,70.4],[1362.1,71.9],[1362.1,77.1],[1364.1,78.6],[1368.1,75.9],[1369.1,73.6],[1363.4,70.4]]]}},{"type":"Feature","properties":{"id":"LU_FOREST_HARDWOOD_0311","class":"forest_hardwood","color":"#5d7a32","area_m2":488.0},"geometry":{"type":"Polygon","coordinates":[[[476.6,68.4],[469.6,73.1],[459.1,73.4],[458.4,76.1],[459.9,77.9],[463.4,78.6],[469.4,75.9],[473.4,75.6],[477.1,71.6],[477.6,68.9],[476.6,68.4]]]}},{"type":"Feature","properties":{"id":"LU_FOREST_HARDWOOD_0312","class":"forest_hardwood","color":"#5d7a32","area_m2":676.0},"geometry":{"type":"Polygon","coordinates":[[[764.9,68.1],[753.6,79.1],[753.1,82.4],[754.4,84.6],[757.9,84.4],[763.9,78.1],[767.4,70.9],[767.1,68.9],[764.9,68.1]]]}},{"type":"Feature","properties":{"id":"LU_FOREST_HARDWOOD_0313","class":"forest_hardwood","color":"#5d7a32","area_m2":1031.0},"geometry":{"type":"Polygon","coordinates":[[[1935.4,66.6],[1933.1,70.6],[1935.1,74.4],[1938.4,75.9],[1944.4,76.1],[1950.1,83.4],[1957.1,84.6],[1954.6,79.4],[1955.1,74.4],[1954.1,73.4],[1944.1,72.6],[1939.6,67.9],[1935.4,66.6]]]}},{"type":"Feature","properties":{"id":"LU_FOREST_HARDWOOD_0314","class":"forest_hardwood","color":"#5d7a32","area_m2":535.0},"geometry":{"type":"Polygon","coordinates":[[[939.6,66.1],[937.9,66.9],[936.1,70.1],[935.9,72.6],[937.1,74.4],[946.6,74.9],[948.4,73.6],[948.4,70.9],[945.9,67.6],[939.6,66.1]]]}},{"type":"Feature","properties":{"id":"LU_FOREST_HARDWOOD_0315","class":"forest_hardwood","color":"#5d7a32","area_m2":435.0},"geometry":{"type":"Polygon","coordinates":[[[1589.6,65.1],[1582.6,68.1],[1577.1,67.4],[1576.9,68.4],[1586.4,71.9],[1595.4,71.6],[1594.4,68.1],[1589.6,65.1]]]}},{"type":"Feature","properties":{"id":"LU_FOREST_HARDWOOD_0316","class":"forest_hardwood","color":"#5d7a32","area_m2":738.0},"geometry":{"type":"Polygon","coordinates":[[[1700.6,62.6],[1699.4,63.9],[1699.4,68.1],[1692.6,78.4],[1692.9,80.1],[1695.9,82.6],[1698.6,81.1],[1697.9,74.1],[1700.1,71.1],[1702.6,69.9],[1709.4,70.9],[1711.4,69.6],[1709.1,65.1],[1700.6,62.6]]]}},{"type":"Feature","properties":{"id":"LU_FOREST_HARDWOOD_0317","class":"forest_hardwood","color":"#5d7a32","area_m2":1118.0},"geometry":{"type":"Polygon","coordinates":[[[205.1,61.1],[203.4,71.9],[209.6,72.6],[216.6,77.6],[220.6,77.4],[221.9,71.9],[218.4,67.1],[213.1,63.6],[205.1,61.1]]]}},{"type":"Feature","properties":{"id":"LU_FOREST_HARDWOOD_0318","class":"forest_hardwood","color":"#5d7a32","area_m2":438.0},"geometry":{"type":"Polygon","coordinates":[[[919.6,60.1],[916.9,61.9],[916.9,63.4],[925.1,69.4],[927.9,69.9],[928.9,67.6],[926.1,60.9],[919.6,60.1]]]}},{"type":"Feature","properties":{"id":"LU_FOREST_HARDWOOD_0319","class":"forest_hardwood","color":"#5d7a32","area_m2":316.0},"geometry":{"type":"Polygon","coordinates":[[[264.4,59.6],[263.6,62.1],[268.1,67.4],[276.1,69.9],[275.4,67.1],[272.9,64.6],[264.4,59.6]]]}},{"type":"Feature","properties":{"id":"LU_FOREST_HARDWOOD_0320","class":"forest_hardwood","color":"#5d7a32","area_m2":703.0},"geometry":{"type":"Polygon","coordinates":[[[1969.9,56.1],[1967.1,57.6],[1963.1,57.6],[1960.1,61.9],[1973.6,68.4],[1975.4,66.1],[1975.9,62.4],[1974.4,59.1],[1969.9,56.1]]]}},{"type":"Feature","properties":{"id":"LU_FOREST_HARDWOOD_0321","class":"forest_hardwood","color":"#5d7a32","area_m2":1516.0},"geometry":{"type":"Polygon","coordinates":[[[248.6,54.1],[246.4,55.6],[244.6,62.1],[240.9,66.9],[240.6,68.9],[242.1,71.4],[247.6,75.1],[250.1,80.1],[253.1,81.6],[254.6,80.1],[254.9,77.4],[252.9,64.4],[255.9,56.9],[253.1,54.6],[248.6,54.1]]]}},{"type":"Feature","properties":{"id":"LU_FOREST_HARDWOOD_0322","class":"forest_hardwood","color":"#5d7a32","area_m2":326.0},"geometry":{"type":"Polygon","coordinates":[[[131.4,53.1],[124.9,56.1],[123.6,58.4],[130.6,58.9],[138.1,55.9],[136.4,53.4],[131.4,53.1]]]}},{"type":"Feature","properties":{"id":"LU_FOREST_HARDWOOD_0323","class":"forest_hardwood","color":"#5d7a32","area_m2":262.0},"geometry":{"type":"Polygon","coordinates":[[[1922.4,52.6],[1916.6,58.1],[1916.4,60.1],[1918.4,62.4],[1921.4,60.9],[1924.1,55.6],[1924.1,53.1],[1922.4,52.6]]]}},{"type":"Feature","properties":{"id":"LU_FOREST_HARDWOOD_0324","class":"forest_hardwood","color":"#5d7a32","area_m2":360.0},"geometry":{"type":"Polygon","coordinates":[[[1478.6,50.4],[1477.1,52.6],[1477.4,56.4],[1483.1,63.6],[1484.9,63.6],[1485.4,59.9],[1480.6,51.4],[1478.6,50.4]]]}},{"type":"Feature","properties":{"id":"LU_FOREST_HARDWOOD_0325","class":"forest_hardwood","color":"#5d7a32","area_m2":800.0},"geometry":{"type":"Polygon","coordinates":[[[1380.4,50.1],[1370.9,54.9],[1370.4,58.4],[1373.1,61.4],[1376.4,61.6],[1387.4,56.6],[1384.9,50.4],[1380.4,50.1]]]}},{"type":"Feature","properties":{"id":"LU_FOREST_HARDWOOD_0326","class":"forest_hardwood","color":"#5d7a32","area_m2":1046.0},"geometry":{"type":"Polygon","coordinates":[[[746.9,48.4],[738.9,56.6],[733.6,60.1],[733.9,64.1],[738.4,65.6],[743.9,62.4],[748.9,61.4],[751.4,58.9],[751.9,56.6],[749.6,49.6],[746.9,48.4]]]}},{"type":"Feature","properties":{"id":"LU_FOREST_HARDWOOD_0327","class":"forest_hardwood","color":"#5d7a32","area_m2":1960.0},"geometry":{"type":"Polygon","coordinates":[[[1643.9,46.4],[1642.6,48.6],[1647.1,54.9],[1647.6,57.9],[1640.4,67.6],[1641.1,72.1],[1644.4,75.1],[1649.6,75.4],[1653.6,79.9],[1659.4,77.9],[1663.6,77.9],[1658.4,72.9],[1653.1,64.4],[1653.4,54.9],[1646.1,46.9],[1643.9,46.4]]]}},{"type":"Feature","properties":{"id":"LU_FOREST_HARDWOOD_0328","class":"forest_hardwood","color":"#5d7a32","area_m2":340.0},"geometry":{"type":"Polygon","coordinates":[[[1491.4,45.6],[1486.6,46.4],[1485.9,49.1],[1491.9,53.4],[1496.4,53.4],[1496.6,50.4],[1491.4,45.6]]]}},{"type":"Feature","properties":{"id":"LU_FOREST_HARDWOOD_0329","class":"forest_hardwood","color":"#5d7a32","area_m2":989.0},"geometry":{"type":"Polygon","coordinates":[[[1024.4,44.4],[1023.6,47.9],[1028.9,53.4],[1032.1,64.1],[1034.9,66.9],[1038.1,67.1],[1040.9,63.4],[1040.4,55.4],[1033.4,51.4],[1029.1,50.6],[1026.4,45.1],[1024.4,44.4]]]}},{"type":"Feature","properties":{"id":"LU_FOREST_HARDWOOD_0330","class":"forest_hardwood","color":"#5d7a32","area_m2":954.0},"geometry":{"type":"Polygon","coordinates":[[[686.9,44.6],[675.1,45.6],[673.1,48.6],[673.6,52.6],[675.6,53.9],[692.1,54.1],[693.1,52.6],[692.4,50.1],[686.9,44.6]]]}},{"type":"Feature","properties":{"id":"LU_FOREST_HARDWOOD_0331","class":"forest_hardwood","color":"#5d7a32","area_m2":695.0},"geometry":{"type":"Polygon","coordinates":[[[1753.4,43.6],[1750.9,47.9],[1747.6,48.6],[1749.1,54.4],[1743.6,61.4],[1745.1,64.9],[1746.6,64.4],[1755.9,51.9],[1756.9,45.9],[1755.9,44.1],[1753.4,43.6]]]}},{"type":"Feature","properties":{"id":"LU_FOREST_HARDWOOD_0332","class":"forest_hardwood","color":"#5d7a32","area_m2":263.0},"geometry":{"type":"Polygon","coordinates":[[[1869.9,43.4],[1867.6,45.1],[1867.6,48.1],[1869.9,50.9],[1872.6,51.4],[1874.6,49.4],[1874.6,46.6],[1871.9,43.6],[1869.9,43.4]]]}},{"type":"Feature","properties":{"id":"LU_FOREST_HARDWOOD_0333","class":"forest_hardwood","color":"#5d7a32","area_m2":272.0},"geometry":{"type":"Polygon","coordinates":[[[106.4,42.4],[105.1,43.9],[105.6,47.9],[109.6,51.1],[112.4,50.6],[113.6,47.1],[106.4,42.4]]]}},{"type":"Feature","properties":{"id":"LU_FOREST_HARDWOOD_0334","class":"forest_hardwood","color":"#5d7a32","area_m2":7309.0},"geometry":{"type":"Polygon","coordinates":[[[1448.9,41.4],[1441.1,44.9],[1439.1,54.6],[1441.6,61.9],[1439.9,63.9],[1437.1,63.6],[1433.4,59.9],[1431.9,55.1],[1426.4,51.1],[1423.6,51.6],[1419.6,63.6],[1421.6,65.6],[1427.9,67.4],[1429.9,71.1],[1425.1,75.6],[1419.4,76.1],[1413.9,78.9],[1413.1,86.1],[1414.1,87.9],[1416.4,88.9],[1421.9,88.4],[1439.9,74.4],[1464.6,70.9],[1475.1,65.9],[1474.6,64.4],[1469.9,63.6],[1467.9,61.9],[1465.9,56.9],[1457.9,46.6],[1448.9,41.4]],[[1451.6,49.4],[1455.6,49.9],[1457.6,52.4],[1450.9,53.4],[1449.4,51.6],[1451.6,49.4]],[[1449.1,60.9],[1451.4,61.1],[1453.4,63.4],[1453.6,65.6],[1451.6,67.4],[1447.6,64.6],[1447.4,62.4],[1449.1,60.9]]]}},{"type":"Feature","properties":{"id":"LU_FOREST_HARDWOOD_0335","class":"forest_hardwood","color":"#5d7a32","area_m2":4454.0},"geometry":{"type":"Polygon","coordinates":[[[1529.4,41.1],[1516.9,46.1],[1508.1,52.6],[1505.1,57.4],[1504.6,64.6],[1506.6,65.9],[1513.6,65.9],[1520.9,62.4],[1527.4,64.9],[1545.1,59.4],[1545.4,58.1],[1542.4,55.4],[1546.4,48.6],[1548.9,46.9],[1549.1,44.1],[1547.6,43.9],[1545.6,45.6],[1541.6,43.9],[1537.4,44.6],[1533.9,41.4],[1529.4,41.1]],[[1527.4,49.6],[1529.1,49.6],[1530.6,51.4],[1529.1,53.9],[1526.1,52.1],[1527.4,49.6]]]}},{"type":"Feature","properties":{"id":"LU_FOREST_HARDWOOD_0336","class":"forest_hardwood","color":"#5d7a32","area_m2":1949.0},"geometry":{"type":"Polygon","coordinates":[[[591.6,40.1],[589.1,42.6],[590.1,46.1],[601.1,58.4],[615.9,68.4],[619.4,68.9],[622.1,67.1],[622.1,64.4],[618.9,59.6],[612.1,57.6],[601.9,45.6],[591.6,40.1]]]}},{"type":"Feature","properties":{"id":"LU_FOREST_HARDWOOD_0337","class":"forest_hardwood","color":"#5d7a32","area_m2":1768.0},"geometry":{"type":"Polygon","coordinates":[[[1892.6,35.1],[1889.4,37.6],[1889.1,48.4],[1890.6,50.6],[1896.6,53.1],[1897.9,58.4],[1894.6,61.6],[1885.4,57.1],[1883.4,57.6],[1882.4,60.1],[1889.9,65.4],[1897.6,65.9],[1903.6,68.1],[1905.4,65.1],[1902.9,59.6],[1902.9,54.4],[1901.4,51.1],[1895.9,46.1],[1894.9,43.4],[1895.9,37.6],[1894.6,35.6],[1892.6,35.1]]]}},{"type":"Feature","properties":{"id":"LU_FOREST_HARDWOOD_0338","class":"forest_hardwood","color":"#5d7a32","area_m2":7974.0},"geometry":{"type":"Polygon","coordinates":[[[1249.9,35.1],[1247.1,38.4],[1247.1,45.6],[1250.1,50.4],[1253.9,50.4],[1259.6,45.1],[1266.4,45.1],[1269.6,48.1],[1270.6,54.1],[1272.4,56.1],[1281.4,58.9],[1289.9,59.4],[1291.6,61.4],[1290.4,67.4],[1292.9,71.6],[1299.9,70.4],[1305.9,72.4],[1308.4,70.6],[1307.9,67.9],[1304.1,63.4],[1303.9,59.4],[1305.4,56.1],[1310.6,52.1],[1315.1,52.9],[1327.6,61.1],[1330.4,59.6],[1329.4,56.1],[1316.9,43.6],[1311.6,41.1],[1304.6,39.1],[1299.9,39.4],[1298.9,41.4],[1301.1,46.4],[1301.1,50.1],[1298.6,51.6],[1294.9,47.1],[1293.1,43.4],[1293.4,39.4],[1291.6,37.6],[1289.9,37.9],[1286.6,42.9],[1283.1,45.1],[1276.9,37.6],[1273.6,36.1],[1262.6,35.1],[1254.4,36.1],[1249.9,35.1]],[[1284.1,46.9],[1285.9,47.9],[1285.9,49.9],[1283.9,51.4],[1282.4,49.1],[1284.1,46.9]]]}},{"type":"Feature","properties":{"id":"LU_FOREST_HARDWOOD_0339","class":"forest_hardwood","color":"#5d7a32","area_m2":326.0},"geometry":{"type":"Polygon","coordinates":[[[0.1,35.1],[0.1,40.9],[5.6,42.6],[9.4,40.9],[9.4,38.1],[7.9,36.6],[0.1,35.1]]]}},{"type":"Feature","properties":{"id":"LU_FOREST_HARDWOOD_0340","class":"forest_hardwood","color":"#5d7a32","area_m2":717.0},"geometry":{"type":"Polygon","coordinates":[[[1727.4,34.4],[1726.9,36.1],[1729.1,40.4],[1727.1,47.4],[1727.6,51.4],[1730.4,52.9],[1737.1,51.9],[1738.4,49.6],[1733.4,44.1],[1732.4,37.1],[1729.9,34.6],[1727.4,34.4]]]}},{"type":"Feature","properties":{"id":"LU_FOREST_HARDWOOD_0341","class":"forest_hardwood","color":"#5d7a32","area_m2":242.0},"geometry":{"type":"Polygon","coordinates":[[[1866.9,32.4],[1863.6,36.1],[1863.9,38.1],[1865.9,39.6],[1869.1,38.9],[1871.6,36.1],[1870.1,33.1],[1866.9,32.4]]]}},{"type":"Feature","properties":{"id":"LU_FOREST_HARDWOOD_0342","class":"forest_hardwood","color":"#5d7a32","area_m2":1695.0},"geometry":{"type":"Polygon","coordinates":[[[1398.6,31.1],[1391.6,32.1],[1386.6,31.4],[1385.6,32.4],[1392.6,43.4],[1396.1,43.4],[1404.4,38.9],[1408.6,41.1],[1409.6,44.6],[1407.4,46.1],[1397.9,46.6],[1393.6,49.4],[1393.9,51.1],[1397.4,52.9],[1403.6,49.1],[1410.4,50.6],[1413.1,44.6],[1412.4,41.1],[1403.1,33.1],[1398.6,31.1]]]}},{"type":"Feature","properties":{"id":"LU_FOREST_HARDWOOD_0343","class":"forest_hardwood","color":"#5d7a32","area_m2":2082.0},"geometry":{"type":"Polygon","coordinates":[[[1983.9,30.4],[1982.1,33.4],[1986.1,46.4],[1986.1,51.6],[1995.1,66.4],[1994.9,69.4],[1991.4,74.4],[1999.9,73.9],[1999.9,49.1],[1996.6,48.9],[1993.4,45.9],[1986.4,31.9],[1983.9,30.4]]]}},{"type":"Feature","properties":{"id":"LU_FOREST_HARDWOOD_0344","class":"forest_hardwood","color":"#5d7a32","area_m2":429.0},"geometry":{"type":"Polygon","coordinates":[[[1513.4,30.1],[1509.6,32.4],[1509.6,34.9],[1513.6,38.6],[1518.9,37.4],[1520.6,34.4],[1520.4,32.4],[1516.6,30.1],[1513.4,30.1]]]}},{"type":"Feature","properties":{"id":"LU_FOREST_HARDWOOD_0345","class":"forest_hardwood","color":"#5d7a32","area_m2":1299.0},"geometry":{"type":"Polygon","coordinates":[[[275.9,29.4],[273.1,31.9],[272.4,36.4],[279.4,41.4],[281.1,47.6],[280.6,51.6],[284.1,55.4],[291.1,53.9],[300.4,45.9],[300.6,43.1],[297.4,42.1],[294.1,43.6],[290.1,48.1],[286.9,48.4],[278.9,36.1],[277.6,30.1],[275.9,29.4]]]}},{"type":"Feature","properties":{"id":"LU_FOREST_HARDWOOD_0346","class":"forest_hardwood","color":"#5d7a32","area_m2":485.0},"geometry":{"type":"Polygon","coordinates":[[[1602.4,28.9],[1600.9,31.4],[1597.6,32.4],[1597.1,37.1],[1598.1,38.6],[1605.6,40.4],[1606.9,38.4],[1606.6,32.6],[1602.4,28.9]]]}},{"type":"Feature","properties":{"id":"LU_FOREST_HARDWOOD_0347","class":"forest_hardwood","color":"#5d7a32","area_m2":317.0},"geometry":{"type":"Polygon","coordinates":[[[1773.4,27.6],[1771.4,29.6],[1771.4,33.4],[1775.9,36.6],[1780.4,31.6],[1778.1,29.1],[1773.4,27.6]]]}},{"type":"Feature","properties":{"id":"LU_FOREST_HARDWOOD_0348","class":"forest_hardwood","color":"#5d7a32","area_m2":1414.0},"geometry":{"type":"Polygon","coordinates":[[[1651.9,25.6],[1651.4,28.1],[1645.6,32.9],[1646.6,35.6],[1653.4,35.1],[1659.6,38.6],[1670.6,37.9],[1678.4,40.4],[1677.9,37.9],[1675.1,35.1],[1662.1,28.6],[1651.9,25.6]]]}},{"type":"Feature","properties":{"id":"LU_FOREST_HARDWOOD_0349","class":"forest_hardwood","color":"#5d7a32","area_m2":806.0},"geometry":{"type":"Polygon","coordinates":[[[111.4,22.1],[109.1,24.6],[109.6,29.4],[120.1,37.9],[121.9,38.1],[122.6,35.6],[120.4,29.1],[122.6,23.6],[117.9,25.1],[114.4,22.4],[111.4,22.1]]]}},{"type":"Feature","properties":{"id":"LU_FOREST_HARDWOOD_0350","class":"forest_hardwood","color":"#5d7a32","area_m2":269.0},"geometry":{"type":"Polygon","coordinates":[[[855.1,21.6],[848.1,26.1],[847.1,28.6],[848.1,31.1],[849.9,31.1],[853.1,26.4],[857.6,24.6],[857.6,22.4],[855.1,21.6]]]}},{"type":"Feature","properties":{"id":"LU_FOREST_HARDWOOD_0351","class":"forest_hardwood","color":"#5d7a32","area_m2":435.0},"geometry":{"type":"Polygon","coordinates":[[[1067.1,15.9],[1065.6,23.1],[1066.4,25.6],[1069.1,25.9],[1076.1,21.1],[1075.9,18.4],[1067.1,15.9]]]}},{"type":"Feature","properties":{"id":"LU_FOREST_HARDWOOD_0352","class":"forest_hardwood","color":"#5d7a32","area_m2":16602.0},"geometry":{"type":"Polygon","coordinates":[[[1824.4,13.6],[1821.4,16.6],[1821.9,23.4],[1818.9,27.6],[1815.4,28.1],[1809.6,26.4],[1798.9,31.6],[1799.9,34.1],[1805.9,38.4],[1808.6,42.1],[1808.4,44.1],[1803.6,49.1],[1801.4,53.6],[1802.1,57.1],[1806.4,62.4],[1806.4,65.1],[1800.9,69.1],[1788.9,71.1],[1784.6,76.1],[1786.1,79.4],[1789.9,80.4],[1794.6,86.9],[1802.6,93.9],[1809.6,90.9],[1817.1,92.1],[1823.6,87.1],[1826.4,82.1],[1829.6,79.9],[1831.9,80.4],[1837.4,86.4],[1844.9,84.6],[1845.9,83.1],[1844.9,80.4],[1840.9,79.1],[1836.4,74.9],[1835.4,71.1],[1842.1,61.4],[1851.1,59.4],[1852.9,56.6],[1847.9,50.6],[1841.4,45.9],[1835.1,32.9],[1837.1,30.4],[1840.1,30.4],[1843.6,33.1],[1846.9,38.6],[1849.1,39.6],[1850.9,37.4],[1849.9,30.6],[1848.1,28.4],[1841.9,27.1],[1827.9,14.6],[1824.4,13.6]],[[1824.1,29.6],[1826.1,29.6],[1827.9,31.9],[1826.1,34.9],[1822.4,32.6],[1824.1,29.6]],[[1814.4,51.1],[1817.9,51.4],[1821.1,56.4],[1820.6,62.1],[1816.4,65.9],[1814.1,65.6],[1809.9,59.6],[1810.9,53.9],[1814.4,51.1]],[[1811.6,69.1],[1813.9,70.1],[1812.9,72.1],[1810.9,71.1],[1811.6,69.1]]]}},{"type":"Feature","properties":{"id":"LU_FOREST_HARDWOOD_0353","class":"forest_hardwood","color":"#5d7a32","area_m2":956.0},"geometry":{"type":"Polygon","coordinates":[[[1632.1,12.6],[1630.4,13.9],[1629.6,17.6],[1635.1,23.4],[1639.1,25.1],[1643.9,23.1],[1651.1,24.9],[1649.4,21.1],[1642.1,15.1],[1632.1,12.6]]]}},{"type":"Feature","properties":{"id":"LU_FOREST_HARDWOOD_0354","class":"forest_hardwood","color":"#5d7a32","area_m2":341.0},"geometry":{"type":"Polygon","coordinates":[[[1362.9,12.4],[1361.4,15.4],[1364.4,22.6],[1365.9,23.1],[1369.4,18.9],[1369.6,16.9],[1366.9,13.6],[1362.9,12.4]]]}},{"type":"Feature","properties":{"id":"LU_FOREST_HARDWOOD_0355","class":"forest_hardwood","color":"#5d7a32","area_m2":547.0},"geometry":{"type":"Polygon","coordinates":[[[255.6,12.1],[251.6,15.1],[251.4,18.1],[261.4,25.4],[262.6,22.6],[260.6,14.6],[258.9,12.6],[255.6,12.1]]]}},{"type":"Feature","properties":{"id":"LU_FOREST_HARDWOOD_0356","class":"forest_hardwood","color":"#5d7a32","area_m2":421.0},"geometry":{"type":"Polygon","coordinates":[[[0.1,12.1],[0.1,19.9],[7.4,19.6],[10.4,16.6],[10.1,14.9],[7.4,12.4],[0.1,12.1]]]}},{"type":"Feature","properties":{"id":"LU_FOREST_HARDWOOD_0357","class":"forest_hardwood","color":"#5d7a32","area_m2":1608.0},"geometry":{"type":"Polygon","coordinates":[[[1598.6,10.4],[1582.6,13.4],[1581.1,15.6],[1581.9,25.4],[1578.1,24.6],[1573.9,19.6],[1569.1,16.4],[1566.4,17.9],[1566.4,22.1],[1567.4,23.4],[1572.6,22.4],[1578.9,29.1],[1581.6,29.1],[1590.9,19.9],[1602.6,15.9],[1601.9,11.9],[1598.6,10.4]]]}},{"type":"Feature","properties":{"id":"LU_FOREST_HARDWOOD_0358","class":"forest_hardwood","color":"#5d7a32","area_m2":1301.0},"geometry":{"type":"Polygon","coordinates":[[[1501.4,9.6],[1500.6,11.9],[1504.9,14.4],[1508.6,19.6],[1513.6,18.4],[1524.4,27.4],[1529.4,23.9],[1529.4,21.1],[1525.6,14.9],[1520.9,14.6],[1515.4,10.6],[1510.1,13.6],[1501.4,9.6]]]}},{"type":"Feature","properties":{"id":"LU_FOREST_HARDWOOD_0359","class":"forest_hardwood","color":"#5d7a32","area_m2":891.0},"geometry":{"type":"Polygon","coordinates":[[[307.1,6.1],[298.1,16.1],[289.1,17.6],[285.1,24.9],[291.6,20.6],[299.1,20.4],[306.1,14.4],[313.9,15.1],[314.1,12.9],[309.1,6.6],[307.1,6.1]]]}},{"type":"Feature","properties":{"id":"LU_FOREST_HARDWOOD_0360","class":"forest_hardwood","color":"#5d7a32","area_m2":250.0},"geometry":{"type":"Polygon","coordinates":[[[1390.1,5.4],[1388.1,8.4],[1388.4,11.4],[1390.9,13.4],[1394.1,13.4],[1395.6,10.9],[1392.9,6.9],[1390.1,5.4]]]}},{"type":"Feature","properties":{"id":"LU_FOREST_HARDWOOD_0361","class":"forest_hardwood","color":"#5d7a32","area_m2":702.0},"geometry":{"type":"Polygon","coordinates":[[[1350.1,5.9],[1347.1,6.1],[1348.1,9.1],[1353.6,14.4],[1353.1,20.6],[1350.6,25.9],[1360.9,31.6],[1362.4,29.1],[1358.4,25.9],[1355.9,20.6],[1357.4,14.4],[1350.1,5.9]]]}},{"type":"Feature","properties":{"id":"LU_FOREST_HARDWOOD_0362","class":"forest_hardwood","color":"#5d7a32","area_m2":241.0},"geometry":{"type":"Polygon","coordinates":[[[1576.6,3.4],[1571.6,5.6],[1572.6,9.4],[1575.6,9.6],[1580.6,7.4],[1580.6,5.4],[1576.6,3.4]]]}},{"type":"Feature","properties":{"id":"LU_FOREST_HARDWOOD_0363","class":"forest_hardwood","color":"#5d7a32","area_m2":1046.0},"geometry":{"type":"Polygon","coordinates":[[[1959.1,0.1],[1960.9,2.9],[1966.6,5.6],[1974.1,4.4],[1976.4,6.4],[1979.6,12.9],[1981.9,14.4],[1984.9,14.4],[1987.6,11.4],[1986.9,7.1],[1980.1,3.6],[1977.9,0.1],[1959.1,0.1]]]}},{"type":"Feature","properties":{"id":"LU_FOREST_HARDWOOD_0364","class":"forest_hardwood","color":"#5d7a32","area_m2":9038.0},"geometry":{"type":"Polygon","coordinates":[[[1864.1,0.1],[1865.6,3.9],[1870.6,9.1],[1868.6,16.6],[1878.1,23.6],[1876.6,31.9],[1878.1,34.4],[1881.6,35.9],[1883.9,34.1],[1883.9,23.4],[1885.1,19.4],[1878.4,13.9],[1876.1,9.4],[1876.4,7.4],[1880.4,4.9],[1897.4,6.1],[1906.6,15.1],[1906.9,17.1],[1904.6,19.6],[1901.9,19.1],[1896.4,15.1],[1892.6,17.4],[1892.9,19.1],[1901.9,28.6],[1915.4,27.9],[1918.1,26.1],[1917.9,22.9],[1913.6,17.4],[1915.6,13.1],[1920.9,13.4],[1928.1,20.4],[1936.4,23.9],[1938.6,22.1],[1938.1,16.9],[1940.1,14.4],[1942.4,13.9],[1950.4,16.6],[1953.9,12.6],[1952.9,6.9],[1946.9,0.1],[1933.1,0.1],[1933.4,2.9],[1936.4,6.6],[1935.1,9.1],[1930.4,5.9],[1926.9,0.1],[1883.1,0.1],[1881.4,4.1],[1877.9,0.1],[1864.1,0.1]]]}},{"type":"Feature","properties":{"id":"LU_FOREST_HARDWOOD_0365","class":"forest_hardwood","color":"#5d7a32","area_m2":1220.0},"geometry":{"type":"Polygon","coordinates":[[[1829.1,0.1],[1830.1,6.1],[1834.6,9.9],[1847.1,9.4],[1851.4,5.9],[1852.9,2.6],[1852.9,0.1],[1829.1,0.1]]]}},{"type":"Feature","properties":{"id":"LU_FOREST_HARDWOOD_0366","class":"forest_hardwood","color":"#5d7a32","area_m2":1582.0},"geometry":{"type":"Polygon","coordinates":[[[1784.1,0.1],[1785.1,4.1],[1790.6,10.6],[1801.6,8.9],[1810.4,15.4],[1813.6,13.1],[1809.4,4.1],[1808.9,0.1],[1799.6,0.1],[1797.6,2.6],[1795.9,2.4],[1794.4,0.1],[1784.1,0.1]]]}},{"type":"Feature","properties":{"id":"LU_FOREST_HARDWOOD_0367","class":"forest_hardwood","color":"#5d7a32","area_m2":4317.0},"geometry":{"type":"Polygon","coordinates":[[[1721.1,0.1],[1717.9,4.6],[1718.6,5.6],[1724.4,5.9],[1729.1,7.9],[1734.1,16.4],[1739.4,17.1],[1741.1,18.9],[1739.1,21.9],[1730.9,22.1],[1728.6,23.9],[1728.4,26.4],[1730.1,30.1],[1733.6,33.6],[1742.4,31.9],[1746.9,36.1],[1748.9,36.4],[1752.9,34.4],[1756.1,30.4],[1750.6,30.9],[1744.6,28.1],[1744.6,16.6],[1738.9,10.9],[1740.9,8.1],[1748.6,6.1],[1751.1,7.1],[1752.6,11.9],[1757.1,18.4],[1757.6,27.9],[1768.9,18.1],[1767.4,15.4],[1762.6,14.9],[1759.4,11.9],[1754.9,0.1],[1736.1,0.1],[1735.6,4.1],[1733.1,6.4],[1729.4,4.9],[1727.9,0.1],[1721.1,0.1]]]}},{"type":"Feature","properties":{"id":"LU_FOREST_HARDWOOD_0368","class":"forest_hardwood","color":"#5d7a32","area_m2":1235.0},"geometry":{"type":"Polygon","coordinates":[[[1695.1,0.1],[1692.1,7.4],[1692.1,10.4],[1696.6,14.9],[1705.9,12.4],[1716.6,4.6],[1711.4,0.1],[1706.1,0.1],[1705.9,3.9],[1699.1,7.1],[1697.1,5.9],[1696.6,0.1],[1695.1,0.1]]]}},{"type":"Feature","properties":{"id":"LU_FOREST_HARDWOOD_0369","class":"forest_hardwood","color":"#5d7a32","area_m2":288.0},"geometry":{"type":"Polygon","coordinates":[[[1682.1,0.1],[1680.6,6.9],[1683.6,9.1],[1687.4,5.1],[1687.9,0.1],[1682.1,0.1]]]}},{"type":"Feature","properties":{"id":"LU_FOREST_HARDWOOD_0370","class":"forest_hardwood","color":"#5d7a32","area_m2":1403.0},"geometry":{"type":"Polygon","coordinates":[[[1648.1,0.1],[1650.9,8.1],[1662.4,11.9],[1668.4,11.4],[1672.9,2.6],[1672.9,0.1],[1648.1,0.1]]]}},{"type":"Feature","properties":{"id":"LU_FOREST_HARDWOOD_0371","class":"forest_hardwood","color":"#5d7a32","area_m2":3520.0},"geometry":{"type":"Polygon","coordinates":[[[1403.1,0.1],[1402.6,7.9],[1413.6,20.6],[1421.1,19.9],[1426.4,12.1],[1430.4,9.9],[1442.1,13.4],[1451.1,19.4],[1453.1,19.1],[1454.6,17.1],[1454.4,15.1],[1444.9,5.6],[1437.6,4.9],[1433.9,0.1],[1423.1,0.1],[1422.6,3.9],[1417.4,8.1],[1415.1,7.6],[1412.4,4.9],[1411.9,0.1],[1403.1,0.1]]]}},{"type":"Feature","properties":{"id":"LU_FOREST_HARDWOOD_0372","class":"forest_hardwood","color":"#5d7a32","area_m2":447.0},"geometry":{"type":"Polygon","coordinates":[[[1364.1,0.1],[1365.1,5.1],[1368.9,8.9],[1370.6,8.6],[1375.9,2.4],[1375.9,0.1],[1364.1,0.1]]]}},{"type":"Feature","properties":{"id":"LU_FOREST_HARDWOOD_0373","class":"forest_hardwood","color":"#5d7a32","area_m2":6179.0},"geometry":{"type":"Polygon","coordinates":[[[1256.1,0.1],[1257.1,7.9],[1265.6,11.6],[1271.4,18.1],[1279.6,17.4],[1281.1,19.6],[1281.4,25.4],[1283.1,27.4],[1297.6,27.9],[1303.1,26.1],[1309.1,32.4],[1320.9,36.4],[1324.6,41.9],[1331.9,47.9],[1339.1,49.9],[1338.4,45.1],[1340.4,39.4],[1336.9,35.1],[1336.4,32.4],[1339.9,28.6],[1333.9,29.6],[1329.9,33.6],[1326.9,33.9],[1324.9,32.1],[1323.6,25.9],[1322.1,24.4],[1316.6,24.4],[1313.1,26.9],[1310.1,26.1],[1308.9,24.1],[1308.9,19.1],[1307.1,17.9],[1302.1,21.9],[1294.4,17.4],[1291.1,20.4],[1289.1,20.4],[1288.1,17.1],[1291.6,14.4],[1291.9,12.6],[1290.4,9.1],[1287.1,6.6],[1279.6,4.4],[1272.6,6.9],[1268.4,3.9],[1266.9,0.1],[1256.1,0.1]]]}},{"type":"Feature","properties":{"id":"LU_FOREST_HARDWOOD_0374","class":"forest_hardwood","color":"#5d7a32","area_m2":210182.0},"geometry":{"type":"Polygon","coordinates":[[[1128.4,0.1],[1127.6,4.1],[1124.9,7.6],[1108.9,14.6],[1105.1,13.6],[1099.1,7.6],[1095.1,8.1],[1094.6,10.4],[1098.1,13.6],[1098.1,15.9],[1091.6,21.1],[1087.9,26.6],[1082.6,27.4],[1080.4,29.6],[1080.4,32.4],[1082.1,34.9],[1087.4,32.9],[1092.6,32.9],[1098.9,29.4],[1104.1,23.4],[1107.1,23.1],[1117.6,37.9],[1118.1,40.4],[1116.6,43.9],[1112.9,47.6],[1107.9,48.6],[1095.6,54.9],[1086.6,54.4],[1079.9,55.9],[1078.4,54.6],[1079.9,49.6],[1079.6,40.4],[1070.9,40.6],[1068.6,42.9],[1067.6,49.9],[1060.6,55.9],[1059.9,63.4],[1056.6,66.1],[1055.1,69.4],[1055.1,75.1],[1057.4,77.9],[1060.1,78.6],[1063.4,75.9],[1064.1,71.6],[1066.6,69.1],[1073.4,69.6],[1081.1,65.4],[1089.4,68.1],[1102.4,59.6],[1107.4,59.9],[1117.4,57.6],[1129.4,46.9],[1134.1,40.4],[1136.6,40.4],[1140.4,45.4],[1140.4,48.6],[1126.9,62.6],[1108.9,72.1],[1103.1,77.1],[1093.1,81.6],[1088.6,88.9],[1081.6,95.1],[1082.6,101.9],[1086.4,103.6],[1089.6,102.1],[1095.6,102.4],[1098.4,94.1],[1103.1,88.4],[1106.4,86.9],[1111.9,86.4],[1117.9,89.4],[1120.9,92.6],[1120.1,99.1],[1111.9,108.6],[1108.4,109.6],[1103.1,105.1],[1100.1,105.6],[1098.4,107.6],[1098.6,115.1],[1104.1,122.6],[1103.1,127.1],[1099.4,131.6],[1099.9,135.1],[1102.6,136.6],[1106.9,135.4],[1113.1,126.4],[1117.4,125.6],[1119.4,123.9],[1119.4,113.1],[1121.6,111.1],[1126.4,111.1],[1128.6,109.4],[1128.6,103.9],[1124.4,99.6],[1125.6,98.4],[1129.1,98.1],[1134.4,92.9],[1135.4,87.4],[1132.4,85.1],[1122.6,84.9],[1119.4,81.9],[1119.1,79.6],[1121.4,75.1],[1125.1,71.4],[1144.9,54.9],[1149.6,52.9],[1152.6,54.4],[1153.1,62.6],[1151.1,68.4],[1151.1,72.4],[1157.6,79.1],[1159.6,83.1],[1158.6,86.9],[1152.1,92.6],[1146.6,93.9],[1140.4,90.6],[1137.6,93.9],[1137.6,96.9],[1145.6,102.1],[1145.6,106.6],[1147.1,108.4],[1149.4,108.9],[1153.4,106.9],[1155.1,98.6],[1163.9,85.4],[1175.6,81.9],[1178.9,83.4],[1180.9,87.1],[1178.1,90.1],[1172.1,91.6],[1167.6,99.9],[1161.6,105.9],[1161.6,109.1],[1165.1,113.9],[1166.6,119.1],[1164.9,120.1],[1159.4,119.1],[1154.1,121.6],[1149.1,126.9],[1146.1,133.4],[1145.6,138.1],[1140.9,143.9],[1132.1,151.6],[1123.4,151.1],[1120.9,152.1],[1118.1,154.6],[1118.6,157.9],[1123.4,162.4],[1128.9,160.6],[1131.6,165.9],[1135.4,167.9],[1141.4,168.6],[1146.4,166.9],[1152.9,167.4],[1154.6,165.4],[1156.4,158.1],[1166.1,150.4],[1171.9,147.4],[1173.4,145.1],[1173.9,141.4],[1169.9,132.6],[1170.4,127.1],[1173.1,124.4],[1176.6,123.1],[1185.6,123.9],[1188.9,125.4],[1193.6,130.6],[1197.6,128.4],[1200.4,130.9],[1200.4,133.1],[1197.6,135.4],[1198.6,137.9],[1207.6,145.1],[1209.6,149.1],[1209.4,151.6],[1207.1,154.1],[1200.4,155.1],[1196.6,157.1],[1195.1,160.4],[1194.9,176.4],[1192.9,178.6],[1187.9,179.6],[1186.4,181.1],[1187.1,185.1],[1191.9,190.6],[1193.4,197.4],[1196.9,195.9],[1198.1,189.6],[1201.1,186.4],[1205.6,185.9],[1208.9,183.9],[1208.9,166.6],[1212.9,162.1],[1218.1,164.4],[1226.6,160.9],[1229.9,162.9],[1228.6,175.1],[1222.1,184.6],[1224.6,188.6],[1228.4,188.6],[1231.4,185.9],[1230.9,177.1],[1240.9,171.1],[1248.4,171.9],[1252.6,178.9],[1259.6,185.1],[1260.6,190.1],[1263.4,192.9],[1263.9,195.1],[1261.4,198.6],[1260.6,203.9],[1253.4,212.6],[1253.1,215.4],[1255.1,219.6],[1254.1,229.6],[1256.9,233.4],[1265.4,234.1],[1267.6,236.1],[1270.1,242.4],[1270.1,248.6],[1273.4,257.4],[1280.6,262.1],[1282.6,268.9],[1280.1,271.6],[1276.4,271.9],[1271.1,269.6],[1265.1,262.9],[1262.9,262.6],[1262.1,267.6],[1265.6,276.1],[1269.4,275.9],[1274.9,278.4],[1277.4,281.4],[1277.1,284.9],[1273.6,287.1],[1270.6,286.9],[1264.4,280.1],[1256.4,284.4],[1250.9,284.4],[1249.9,286.4],[1251.1,290.4],[1249.6,292.9],[1247.6,293.4],[1242.9,291.4],[1241.1,293.6],[1240.9,298.4],[1237.9,301.6],[1234.6,303.1],[1229.1,302.6],[1227.9,303.6],[1230.1,309.4],[1227.9,316.4],[1226.1,317.9],[1220.6,317.1],[1216.4,319.1],[1211.9,318.9],[1206.4,308.1],[1203.1,306.6],[1206.1,314.4],[1206.1,324.1],[1216.6,333.1],[1220.4,338.6],[1217.1,345.6],[1217.4,353.1],[1219.1,353.1],[1221.4,350.9],[1223.4,346.9],[1226.9,350.9],[1233.1,351.9],[1240.9,358.1],[1243.9,354.1],[1251.6,355.9],[1258.4,353.4],[1259.6,355.6],[1257.9,357.6],[1250.4,359.1],[1248.6,360.6],[1253.4,368.6],[1266.9,359.4],[1277.4,358.6],[1279.1,356.6],[1279.6,350.9],[1287.9,345.1],[1283.9,335.9],[1278.9,328.6],[1280.9,322.9],[1283.1,320.4],[1285.4,320.1],[1291.9,323.4],[1297.4,328.4],[1307.1,323.9],[1308.6,322.1],[1308.4,320.1],[1302.4,313.9],[1300.9,310.4],[1301.4,308.4],[1303.6,306.9],[1316.9,314.4],[1327.1,315.9],[1336.1,324.4],[1341.9,327.4],[1343.6,331.9],[1341.4,335.6],[1341.1,339.4],[1344.1,343.4],[1346.6,343.4],[1348.4,339.1],[1351.1,336.4],[1360.6,333.1],[1365.4,328.6],[1369.9,330.4],[1378.4,339.4],[1381.1,339.1],[1381.9,336.9],[1379.4,333.1],[1378.9,329.6],[1384.1,322.6],[1374.4,315.4],[1364.1,316.6],[1354.1,311.6],[1352.4,309.6],[1353.9,304.6],[1352.1,298.4],[1353.1,292.6],[1356.1,291.1],[1358.1,292.9],[1362.1,302.1],[1366.1,306.4],[1381.9,312.4],[1386.1,309.6],[1388.1,303.6],[1390.1,301.4],[1395.4,300.6],[1397.4,298.9],[1398.4,293.9],[1400.1,291.9],[1407.1,292.6],[1409.4,290.9],[1411.9,283.6],[1408.4,275.9],[1402.1,280.6],[1391.6,283.1],[1378.4,283.1],[1359.6,287.1],[1353.6,286.1],[1348.4,288.1],[1338.4,286.1],[1318.1,295.6],[1310.9,295.6],[1301.6,302.1],[1290.4,300.6],[1288.4,302.6],[1287.6,306.6],[1283.6,308.9],[1279.1,308.9],[1273.9,304.9],[1270.6,307.1],[1268.6,312.6],[1265.6,312.9],[1262.4,310.6],[1263.4,304.4],[1261.4,299.4],[1262.9,296.4],[1262.4,292.1],[1264.1,289.9],[1267.6,289.4],[1269.6,295.4],[1276.1,298.6],[1279.9,294.1],[1283.9,284.9],[1287.1,281.4],[1289.6,280.1],[1294.9,280.4],[1297.4,277.9],[1296.9,265.4],[1295.6,262.1],[1293.9,261.4],[1287.9,263.9],[1285.9,261.4],[1286.9,258.6],[1296.9,251.9],[1299.6,250.9],[1302.1,251.6],[1308.6,260.9],[1314.9,264.4],[1320.6,272.9],[1325.6,276.1],[1327.1,275.1],[1327.6,272.6],[1325.4,262.4],[1327.6,260.9],[1335.6,263.9],[1341.4,263.1],[1349.6,269.6],[1351.9,269.4],[1354.4,266.9],[1354.4,263.9],[1351.9,260.6],[1346.6,258.1],[1339.1,256.6],[1337.1,254.4],[1336.9,249.4],[1341.1,244.4],[1344.9,242.4],[1347.4,241.9],[1352.6,243.6],[1353.1,237.6],[1357.1,233.4],[1363.1,234.9],[1371.4,242.1],[1376.9,242.4],[1379.9,245.6],[1381.1,254.1],[1384.1,256.4],[1386.9,255.9],[1388.4,254.1],[1389.6,243.9],[1378.9,231.6],[1375.9,231.1],[1372.9,233.1],[1363.4,231.9],[1359.4,228.9],[1358.1,225.6],[1356.9,225.6],[1355.6,229.9],[1352.9,232.6],[1334.1,237.4],[1331.6,244.1],[1333.9,250.1],[1329.4,252.9],[1326.9,252.4],[1325.4,250.6],[1326.6,245.9],[1322.9,241.1],[1322.4,238.1],[1325.9,234.4],[1331.6,235.1],[1332.6,234.1],[1329.9,225.6],[1330.9,220.9],[1336.4,216.4],[1340.6,221.9],[1343.9,221.4],[1352.6,215.4],[1353.6,208.1],[1351.6,207.1],[1345.6,209.1],[1337.1,205.6],[1327.9,195.6],[1320.1,191.6],[1316.1,185.9],[1306.1,184.1],[1303.9,180.4],[1304.6,173.6],[1302.4,171.4],[1298.9,171.6],[1293.6,177.9],[1291.4,177.9],[1283.1,170.1],[1284.1,168.1],[1289.4,167.9],[1292.1,166.1],[1291.4,158.1],[1273.1,142.6],[1271.1,142.4],[1267.6,145.4],[1264.9,145.4],[1263.4,143.6],[1264.1,138.9],[1256.4,133.9],[1255.4,129.1],[1257.9,127.1],[1264.1,129.4],[1266.9,128.9],[1268.6,126.4],[1268.1,118.6],[1270.4,116.6],[1273.1,117.6],[1274.4,121.4],[1271.9,125.6],[1272.6,128.9],[1277.9,132.9],[1286.6,136.1],[1290.6,146.9],[1304.1,158.9],[1306.6,168.9],[1315.6,175.6],[1318.9,175.4],[1320.4,173.9],[1320.4,170.9],[1315.4,164.1],[1314.4,157.6],[1308.1,153.6],[1300.9,145.1],[1300.1,139.6],[1302.9,136.9],[1306.4,136.1],[1310.9,138.4],[1316.9,143.9],[1323.9,146.4],[1331.4,155.6],[1331.1,157.9],[1325.1,161.6],[1323.1,165.6],[1327.6,176.9],[1329.6,178.6],[1334.6,178.9],[1337.6,180.6],[1338.1,183.6],[1336.4,189.1],[1339.1,192.4],[1345.6,192.9],[1352.4,195.9],[1357.6,195.4],[1358.1,192.4],[1349.6,183.6],[1345.4,183.1],[1345.6,177.6],[1338.4,168.6],[1338.9,162.4],[1337.9,158.6],[1343.6,152.4],[1344.6,148.4],[1343.6,143.1],[1344.9,142.1],[1348.6,142.4],[1353.9,138.4],[1357.4,134.9],[1357.6,131.1],[1352.9,130.4],[1352.6,135.1],[1349.1,136.9],[1347.1,132.9],[1350.1,128.6],[1348.6,127.1],[1343.9,126.1],[1342.4,127.1],[1339.6,135.9],[1335.6,137.9],[1325.1,132.6],[1317.1,125.1],[1309.1,121.6],[1287.1,96.4],[1287.4,92.1],[1293.4,86.4],[1289.1,82.6],[1291.1,77.1],[1285.4,77.1],[1279.4,74.4],[1274.4,75.6],[1270.1,72.1],[1264.4,75.1],[1262.1,74.6],[1261.1,71.4],[1267.6,66.1],[1265.4,61.4],[1249.6,57.1],[1245.6,57.4],[1243.6,59.1],[1243.1,61.4],[1245.1,65.4],[1253.4,67.1],[1255.1,68.9],[1256.6,73.6],[1254.6,75.6],[1238.6,71.9],[1232.1,66.6],[1224.6,65.9],[1222.1,63.9],[1220.9,61.4],[1221.4,57.1],[1223.9,55.1],[1232.1,55.4],[1234.9,53.1],[1235.4,50.4],[1227.4,45.4],[1225.1,45.6],[1219.1,50.9],[1215.9,49.1],[1215.9,44.9],[1222.6,38.1],[1219.4,27.9],[1215.1,23.6],[1206.1,21.6],[1195.4,9.9],[1195.1,7.6],[1198.1,4.4],[1200.4,3.9],[1225.6,16.6],[1236.1,14.4],[1238.6,16.9],[1239.1,19.4],[1233.9,25.9],[1233.6,27.9],[1235.4,30.4],[1237.4,30.9],[1240.4,28.9],[1241.1,23.6],[1243.9,20.9],[1247.4,19.9],[1253.1,21.6],[1254.9,19.4],[1253.4,13.1],[1250.9,10.6],[1246.1,8.6],[1240.4,0.1],[1188.1,0.1],[1192.4,6.9],[1189.6,7.9],[1182.1,5.1],[1182.1,8.9],[1175.6,13.6],[1173.1,13.1],[1169.1,8.4],[1157.9,11.1],[1152.4,4.6],[1148.1,4.6],[1146.6,7.9],[1148.4,10.1],[1156.9,16.9],[1173.6,26.6],[1173.4,29.1],[1171.1,30.9],[1163.4,29.6],[1157.1,26.6],[1147.9,16.6],[1141.9,12.9],[1141.9,5.6],[1139.9,2.6],[1132.4,3.6],[1129.9,0.1],[1128.4,0.1]],[[1339.6,294.4],[1341.6,294.4],[1343.1,296.6],[1343.1,306.6],[1340.4,313.4],[1337.6,315.1],[1334.4,313.4],[1332.1,305.6],[1339.6,294.4]],[[1295.4,199.1],[1302.1,200.9],[1306.6,205.9],[1306.9,211.4],[1302.6,215.4],[1302.6,217.1],[1304.4,224.4],[1310.1,233.1],[1311.1,241.4],[1308.9,244.6],[1304.6,246.1],[1297.1,239.1],[1291.6,238.6],[1290.1,241.4],[1289.9,252.4],[1287.9,254.6],[1285.6,254.9],[1279.9,253.1],[1275.6,248.6],[1277.9,236.4],[1275.1,224.6],[1279.4,218.4],[1287.4,221.9],[1293.9,218.4],[1297.4,214.9],[1297.4,212.1],[1293.9,208.1],[1292.1,203.4],[1292.4,201.1],[1295.4,199.1]],[[1283.4,81.1],[1286.1,81.4],[1287.6,83.6],[1282.9,87.4],[1280.9,85.9],[1280.4,83.4],[1283.4,81.1]],[[1276.6,198.9],[1280.1,199.9],[1282.4,202.6],[1280.1,209.1],[1278.1,210.9],[1275.1,209.4],[1273.9,205.6],[1274.4,200.9],[1276.6,198.9]],[[1272.6,324.4],[1276.4,325.9],[1275.6,331.6],[1280.1,336.6],[1279.6,338.6],[1276.6,341.1],[1275.1,353.4],[1273.4,355.6],[1271.1,354.1],[1268.6,341.6],[1264.4,337.9],[1262.9,334.4],[1263.4,332.1],[1266.1,329.4],[1269.4,328.4],[1272.6,324.4]],[[1265.4,76.1],[1268.6,75.9],[1271.9,77.4],[1273.6,79.9],[1273.9,83.4],[1270.4,86.9],[1265.4,86.9],[1262.4,89.6],[1259.9,89.6],[1256.6,87.1],[1256.4,85.4],[1265.4,76.1]],[[1265.4,155.6],[1267.1,155.6],[1270.9,159.6],[1270.4,166.1],[1272.6,171.6],[1270.4,173.1],[1266.1,172.6],[1263.6,168.9],[1264.6,164.4],[1263.9,157.6],[1265.4,155.6]],[[1266.1,91.4],[1269.6,93.1],[1270.9,96.9],[1265.4,93.6],[1266.1,91.4]],[[1250.6,98.9],[1256.4,96.4],[1256.9,98.4],[1254.1,103.4],[1254.1,107.6],[1257.6,113.9],[1258.1,118.6],[1254.9,123.6],[1252.6,123.9],[1248.1,120.4],[1247.4,113.9],[1241.4,100.4],[1243.4,98.4],[1250.6,98.9]],[[1255.6,343.1],[1257.9,344.1],[1255.9,346.4],[1254.4,345.1],[1255.6,343.1]],[[1253.6,330.4],[1255.9,331.1],[1254.6,333.9],[1252.4,332.4],[1253.6,330.4]],[[1229.6,103.4],[1232.6,104.4],[1234.6,112.1],[1242.1,125.4],[1241.1,130.1],[1237.6,134.1],[1237.6,137.1],[1240.6,142.9],[1244.4,146.9],[1248.1,150.4],[1253.4,152.1],[1254.9,153.9],[1254.1,157.1],[1251.1,159.6],[1247.9,159.6],[1240.6,155.1],[1230.9,154.1],[1221.9,144.6],[1216.4,140.9],[1216.4,138.1],[1222.4,133.6],[1231.1,134.9],[1233.1,133.1],[1229.9,125.4],[1230.6,120.6],[1226.9,113.6],[1226.9,107.4],[1229.6,103.4]],[[1246.9,322.9],[1248.4,323.6],[1247.6,324.6],[1246.4,323.9],[1246.9,322.9]],[[1243.6,331.9],[1244.9,331.6],[1246.4,333.4],[1247.9,339.4],[1242.9,344.6],[1239.9,345.4],[1239.4,343.9],[1242.9,338.6],[1243.6,331.9]],[[1237.4,87.4],[1239.1,88.1],[1238.1,90.1],[1236.1,88.9],[1237.4,87.4]],[[1228.9,90.4],[1230.9,90.1],[1232.6,92.1],[1230.6,95.6],[1227.4,93.6],[1228.9,90.4]],[[1224.1,325.6],[1226.9,326.9],[1225.1,330.1],[1222.4,328.6],[1224.1,325.6]],[[1221.4,118.4],[1221.6,117.1],[1222.1,117.9],[1221.4,118.4]],[[1218.1,65.4],[1220.9,66.4],[1220.4,68.6],[1217.4,67.6],[1218.1,65.4]],[[1208.6,71.4],[1211.1,71.6],[1212.6,74.9],[1207.6,81.9],[1205.4,88.6],[1206.4,92.6],[1204.6,93.4],[1201.4,89.9],[1202.9,82.6],[1201.1,76.9],[1208.6,71.4]],[[1179.4,28.4],[1184.4,27.1],[1187.6,30.1],[1187.1,37.4],[1190.1,41.4],[1204.9,48.4],[1208.6,52.1],[1212.6,58.1],[1210.9,62.1],[1208.1,62.6],[1204.9,61.1],[1199.9,55.6],[1196.1,53.6],[1190.9,53.1],[1189.1,55.4],[1191.1,67.4],[1189.6,69.6],[1187.9,69.6],[1183.4,65.1],[1183.9,57.9],[1182.9,56.1],[1176.1,52.6],[1166.9,50.6],[1161.1,46.6],[1163.6,38.9],[1167.9,37.4],[1170.9,39.6],[1170.6,45.1],[1175.9,47.6],[1175.1,41.6],[1180.1,34.6],[1179.4,28.4]],[[1200.1,26.6],[1203.1,26.9],[1204.6,30.1],[1203.1,31.1],[1200.4,30.6],[1199.1,29.1],[1200.1,26.6]],[[1173.9,64.6],[1179.1,65.9],[1195.1,76.9],[1195.9,84.6],[1194.1,89.1],[1191.1,92.4],[1189.4,92.6],[1187.4,90.9],[1182.4,79.1],[1179.9,76.6],[1174.9,75.6],[1171.9,73.1],[1170.9,68.4],[1173.9,64.6]],[[1176.1,99.4],[1181.4,98.1],[1183.6,100.1],[1183.6,104.1],[1181.1,107.1],[1174.6,108.9],[1172.1,106.4],[1172.1,103.6],[1176.1,99.4]],[[1156.1,138.1],[1158.6,137.9],[1162.6,140.1],[1164.1,143.4],[1163.6,146.9],[1160.4,149.9],[1148.6,155.4],[1145.9,155.4],[1144.4,153.6],[1145.9,148.9],[1152.4,140.9],[1156.1,138.1]],[[1149.9,33.6],[1153.1,33.9],[1156.6,37.9],[1156.9,43.4],[1154.4,45.9],[1148.6,45.9],[1146.1,43.4],[1146.4,36.9],[1149.9,33.6]],[[1145.9,25.4],[1146.9,25.1],[1147.4,26.4],[1146.1,26.9],[1145.9,25.4]],[[1118.1,13.1],[1119.6,12.9],[1121.6,14.6],[1119.6,17.6],[1116.6,15.6],[1118.1,13.1]],[[1114.6,23.4],[1117.9,24.6],[1118.4,26.6],[1117.1,28.1],[1113.6,26.1],[1114.6,23.4]]]}},{"type":"Feature","properties":{"id":"LU_FOREST_HARDWOOD_0375","class":"forest_hardwood","color":"#5d7a32","area_m2":2244.0},"geometry":{"type":"Polygon","coordinates":[[[1062.1,0.1],[1061.1,3.1],[1057.9,6.6],[1035.6,22.1],[1035.1,25.6],[1038.9,31.6],[1040.9,37.9],[1043.6,36.9],[1042.9,31.6],[1044.4,28.1],[1046.9,25.9],[1055.9,22.4],[1058.4,17.1],[1061.6,14.4],[1061.6,9.4],[1066.9,0.4],[1062.1,0.1]]]}},{"type":"Feature","properties":{"id":"LU_FOREST_HARDWOOD_0376","class":"forest_hardwood","color":"#5d7a32","area_m2":373.0},"geometry":{"type":"Polygon","coordinates":[[[1040.1,0.1],[1037.1,8.1],[1038.9,10.4],[1041.4,10.6],[1044.4,8.1],[1044.9,0.1],[1040.1,0.1]]]}},{"type":"Feature","properties":{"id":"LU_FOREST_HARDWOOD_0377","class":"forest_hardwood","color":"#5d7a32","area_m2":39700.0},"geometry":{"type":"Polygon","coordinates":[[[878.1,0.1],[880.1,5.6],[879.6,8.1],[870.6,18.1],[869.1,21.6],[871.4,31.4],[874.6,34.6],[877.6,34.4],[878.9,32.4],[877.9,28.6],[878.6,24.9],[884.4,21.9],[890.1,21.6],[891.6,23.4],[890.6,33.1],[898.6,40.1],[900.1,43.4],[899.9,46.4],[896.4,51.1],[900.9,55.9],[904.6,56.4],[908.1,51.4],[912.4,50.6],[914.4,48.9],[915.9,40.4],[917.9,38.1],[924.4,40.9],[936.4,34.9],[939.9,36.4],[943.1,40.4],[945.4,40.9],[948.9,39.4],[957.1,29.4],[960.6,28.4],[963.6,31.9],[964.9,38.4],[958.6,45.1],[956.9,50.4],[954.4,52.1],[951.9,51.6],[945.1,45.4],[942.1,46.9],[941.4,50.4],[943.1,53.4],[948.9,56.4],[953.1,61.4],[961.6,66.1],[967.9,75.6],[967.9,78.4],[965.6,81.6],[966.6,83.1],[971.4,84.9],[987.6,83.9],[994.1,82.4],[1000.6,77.9],[1002.9,78.4],[1006.9,82.1],[1018.6,77.9],[1022.9,79.9],[1024.6,79.1],[1024.4,74.9],[1019.4,69.9],[1017.4,65.1],[1012.4,60.9],[1010.1,55.6],[1010.1,51.6],[1013.9,47.1],[1015.9,40.9],[1009.1,34.1],[1010.9,28.6],[1010.9,13.6],[1005.4,5.1],[1004.9,0.1],[963.6,0.1],[967.1,5.4],[971.6,7.6],[971.6,12.6],[974.9,16.9],[973.1,19.1],[965.6,18.9],[961.4,15.1],[956.9,10.1],[953.9,0.1],[919.1,0.1],[919.4,3.4],[921.6,5.6],[924.6,5.9],[932.4,2.9],[936.6,6.1],[938.1,9.4],[937.6,13.9],[926.6,24.1],[924.1,29.1],[921.4,31.1],[919.1,30.6],[913.9,24.4],[916.9,17.6],[916.4,9.9],[914.4,6.1],[907.1,0.1],[899.6,0.1],[900.9,6.4],[896.6,10.6],[894.9,10.4],[892.4,7.1],[892.9,0.1],[878.1,0.1]],[[999.6,57.1],[1003.9,57.9],[1009.9,65.6],[1008.6,69.9],[1004.6,72.6],[1001.9,71.1],[997.9,61.6],[998.1,58.1],[999.6,57.1]],[[984.6,6.4],[991.4,7.1],[993.6,9.4],[991.1,19.4],[997.1,27.4],[996.9,32.6],[994.6,36.6],[991.9,36.1],[985.1,30.4],[985.1,27.6],[987.4,23.4],[981.9,16.4],[982.1,8.6],[984.6,6.4]],[[991.6,74.4],[994.6,75.4],[993.9,77.9],[990.6,76.9],[991.6,74.4]],[[984.1,56.1],[989.4,56.1],[991.4,58.9],[982.1,61.6],[980.1,58.9],[984.1,56.1]],[[980.4,38.1],[982.6,38.4],[984.1,40.6],[983.6,42.6],[981.4,44.1],[977.4,41.6],[977.6,39.9],[980.4,38.1]],[[969.6,26.6],[976.9,30.4],[977.1,32.1],[975.4,34.1],[973.6,34.4],[970.4,31.9],[968.6,28.1],[969.6,26.6]],[[899.1,23.9],[901.4,24.1],[902.9,25.9],[901.1,28.9],[897.4,26.6],[899.1,23.9]]]}},{"type":"Feature","properties":{"id":"LU_FOREST_HARDWOOD_0378","class":"forest_hardwood","color":"#5d7a32","area_m2":1147.0},"geometry":{"type":"Polygon","coordinates":[[[844.6,0.1],[856.6,10.6],[869.1,6.9],[871.9,2.6],[871.9,0.1],[844.6,0.1]]]}},{"type":"Feature","properties":{"id":"LU_FOREST_HARDWOOD_0379","class":"forest_hardwood","color":"#5d7a32","area_m2":1523.0},"geometry":{"type":"Polygon","coordinates":[[[808.1,0.1],[808.1,4.6],[811.1,9.4],[823.9,17.4],[826.4,17.9],[828.4,16.6],[828.9,10.4],[824.4,3.1],[823.9,0.1],[808.1,0.1]]]}},{"type":"Feature","properties":{"id":"LU_FOREST_HARDWOOD_0380","class":"forest_hardwood","color":"#5d7a32","area_m2":62222.0},"geometry":{"type":"Polygon","coordinates":[[[752.1,0.1],[753.1,11.6],[746.1,21.4],[745.9,23.9],[752.4,24.1],[758.1,29.4],[766.6,27.6],[774.9,32.4],[776.9,34.9],[776.1,38.1],[772.9,41.6],[764.9,45.1],[761.6,48.1],[761.4,50.4],[763.1,52.9],[765.9,53.4],[769.1,51.9],[774.6,46.1],[783.1,44.9],[792.4,35.9],[795.1,31.4],[798.4,29.9],[802.1,30.4],[805.6,33.1],[809.1,38.4],[812.4,39.9],[820.1,40.4],[822.1,42.1],[822.6,44.6],[820.4,46.9],[812.6,49.1],[800.6,46.4],[794.1,49.6],[791.6,52.1],[791.6,54.6],[794.4,55.9],[800.4,53.9],[805.6,57.1],[805.6,61.1],[801.9,67.4],[810.6,77.1],[814.9,75.1],[817.1,65.6],[819.1,63.4],[826.9,63.4],[828.9,65.6],[829.1,70.6],[822.4,82.1],[824.6,83.9],[836.1,84.4],[840.9,87.9],[845.9,89.4],[849.6,93.1],[850.9,98.1],[846.1,104.6],[849.1,109.4],[854.1,112.4],[856.4,111.6],[856.6,109.6],[853.9,103.6],[856.9,100.4],[860.1,100.4],[865.1,104.4],[868.4,105.1],[881.9,94.9],[887.4,93.9],[890.9,96.6],[892.4,105.4],[886.1,112.9],[884.4,119.4],[887.1,123.4],[894.6,129.1],[898.1,135.9],[907.1,136.9],[908.6,135.6],[907.1,133.1],[901.9,131.6],[898.4,128.9],[899.4,125.4],[908.4,124.6],[915.4,117.4],[917.1,117.6],[920.6,121.1],[923.1,126.4],[922.9,129.4],[915.6,137.1],[915.4,139.1],[918.6,143.9],[920.9,150.6],[920.1,155.1],[922.9,156.9],[923.4,159.4],[917.9,165.1],[918.4,167.4],[924.9,167.4],[929.1,159.4],[933.1,159.9],[938.9,164.9],[938.6,166.9],[935.9,169.6],[930.1,172.1],[930.9,175.6],[933.1,176.4],[935.6,172.1],[937.9,172.4],[940.9,176.1],[943.4,174.9],[943.1,163.6],[949.6,159.1],[958.6,162.6],[962.4,166.4],[964.6,166.1],[965.1,163.9],[958.4,158.9],[957.1,154.6],[958.4,148.1],[961.9,145.4],[965.4,144.9],[968.9,147.6],[969.1,155.6],[970.9,159.1],[974.4,160.1],[979.6,158.4],[984.9,164.6],[993.4,162.1],[995.9,163.4],[999.6,168.1],[1001.1,171.4],[999.9,178.4],[1003.1,185.6],[999.6,192.1],[1000.9,194.9],[1005.9,196.4],[1012.4,192.9],[1012.9,188.4],[1008.9,181.1],[1011.1,179.1],[1019.1,188.4],[1028.6,191.4],[1028.4,198.1],[1030.1,200.4],[1034.1,199.9],[1038.4,195.9],[1039.1,192.6],[1037.6,186.6],[1034.9,183.6],[1027.1,178.6],[1017.9,176.6],[1014.4,173.9],[1013.4,165.9],[1008.9,160.1],[1006.1,152.9],[996.9,152.6],[987.9,143.6],[981.9,141.1],[974.1,135.1],[961.9,131.1],[955.9,121.6],[952.1,119.6],[944.9,112.6],[936.9,109.1],[926.4,100.9],[923.4,93.1],[919.1,90.6],[915.1,85.4],[916.4,76.1],[918.9,74.1],[924.6,74.6],[920.6,69.4],[916.4,68.6],[908.9,76.6],[905.4,77.6],[903.9,74.6],[906.6,70.4],[905.9,67.1],[895.4,66.1],[886.4,62.4],[885.1,64.1],[885.6,67.1],[880.6,70.1],[880.9,73.1],[878.9,74.4],[877.1,72.9],[877.9,69.4],[873.4,64.9],[872.4,60.9],[869.1,56.1],[859.9,53.1],[854.9,47.6],[844.6,44.9],[838.1,39.6],[828.6,37.9],[818.4,29.4],[810.4,29.9],[805.4,17.1],[796.9,12.6],[794.1,9.6],[792.1,5.4],[792.9,0.1],[789.1,0.1],[787.4,2.6],[784.4,0.1],[769.6,0.1],[772.9,7.6],[772.6,9.9],[770.6,11.6],[761.1,9.1],[759.4,7.1],[757.9,0.1],[752.1,0.1]],[[957.4,133.9],[961.6,135.6],[960.6,138.6],[958.9,138.9],[956.6,137.1],[956.1,134.9],[957.4,133.9]],[[931.6,125.1],[934.1,126.9],[933.4,135.6],[935.6,138.9],[943.9,142.4],[945.9,144.6],[946.1,156.1],[944.1,158.6],[938.9,158.6],[931.1,153.4],[931.9,136.9],[928.9,133.1],[927.4,128.4],[931.6,125.1]],[[908.9,101.9],[912.9,100.4],[915.4,102.9],[915.1,105.6],[909.1,103.6],[908.9,101.9]],[[903.1,106.4],[905.9,107.9],[904.9,110.1],[902.1,108.1],[903.1,106.4]],[[887.6,74.1],[889.6,74.1],[892.1,77.9],[896.1,80.9],[895.9,82.9],[893.1,85.9],[889.4,83.9],[886.4,78.1],[886.1,75.9],[887.6,74.1]],[[874.4,87.6],[876.6,88.6],[875.4,90.6],[873.4,89.4],[874.4,87.6]],[[846.1,56.9],[853.4,59.9],[859.1,60.1],[860.9,61.9],[860.9,63.9],[855.6,67.1],[849.9,66.6],[846.1,64.6],[844.4,62.1],[844.1,58.6],[846.1,56.9]],[[834.1,65.9],[837.1,64.1],[838.9,65.9],[839.1,68.1],[837.6,69.9],[834.4,67.9],[834.1,65.9]],[[829.9,50.1],[833.4,50.6],[834.4,52.9],[832.4,54.1],[830.1,53.6],[828.6,51.9],[829.9,50.1]],[[813.9,58.1],[816.6,59.4],[815.1,61.9],[813.1,60.9],[813.9,58.1]],[[783.6,8.9],[793.6,12.1],[795.1,13.6],[794.9,15.6],[790.4,17.1],[783.9,14.1],[781.9,11.1],[783.6,8.9]]]}},{"type":"Feature","properties":{"id":"LU_FOREST_HARDWOOD_0381","class":"forest_hardwood","color":"#5d7a32","area_m2":1466.0},"geometry":{"type":"Polygon","coordinates":[[[709.1,0.1],[711.6,3.6],[720.4,3.9],[723.6,6.1],[721.1,19.6],[723.1,23.9],[726.4,24.9],[729.1,21.6],[727.9,14.4],[733.4,4.1],[733.9,0.1],[709.1,0.1]]]}},{"type":"Feature","properties":{"id":"LU_FOREST_HARDWOOD_0382","class":"forest_hardwood","color":"#5d7a32","area_m2":20187.0},"geometry":{"type":"Polygon","coordinates":[[[600.1,0.1],[599.9,4.4],[595.1,9.9],[592.6,15.9],[587.1,21.1],[575.9,24.6],[575.1,27.1],[581.6,26.9],[595.4,29.6],[601.9,24.9],[611.1,20.4],[623.9,20.1],[629.4,18.1],[636.4,21.1],[639.9,28.6],[638.1,32.4],[633.4,31.6],[630.1,33.6],[626.6,33.9],[621.1,27.9],[611.6,35.1],[611.4,38.4],[616.6,41.6],[629.9,40.4],[632.1,44.1],[624.6,49.1],[624.1,52.9],[627.9,54.4],[633.6,50.1],[638.1,50.9],[641.6,54.9],[644.6,64.9],[652.6,71.6],[656.1,71.1],[659.6,63.9],[666.4,62.6],[668.9,59.4],[668.1,57.4],[665.6,56.9],[659.1,63.6],[657.6,63.6],[651.4,58.9],[648.6,54.4],[650.1,51.4],[656.9,48.4],[662.9,41.9],[669.1,41.6],[670.6,40.1],[668.6,30.6],[666.4,29.1],[660.1,28.6],[655.4,23.6],[660.6,14.4],[663.1,12.4],[666.1,12.9],[670.6,17.1],[673.6,22.9],[678.6,27.1],[681.6,32.9],[687.4,37.1],[690.1,37.1],[694.1,32.4],[696.4,32.1],[702.6,37.1],[704.1,41.1],[707.1,44.4],[717.4,42.9],[724.6,45.1],[726.9,44.1],[726.6,42.4],[718.9,33.6],[713.6,31.1],[709.1,30.6],[700.6,21.1],[700.6,18.4],[703.1,14.9],[702.6,13.4],[700.1,13.6],[690.6,25.4],[688.9,25.6],[686.6,23.6],[682.9,25.9],[680.4,23.6],[680.6,21.9],[684.4,18.9],[682.4,14.1],[671.1,8.6],[666.1,7.6],[662.4,3.9],[660.9,0.1],[648.6,0.1],[653.9,7.9],[651.9,10.1],[642.1,4.6],[638.9,0.1],[634.1,0.1],[635.1,6.1],[633.9,8.1],[627.1,7.9],[622.4,10.1],[612.1,4.6],[609.9,0.1],[600.1,0.1]],[[651.6,32.9],[655.6,31.4],[657.6,34.1],[655.6,37.6],[653.1,37.1],[651.4,34.9],[651.6,32.9]],[[642.6,12.1],[647.9,12.4],[650.1,16.1],[643.9,21.6],[641.9,21.9],[640.1,18.6],[640.6,13.9],[642.6,12.1]],[[637.9,39.1],[640.9,40.9],[639.6,43.6],[636.1,41.9],[636.1,40.1],[637.9,39.1]]]}},{"type":"Feature","properties":{"id":"LU_FOREST_HARDWOOD_0383","class":"forest_hardwood","color":"#5d7a32","area_m2":1188.0},"geometry":{"type":"Polygon","coordinates":[[[556.1,0.1],[556.6,2.9],[559.1,5.4],[570.6,10.9],[584.4,7.6],[586.9,4.4],[586.9,0.1],[576.1,0.1],[574.6,4.9],[570.6,7.1],[566.4,3.9],[564.9,0.1],[556.1,0.1]]]}},{"type":"Feature","properties":{"id":"LU_FOREST_HARDWOOD_0384","class":"forest_hardwood","color":"#5d7a32","area_m2":303374.0},"geometry":{"type":"Polygon","coordinates":[[[447.1,0.1],[446.9,3.6],[442.6,13.9],[425.9,27.6],[420.4,29.1],[413.1,23.6],[409.6,26.1],[408.4,28.6],[408.6,30.9],[411.6,32.9],[426.6,31.9],[429.9,30.4],[435.1,23.4],[447.9,18.4],[452.4,11.1],[455.9,7.9],[459.4,7.1],[466.9,9.4],[468.9,11.9],[467.6,15.9],[451.6,31.1],[444.6,41.9],[439.1,46.9],[438.1,51.6],[440.1,54.6],[442.6,54.9],[449.1,52.4],[455.6,47.6],[455.9,45.9],[453.4,41.1],[455.4,37.1],[458.9,33.9],[464.4,32.1],[470.4,37.1],[475.9,34.9],[480.9,28.1],[483.6,29.9],[483.9,34.4],[479.1,37.6],[476.6,41.4],[482.6,45.1],[484.1,49.4],[480.4,56.6],[478.9,65.9],[482.9,64.4],[488.1,58.4],[499.9,52.4],[506.1,41.4],[512.6,41.9],[519.4,37.6],[523.1,38.9],[530.6,44.6],[532.6,43.9],[535.1,39.4],[539.4,38.1],[542.9,38.4],[545.4,41.4],[545.6,44.1],[543.6,48.9],[541.4,50.9],[536.4,52.4],[540.9,61.6],[539.9,63.9],[536.9,63.6],[531.1,60.6],[523.4,52.9],[520.6,47.6],[518.9,47.1],[515.1,53.4],[515.6,61.9],[513.4,63.9],[507.1,65.1],[503.6,71.9],[499.1,76.1],[505.1,76.6],[506.4,78.4],[505.6,80.9],[502.1,84.1],[496.4,86.9],[490.4,84.1],[484.6,85.4],[481.4,88.9],[482.6,92.4],[489.6,92.9],[494.4,94.9],[502.6,94.9],[515.4,87.6],[519.6,81.1],[537.4,77.6],[540.9,72.1],[543.6,70.1],[549.6,71.4],[554.9,68.4],[558.1,68.4],[561.9,70.4],[567.4,76.9],[570.1,84.4],[570.1,91.6],[567.4,96.9],[568.1,101.6],[574.1,108.9],[576.1,114.6],[574.6,118.9],[570.4,121.1],[565.4,118.9],[563.1,110.9],[560.6,112.1],[560.1,116.6],[561.6,121.9],[564.4,124.4],[568.6,124.4],[570.9,130.1],[573.1,130.9],[581.4,124.9],[584.6,115.4],[586.9,113.4],[590.9,112.4],[595.9,107.1],[596.9,101.4],[593.1,94.4],[592.9,91.4],[595.4,84.1],[599.1,80.4],[601.4,80.1],[605.6,83.9],[605.1,90.4],[607.9,96.6],[607.1,100.1],[600.4,108.6],[603.1,116.4],[602.9,120.4],[594.6,128.1],[593.6,133.9],[583.6,142.1],[583.6,146.9],[590.1,152.4],[593.6,152.9],[596.9,151.4],[604.4,143.1],[609.4,141.9],[612.1,143.9],[613.6,149.9],[617.1,153.4],[623.6,154.9],[631.1,152.9],[633.9,148.4],[632.6,145.6],[625.6,147.4],[622.9,145.1],[622.1,139.6],[626.9,135.4],[631.9,135.4],[634.1,137.9],[635.6,142.4],[638.4,143.9],[643.4,143.9],[648.6,141.1],[650.4,141.6],[647.6,148.9],[642.1,152.6],[631.9,163.6],[616.9,169.1],[603.9,181.6],[601.6,181.9],[599.1,180.6],[591.9,172.6],[586.4,172.9],[585.1,171.9],[585.9,164.4],[584.4,160.1],[581.9,157.6],[579.6,157.4],[577.1,159.1],[575.6,164.1],[573.1,166.6],[570.6,167.1],[567.1,165.6],[563.4,161.1],[562.4,155.1],[547.1,140.6],[543.4,140.1],[540.9,141.6],[542.6,146.1],[541.1,148.9],[538.1,147.9],[535.6,143.1],[533.9,142.1],[530.1,143.6],[526.1,148.4],[524.4,148.6],[518.9,139.6],[520.1,129.6],[524.4,127.6],[530.4,130.1],[535.6,127.1],[542.1,127.6],[543.9,125.4],[543.6,122.6],[541.9,120.6],[525.9,107.6],[520.9,106.6],[514.6,103.1],[510.4,103.1],[503.6,107.4],[501.1,107.6],[491.4,101.4],[478.1,105.1],[472.9,114.4],[474.4,118.1],[477.9,120.4],[480.6,124.4],[483.4,124.6],[487.4,121.6],[491.1,123.1],[494.6,120.9],[502.1,120.1],[506.9,127.1],[513.4,128.1],[515.6,130.1],[515.6,132.9],[510.9,137.6],[507.4,138.6],[497.9,127.6],[493.9,126.1],[492.9,132.4],[490.4,136.6],[492.1,140.4],[502.9,143.4],[505.9,148.9],[510.6,148.6],[515.6,152.9],[526.4,152.9],[531.6,156.6],[537.9,158.4],[539.6,161.6],[536.4,166.6],[539.6,169.6],[544.6,170.4],[549.9,165.9],[553.1,165.4],[553.6,169.6],[555.1,171.4],[560.1,172.1],[561.6,173.6],[560.1,175.9],[553.4,175.1],[552.1,176.1],[554.6,182.9],[557.4,185.4],[561.4,182.9],[564.1,177.4],[567.4,177.1],[570.4,174.4],[577.4,175.1],[581.4,178.4],[584.6,183.4],[583.4,184.9],[575.1,180.6],[571.1,180.4],[575.1,187.4],[574.1,194.4],[577.9,198.4],[583.4,199.9],[586.9,199.4],[591.9,193.6],[594.4,194.9],[594.6,199.4],[587.6,205.4],[589.9,209.6],[590.1,213.4],[585.4,220.1],[590.9,223.4],[594.9,228.1],[599.9,230.4],[602.1,234.4],[589.9,234.4],[582.4,227.9],[581.4,223.6],[578.4,222.1],[576.1,222.6],[569.1,230.1],[555.6,234.1],[547.1,225.4],[547.4,218.1],[544.1,212.4],[544.9,206.9],[542.1,207.6],[539.4,210.6],[539.4,214.4],[542.4,218.6],[540.9,221.6],[534.9,221.4],[529.9,224.6],[526.9,224.6],[524.4,222.1],[523.9,219.6],[529.9,211.1],[530.9,206.4],[527.4,200.1],[525.4,198.9],[522.1,199.6],[516.1,203.6],[510.4,211.6],[510.6,213.9],[516.6,218.9],[516.1,226.4],[519.1,230.4],[531.6,236.4],[533.4,234.9],[534.4,229.9],[537.1,226.4],[539.6,225.1],[543.1,225.9],[545.6,228.9],[547.4,237.6],[550.4,243.4],[553.4,243.6],[557.9,246.4],[568.6,258.6],[578.6,261.9],[593.4,261.1],[595.1,263.6],[593.9,270.4],[594.9,272.4],[596.6,271.4],[599.9,265.1],[596.9,259.4],[597.6,254.6],[595.9,250.4],[596.6,247.9],[604.4,245.1],[606.9,246.4],[610.1,250.9],[612.4,251.1],[618.1,246.4],[620.6,246.4],[621.9,252.6],[620.6,259.6],[621.9,260.9],[624.6,262.1],[626.9,261.1],[625.1,254.9],[627.6,253.4],[630.9,256.6],[630.9,266.1],[635.4,264.9],[640.4,267.4],[643.6,265.9],[646.6,267.4],[646.9,270.4],[644.1,276.9],[637.9,287.1],[640.4,287.6],[642.4,285.9],[645.6,276.6],[648.1,275.9],[650.1,277.1],[652.1,283.1],[656.6,289.1],[656.4,291.1],[653.9,293.6],[647.1,296.6],[644.6,299.4],[645.1,300.9],[650.1,301.6],[660.4,294.9],[663.9,287.9],[665.4,279.9],[670.9,270.6],[670.9,266.4],[669.4,263.1],[665.1,259.1],[659.1,256.6],[655.9,253.1],[654.9,249.6],[657.1,245.4],[660.4,243.9],[667.4,245.9],[674.4,245.1],[676.6,247.1],[677.6,252.1],[680.1,255.4],[685.6,255.9],[689.4,253.1],[690.4,247.1],[692.6,245.1],[698.9,243.4],[702.1,237.1],[704.6,236.6],[707.1,242.6],[705.4,250.4],[708.9,255.6],[709.1,258.4],[705.9,262.6],[700.1,265.6],[698.9,268.6],[706.9,276.1],[709.4,276.9],[711.9,275.1],[715.9,265.6],[715.9,254.4],[717.4,249.9],[720.1,246.4],[726.4,242.6],[724.9,235.4],[727.9,228.9],[731.9,225.4],[738.4,225.1],[741.4,227.9],[741.6,229.9],[729.1,248.1],[726.1,262.4],[727.4,267.6],[730.9,267.4],[734.4,263.4],[738.6,265.1],[740.6,264.6],[742.9,258.1],[744.9,256.4],[751.9,254.4],[760.9,244.4],[764.9,244.9],[767.6,248.9],[767.9,251.4],[765.6,254.4],[760.9,257.4],[755.6,266.9],[743.9,278.6],[736.4,279.1],[728.1,281.6],[726.1,285.6],[728.1,289.4],[731.4,289.6],[737.9,285.4],[741.4,285.1],[747.4,292.1],[752.1,295.1],[755.1,302.9],[761.6,303.9],[768.9,307.1],[770.6,304.9],[765.4,300.9],[764.9,296.4],[767.1,292.9],[772.4,291.6],[774.4,289.9],[775.1,283.6],[777.4,281.6],[782.9,284.4],[785.9,288.6],[785.1,292.1],[780.6,298.1],[781.1,301.1],[784.6,304.1],[788.4,301.9],[789.1,295.6],[791.1,293.4],[796.4,292.9],[800.1,295.4],[802.9,295.4],[811.4,287.9],[817.1,280.4],[824.4,277.1],[829.1,277.9],[836.1,284.4],[841.9,287.4],[843.6,289.9],[844.1,294.6],[848.1,304.4],[846.4,308.6],[843.1,310.6],[831.6,313.1],[812.4,313.1],[799.4,315.1],[790.4,309.6],[785.9,314.6],[778.1,319.1],[770.1,317.4],[769.6,319.6],[777.6,324.9],[778.1,327.4],[776.1,332.4],[777.1,335.9],[779.6,336.9],[782.9,335.9],[784.9,332.6],[785.4,328.1],[788.6,325.1],[791.6,324.9],[796.4,326.9],[805.1,325.1],[810.1,329.4],[812.4,329.6],[819.9,324.9],[822.9,324.4],[826.1,326.9],[827.9,333.4],[822.1,340.9],[821.1,344.4],[823.1,347.9],[827.6,348.9],[831.4,346.1],[831.9,335.4],[835.9,324.6],[839.4,324.1],[849.6,330.6],[853.4,329.6],[850.9,318.4],[856.1,310.4],[858.9,310.4],[862.9,313.9],[865.9,314.4],[875.1,305.4],[879.1,304.1],[882.4,308.4],[889.1,309.4],[895.1,313.6],[896.4,307.1],[900.4,304.9],[904.6,308.1],[904.9,313.1],[900.6,316.6],[896.6,316.1],[896.6,322.9],[893.9,325.6],[889.1,327.6],[881.9,334.6],[877.6,336.1],[873.9,333.9],[872.9,331.6],[873.9,323.9],[872.1,322.6],[861.4,331.1],[852.1,342.4],[846.6,343.4],[845.6,350.1],[841.1,357.4],[842.6,362.9],[846.4,364.9],[851.6,364.6],[853.1,365.9],[852.1,370.6],[853.1,374.1],[862.6,383.6],[870.1,381.6],[881.6,382.9],[888.4,380.9],[892.9,381.4],[895.6,384.1],[898.1,390.4],[898.1,393.4],[896.6,395.6],[894.1,395.6],[888.9,390.6],[882.4,387.4],[878.1,388.6],[876.4,391.6],[876.6,394.1],[879.9,399.1],[889.4,403.9],[892.6,403.9],[899.4,400.9],[907.4,400.4],[908.9,396.6],[906.1,389.6],[908.9,386.4],[918.4,385.9],[925.1,389.6],[931.4,385.9],[937.9,386.4],[939.6,384.4],[940.4,379.9],[943.1,377.4],[952.4,379.6],[958.9,375.9],[958.9,370.9],[954.6,368.1],[949.4,368.1],[937.6,363.9],[928.4,367.9],[925.1,366.9],[925.1,363.6],[927.1,361.4],[932.6,359.6],[931.1,352.4],[931.6,345.1],[928.1,343.6],[926.1,341.1],[927.6,335.6],[925.9,331.6],[925.4,317.9],[922.9,314.6],[914.4,308.9],[913.9,304.4],[911.9,300.6],[909.4,299.4],[903.1,301.9],[900.4,300.6],[899.9,293.9],[893.1,287.4],[892.9,276.4],[890.9,273.1],[888.1,272.6],[881.6,274.9],[873.6,271.1],[866.1,270.1],[864.9,271.9],[867.9,274.6],[868.1,277.4],[866.6,279.9],[864.6,280.4],[860.6,275.6],[861.4,270.4],[859.9,268.6],[856.6,267.1],[844.9,266.6],[842.4,264.9],[840.4,261.1],[840.4,258.1],[846.1,252.4],[848.1,252.1],[851.6,255.1],[854.6,261.9],[857.9,262.9],[860.6,257.6],[861.4,252.1],[864.1,249.4],[874.4,244.9],[879.6,249.1],[883.1,255.4],[893.1,256.9],[900.1,266.4],[904.9,266.4],[907.4,263.9],[907.9,260.4],[903.4,250.1],[898.9,247.1],[886.9,244.1],[883.9,241.1],[883.1,237.6],[885.6,233.1],[891.4,231.6],[890.1,225.9],[891.6,224.1],[893.9,224.4],[897.6,228.4],[899.4,228.6],[913.1,222.1],[918.6,229.1],[918.6,232.9],[912.6,238.6],[904.6,233.1],[900.6,233.6],[899.1,236.4],[899.4,239.4],[901.1,241.4],[908.1,242.4],[915.9,246.4],[922.9,255.9],[922.6,257.9],[909.1,270.9],[908.1,276.6],[909.6,279.9],[912.6,280.6],[915.4,274.1],[919.1,270.4],[921.1,270.1],[928.9,277.9],[939.1,280.9],[945.9,287.4],[953.6,288.9],[956.9,287.4],[960.4,282.1],[965.4,278.4],[963.1,275.4],[958.6,275.9],[953.1,273.6],[953.1,267.4],[947.9,259.1],[942.1,262.1],[940.6,265.9],[937.6,268.4],[934.4,268.4],[930.9,265.9],[930.4,263.1],[934.6,259.1],[936.4,254.9],[935.6,253.4],[932.6,252.9],[930.9,251.1],[934.4,244.1],[936.4,242.6],[940.1,243.9],[944.9,250.1],[946.6,249.4],[947.9,245.9],[933.9,232.6],[926.1,229.6],[919.9,221.1],[919.1,217.6],[923.4,210.1],[922.9,206.6],[917.1,207.6],[914.6,210.1],[911.6,217.9],[907.9,219.9],[904.4,216.9],[900.9,209.1],[897.1,207.6],[892.6,202.6],[890.1,202.6],[888.1,205.6],[889.4,209.6],[888.9,213.6],[893.4,216.1],[894.4,219.1],[884.6,224.1],[881.6,223.9],[880.1,222.4],[880.1,207.6],[889.4,196.6],[884.9,189.6],[886.1,180.4],[888.6,177.1],[895.6,177.1],[896.4,175.6],[889.9,173.1],[884.6,177.1],[878.1,176.1],[870.9,161.4],[873.6,156.4],[873.9,151.4],[869.4,140.1],[865.6,138.1],[858.1,139.1],[855.1,137.6],[842.6,122.1],[829.6,111.4],[825.9,106.6],[819.6,104.1],[814.1,105.1],[815.4,107.1],[825.9,111.4],[829.6,117.9],[838.1,126.4],[843.1,129.6],[843.1,135.4],[844.6,137.6],[857.9,141.4],[859.9,143.6],[861.6,149.9],[866.9,153.4],[869.4,155.9],[869.6,157.9],[865.6,161.6],[865.6,167.1],[861.6,172.4],[858.9,172.4],[857.1,170.4],[856.6,167.1],[854.9,166.4],[841.6,176.1],[833.6,175.1],[828.9,177.6],[822.6,176.9],[820.6,175.1],[820.4,173.1],[826.4,165.9],[829.1,160.4],[828.4,154.4],[830.6,152.1],[834.6,151.4],[838.6,144.9],[836.9,143.9],[831.1,145.6],[821.6,155.1],[820.1,162.1],[813.4,169.4],[813.1,171.1],[830.6,189.1],[831.9,194.4],[828.4,197.9],[820.4,197.1],[813.1,201.6],[801.6,205.9],[797.4,202.9],[792.9,192.9],[789.9,189.6],[781.9,182.6],[774.1,179.6],[770.4,175.9],[769.9,166.4],[773.6,158.9],[768.1,151.1],[765.1,151.1],[766.1,156.4],[763.9,159.6],[754.6,160.9],[750.6,156.4],[754.4,150.1],[748.6,144.4],[747.6,152.9],[740.1,158.1],[736.6,158.9],[724.6,154.9],[722.6,153.1],[722.6,151.1],[726.6,148.4],[727.9,140.4],[725.1,136.6],[720.9,136.6],[714.6,143.4],[711.4,144.9],[709.1,148.4],[709.4,157.4],[715.9,161.4],[719.1,166.4],[718.9,170.4],[716.9,172.6],[710.6,173.1],[699.4,164.9],[692.4,151.1],[686.1,143.9],[681.4,141.6],[681.1,139.1],[678.9,136.6],[673.1,132.1],[667.1,130.6],[664.9,128.1],[661.9,119.9],[655.9,112.4],[656.9,107.9],[659.9,104.9],[664.1,104.4],[670.1,109.4],[672.1,109.6],[677.1,106.4],[685.6,103.1],[688.1,103.4],[691.6,106.1],[701.1,119.9],[702.6,120.4],[704.9,117.4],[702.9,109.4],[704.4,105.1],[707.6,102.6],[714.1,103.6],[715.6,101.1],[710.6,97.6],[706.4,99.9],[704.1,99.6],[693.4,89.9],[693.4,87.4],[695.6,85.9],[703.4,86.6],[710.6,82.1],[718.1,80.1],[719.6,82.9],[717.1,86.6],[717.9,88.9],[721.9,89.9],[725.9,94.6],[727.9,94.4],[731.1,91.1],[730.9,87.9],[727.1,83.4],[725.9,74.9],[711.1,61.1],[698.4,57.1],[693.6,60.1],[693.1,67.6],[690.1,76.4],[690.1,84.6],[686.1,92.4],[672.4,84.4],[668.1,86.1],[666.6,90.9],[663.9,93.1],[659.1,92.6],[656.9,87.6],[654.4,86.1],[636.4,90.6],[633.1,87.4],[632.4,80.1],[626.4,74.4],[623.6,74.4],[618.6,77.1],[605.4,78.1],[590.1,69.6],[586.4,64.1],[581.9,50.9],[573.1,39.1],[560.4,35.1],[558.4,35.6],[561.1,42.4],[561.1,47.4],[559.9,49.4],[557.9,49.4],[556.1,47.4],[555.9,40.4],[553.4,33.1],[547.9,27.6],[539.1,23.6],[537.1,18.9],[539.6,16.1],[547.4,14.1],[557.9,24.4],[563.9,25.6],[564.9,22.6],[556.9,15.6],[547.9,11.1],[543.1,6.9],[536.9,7.4],[532.4,2.9],[531.9,0.1],[519.1,0.1],[521.1,7.4],[518.4,10.1],[514.9,9.6],[510.4,6.6],[505.6,9.1],[500.6,9.4],[496.9,11.6],[494.1,10.1],[492.9,0.1],[447.1,0.1]],[[942.6,272.1],[945.6,274.1],[945.1,276.9],[943.1,278.4],[941.4,277.9],[939.9,275.4],[940.4,273.4],[942.6,272.1]],[[924.9,244.4],[927.6,244.4],[928.4,246.9],[925.4,247.6],[924.1,246.1],[924.9,244.4]],[[919.1,344.4],[921.6,345.9],[925.1,353.6],[923.6,357.9],[920.1,360.9],[917.1,359.4],[915.9,354.6],[916.9,347.4],[919.1,344.4]],[[906.1,324.4],[908.1,324.6],[911.4,327.9],[910.9,330.9],[908.6,330.9],[906.4,328.9],[905.1,326.4],[906.1,324.4]],[[887.4,349.4],[897.9,350.4],[907.6,364.1],[908.1,367.4],[905.4,369.9],[899.4,370.1],[891.1,365.6],[886.4,360.9],[884.9,357.6],[884.1,352.6],[887.4,349.4]],[[877.4,288.1],[882.9,289.4],[885.6,294.4],[892.1,293.9],[894.4,296.6],[893.9,298.6],[888.6,300.1],[884.6,296.1],[879.1,295.6],[875.4,290.9],[875.4,289.4],[877.4,288.1]],[[877.6,228.1],[884.4,226.9],[886.1,228.1],[884.6,232.4],[879.4,232.1],[877.4,230.6],[877.6,228.1]],[[860.4,176.6],[872.4,178.4],[877.6,186.1],[878.6,190.4],[882.4,193.9],[882.4,196.1],[879.9,198.6],[876.6,199.1],[871.6,195.6],[866.4,195.4],[864.6,192.9],[869.4,189.6],[868.9,187.4],[866.6,187.4],[863.9,189.6],[857.6,188.9],[857.4,186.1],[860.4,182.6],[859.4,178.9],[860.4,176.6]],[[873.1,280.6],[875.9,281.9],[874.9,284.9],[872.6,284.6],[871.6,283.1],[873.1,280.6]],[[866.4,201.1],[869.1,201.4],[872.1,203.9],[873.9,208.6],[872.6,211.9],[863.6,211.1],[860.4,208.9],[860.4,205.1],[866.4,201.1]],[[867.6,355.6],[869.1,355.4],[870.4,357.1],[870.9,359.6],[869.6,360.9],[867.1,359.1],[867.6,355.6]],[[863.4,294.1],[867.9,294.4],[869.9,298.1],[865.9,302.6],[861.6,304.1],[858.4,301.9],[857.9,299.6],[863.4,294.1]],[[817.6,203.1],[829.6,200.9],[836.9,203.4],[841.1,209.4],[852.1,213.9],[857.9,218.4],[863.9,218.4],[866.9,221.6],[869.9,231.6],[868.4,236.1],[862.6,236.9],[849.1,227.1],[842.1,224.6],[836.1,219.1],[829.4,218.1],[823.4,215.6],[822.6,213.9],[826.4,212.6],[827.4,209.4],[823.4,206.9],[817.4,207.6],[816.1,204.9],[817.6,203.1]],[[854.1,285.9],[857.1,286.6],[858.6,289.1],[858.1,292.1],[856.1,293.9],[854.1,293.6],[852.1,291.4],[852.1,287.6],[854.1,285.9]],[[841.4,182.1],[850.4,184.1],[853.6,187.1],[857.1,196.4],[857.1,200.4],[855.6,202.6],[853.6,203.1],[850.1,201.6],[846.4,196.1],[840.4,190.9],[838.9,184.6],[841.4,182.1]],[[837.6,267.4],[839.9,267.4],[843.1,270.4],[847.9,272.4],[849.9,274.6],[849.6,277.9],[846.4,279.6],[841.4,274.4],[837.1,273.6],[835.1,269.9],[837.6,267.4]],[[829.4,236.1],[837.9,237.9],[841.1,240.1],[842.1,244.6],[840.4,248.6],[836.1,250.6],[831.4,248.4],[828.4,248.4],[825.4,250.1],[823.6,253.6],[820.1,253.6],[818.1,251.4],[818.1,248.6],[821.4,245.1],[823.4,239.1],[829.4,236.1]],[[806.4,225.1],[814.1,225.9],[820.4,230.9],[820.9,234.6],[818.4,236.1],[809.1,236.6],[803.9,229.9],[804.1,226.4],[806.4,225.1]],[[808.6,253.4],[810.9,253.4],[812.6,255.1],[815.1,264.4],[810.4,271.9],[811.9,279.4],[806.9,283.6],[804.6,284.1],[801.1,281.4],[800.9,273.6],[806.6,268.4],[806.6,265.6],[803.6,259.6],[805.4,256.1],[808.6,253.4]],[[809.6,207.9],[811.9,207.9],[814.1,211.6],[813.6,213.9],[810.6,216.6],[808.9,216.4],[806.9,213.4],[807.4,209.9],[809.6,207.9]],[[788.4,233.1],[792.1,233.9],[801.6,240.4],[799.9,243.6],[792.6,244.4],[788.1,248.6],[793.9,258.6],[797.9,271.6],[797.6,274.1],[794.9,276.6],[790.9,275.4],[788.4,270.9],[782.6,274.1],[779.1,273.6],[775.4,269.9],[772.9,264.6],[773.4,260.1],[775.9,255.9],[778.9,254.4],[785.6,262.1],[788.6,268.4],[789.6,267.6],[789.4,262.9],[781.9,246.6],[782.4,239.9],[784.4,236.1],[788.4,233.1]],[[782.1,211.6],[787.9,213.4],[792.6,218.1],[792.9,220.1],[791.1,221.9],[786.1,222.6],[781.6,229.9],[778.4,231.4],[776.6,230.1],[776.4,228.1],[781.6,221.4],[780.4,213.4],[782.1,211.6]],[[754.1,172.6],[757.9,173.4],[766.1,183.4],[786.6,197.1],[788.1,200.4],[788.1,204.4],[786.6,206.6],[783.6,206.9],[778.1,203.6],[767.9,201.6],[761.4,196.9],[758.9,187.9],[753.4,182.9],[751.1,178.4],[751.4,175.1],[754.1,172.6]],[[761.4,210.1],[765.9,208.4],[768.6,210.1],[770.9,216.1],[768.9,218.6],[760.4,221.9],[758.9,220.1],[759.9,213.4],[761.4,210.1]],[[761.1,226.9],[763.4,227.6],[763.1,230.6],[760.9,229.9],[761.1,226.9]],[[755.4,277.1],[757.9,277.4],[759.9,279.9],[759.6,281.9],[757.1,283.9],[754.9,283.6],[752.6,281.1],[753.1,278.6],[755.4,277.1]],[[742.1,162.6],[746.4,163.9],[746.9,167.9],[744.4,169.9],[738.4,169.6],[737.6,173.9],[742.6,179.1],[748.6,188.9],[755.6,194.4],[755.6,196.1],[754.1,197.1],[747.4,197.1],[737.6,193.1],[728.6,193.1],[726.6,194.4],[726.4,199.1],[724.6,200.6],[722.9,200.4],[720.4,197.6],[720.9,194.9],[723.4,192.1],[721.6,181.9],[723.6,181.4],[727.6,186.6],[737.6,186.4],[738.4,183.4],[729.4,176.9],[728.1,172.6],[731.1,167.4],[737.9,167.4],[742.1,162.6]],[[745.1,219.1],[748.9,217.4],[751.6,219.9],[750.6,223.9],[748.6,224.4],[745.4,221.9],[745.1,219.1]],[[741.9,199.6],[744.1,199.6],[750.1,205.9],[751.1,209.4],[748.9,213.1],[746.4,212.9],[742.9,208.6],[738.1,206.6],[737.6,204.6],[738.9,201.9],[741.9,199.6]],[[669.4,167.1],[671.9,167.4],[673.6,169.4],[671.6,174.9],[665.9,180.6],[657.1,186.6],[649.9,194.6],[642.6,199.1],[641.1,202.4],[641.6,206.4],[643.1,207.4],[653.6,206.9],[658.1,205.4],[664.9,198.9],[675.1,196.9],[681.9,189.6],[683.6,189.4],[686.6,192.1],[689.4,198.6],[693.4,198.1],[704.4,200.9],[710.4,200.9],[714.6,204.1],[716.4,210.4],[720.4,211.9],[719.6,213.6],[716.1,215.1],[715.1,217.4],[714.1,221.4],[714.6,230.9],[710.6,233.1],[704.9,228.6],[702.6,228.4],[696.6,233.1],[690.1,241.1],[683.6,243.1],[676.1,242.6],[672.9,238.4],[675.6,228.4],[671.4,226.6],[670.4,223.1],[674.4,217.1],[678.9,213.4],[683.4,213.1],[686.1,216.1],[688.6,214.1],[685.6,204.1],[680.4,203.1],[672.1,208.6],[665.6,215.1],[664.4,217.6],[664.6,227.1],[660.6,232.9],[656.1,236.6],[652.4,237.1],[636.4,232.1],[630.4,235.9],[624.4,236.1],[615.4,240.9],[612.9,240.6],[608.4,237.4],[605.9,232.6],[608.9,225.9],[611.4,224.1],[618.9,222.4],[621.4,219.9],[621.6,217.6],[619.1,213.4],[616.4,213.1],[611.6,216.1],[608.1,224.1],[603.6,225.1],[600.4,222.9],[599.9,219.4],[603.9,210.4],[599.9,201.6],[600.1,197.4],[602.4,192.1],[605.9,188.9],[608.9,188.4],[611.9,190.6],[612.6,194.6],[615.1,195.6],[621.1,188.4],[627.9,187.4],[634.1,178.4],[645.9,169.9],[651.6,168.9],[661.4,171.9],[669.4,167.1]],[[709.4,66.1],[712.1,66.6],[716.6,73.1],[716.4,77.1],[706.4,70.6],[706.4,67.6],[709.4,66.1]],[[697.4,80.6],[702.1,79.4],[703.9,81.1],[703.6,82.9],[700.9,85.1],[698.6,85.1],[697.1,83.4],[697.4,80.6]],[[698.1,178.9],[700.9,177.4],[703.1,179.1],[702.1,182.4],[700.4,182.6],[698.6,181.1],[698.1,178.9]],[[685.4,166.1],[688.1,166.4],[695.4,170.9],[696.1,175.4],[693.9,178.6],[682.6,179.1],[680.4,177.6],[680.4,169.4],[685.4,166.1]],[[675.6,104.1],[676.9,104.4],[676.4,105.6],[675.6,105.1],[675.6,104.1]],[[656.6,97.1],[673.6,92.4],[676.4,96.4],[676.6,98.6],[674.6,100.1],[656.6,101.1],[654.9,99.9],[656.6,97.1]],[[660.1,135.9],[668.9,135.4],[670.9,137.6],[671.1,142.4],[669.6,144.6],[664.6,146.4],[663.6,151.9],[657.9,156.1],[655.1,153.4],[655.9,146.4],[659.4,140.9],[660.1,135.9]],[[655.4,275.6],[657.1,275.6],[660.4,278.9],[660.1,281.4],[657.9,281.1],[654.4,278.4],[655.4,275.6]],[[648.1,129.1],[649.9,129.6],[649.6,131.4],[647.6,130.6],[648.1,129.1]],[[624.9,91.9],[631.4,91.1],[637.6,96.6],[644.4,95.9],[647.1,98.6],[645.9,105.4],[644.1,106.9],[639.4,107.6],[636.4,113.6],[633.9,115.6],[629.4,114.1],[622.1,114.6],[619.1,110.4],[620.4,105.1],[623.9,101.4],[624.9,91.9]],[[637.4,244.6],[640.9,243.4],[643.1,246.1],[641.6,247.1],[638.4,246.6],[637.4,244.6]],[[629.1,173.6],[630.6,174.1],[630.6,175.6],[623.1,181.1],[619.9,181.9],[618.4,180.6],[618.9,178.1],[620.9,176.4],[629.1,173.6]],[[621.4,118.9],[625.1,119.9],[626.4,122.9],[623.1,123.6],[620.4,120.6],[621.4,118.9]],[[597.4,134.1],[604.6,129.4],[606.6,131.4],[606.1,136.6],[603.9,140.6],[599.9,141.9],[596.4,138.9],[596.1,136.6],[597.4,134.1]],[[585.6,77.4],[587.6,77.4],[589.1,79.6],[587.1,82.9],[584.1,80.4],[585.6,77.4]],[[580.9,253.6],[583.1,253.6],[584.1,256.1],[582.1,258.1],[578.9,258.9],[577.4,256.4],[580.9,253.6]],[[574.1,229.6],[576.1,229.6],[577.9,231.6],[578.4,234.6],[577.1,236.1],[573.1,233.4],[574.1,229.6]],[[573.4,96.6],[574.9,96.6],[576.1,98.6],[574.6,101.9],[571.9,99.4],[573.4,96.6]],[[568.9,61.6],[574.4,64.1],[574.9,65.9],[571.9,66.4],[569.1,64.1],[568.9,61.6]],[[569.9,49.4],[571.9,49.1],[573.6,50.9],[574.1,53.4],[572.4,55.6],[569.4,53.1],[569.9,49.4]],[[568.4,75.4],[570.4,74.6],[569.4,76.1],[568.4,75.4]],[[532.6,147.4],[535.6,148.4],[533.6,151.6],[531.1,150.1],[532.6,147.4]],[[525.4,21.4],[527.1,21.6],[530.9,26.9],[529.6,30.9],[526.4,33.1],[523.4,32.6],[521.9,30.4],[525.4,21.4]],[[525.1,206.9],[526.9,207.4],[526.1,209.6],[524.1,208.6],[525.1,206.9]],[[505.1,14.4],[516.6,13.6],[521.9,18.4],[522.1,20.4],[518.1,25.6],[510.6,23.9],[502.9,18.9],[502.9,16.6],[505.1,14.4]],[[497.1,41.1],[497.4,39.9],[497.9,40.6],[497.1,41.1]],[[484.1,110.6],[486.1,110.6],[488.1,113.6],[487.9,117.4],[485.9,119.4],[482.9,118.4],[481.1,115.4],[481.4,113.1],[484.1,110.6]],[[479.4,5.6],[485.4,11.4],[485.6,13.6],[483.6,15.6],[480.1,14.6],[477.4,11.1],[477.1,7.6],[479.4,5.6]]]}},{"type":"Feature","properties":{"id":"LU_FOREST_HARDWOOD_0385","class":"forest_hardwood","color":"#5d7a32","area_m2":23255.0},"geometry":{"type":"Polygon","coordinates":[[[321.6,0.1],[329.9,13.6],[328.4,21.4],[324.4,22.1],[318.6,20.1],[316.4,21.9],[318.1,25.4],[323.6,27.4],[319.6,33.4],[322.6,38.1],[323.6,37.9],[325.1,31.4],[329.9,21.4],[337.9,16.9],[340.1,18.6],[342.9,27.1],[346.1,22.4],[349.6,21.4],[362.9,30.6],[365.6,40.9],[359.6,45.4],[360.1,50.4],[357.9,53.6],[348.9,57.1],[344.1,61.1],[343.9,63.1],[346.9,66.1],[354.4,64.1],[366.4,74.4],[371.6,71.9],[374.9,72.4],[377.1,75.6],[376.1,84.4],[378.4,87.1],[381.1,86.1],[382.9,82.6],[382.9,79.4],[380.6,74.4],[382.1,71.1],[384.4,71.4],[395.1,83.4],[406.4,81.9],[410.9,85.6],[410.9,88.4],[408.1,91.1],[397.9,93.1],[392.9,97.6],[380.6,105.1],[372.4,102.9],[366.4,97.9],[364.6,94.6],[362.9,94.9],[361.1,100.1],[370.6,105.1],[372.1,108.6],[371.6,112.9],[373.1,114.9],[376.1,115.1],[383.9,107.9],[389.1,106.4],[398.4,100.9],[405.9,101.4],[409.9,108.6],[413.6,108.9],[419.1,111.4],[422.1,110.9],[428.1,106.9],[428.1,105.6],[423.9,102.1],[423.4,99.4],[428.4,96.6],[429.4,94.6],[427.4,93.1],[423.6,94.1],[414.6,93.1],[412.4,90.4],[422.4,83.9],[427.9,84.4],[434.4,92.6],[440.1,92.1],[442.6,94.1],[442.6,97.9],[436.1,104.9],[437.4,107.1],[440.9,107.4],[444.6,104.4],[447.1,106.9],[451.6,104.9],[459.9,106.6],[458.4,103.1],[450.4,94.9],[449.4,88.9],[444.9,83.6],[441.6,82.9],[437.4,85.1],[434.4,83.6],[433.9,81.4],[437.9,77.1],[438.4,74.1],[428.1,65.1],[422.6,63.4],[420.6,64.9],[421.1,67.9],[419.4,68.9],[416.9,65.4],[406.9,61.1],[402.1,57.6],[381.4,58.1],[370.9,51.9],[370.9,49.6],[373.9,47.1],[377.1,47.9],[382.6,51.6],[384.6,51.4],[385.4,49.4],[375.9,39.6],[372.1,38.6],[369.4,35.9],[368.9,30.4],[366.9,26.6],[350.4,16.9],[348.9,10.4],[352.1,4.9],[353.9,4.6],[359.4,7.9],[372.6,5.9],[376.4,3.9],[377.9,0.1],[358.6,0.1],[356.6,2.6],[355.4,2.6],[353.9,0.1],[343.1,0.1],[343.1,4.4],[341.1,6.9],[337.9,5.1],[335.9,0.1],[321.6,0.1]],[[429.4,77.1],[433.1,78.6],[432.4,81.4],[429.6,81.9],[427.6,80.1],[427.6,78.1],[429.4,77.1]],[[404.1,73.6],[408.4,74.1],[409.4,76.9],[407.4,78.1],[404.6,77.9],[402.9,76.1],[404.1,73.6]],[[361.9,59.6],[369.9,58.1],[371.4,59.9],[369.6,63.6],[361.1,62.4],[361.9,59.6]],[[331.6,3.6],[333.9,4.1],[333.1,7.4],[331.1,6.1],[331.6,3.6]]]}},{"type":"Feature","properties":{"id":"LU_FOREST_HARDWOOD_0386","class":"forest_hardwood","color":"#5d7a32","area_m2":1623.0},"geometry":{"type":"Polygon","coordinates":[[[261.1,0.1],[261.4,7.4],[263.6,9.6],[273.6,13.1],[279.6,11.1],[284.6,12.6],[287.4,11.6],[286.6,7.1],[281.6,3.6],[279.9,0.1],[261.1,0.1]]]}},{"type":"Feature","properties":{"id":"LU_FOREST_HARDWOOD_0387","class":"forest_hardwood","color":"#5d7a32","area_m2":255.0},"geometry":{"type":"Polygon","coordinates":[[[238.1,0.1],[239.9,4.6],[242.1,6.4],[244.9,5.9],[246.4,4.1],[246.9,0.1],[238.1,0.1]]]}},{"type":"Feature","properties":{"id":"LU_FOREST_HARDWOOD_0388","class":"forest_hardwood","color":"#5d7a32","area_m2":14186.0},"geometry":{"type":"Polygon","coordinates":[[[123.1,0.1],[123.1,3.6],[118.6,14.4],[125.1,18.6],[129.9,19.4],[136.1,26.4],[141.4,29.9],[141.4,32.1],[137.6,36.4],[138.1,39.1],[140.6,41.1],[142.9,40.9],[144.4,39.1],[144.4,31.9],[146.1,29.4],[149.4,27.9],[155.6,27.9],[159.4,25.1],[159.6,22.6],[156.9,14.6],[160.4,10.4],[162.9,10.9],[167.6,16.6],[175.1,17.4],[182.6,22.1],[182.6,24.9],[180.9,26.6],[170.9,27.6],[165.6,32.1],[166.9,39.1],[165.4,40.9],[155.4,38.4],[151.1,39.6],[149.1,43.4],[149.9,47.4],[162.4,43.9],[173.6,43.9],[184.4,40.9],[195.6,41.9],[201.1,43.4],[206.9,47.4],[208.4,49.4],[208.4,54.4],[209.9,55.9],[218.6,56.9],[226.6,60.9],[228.6,59.9],[229.6,52.9],[225.9,48.1],[222.9,39.6],[215.6,37.6],[206.9,28.6],[199.9,23.6],[191.1,19.6],[182.1,13.1],[176.9,11.4],[171.6,4.4],[164.9,5.6],[161.4,2.9],[160.9,0.1],[143.1,0.1],[144.4,9.4],[150.6,8.4],[151.9,9.9],[150.1,13.1],[145.9,14.1],[143.4,11.4],[140.4,11.6],[138.4,9.9],[135.9,0.1],[123.1,0.1]],[[205.1,35.6],[208.4,36.9],[207.6,39.6],[205.6,40.1],[203.6,38.9],[203.4,37.4],[205.1,35.6]],[[183.6,30.4],[193.4,31.1],[195.4,32.9],[195.6,34.9],[193.1,37.6],[185.4,38.9],[182.4,36.9],[181.1,34.4],[181.4,32.1],[183.6,30.4]]]}},{"type":"Feature","properties":{"id":"LU_FOREST_HARDWOOD_0389","class":"forest_hardwood","color":"#5d7a32","area_m2":850.0},"geometry":{"type":"Polygon","coordinates":[[[101.1,0.1],[102.1,5.9],[107.4,9.4],[109.4,17.9],[112.1,18.4],[115.9,13.9],[110.9,0.1],[107.1,0.1],[106.1,3.6],[104.1,2.9],[103.9,0.1],[101.1,0.1]]]}},{"type":"Feature","properties":{"id":"LU_FOREST_HARDWOOD_0390","class":"forest_hardwood","color":"#5d7a32","area_m2":48936.0},"geometry":{"type":"Polygon","coordinates":[[[12.1,0.1],[12.1,4.6],[14.1,7.9],[23.1,9.4],[27.6,13.1],[31.1,20.1],[32.1,26.6],[30.6,29.9],[28.4,31.4],[25.1,30.6],[18.4,23.4],[14.9,23.6],[11.4,26.6],[11.6,29.9],[21.9,38.6],[21.9,42.4],[18.1,47.6],[18.6,49.4],[23.6,53.1],[23.9,55.4],[21.9,58.6],[14.6,61.1],[11.1,59.6],[6.1,54.6],[0.1,54.1],[0.1,62.4],[2.6,64.4],[2.4,66.1],[0.1,67.6],[0.1,69.9],[2.4,71.1],[2.4,72.4],[0.1,73.6],[0.1,105.9],[1.9,105.4],[6.9,99.6],[9.6,100.6],[5.9,116.4],[2.9,119.6],[0.1,120.1],[0.1,129.9],[13.6,125.9],[15.9,126.4],[17.9,128.6],[17.9,134.1],[16.1,135.9],[11.1,137.1],[10.9,140.1],[17.1,146.4],[20.9,147.4],[28.1,154.4],[31.4,155.9],[38.1,153.9],[46.6,147.4],[46.4,143.9],[39.4,131.9],[40.4,128.1],[44.6,125.9],[51.9,129.4],[57.9,130.4],[62.9,135.4],[68.9,136.4],[73.6,144.9],[77.9,145.9],[81.9,136.6],[73.9,118.6],[74.9,113.4],[73.9,109.9],[67.9,103.6],[54.9,93.6],[46.1,89.6],[43.9,87.1],[43.4,84.1],[47.1,80.4],[53.6,83.9],[61.4,82.1],[64.6,84.1],[70.1,92.4],[81.1,95.4],[81.9,88.9],[88.4,81.9],[93.6,72.1],[93.4,70.4],[87.9,64.9],[83.4,45.9],[76.9,38.1],[73.1,26.9],[69.4,26.1],[62.6,27.9],[58.4,24.9],[58.6,20.9],[62.1,18.9],[63.6,15.9],[62.1,14.4],[55.6,14.9],[53.9,13.1],[53.4,10.1],[55.6,5.4],[54.9,0.1],[43.9,0.4],[41.1,6.4],[41.6,10.1],[44.9,16.6],[42.6,20.6],[40.9,20.4],[38.1,17.4],[36.9,0.1],[12.1,0.1]],[[56.1,58.6],[57.6,58.4],[61.1,63.4],[65.1,65.4],[67.1,65.1],[71.6,61.1],[78.9,61.4],[80.6,64.9],[78.1,72.1],[69.4,77.1],[58.9,74.1],[56.4,71.1],[54.1,62.4],[56.1,58.6]],[[53.4,35.9],[62.9,34.4],[66.1,38.6],[65.6,41.9],[61.4,45.1],[50.6,43.9],[45.4,37.9],[47.4,34.4],[53.4,35.9]],[[56.4,101.1],[61.9,103.1],[65.1,108.4],[64.6,112.1],[61.1,118.1],[59.1,117.1],[59.6,111.6],[58.4,109.1],[52.4,105.6],[52.9,103.1],[56.4,101.1]],[[41.4,47.4],[45.1,46.4],[47.6,48.9],[47.6,52.1],[45.4,54.6],[43.1,53.4],[41.6,49.6],[41.4,47.4]],[[37.1,99.1],[42.9,98.4],[44.6,100.1],[44.6,102.6],[41.9,104.6],[38.9,104.1],[36.9,101.4],[37.1,99.1]],[[19.1,68.1],[21.6,67.9],[28.9,71.4],[36.4,80.9],[36.4,82.9],[32.6,84.1],[25.6,80.1],[18.4,80.1],[15.1,78.6],[13.4,76.1],[13.1,72.6],[19.1,68.1]],[[33.4,61.6],[36.1,62.9],[34.6,65.6],[32.1,64.1],[33.4,61.6]],[[29.4,128.6],[30.9,128.6],[33.6,132.9],[34.1,134.9],[32.9,136.9],[30.1,136.6],[28.1,134.4],[27.9,130.6],[29.4,128.6]],[[29.1,85.1],[31.9,85.1],[33.6,88.6],[31.1,91.1],[26.4,92.6],[24.1,90.1],[24.4,88.1],[29.1,85.1]]]}},{"type":"Feature","properties":{"id":"LU_FOREST_CONIFER_0001","class":"forest_conifer","color":"#2f5234","area_m2":316.0},"geometry":{"type":"Polygon","coordinates":[[[1272.6,661.4],[1266.9,663.9],[1266.1,666.9],[1278.9,666.9],[1276.9,662.6],[1272.6,661.4]]]}},{"type":"Feature","properties":{"id":"LU_FOREST_CONIFER_0002","class":"forest_conifer","color":"#2f5234","area_m2":247.0},"geometry":{"type":"Polygon","coordinates":[[[455.9,661.4],[453.6,663.1],[453.1,666.9],[463.9,666.9],[462.1,664.1],[455.9,661.4]]]}},{"type":"Feature","properties":{"id":"LU_FOREST_CONIFER_0003","class":"forest_conifer","color":"#2f5234","area_m2":250.0},"geometry":{"type":"Polygon","coordinates":[[[1712.1,660.9],[1709.1,663.1],[1708.1,666.9],[1717.9,666.9],[1716.4,663.1],[1712.1,660.9]]]}},{"type":"Feature","properties":{"id":"LU_FOREST_CONIFER_0004","class":"forest_conifer","color":"#2f5234","area_m2":312.0},"geometry":{"type":"Polygon","coordinates":[[[927.6,660.4],[925.1,661.6],[921.1,666.9],[932.9,666.9],[931.4,662.1],[927.6,660.4]]]}},{"type":"Feature","properties":{"id":"LU_FOREST_CONIFER_0005","class":"forest_conifer","color":"#2f5234","area_m2":441.0},"geometry":{"type":"Polygon","coordinates":[[[943.4,660.1],[939.6,662.1],[938.1,666.9],[950.9,666.9],[950.6,662.6],[948.9,660.6],[943.4,660.1]]]}},{"type":"Feature","properties":{"id":"LU_FOREST_CONIFER_0006","class":"forest_conifer","color":"#2f5234","area_m2":443.0},"geometry":{"type":"Polygon","coordinates":[[[843.1,659.6],[840.1,661.9],[839.1,666.9],[852.9,666.9],[849.9,661.6],[843.1,659.6]]]}},{"type":"Feature","properties":{"id":"LU_FOREST_CONIFER_0007","class":"forest_conifer","color":"#2f5234","area_m2":893.0},"geometry":{"type":"Polygon","coordinates":[[[411.4,659.1],[407.6,661.1],[406.1,666.9],[433.4,666.9],[432.4,664.1],[429.1,661.6],[424.4,661.1],[418.4,663.6],[415.4,659.6],[411.4,659.1]]]}},{"type":"Feature","properties":{"id":"LU_FOREST_CONIFER_0008","class":"forest_conifer","color":"#2f5234","area_m2":303.0},"geometry":{"type":"Polygon","coordinates":[[[136.6,659.1],[133.4,661.6],[133.1,666.9],[140.9,666.9],[140.4,661.1],[136.6,659.1]]]}},{"type":"Feature","properties":{"id":"LU_FOREST_CONIFER_0009","class":"forest_conifer","color":"#2f5234","area_m2":394.0},"geometry":{"type":"Polygon","coordinates":[[[1981.4,658.6],[1978.4,661.6],[1978.1,666.9],[1988.9,666.9],[1986.4,661.1],[1981.4,658.6]]]}},{"type":"Feature","properties":{"id":"LU_FOREST_CONIFER_0010","class":"forest_conifer","color":"#2f5234","area_m2":677.0},"geometry":{"type":"Polygon","coordinates":[[[1417.6,658.1],[1413.1,661.9],[1412.6,666.9],[1427.9,666.9],[1427.4,662.9],[1424.9,659.6],[1421.6,658.1],[1417.6,658.1]]]}},{"type":"Feature","properties":{"id":"LU_FOREST_CONIFER_0011","class":"forest_conifer","color":"#2f5234","area_m2":1060.0},"geometry":{"type":"Polygon","coordinates":[[[986.6,656.4],[975.1,660.6],[972.1,666.9],[993.9,666.9],[993.4,660.1],[990.1,657.1],[986.6,656.4]]]}},{"type":"Feature","properties":{"id":"LU_FOREST_CONIFER_0012","class":"forest_conifer","color":"#2f5234","area_m2":998.0},"geometry":{"type":"Polygon","coordinates":[[[1370.6,655.1],[1366.4,658.6],[1366.1,666.9],[1383.9,666.9],[1383.4,664.1],[1377.9,656.6],[1370.6,655.1]]]}},{"type":"Feature","properties":{"id":"LU_FOREST_CONIFER_0013","class":"forest_conifer","color":"#2f5234","area_m2":920.0},"geometry":{"type":"Polygon","coordinates":[[[1893.6,654.1],[1889.6,655.1],[1887.9,656.9],[1889.1,666.9],[1902.9,666.9],[1901.4,660.9],[1898.4,656.1],[1893.6,654.1]]]}},{"type":"Feature","properties":{"id":"LU_FOREST_CONIFER_0014","class":"forest_conifer","color":"#2f5234","area_m2":1265.0},"geometry":{"type":"Polygon","coordinates":[[[1599.9,653.4],[1595.1,657.9],[1592.1,666.9],[1615.9,666.9],[1613.9,661.6],[1607.1,658.6],[1603.1,654.1],[1599.9,653.4]]]}},{"type":"Feature","properties":{"id":"LU_FOREST_CONIFER_0015","class":"forest_conifer","color":"#2f5234","area_m2":609.0},"geometry":{"type":"Polygon","coordinates":[[[637.9,652.6],[637.9,658.4],[635.1,666.9],[646.9,666.9],[644.4,658.1],[637.9,652.6]]]}},{"type":"Feature","properties":{"id":"LU_FOREST_CONIFER_0016","class":"forest_conifer","color":"#2f5234","area_m2":1792.0},"geometry":{"type":"Polygon","coordinates":[[[1701.1,651.9],[1696.9,653.1],[1688.6,659.1],[1683.4,659.1],[1677.6,657.1],[1674.1,657.6],[1672.1,660.6],[1672.1,666.9],[1697.9,666.9],[1699.9,659.9],[1704.6,654.1],[1704.1,652.4],[1701.1,651.9]]]}},{"type":"Feature","properties":{"id":"LU_FOREST_CONIFER_0017","class":"forest_conifer","color":"#2f5234","area_m2":1534.0},"geometry":{"type":"Polygon","coordinates":[[[519.4,651.6],[516.1,654.9],[514.1,659.6],[516.1,666.9],[533.4,666.9],[536.4,661.1],[536.4,658.1],[533.4,656.1],[526.6,655.9],[519.4,651.6]]]}},{"type":"Feature","properties":{"id":"LU_FOREST_CONIFER_0018","class":"forest_conifer","color":"#2f5234","area_m2":695.0},"geometry":{"type":"Polygon","coordinates":[[[1035.9,648.9],[1031.1,653.9],[1030.4,657.4],[1036.1,666.9],[1041.9,666.9],[1037.9,657.4],[1038.6,650.6],[1035.9,648.9]]]}},{"type":"Feature","properties":{"id":"LU_FOREST_CONIFER_0019","class":"forest_conifer","color":"#2f5234","area_m2":900.0},"geometry":{"type":"Polygon","coordinates":[[[484.4,648.1],[481.1,649.6],[475.6,656.9],[475.6,660.1],[478.4,663.1],[482.9,662.4],[487.4,657.9],[490.4,652.1],[489.6,648.6],[484.4,648.1]]]}},{"type":"Feature","properties":{"id":"LU_FOREST_CONIFER_0020","class":"forest_conifer","color":"#2f5234","area_m2":262.0},"geometry":{"type":"Polygon","coordinates":[[[952.6,647.1],[949.6,648.6],[949.1,651.4],[951.1,654.4],[954.4,654.9],[956.4,653.6],[956.6,651.6],[954.9,648.1],[952.6,647.1]]]}},{"type":"Feature","properties":{"id":"LU_FOREST_CONIFER_0021","class":"forest_conifer","color":"#2f5234","area_m2":1557.0},"geometry":{"type":"Polygon","coordinates":[[[1390.6,646.1],[1384.6,651.4],[1388.1,666.9],[1402.9,666.9],[1400.9,657.9],[1396.4,652.9],[1394.4,648.1],[1390.6,646.1]]]}},{"type":"Feature","properties":{"id":"LU_FOREST_CONIFER_0022","class":"forest_conifer","color":"#2f5234","area_m2":9535.0},"geometry":{"type":"Polygon","coordinates":[[[170.6,643.1],[163.4,648.9],[153.4,648.1],[149.9,649.9],[146.1,666.9],[157.9,666.9],[157.4,662.9],[155.1,659.1],[155.4,657.4],[157.6,655.9],[160.4,656.1],[162.6,658.1],[163.1,666.9],[263.9,666.9],[261.1,662.1],[252.9,659.6],[247.1,655.1],[238.6,652.1],[235.1,652.6],[232.6,656.9],[229.4,658.6],[221.9,651.6],[213.6,654.1],[202.1,650.6],[199.6,652.9],[198.9,656.4],[196.9,658.6],[184.6,660.9],[182.9,657.9],[190.4,650.9],[191.1,646.9],[188.4,645.1],[180.6,645.4],[178.9,647.6],[178.6,653.9],[175.4,655.6],[173.1,653.1],[174.9,645.1],[170.6,643.1]]]}},{"type":"Feature","properties":{"id":"LU_FOREST_CONIFER_0023","class":"forest_conifer","color":"#2f5234","area_m2":758.0},"geometry":{"type":"Polygon","coordinates":[[[116.6,638.1],[114.1,641.6],[116.1,645.4],[125.6,649.9],[129.4,647.9],[130.6,643.9],[127.9,640.6],[116.6,638.1]]]}},{"type":"Feature","properties":{"id":"LU_FOREST_CONIFER_0024","class":"forest_conifer","color":"#2f5234","area_m2":2956.0},"geometry":{"type":"Polygon","coordinates":[[[768.4,637.1],[762.4,639.9],[760.4,644.4],[775.1,660.4],[778.4,661.9],[789.6,660.9],[793.6,663.1],[795.1,666.9],[806.4,666.9],[801.9,660.6],[792.1,655.1],[785.6,652.1],[777.1,651.6],[774.9,647.9],[779.4,643.6],[779.4,641.4],[772.4,637.4],[768.4,637.1]]]}},{"type":"Feature","properties":{"id":"LU_FOREST_CONIFER_0025","class":"forest_conifer","color":"#2f5234","area_m2":3677.0},"geometry":{"type":"Polygon","coordinates":[[[1724.6,636.9],[1721.4,639.6],[1721.4,644.6],[1724.6,651.9],[1731.1,657.9],[1733.1,662.4],[1733.1,666.9],[1750.9,666.9],[1750.9,661.4],[1752.6,655.6],[1748.4,645.9],[1733.1,641.1],[1724.6,636.9]]]}},{"type":"Feature","properties":{"id":"LU_FOREST_CONIFER_0026","class":"forest_conifer","color":"#2f5234","area_m2":3864.0},"geometry":{"type":"Polygon","coordinates":[[[1168.9,633.1],[1166.6,635.1],[1163.1,644.4],[1162.6,653.1],[1158.9,657.6],[1152.6,661.1],[1152.1,666.9],[1182.9,666.9],[1185.4,660.1],[1195.4,651.1],[1195.4,647.9],[1192.9,644.6],[1185.9,644.6],[1177.1,652.9],[1176.6,659.6],[1173.4,660.6],[1170.9,656.6],[1170.9,646.4],[1168.9,641.4],[1171.4,634.4],[1168.9,633.1]]]}},{"type":"Feature","properties":{"id":"LU_FOREST_CONIFER_0027","class":"forest_conifer","color":"#2f5234","area_m2":793.0},"geometry":{"type":"Polygon","coordinates":[[[1835.6,631.1],[1831.6,633.9],[1831.1,641.6],[1833.1,645.4],[1837.4,646.9],[1841.4,644.1],[1841.9,639.4],[1840.4,634.1],[1835.6,631.1]]]}},{"type":"Feature","properties":{"id":"LU_FOREST_CONIFER_0028","class":"forest_conifer","color":"#2f5234","area_m2":598.0},"geometry":{"type":"Polygon","coordinates":[[[601.9,630.4],[593.6,631.1],[592.1,633.1],[603.4,637.9],[606.6,637.9],[613.1,635.4],[611.4,633.4],[601.9,630.4]]]}},{"type":"Feature","properties":{"id":"LU_FOREST_CONIFER_0029","class":"forest_conifer","color":"#2f5234","area_m2":7275.0},"geometry":{"type":"Polygon","coordinates":[[[358.6,627.1],[354.4,629.1],[347.4,628.6],[344.4,634.4],[343.9,641.9],[348.9,647.9],[357.9,650.4],[360.1,653.9],[360.1,656.1],[358.6,657.4],[353.6,656.1],[344.6,656.9],[339.4,654.4],[337.1,658.4],[336.1,666.9],[362.9,666.9],[363.4,663.1],[366.6,660.9],[370.6,663.1],[371.1,666.9],[390.9,666.9],[390.4,660.9],[383.9,652.4],[384.1,649.6],[387.9,644.4],[387.6,642.4],[384.4,641.9],[374.4,647.1],[362.1,647.6],[357.4,642.1],[357.4,636.1],[360.1,633.4],[363.1,633.4],[367.6,637.1],[369.4,640.9],[371.1,641.4],[373.9,630.6],[371.4,628.1],[358.6,627.1]],[[375.6,657.9],[379.4,656.4],[380.4,657.9],[379.9,661.4],[378.4,662.6],[375.4,659.9],[375.6,657.9]]]}},{"type":"Feature","properties":{"id":"LU_FOREST_CONIFER_0030","class":"forest_conifer","color":"#2f5234","area_m2":3526.0},"geometry":{"type":"Polygon","coordinates":[[[1008.1,626.6],[1003.6,630.1],[1002.1,633.4],[1002.6,650.1],[1004.9,651.9],[1012.9,652.4],[1016.1,655.9],[1020.1,666.9],[1028.9,666.9],[1026.9,658.4],[1027.9,648.4],[1026.4,639.4],[1024.4,638.6],[1020.1,643.1],[1016.1,643.6],[1013.9,640.4],[1013.4,629.9],[1011.1,627.1],[1008.1,626.6]]]}},{"type":"Feature","properties":{"id":"LU_FOREST_CONIFER_0031","class":"forest_conifer","color":"#2f5234","area_m2":1010.0},"geometry":{"type":"Polygon","coordinates":[[[191.1,626.9],[177.1,629.6],[172.9,634.4],[173.6,638.9],[179.4,640.9],[186.9,636.4],[192.4,629.9],[191.1,626.9]]]}},{"type":"Feature","properties":{"id":"LU_FOREST_CONIFER_0032","class":"forest_conifer","color":"#2f5234","area_m2":1170.0},"geometry":{"type":"Polygon","coordinates":[[[929.6,617.1],[922.6,622.1],[922.4,625.4],[930.1,635.4],[934.6,635.9],[937.9,634.4],[940.1,630.4],[934.4,624.9],[931.9,618.1],[929.6,617.1]]]}},{"type":"Feature","properties":{"id":"LU_FOREST_CONIFER_0033","class":"forest_conifer","color":"#2f5234","area_m2":380.0},"geometry":{"type":"Polygon","coordinates":[[[1702.6,615.4],[1694.6,619.6],[1694.4,622.4],[1696.1,624.4],[1698.9,624.6],[1705.4,618.9],[1705.4,616.4],[1702.6,615.4]]]}},{"type":"Feature","properties":{"id":"LU_FOREST_CONIFER_0034","class":"forest_conifer","color":"#2f5234","area_m2":262.0},"geometry":{"type":"Polygon","coordinates":[[[622.6,611.6],[621.1,613.6],[621.6,618.1],[622.9,620.1],[626.1,620.6],[627.9,618.4],[627.4,615.9],[624.1,611.9],[622.6,611.6]]]}},{"type":"Feature","properties":{"id":"LU_FOREST_CONIFER_0035","class":"forest_conifer","color":"#2f5234","area_m2":3109.0},"geometry":{"type":"Polygon","coordinates":[[[1594.1,610.6],[1587.6,616.1],[1586.4,618.6],[1586.6,620.9],[1591.1,627.6],[1589.1,633.4],[1588.9,639.4],[1586.6,641.6],[1582.1,641.6],[1580.1,644.6],[1581.6,648.9],[1587.6,653.9],[1591.9,652.9],[1596.4,645.1],[1606.4,636.6],[1606.1,634.9],[1598.1,627.4],[1597.1,620.6],[1598.9,614.6],[1596.1,610.9],[1594.1,610.6]]]}},{"type":"Feature","properties":{"id":"LU_FOREST_CONIFER_0036","class":"forest_conifer","color":"#2f5234","area_m2":1053.0},"geometry":{"type":"Polygon","coordinates":[[[995.1,609.1],[993.6,614.1],[989.6,619.1],[988.9,622.1],[990.1,626.1],[994.1,630.6],[998.1,628.6],[1002.1,618.4],[998.4,611.1],[995.1,609.1]]]}},{"type":"Feature","properties":{"id":"LU_FOREST_CONIFER_0037","class":"forest_conifer","color":"#2f5234","area_m2":1633.0},"geometry":{"type":"Polygon","coordinates":[[[1156.9,608.6],[1146.9,609.6],[1142.6,613.1],[1139.1,620.6],[1140.6,623.6],[1144.6,624.6],[1150.6,623.9],[1162.1,619.1],[1162.1,616.4],[1159.4,611.1],[1156.9,608.6]]]}},{"type":"Feature","properties":{"id":"LU_FOREST_CONIFER_0038","class":"forest_conifer","color":"#2f5234","area_m2":1040.0},"geometry":{"type":"Polygon","coordinates":[[[701.1,606.6],[694.6,607.4],[685.6,615.1],[684.1,620.6],[686.1,624.4],[690.4,625.9],[694.4,622.9],[695.1,614.6],[702.1,609.1],[702.6,607.6],[701.1,606.6]]]}},{"type":"Feature","properties":{"id":"LU_FOREST_CONIFER_0039","class":"forest_conifer","color":"#2f5234","area_m2":18243.0},"geometry":{"type":"Polygon","coordinates":[[[649.9,604.4],[647.6,606.1],[643.6,615.9],[637.1,622.1],[631.1,624.1],[625.1,632.9],[632.6,637.6],[633.9,635.9],[633.1,629.9],[634.9,628.1],[636.6,628.4],[638.9,632.4],[638.9,638.1],[647.1,647.4],[656.4,651.6],[664.9,651.4],[665.9,652.4],[670.6,662.9],[671.1,666.9],[707.9,666.9],[705.9,656.6],[710.6,651.9],[721.6,652.9],[724.9,654.4],[727.1,658.4],[728.1,666.9],[741.9,666.9],[740.4,651.9],[738.4,648.1],[730.1,641.4],[729.9,635.4],[731.1,632.4],[730.1,630.1],[728.6,629.9],[718.1,635.1],[715.6,640.9],[711.6,642.9],[693.1,629.6],[689.4,629.1],[682.6,632.1],[678.1,631.6],[675.1,628.4],[673.6,617.6],[670.9,614.6],[658.1,614.6],[654.9,611.1],[653.4,606.1],[649.9,604.4]],[[677.1,646.4],[693.9,646.9],[696.1,650.4],[695.9,653.4],[693.4,655.9],[679.6,655.1],[675.1,651.4],[675.1,648.6],[677.1,646.4]],[[666.4,635.1],[669.1,635.4],[671.6,638.1],[671.4,640.1],[667.4,643.1],[665.1,642.6],[662.9,639.4],[663.4,637.1],[666.4,635.1]],[[653.1,621.1],[657.1,621.4],[660.6,624.9],[660.9,630.4],[657.6,633.6],[649.9,631.9],[648.1,630.1],[648.9,623.9],[653.1,621.1]]]}},{"type":"Feature","properties":{"id":"LU_FOREST_CONIFER_0040","class":"forest_conifer","color":"#2f5234","area_m2":627.0},"geometry":{"type":"Polygon","coordinates":[[[676.1,597.6],[673.6,599.1],[672.1,602.6],[672.6,605.1],[674.9,607.4],[678.1,607.4],[687.6,602.1],[686.1,599.6],[676.1,597.6]]]}},{"type":"Feature","properties":{"id":"LU_FOREST_CONIFER_0041","class":"forest_conifer","color":"#2f5234","area_m2":7030.0},"geometry":{"type":"Polygon","coordinates":[[[1352.6,596.1],[1349.1,599.6],[1350.9,605.6],[1350.1,611.4],[1351.6,613.6],[1359.6,614.9],[1365.9,618.4],[1383.1,622.9],[1388.1,627.9],[1389.6,635.1],[1392.1,639.4],[1401.4,645.1],[1403.6,645.4],[1405.4,643.9],[1410.9,633.6],[1410.4,629.9],[1406.9,625.6],[1403.1,623.6],[1396.1,616.1],[1379.1,608.1],[1374.9,600.6],[1366.9,596.6],[1359.6,599.4],[1355.4,596.4],[1352.6,596.1]]]}},{"type":"Feature","properties":{"id":"LU_FOREST_CONIFER_0042","class":"forest_conifer","color":"#2f5234","area_m2":428.0},"geometry":{"type":"Polygon","coordinates":[[[327.6,595.1],[325.4,596.9],[325.4,601.4],[328.6,605.4],[332.1,605.6],[333.9,603.4],[333.4,598.9],[330.9,595.6],[327.6,595.1]]]}},{"type":"Feature","properties":{"id":"LU_FOREST_CONIFER_0043","class":"forest_conifer","color":"#2f5234","area_m2":456.0},"geometry":{"type":"Polygon","coordinates":[[[1287.4,592.1],[1283.6,594.1],[1282.6,598.4],[1288.1,600.9],[1291.9,600.9],[1293.6,598.4],[1293.4,595.1],[1290.9,592.6],[1287.4,592.1]]]}},{"type":"Feature","properties":{"id":"LU_FOREST_CONIFER_0044","class":"forest_conifer","color":"#2f5234","area_m2":14653.0},"geometry":{"type":"Polygon","coordinates":[[[1065.9,592.1],[1055.1,602.9],[1053.9,612.4],[1051.9,614.6],[1046.6,615.1],[1043.4,612.9],[1043.1,610.9],[1045.6,607.4],[1045.9,604.6],[1044.1,602.1],[1040.6,601.1],[1030.4,606.9],[1032.1,615.6],[1033.9,619.1],[1035.6,619.9],[1040.6,618.4],[1045.4,625.4],[1049.6,624.4],[1050.1,628.6],[1054.6,631.6],[1061.9,633.9],[1062.6,638.6],[1065.9,641.6],[1066.6,645.9],[1071.6,652.9],[1074.4,655.1],[1078.6,655.4],[1079.9,656.6],[1084.4,663.1],[1084.6,666.9],[1089.9,666.9],[1092.1,663.4],[1103.9,656.4],[1109.1,650.4],[1119.9,646.4],[1125.6,637.4],[1132.4,630.9],[1133.6,627.4],[1123.1,622.6],[1119.4,622.1],[1116.1,623.6],[1107.9,632.6],[1100.1,634.6],[1095.6,639.6],[1093.9,639.4],[1090.4,635.9],[1086.9,630.6],[1083.6,629.1],[1079.9,629.6],[1070.1,635.6],[1067.1,635.6],[1065.1,633.4],[1065.4,629.9],[1070.1,624.4],[1075.4,621.6],[1075.4,619.1],[1070.1,615.6],[1067.6,615.4],[1060.4,623.1],[1058.1,622.6],[1055.1,619.1],[1057.1,615.4],[1063.6,614.1],[1068.4,606.1],[1076.6,599.4],[1076.9,594.9],[1075.9,593.4],[1070.6,593.9],[1065.9,592.1]]]}},{"type":"Feature","properties":{"id":"LU_FOREST_CONIFER_0045","class":"forest_conifer","color":"#2f5234","area_m2":2166.0},"geometry":{"type":"Polygon","coordinates":[[[971.9,589.9],[965.6,600.6],[971.4,604.9],[973.1,608.9],[977.6,612.1],[980.9,617.1],[982.6,617.4],[984.6,615.4],[985.4,608.1],[987.6,606.1],[990.9,605.6],[991.6,603.9],[989.9,601.6],[986.1,600.6],[978.9,591.6],[971.9,589.9]]]}},{"type":"Feature","properties":{"id":"LU_FOREST_CONIFER_0046","class":"forest_conifer","color":"#2f5234","area_m2":529.0},"geometry":{"type":"Polygon","coordinates":[[[1408.4,587.6],[1404.6,591.1],[1403.1,594.6],[1403.6,596.9],[1405.9,598.6],[1411.1,596.9],[1415.1,593.9],[1414.9,592.1],[1410.9,588.1],[1408.4,587.6]]]}},{"type":"Feature","properties":{"id":"LU_FOREST_CONIFER_0047","class":"forest_conifer","color":"#2f5234","area_m2":419.0},"geometry":{"type":"Polygon","coordinates":[[[1119.9,587.4],[1112.6,594.1],[1111.6,596.1],[1112.4,598.4],[1117.1,597.9],[1122.4,592.9],[1122.6,588.9],[1119.9,587.4]]]}},{"type":"Feature","properties":{"id":"LU_FOREST_CONIFER_0048","class":"forest_conifer","color":"#2f5234","area_m2":845.0},"geometry":{"type":"Polygon","coordinates":[[[586.9,586.4],[583.6,588.1],[580.4,595.1],[586.1,601.4],[588.4,601.6],[592.6,598.4],[592.9,590.6],[589.9,586.6],[586.9,586.4]]]}},{"type":"Feature","properties":{"id":"LU_FOREST_CONIFER_0049","class":"forest_conifer","color":"#2f5234","area_m2":325.0},"geometry":{"type":"Polygon","coordinates":[[[338.1,587.1],[334.4,587.1],[334.6,589.6],[341.1,597.1],[342.9,597.1],[343.9,595.4],[342.9,591.1],[338.1,587.1]]]}},{"type":"Feature","properties":{"id":"LU_FOREST_CONIFER_0050","class":"forest_conifer","color":"#2f5234","area_m2":3533.0},"geometry":{"type":"Polygon","coordinates":[[[916.9,585.4],[914.4,587.6],[913.1,596.4],[914.6,598.6],[919.1,601.1],[920.6,605.9],[923.1,608.4],[940.6,608.9],[947.4,607.6],[949.4,605.9],[949.9,602.4],[947.4,593.9],[942.1,588.1],[937.6,587.1],[935.6,588.4],[935.1,596.1],[932.4,598.4],[918.9,585.6],[916.9,585.4]]]}},{"type":"Feature","properties":{"id":"LU_FOREST_CONIFER_0051","class":"forest_conifer","color":"#2f5234","area_m2":446.0},"geometry":{"type":"Polygon","coordinates":[[[271.4,584.9],[266.9,586.9],[266.1,589.4],[269.1,594.4],[272.6,595.4],[275.4,592.9],[275.9,589.4],[274.4,586.1],[271.4,584.9]]]}},{"type":"Feature","properties":{"id":"LU_FOREST_CONIFER_0052","class":"forest_conifer","color":"#2f5234","area_m2":1909.0},"geometry":{"type":"Polygon","coordinates":[[[1155.9,582.4],[1153.6,584.1],[1153.1,587.6],[1159.1,600.4],[1171.4,604.9],[1178.4,605.9],[1180.6,604.6],[1180.6,602.4],[1174.9,596.6],[1171.1,594.6],[1163.9,586.6],[1159.1,583.1],[1155.9,582.4]]]}},{"type":"Feature","properties":{"id":"LU_FOREST_CONIFER_0053","class":"forest_conifer","color":"#2f5234","area_m2":16899.0},"geometry":{"type":"Polygon","coordinates":[[[534.9,578.4],[529.6,581.1],[524.6,580.1],[517.9,580.9],[516.1,584.4],[517.1,591.6],[518.6,594.9],[525.6,601.1],[526.6,608.9],[533.9,612.4],[537.6,616.1],[538.6,621.1],[547.9,637.6],[545.1,644.6],[545.6,646.9],[551.9,651.4],[556.1,656.9],[560.9,658.4],[563.6,661.1],[564.1,666.9],[601.9,666.9],[600.9,660.6],[603.6,657.9],[605.9,658.4],[607.9,660.6],[607.1,666.9],[623.9,666.9],[622.4,662.1],[612.4,654.1],[612.6,648.9],[610.4,646.4],[600.9,647.6],[594.6,653.4],[589.6,653.4],[584.6,656.1],[581.1,655.6],[575.4,648.1],[570.1,644.6],[567.4,641.1],[567.1,638.6],[569.1,635.9],[576.1,634.4],[578.1,630.9],[576.1,628.6],[570.1,628.1],[568.4,626.9],[570.9,619.6],[564.9,607.9],[562.1,605.1],[556.6,603.1],[553.6,605.1],[552.6,608.6],[550.6,609.6],[546.4,602.1],[537.9,592.6],[530.4,590.6],[529.6,588.9],[533.9,587.4],[538.4,582.6],[537.1,579.4],[534.9,578.4]]]}},{"type":"Feature","properties":{"id":"LU_FOREST_CONIFER_0054","class":"forest_conifer","color":"#2f5234","area_m2":5008.0},"geometry":{"type":"Polygon","coordinates":[[[393.1,574.6],[385.1,576.4],[383.6,578.1],[383.6,579.6],[388.6,583.1],[390.6,589.9],[393.6,592.6],[402.6,592.9],[413.9,598.4],[417.6,602.1],[418.4,609.4],[420.6,611.6],[423.9,611.4],[431.9,602.9],[442.4,601.6],[445.4,598.9],[443.6,589.6],[441.6,587.9],[438.1,588.1],[434.1,595.1],[430.9,596.9],[428.9,594.4],[430.1,587.4],[427.9,584.6],[423.6,583.9],[414.9,588.1],[407.9,589.9],[403.4,585.9],[397.4,577.1],[393.1,574.6]]]}},{"type":"Feature","properties":{"id":"LU_FOREST_CONIFER_0055","class":"forest_conifer","color":"#2f5234","area_m2":515.0},"geometry":{"type":"Polygon","coordinates":[[[1137.1,573.6],[1134.6,575.9],[1134.6,580.1],[1140.1,586.4],[1143.1,586.6],[1144.6,583.6],[1142.4,577.9],[1139.1,573.9],[1137.1,573.6]]]}},{"type":"Feature","properties":{"id":"LU_FOREST_CONIFER_0056","class":"forest_conifer","color":"#2f5234","area_m2":10399.0},"geometry":{"type":"Polygon","coordinates":[[[1585.4,572.6],[1583.4,574.6],[1583.1,577.6],[1588.1,587.1],[1591.1,590.4],[1594.4,591.9],[1602.1,591.4],[1610.9,598.9],[1624.9,604.4],[1628.6,608.1],[1637.1,621.4],[1648.1,625.9],[1652.9,629.4],[1660.6,637.1],[1663.6,642.9],[1666.9,645.9],[1680.4,651.6],[1686.1,645.4],[1692.9,643.1],[1692.9,641.1],[1688.1,636.4],[1686.4,629.6],[1680.4,624.9],[1678.9,619.9],[1675.1,616.1],[1672.4,616.4],[1672.1,623.6],[1673.6,626.9],[1682.6,636.9],[1682.9,641.4],[1680.6,643.6],[1677.9,643.1],[1675.4,640.9],[1673.4,634.1],[1669.9,630.6],[1665.4,628.4],[1658.9,620.6],[1653.9,617.9],[1653.9,615.6],[1658.4,612.6],[1659.9,610.1],[1657.6,603.4],[1652.4,596.4],[1650.6,596.4],[1648.9,604.4],[1646.9,606.6],[1636.6,605.9],[1633.4,602.9],[1631.4,597.1],[1624.1,591.1],[1619.6,589.1],[1609.9,588.6],[1600.1,582.6],[1593.1,576.1],[1585.4,572.6]]]}},{"type":"Feature","properties":{"id":"LU_FOREST_CONIFER_0057","class":"forest_conifer","color":"#2f5234","area_m2":4129.0},"geometry":{"type":"Polygon","coordinates":[[[1098.4,572.6],[1094.4,575.9],[1094.9,580.4],[1093.1,586.1],[1087.4,591.6],[1086.6,600.9],[1078.4,606.9],[1080.1,614.1],[1084.6,618.6],[1087.6,618.9],[1093.9,615.4],[1100.9,613.4],[1107.6,605.1],[1105.9,601.1],[1100.1,599.6],[1097.4,596.6],[1105.9,579.4],[1105.1,575.9],[1098.4,572.6]]]}},{"type":"Feature","properties":{"id":"LU_FOREST_CONIFER_0058","class":"forest_conifer","color":"#2f5234","area_m2":2692.0},"geometry":{"type":"Polygon","coordinates":[[[644.4,569.9],[635.4,571.1],[623.9,576.4],[622.1,582.6],[623.4,589.6],[626.1,593.4],[628.6,594.6],[632.1,593.9],[647.4,580.9],[648.9,574.4],[647.4,571.1],[644.4,569.9]]]}},{"type":"Feature","properties":{"id":"LU_FOREST_CONIFER_0059","class":"forest_conifer","color":"#2f5234","area_m2":7885.0},"geometry":{"type":"Polygon","coordinates":[[[1901.4,568.6],[1895.4,575.9],[1896.6,579.9],[1899.9,582.4],[1919.6,581.9],[1924.4,579.9],[1928.4,579.9],[1929.9,581.1],[1930.4,586.4],[1932.1,588.4],[1939.9,593.4],[1948.4,594.9],[1953.6,599.6],[1962.4,601.1],[1972.1,611.4],[1978.6,611.4],[1980.6,613.9],[1981.9,618.6],[1984.4,619.1],[1996.4,614.6],[1995.1,605.9],[1997.1,603.4],[1999.9,602.6],[1999.9,601.1],[1987.6,597.1],[1978.6,597.9],[1973.6,592.9],[1969.9,591.1],[1901.4,568.6]]]}},{"type":"Feature","properties":{"id":"LU_FOREST_CONIFER_0060","class":"forest_conifer","color":"#2f5234","area_m2":18330.0},"geometry":{"type":"Polygon","coordinates":[[[207.9,568.1],[203.1,573.9],[202.4,577.4],[208.1,588.9],[217.9,590.9],[225.9,596.4],[234.1,597.9],[243.9,604.4],[250.1,610.4],[264.9,616.4],[271.1,623.4],[278.6,628.1],[282.6,640.9],[291.6,647.1],[291.6,650.1],[288.9,653.6],[284.9,654.4],[282.4,651.9],[280.4,647.1],[273.4,641.9],[269.4,635.4],[265.1,635.6],[259.6,640.1],[258.4,642.6],[258.6,644.9],[267.1,654.4],[271.9,657.4],[276.6,657.9],[279.6,659.6],[280.1,662.6],[278.6,666.9],[290.9,666.9],[291.9,662.9],[295.1,660.4],[299.6,662.1],[301.1,666.9],[318.9,666.9],[316.9,656.1],[311.9,660.6],[309.6,660.9],[302.4,654.9],[304.4,644.9],[295.4,634.9],[293.6,631.4],[294.6,628.4],[300.1,628.9],[302.9,625.6],[303.9,615.4],[299.9,608.6],[296.1,607.6],[291.1,601.1],[285.9,599.4],[282.1,602.9],[278.9,610.1],[273.9,610.6],[271.4,608.9],[266.9,601.6],[260.4,598.4],[254.6,598.9],[250.4,594.9],[250.4,590.9],[254.9,581.6],[253.1,576.1],[251.1,576.1],[248.6,578.1],[244.9,585.6],[239.6,586.4],[235.4,589.1],[230.6,589.1],[226.4,585.9],[225.9,581.6],[232.1,574.6],[231.1,569.4],[227.1,569.6],[220.9,575.6],[218.9,575.9],[216.4,573.9],[214.6,568.6],[207.9,568.1]],[[287.6,612.4],[289.9,612.4],[292.1,615.6],[291.6,619.1],[289.1,621.1],[286.1,620.6],[284.1,618.1],[284.9,614.9],[287.6,612.4]]]}},{"type":"Feature","properties":{"id":"LU_FOREST_CONIFER_0061","class":"forest_conifer","color":"#2f5234","area_m2":3224.0},"geometry":{"type":"Polygon","coordinates":[[[550.6,562.1],[547.6,564.1],[547.6,570.1],[542.6,575.1],[542.6,578.1],[549.6,585.1],[549.9,591.4],[552.1,594.4],[559.6,594.9],[564.1,593.4],[572.4,587.9],[572.4,583.9],[570.9,580.9],[568.1,579.1],[566.1,580.1],[563.1,585.4],[560.1,585.1],[557.9,581.4],[560.6,568.4],[559.6,563.6],[557.4,562.1],[550.6,562.1]]]}},{"type":"Feature","properties":{"id":"LU_FOREST_CONIFER_0062","class":"forest_conifer","color":"#2f5234","area_m2":334.0},"geometry":{"type":"Polygon","coordinates":[[[812.4,561.6],[810.4,563.6],[810.4,567.4],[813.1,570.4],[816.1,570.6],[818.1,568.6],[818.1,565.4],[815.1,562.1],[812.4,561.6]]]}},{"type":"Feature","properties":{"id":"LU_FOREST_CONIFER_0063","class":"forest_conifer","color":"#2f5234","area_m2":2762.0},"geometry":{"type":"Polygon","coordinates":[[[1336.9,561.4],[1336.6,566.9],[1340.9,569.4],[1342.6,572.4],[1340.4,574.1],[1334.1,573.6],[1330.6,576.4],[1330.6,577.9],[1334.1,591.1],[1338.9,594.4],[1341.4,594.6],[1345.4,591.1],[1346.9,580.9],[1353.4,575.1],[1353.9,567.4],[1350.9,563.6],[1344.4,564.1],[1336.9,561.4]]]}},{"type":"Feature","properties":{"id":"LU_FOREST_CONIFER_0064","class":"forest_conifer","color":"#2f5234","area_m2":46939.0},"geometry":{"type":"Polygon","coordinates":[[[1832.4,560.6],[1822.6,571.1],[1821.4,576.1],[1819.1,577.9],[1814.4,576.1],[1798.4,574.9],[1792.9,580.6],[1783.6,584.9],[1780.4,585.1],[1774.4,582.1],[1772.1,582.6],[1768.6,588.9],[1763.9,592.6],[1760.6,591.1],[1759.6,584.6],[1757.4,583.6],[1741.9,602.9],[1743.1,612.6],[1735.9,628.1],[1741.9,631.4],[1746.6,636.1],[1749.4,644.4],[1756.6,649.1],[1759.1,657.4],[1759.1,666.9],[1795.9,666.9],[1796.4,661.9],[1799.6,659.1],[1803.6,661.1],[1804.1,666.9],[1855.9,666.9],[1853.9,659.4],[1857.1,652.4],[1854.4,649.4],[1849.9,649.6],[1838.6,655.9],[1830.6,654.9],[1828.4,656.6],[1825.6,662.6],[1820.6,662.1],[1814.9,663.9],[1806.1,656.4],[1805.9,650.4],[1807.9,644.6],[1805.9,641.6],[1800.4,642.9],[1794.1,651.9],[1792.1,651.6],[1786.9,645.6],[1784.6,645.1],[1782.4,646.6],[1780.4,651.6],[1776.1,653.6],[1762.9,640.4],[1764.1,636.4],[1777.1,630.9],[1779.4,628.9],[1779.6,626.9],[1772.4,622.9],[1767.9,613.6],[1760.4,612.6],[1759.1,611.1],[1759.4,608.6],[1762.4,606.9],[1766.4,607.1],[1772.9,611.9],[1779.1,613.4],[1785.4,616.9],[1799.9,612.4],[1805.1,603.6],[1804.9,599.9],[1799.4,595.1],[1793.4,598.4],[1791.1,598.1],[1789.4,596.1],[1788.9,592.6],[1791.1,589.4],[1797.4,587.6],[1800.1,585.1],[1799.9,580.6],[1801.6,578.4],[1805.4,580.4],[1811.4,579.1],[1818.1,588.4],[1822.4,589.9],[1825.9,589.4],[1830.9,582.4],[1835.1,582.9],[1838.6,586.1],[1842.1,593.4],[1848.9,593.4],[1855.1,600.4],[1861.6,605.1],[1867.1,612.4],[1872.4,614.9],[1881.6,615.6],[1888.9,622.9],[1896.9,625.4],[1900.6,632.9],[1912.9,642.4],[1918.1,648.4],[1921.1,648.4],[1925.9,645.1],[1931.9,647.4],[1933.9,652.4],[1929.4,658.6],[1930.1,666.9],[1966.9,666.9],[1967.1,659.6],[1971.6,654.1],[1970.6,651.6],[1967.4,651.1],[1960.6,654.1],[1948.6,654.1],[1944.4,650.9],[1944.1,637.6],[1951.9,632.4],[1953.9,628.6],[1950.1,624.1],[1943.1,621.6],[1936.9,612.4],[1933.1,613.1],[1932.1,616.6],[1934.1,620.4],[1940.6,624.9],[1940.9,630.4],[1938.4,632.9],[1935.1,632.6],[1929.9,624.6],[1922.1,621.6],[1915.6,624.6],[1907.4,621.1],[1900.4,622.6],[1898.4,619.1],[1900.9,613.9],[1906.1,606.4],[1913.6,603.6],[1912.9,601.6],[1903.1,594.6],[1893.6,597.6],[1894.1,606.4],[1886.6,601.4],[1878.4,601.1],[1870.9,599.1],[1864.4,593.9],[1865.4,590.4],[1875.4,590.1],[1882.6,597.1],[1885.9,595.9],[1886.4,592.1],[1879.4,586.9],[1875.9,580.6],[1868.1,577.6],[1859.9,568.6],[1856.6,568.4],[1851.4,572.1],[1841.6,570.9],[1839.1,568.4],[1837.9,563.1],[1832.4,560.6]],[[1776.4,598.4],[1778.1,598.1],[1780.1,599.9],[1778.4,602.9],[1775.9,602.9],[1774.1,601.1],[1776.4,598.4]],[[1748.6,615.4],[1751.1,615.4],[1753.6,618.1],[1753.4,620.1],[1750.6,622.6],[1748.9,622.4],[1746.1,619.1],[1746.4,617.1],[1748.6,615.4]]]}},{"type":"Feature","properties":{"id":"LU_FOREST_CONIFER_0065","class":"forest_conifer","color":"#2f5234","area_m2":1108.0},"geometry":{"type":"Polygon","coordinates":[[[1026.4,558.1],[1024.1,559.1],[1022.1,562.4],[1022.6,565.9],[1025.6,568.6],[1040.4,568.6],[1043.4,566.1],[1043.4,563.1],[1040.1,560.6],[1026.4,558.1]]]}},{"type":"Feature","properties":{"id":"LU_FOREST_CONIFER_0066","class":"forest_conifer","color":"#2f5234","area_m2":3082.0},"geometry":{"type":"Polygon","coordinates":[[[1705.4,557.6],[1701.1,561.9],[1698.4,568.4],[1698.1,575.4],[1699.9,578.1],[1707.4,574.9],[1710.9,576.4],[1715.6,582.4],[1719.1,582.9],[1727.1,574.4],[1731.9,571.9],[1731.4,568.1],[1725.9,562.4],[1723.6,561.9],[1719.1,566.4],[1717.1,566.6],[1710.1,558.9],[1705.4,557.6]]]}},{"type":"Feature","properties":{"id":"LU_FOREST_CONIFER_0067","class":"forest_conifer","color":"#2f5234","area_m2":6261.0},"geometry":{"type":"Polygon","coordinates":[[[975.6,555.9],[975.4,564.4],[985.6,574.6],[986.6,580.6],[1000.9,587.1],[1006.1,600.1],[1009.6,603.1],[1011.9,602.9],[1014.9,600.1],[1018.9,599.9],[1023.1,596.1],[1024.9,597.6],[1023.9,601.1],[1024.6,602.6],[1028.6,593.4],[1038.1,584.4],[1037.9,582.1],[1036.1,580.6],[1029.9,579.4],[1028.4,580.9],[1027.9,585.4],[1025.9,587.6],[1019.1,592.1],[1016.4,592.6],[1013.9,588.6],[1017.9,577.4],[1016.6,570.6],[1014.9,568.6],[1004.6,566.9],[998.6,563.1],[990.6,564.1],[982.4,562.1],[979.1,560.6],[975.6,555.9]],[[995.4,572.1],[998.4,572.1],[1001.6,575.1],[1002.1,578.4],[1000.6,580.6],[997.4,581.1],[992.4,577.9],[992.4,574.1],[995.4,572.1]]]}},{"type":"Feature","properties":{"id":"LU_FOREST_CONIFER_0068","class":"forest_conifer","color":"#2f5234","area_m2":255.0},"geometry":{"type":"Polygon","coordinates":[[[1261.1,554.1],[1261.1,561.6],[1262.1,563.9],[1264.1,564.6],[1265.9,562.4],[1265.4,555.1],[1261.1,554.1]]]}},{"type":"Feature","properties":{"id":"LU_FOREST_CONIFER_0069","class":"forest_conifer","color":"#2f5234","area_m2":2546.0},"geometry":{"type":"Polygon","coordinates":[[[1740.4,553.1],[1733.1,555.4],[1732.4,557.1],[1739.6,562.1],[1743.6,569.9],[1748.6,574.9],[1758.9,573.4],[1762.6,575.6],[1765.6,575.9],[1769.4,573.6],[1769.4,571.1],[1765.1,564.9],[1754.6,560.4],[1749.6,559.9],[1743.4,553.6],[1740.4,553.1]]]}},{"type":"Feature","properties":{"id":"LU_FOREST_CONIFER_0070","class":"forest_conifer","color":"#2f5234","area_m2":46200.0},"geometry":{"type":"Polygon","coordinates":[[[1453.1,550.6],[1442.9,556.1],[1440.6,558.9],[1440.9,568.4],[1434.6,577.9],[1433.1,586.1],[1429.4,590.6],[1429.6,599.9],[1427.4,601.9],[1421.6,601.1],[1410.9,605.6],[1405.1,610.9],[1404.1,615.4],[1409.1,620.4],[1417.4,622.9],[1420.6,622.9],[1427.4,619.9],[1433.6,619.9],[1436.9,621.4],[1440.6,625.9],[1441.4,631.4],[1442.9,633.6],[1442.6,642.9],[1445.6,645.6],[1451.6,645.9],[1454.9,647.4],[1459.4,656.4],[1468.9,657.9],[1471.1,661.4],[1471.1,666.9],[1483.9,666.9],[1486.4,663.4],[1488.9,663.9],[1490.6,666.9],[1494.9,666.9],[1495.9,661.9],[1499.6,658.9],[1502.6,660.4],[1500.6,666.9],[1553.9,666.9],[1553.4,660.9],[1558.1,655.4],[1571.4,650.9],[1572.9,647.6],[1572.4,636.9],[1570.1,634.6],[1564.4,634.1],[1560.1,636.9],[1557.6,645.9],[1551.1,649.6],[1547.9,653.6],[1538.4,653.1],[1533.6,654.1],[1530.4,651.6],[1531.4,648.1],[1541.9,641.4],[1544.4,636.4],[1541.6,632.4],[1539.9,632.1],[1536.6,638.6],[1534.1,639.4],[1531.9,633.9],[1527.4,628.1],[1527.1,624.6],[1529.4,622.6],[1536.9,625.4],[1540.4,623.9],[1541.4,607.9],[1544.9,604.1],[1551.6,606.4],[1554.6,601.4],[1554.4,599.4],[1552.4,598.1],[1544.6,596.4],[1539.1,598.6],[1530.1,610.9],[1527.6,617.9],[1525.6,619.6],[1518.9,616.6],[1511.9,618.4],[1506.6,613.6],[1497.9,615.1],[1495.4,617.6],[1495.1,623.4],[1490.1,626.6],[1485.6,631.6],[1481.4,628.9],[1478.4,619.9],[1475.4,617.4],[1471.6,619.1],[1467.9,625.6],[1463.9,626.4],[1462.4,623.1],[1468.1,613.6],[1462.1,608.6],[1458.6,608.4],[1452.1,614.1],[1448.9,614.4],[1446.4,611.9],[1446.1,609.6],[1449.9,603.9],[1453.4,603.1],[1459.4,604.6],[1465.4,602.9],[1472.6,606.9],[1481.4,605.6],[1494.4,593.9],[1495.9,590.6],[1494.9,585.1],[1491.4,577.9],[1491.6,572.6],[1488.4,570.1],[1479.6,572.9],[1473.4,569.6],[1467.9,577.6],[1464.4,579.1],[1457.9,577.9],[1456.4,579.6],[1455.6,584.6],[1452.1,585.6],[1449.4,582.9],[1449.1,580.6],[1452.4,575.1],[1453.1,569.4],[1456.9,561.4],[1456.6,552.1],[1453.1,550.6]],[[1518.4,652.6],[1520.1,652.6],[1523.6,656.1],[1524.1,658.1],[1522.9,660.1],[1520.4,660.6],[1517.4,657.9],[1516.9,654.6],[1518.4,652.6]],[[1511.4,625.1],[1514.6,624.9],[1518.9,627.4],[1519.4,629.4],[1516.1,633.1],[1512.6,633.9],[1508.4,630.9],[1508.4,627.1],[1511.4,625.1]],[[1490.4,638.1],[1494.1,639.1],[1495.1,643.4],[1491.9,647.6],[1487.6,649.1],[1485.4,647.6],[1484.9,644.4],[1486.4,641.1],[1490.4,638.1]],[[1476.4,638.9],[1476.6,637.6],[1477.1,638.4],[1476.4,638.9]],[[1467.4,587.9],[1470.9,588.4],[1473.6,592.4],[1472.4,593.9],[1465.6,596.1],[1463.4,594.6],[1463.1,592.6],[1467.4,587.9]]]}},{"type":"Feature","properties":{"id":"LU_FOREST_CONIFER_0071","class":"forest_conifer","color":"#2f5234","area_m2":2070.0},"geometry":{"type":"Polygon","coordinates":[[[490.6,550.1],[486.4,553.6],[484.1,560.4],[484.6,564.9],[487.9,567.9],[496.4,570.9],[504.6,568.1],[508.6,560.4],[507.1,556.4],[503.6,554.9],[498.4,557.4],[492.9,550.6],[490.6,550.1]]]}},{"type":"Feature","properties":{"id":"LU_FOREST_CONIFER_0072","class":"forest_conifer","color":"#2f5234","area_m2":7190.0},"geometry":{"type":"Polygon","coordinates":[[[1419.4,549.1],[1413.1,554.1],[1406.1,557.6],[1399.6,557.1],[1394.9,559.1],[1390.6,563.1],[1389.1,567.9],[1386.4,569.9],[1382.9,569.6],[1374.9,564.6],[1372.4,564.6],[1371.1,566.6],[1372.1,574.6],[1375.6,581.9],[1388.6,593.6],[1392.1,592.9],[1399.9,586.9],[1405.9,584.4],[1408.9,581.1],[1413.4,571.1],[1422.4,561.9],[1423.4,557.9],[1426.4,553.6],[1423.9,549.6],[1419.4,549.1]],[[1392.4,576.9],[1393.4,576.6],[1393.9,577.9],[1392.6,578.4],[1392.4,576.9]]]}},{"type":"Feature","properties":{"id":"LU_FOREST_CONIFER_0073","class":"forest_conifer","color":"#2f5234","area_m2":1267.0},"geometry":{"type":"Polygon","coordinates":[[[1501.9,548.4],[1500.1,550.6],[1500.6,556.6],[1494.1,558.6],[1492.1,561.6],[1493.6,565.9],[1500.9,570.6],[1503.9,569.1],[1506.4,564.1],[1506.1,558.6],[1509.1,553.4],[1507.9,550.6],[1501.9,548.4]]]}},{"type":"Feature","properties":{"id":"LU_FOREST_CONIFER_0074","class":"forest_conifer","color":"#2f5234","area_m2":1664.0},"geometry":{"type":"Polygon","coordinates":[[[1069.4,547.4],[1059.6,548.1],[1056.6,552.9],[1049.6,558.1],[1050.1,573.6],[1049.1,577.1],[1050.1,578.9],[1052.1,577.6],[1055.4,569.1],[1064.4,560.6],[1061.6,555.6],[1061.6,552.9],[1063.4,551.6],[1068.6,553.6],[1071.4,552.6],[1071.4,549.1],[1069.4,547.4]]]}},{"type":"Feature","properties":{"id":"LU_FOREST_CONIFER_0075","class":"forest_conifer","color":"#2f5234","area_m2":616.0},"geometry":{"type":"Polygon","coordinates":[[[1843.4,545.6],[1835.6,553.4],[1837.1,556.4],[1840.4,557.9],[1846.1,556.9],[1848.6,553.4],[1845.9,546.9],[1843.4,545.6]]]}},{"type":"Feature","properties":{"id":"LU_FOREST_CONIFER_0076","class":"forest_conifer","color":"#2f5234","area_m2":4586.0},"geometry":{"type":"Polygon","coordinates":[[[1610.4,543.1],[1602.9,546.1],[1612.6,550.9],[1612.6,559.9],[1616.1,563.4],[1620.4,565.1],[1623.4,569.4],[1626.9,569.9],[1638.1,584.4],[1647.9,590.4],[1654.1,592.1],[1659.4,600.9],[1662.4,603.4],[1664.1,603.1],[1665.6,601.4],[1665.9,596.4],[1668.4,591.9],[1668.4,589.4],[1663.1,585.1],[1655.9,584.6],[1645.1,577.6],[1641.4,573.1],[1641.6,566.9],[1639.1,564.1],[1617.1,558.6],[1615.1,556.4],[1617.1,547.4],[1613.9,543.6],[1610.4,543.1]]]}},{"type":"Feature","properties":{"id":"LU_FOREST_CONIFER_0077","class":"forest_conifer","color":"#2f5234","area_m2":775.0},"geometry":{"type":"Polygon","coordinates":[[[1163.6,543.1],[1161.6,544.4],[1161.6,546.9],[1167.6,554.9],[1170.4,555.6],[1172.9,554.4],[1175.9,549.6],[1175.4,546.1],[1170.6,543.4],[1163.6,543.1]]]}},{"type":"Feature","properties":{"id":"LU_FOREST_CONIFER_0078","class":"forest_conifer","color":"#2f5234","area_m2":1404.0},"geometry":{"type":"Polygon","coordinates":[[[1014.4,543.1],[1005.9,547.4],[1003.4,553.6],[1005.1,557.4],[1011.4,558.6],[1018.4,551.6],[1023.1,553.4],[1026.9,551.9],[1027.4,549.1],[1025.9,546.6],[1018.6,543.4],[1014.4,543.1]]]}},{"type":"Feature","properties":{"id":"LU_FOREST_CONIFER_0079","class":"forest_conifer","color":"#2f5234","area_m2":2013.0},"geometry":{"type":"Polygon","coordinates":[[[644.1,542.6],[631.1,549.6],[626.9,554.6],[618.6,560.1],[617.6,563.9],[619.9,568.1],[621.6,569.1],[624.9,568.4],[634.1,558.4],[645.9,553.4],[648.4,550.9],[648.4,545.1],[644.1,542.6]]]}},{"type":"Feature","properties":{"id":"LU_FOREST_CONIFER_0080","class":"forest_conifer","color":"#2f5234","area_m2":22329.0},"geometry":{"type":"Polygon","coordinates":[[[421.4,542.6],[420.4,545.1],[425.9,551.4],[425.1,553.9],[420.1,554.6],[414.4,561.9],[404.4,560.4],[402.4,561.1],[402.6,564.1],[406.1,570.4],[406.6,576.1],[408.9,580.1],[412.9,580.4],[419.1,570.4],[427.6,566.1],[441.4,564.9],[449.4,567.1],[457.1,574.4],[468.9,578.4],[471.1,581.6],[469.6,585.9],[466.4,587.9],[453.4,584.6],[450.1,589.9],[449.9,592.9],[454.1,598.4],[461.9,599.1],[467.4,597.9],[473.6,599.9],[480.9,599.9],[489.6,604.6],[493.9,608.9],[499.9,611.4],[502.9,615.6],[502.6,617.6],[500.4,619.1],[489.1,618.6],[471.1,636.1],[463.6,639.1],[459.1,638.9],[450.6,643.1],[447.1,642.6],[443.1,638.1],[443.4,636.1],[448.6,631.1],[447.9,628.4],[440.9,629.9],[434.6,627.1],[425.9,629.9],[420.9,624.6],[417.1,622.6],[408.9,622.9],[407.9,624.4],[408.6,626.9],[414.9,631.4],[424.1,641.4],[428.9,643.4],[435.1,649.4],[439.1,650.9],[444.1,655.4],[452.4,656.9],[454.6,655.4],[456.4,651.1],[461.9,646.4],[477.1,642.4],[499.9,629.4],[509.6,626.9],[517.4,627.9],[521.4,624.9],[521.6,622.6],[519.4,617.1],[511.4,610.9],[510.9,605.4],[508.4,600.1],[505.1,597.1],[500.1,595.6],[494.9,588.6],[490.1,587.6],[487.4,584.9],[487.1,579.9],[482.1,577.6],[475.9,568.6],[459.6,562.1],[451.1,562.6],[447.4,557.1],[438.9,549.6],[428.1,543.6],[421.4,542.6]]]}},{"type":"Feature","properties":{"id":"LU_FOREST_CONIFER_0081","class":"forest_conifer","color":"#2f5234","area_m2":40177.0},"geometry":{"type":"Polygon","coordinates":[[[1202.9,540.6],[1201.6,543.9],[1198.4,546.9],[1189.1,547.1],[1187.4,549.6],[1187.9,557.1],[1181.1,558.6],[1174.4,567.9],[1169.1,567.1],[1166.9,563.6],[1166.6,558.6],[1162.6,556.1],[1157.4,556.1],[1154.1,557.6],[1152.1,560.6],[1152.6,564.1],[1154.1,566.4],[1161.9,570.4],[1169.1,578.4],[1173.9,580.4],[1181.1,588.4],[1185.4,589.9],[1191.6,587.1],[1193.9,587.4],[1195.9,589.6],[1196.4,593.4],[1198.4,595.1],[1207.4,589.9],[1218.4,592.6],[1220.6,590.4],[1222.4,583.1],[1227.4,581.1],[1239.1,582.4],[1247.1,589.4],[1259.9,597.4],[1263.1,600.9],[1263.6,604.6],[1250.6,611.1],[1247.1,610.6],[1240.9,604.6],[1235.9,603.1],[1226.6,596.1],[1220.9,597.1],[1218.6,599.1],[1218.4,601.4],[1222.9,607.6],[1221.9,612.6],[1222.6,615.9],[1230.6,622.1],[1236.1,630.4],[1241.9,631.4],[1246.6,638.6],[1253.4,638.1],[1262.9,645.4],[1272.9,647.4],[1281.1,655.4],[1287.6,659.1],[1287.1,666.9],[1297.9,666.9],[1295.4,659.9],[1295.6,657.9],[1297.9,656.1],[1305.9,657.4],[1308.9,660.6],[1309.1,666.9],[1327.9,666.9],[1321.9,652.6],[1321.6,642.9],[1320.6,641.6],[1314.6,643.1],[1311.1,642.6],[1309.1,640.4],[1308.4,635.1],[1305.4,633.1],[1302.9,633.9],[1300.6,638.9],[1296.9,642.6],[1288.1,642.6],[1285.4,639.9],[1284.4,636.1],[1278.1,632.6],[1272.9,625.6],[1268.6,624.4],[1263.9,625.9],[1258.4,621.9],[1257.1,616.6],[1260.9,612.4],[1263.4,612.1],[1268.6,615.6],[1273.6,616.1],[1279.6,618.6],[1285.4,617.9],[1287.9,620.6],[1288.1,625.4],[1289.6,627.4],[1294.6,623.1],[1299.6,622.9],[1314.9,627.9],[1322.9,632.4],[1339.9,638.4],[1346.1,645.9],[1349.1,653.4],[1346.9,657.1],[1344.4,657.6],[1338.4,649.1],[1334.9,649.9],[1332.1,656.4],[1333.1,666.9],[1353.4,666.9],[1354.4,664.1],[1362.4,655.9],[1363.6,651.9],[1361.6,646.4],[1363.4,643.9],[1363.4,641.4],[1359.9,639.1],[1349.9,636.1],[1346.6,632.6],[1346.6,629.4],[1351.4,622.9],[1350.1,619.9],[1347.1,619.6],[1340.9,624.6],[1338.4,624.4],[1332.9,620.6],[1324.4,622.1],[1317.1,617.6],[1309.9,609.6],[1306.4,608.1],[1297.4,613.9],[1290.6,613.1],[1287.1,614.9],[1284.9,614.4],[1280.6,608.9],[1273.4,604.9],[1273.4,602.1],[1276.6,596.6],[1276.4,593.1],[1274.4,591.4],[1266.9,590.6],[1259.4,584.9],[1257.9,581.6],[1257.4,572.9],[1253.4,567.9],[1245.6,571.1],[1236.4,571.1],[1228.4,568.6],[1219.9,576.6],[1216.6,578.1],[1212.4,578.1],[1204.4,574.4],[1197.4,577.1],[1190.4,574.4],[1181.9,576.4],[1180.1,572.9],[1182.6,570.1],[1193.6,568.9],[1198.6,571.1],[1200.6,570.6],[1201.9,568.4],[1201.1,563.6],[1204.1,559.4],[1207.1,559.4],[1215.4,564.9],[1218.4,564.6],[1220.1,563.1],[1219.9,559.9],[1213.4,552.9],[1212.4,549.1],[1204.1,540.6],[1202.9,540.6]],[[1237.4,614.1],[1239.9,614.4],[1242.6,617.1],[1244.6,622.9],[1249.4,626.9],[1248.9,629.1],[1246.1,628.6],[1235.4,620.9],[1234.1,616.9],[1237.4,614.1]]]}},{"type":"Feature","properties":{"id":"LU_FOREST_CONIFER_0082","class":"forest_conifer","color":"#2f5234","area_m2":1108.0},"geometry":{"type":"Polygon","coordinates":[[[1136.1,537.6],[1132.1,540.9],[1130.6,544.1],[1131.1,546.9],[1142.1,552.4],[1145.9,551.4],[1149.1,547.6],[1148.9,544.1],[1139.1,538.1],[1136.1,537.6]]]}},{"type":"Feature","properties":{"id":"LU_FOREST_CONIFER_0083","class":"forest_conifer","color":"#2f5234","area_m2":682.0},"geometry":{"type":"Polygon","coordinates":[[[1576.9,537.4],[1573.4,540.9],[1573.6,542.9],[1575.9,544.9],[1590.6,548.6],[1593.1,548.1],[1591.4,544.4],[1587.9,543.6],[1582.1,539.1],[1576.9,537.4]]]}},{"type":"Feature","properties":{"id":"LU_FOREST_CONIFER_0084","class":"forest_conifer","color":"#2f5234","area_m2":479.0},"geometry":{"type":"Polygon","coordinates":[[[1230.1,531.4],[1228.4,534.4],[1226.9,542.6],[1223.9,547.9],[1224.9,549.6],[1230.1,547.9],[1231.9,545.4],[1230.6,539.6],[1232.9,532.9],[1231.9,531.4],[1230.1,531.4]]]}},{"type":"Feature","properties":{"id":"LU_FOREST_CONIFER_0085","class":"forest_conifer","color":"#2f5234","area_m2":302.0},"geometry":{"type":"Polygon","coordinates":[[[904.9,531.6],[899.1,532.6],[897.9,535.4],[899.9,537.9],[904.6,539.1],[906.6,537.4],[906.6,533.6],[904.9,531.6]]]}},{"type":"Feature","properties":{"id":"LU_FOREST_CONIFER_0086","class":"forest_conifer","color":"#2f5234","area_m2":1274.0},"geometry":{"type":"Polygon","coordinates":[[[946.4,528.6],[943.4,531.6],[943.1,540.6],[948.6,552.9],[953.1,554.6],[955.6,552.4],[955.9,546.4],[951.9,538.9],[950.4,530.9],[946.4,528.6]]]}},{"type":"Feature","properties":{"id":"LU_FOREST_CONIFER_0087","class":"forest_conifer","color":"#2f5234","area_m2":613.0},"geometry":{"type":"Polygon","coordinates":[[[1451.4,526.9],[1449.1,530.4],[1449.1,535.6],[1447.4,541.4],[1448.9,544.1],[1452.4,545.1],[1454.9,542.4],[1453.4,536.1],[1456.4,530.4],[1453.9,527.6],[1451.4,526.9]]]}},{"type":"Feature","properties":{"id":"LU_FOREST_CONIFER_0088","class":"forest_conifer","color":"#2f5234","area_m2":430.0},"geometry":{"type":"Polygon","coordinates":[[[526.6,526.9],[521.4,527.6],[519.6,529.1],[519.1,532.4],[521.1,535.4],[525.4,535.9],[529.4,530.9],[529.1,527.9],[526.6,526.9]]]}},{"type":"Feature","properties":{"id":"LU_FOREST_CONIFER_0089","class":"forest_conifer","color":"#2f5234","area_m2":706.0},"geometry":{"type":"Polygon","coordinates":[[[1112.4,526.6],[1111.1,530.6],[1114.1,539.1],[1116.9,541.4],[1119.9,541.4],[1122.6,536.6],[1122.6,532.6],[1115.1,527.1],[1112.4,526.6]]]}},{"type":"Feature","properties":{"id":"LU_FOREST_CONIFER_0090","class":"forest_conifer","color":"#2f5234","area_m2":345.0},"geometry":{"type":"Polygon","coordinates":[[[1201.6,514.9],[1193.6,517.1],[1191.6,521.1],[1192.9,524.1],[1195.9,524.4],[1198.4,521.9],[1201.9,516.1],[1201.6,514.9]]]}},{"type":"Feature","properties":{"id":"LU_FOREST_CONIFER_0091","class":"forest_conifer","color":"#2f5234","area_m2":5579.0},"geometry":{"type":"Polygon","coordinates":[[[1277.1,513.9],[1271.9,513.9],[1272.1,515.4],[1278.4,520.9],[1277.6,524.1],[1274.1,528.6],[1269.1,527.6],[1266.9,528.6],[1265.9,532.4],[1262.6,535.1],[1260.6,538.9],[1260.9,543.1],[1270.6,547.9],[1279.6,546.4],[1285.4,549.9],[1301.1,550.4],[1306.9,557.6],[1315.6,556.4],[1315.4,553.9],[1309.6,552.9],[1307.1,550.1],[1307.4,548.4],[1314.4,542.9],[1315.4,538.1],[1313.1,536.4],[1305.4,538.1],[1298.4,536.1],[1292.6,539.1],[1286.1,539.6],[1284.4,536.4],[1288.9,531.9],[1289.1,529.9],[1278.9,520.9],[1277.1,513.9]]]}},{"type":"Feature","properties":{"id":"LU_FOREST_CONIFER_0092","class":"forest_conifer","color":"#2f5234","area_m2":794.0},"geometry":{"type":"Polygon","coordinates":[[[1173.4,513.1],[1168.1,515.6],[1165.9,518.6],[1166.1,520.4],[1172.4,523.9],[1179.9,523.4],[1182.4,520.6],[1181.9,517.9],[1178.1,514.1],[1173.4,513.1]]]}},{"type":"Feature","properties":{"id":"LU_FOREST_CONIFER_0093","class":"forest_conifer","color":"#2f5234","area_m2":3771.0},"geometry":{"type":"Polygon","coordinates":[[[220.6,505.6],[220.6,507.4],[225.1,514.4],[225.4,517.6],[224.1,519.4],[221.4,519.4],[213.6,515.1],[204.9,515.1],[202.6,516.9],[199.6,522.9],[199.6,525.4],[209.1,531.4],[216.4,529.9],[225.1,533.4],[227.1,533.1],[233.9,527.4],[237.1,523.4],[236.4,519.1],[239.4,513.4],[231.9,510.1],[227.4,506.4],[220.6,505.6]]]}},{"type":"Feature","properties":{"id":"LU_FOREST_CONIFER_0094","class":"forest_conifer","color":"#2f5234","area_m2":53579.0},"geometry":{"type":"Polygon","coordinates":[[[712.4,500.1],[709.1,501.6],[707.6,503.9],[707.1,509.6],[703.1,521.4],[703.1,528.1],[701.9,529.9],[698.4,528.1],[698.9,520.4],[697.9,517.9],[686.9,503.6],[684.1,503.6],[677.9,511.6],[668.4,517.4],[666.1,515.1],[667.9,509.6],[667.4,506.1],[663.1,502.1],[658.1,500.6],[655.6,502.1],[650.1,512.4],[659.6,529.9],[661.6,536.9],[674.9,544.4],[685.1,557.4],[697.6,562.6],[702.9,562.9],[715.1,582.4],[722.9,584.4],[743.1,604.4],[751.6,609.9],[758.4,608.6],[781.9,618.4],[787.1,624.4],[792.6,628.1],[797.1,635.4],[803.9,637.4],[809.1,644.4],[814.6,647.1],[816.6,654.1],[818.9,656.4],[829.6,658.9],[845.4,652.1],[852.9,658.9],[862.9,662.4],[865.1,666.9],[884.9,666.9],[883.9,660.6],[886.4,657.6],[890.6,660.1],[893.1,666.9],[906.9,666.9],[905.4,661.1],[894.4,652.9],[890.4,645.9],[891.9,639.4],[890.6,636.6],[887.9,637.1],[885.1,639.9],[882.1,646.4],[881.9,653.4],[879.9,655.6],[874.1,655.1],[868.1,652.6],[865.9,650.1],[863.9,642.4],[864.9,637.4],[869.4,629.1],[876.6,623.4],[876.6,619.6],[874.1,617.6],[870.9,617.6],[857.4,623.6],[848.9,615.6],[845.6,614.1],[836.6,612.1],[830.9,614.9],[830.1,619.6],[832.1,623.4],[844.1,627.4],[851.1,632.9],[851.6,639.1],[846.4,644.1],[836.4,645.1],[832.9,644.1],[827.9,639.1],[827.4,633.4],[825.6,631.9],[819.6,634.1],[808.6,632.6],[807.1,627.6],[814.4,619.1],[814.9,615.4],[813.9,613.1],[809.6,612.4],[803.9,618.6],[799.6,618.9],[787.4,606.9],[787.4,601.9],[790.9,597.9],[799.4,595.9],[809.6,596.9],[819.6,594.1],[827.4,595.6],[829.4,592.1],[827.1,589.6],[821.6,590.1],[815.6,588.1],[794.9,587.4],[783.4,597.9],[778.4,598.1],[769.6,602.1],[765.1,601.6],[762.4,598.9],[762.9,594.9],[767.1,590.4],[771.9,589.4],[776.1,582.9],[779.4,582.1],[786.6,585.6],[790.4,583.9],[790.9,581.6],[788.9,574.6],[790.9,571.6],[794.1,571.9],[805.4,580.4],[810.6,577.9],[810.6,576.1],[798.4,564.9],[796.4,557.1],[792.6,555.1],[789.6,555.4],[786.6,558.1],[785.6,567.9],[783.6,569.6],[780.1,568.6],[774.4,559.1],[773.4,549.9],[765.9,538.6],[760.9,537.9],[755.6,544.9],[752.1,553.4],[753.1,565.6],[751.1,571.1],[748.9,573.6],[736.9,579.6],[734.4,579.4],[724.1,573.6],[721.6,570.9],[722.4,569.1],[729.4,569.9],[733.6,566.4],[733.9,562.4],[731.9,556.6],[734.4,548.9],[731.6,548.6],[726.6,554.6],[719.4,551.4],[716.1,551.6],[713.6,554.4],[715.9,560.9],[714.1,562.4],[704.4,552.9],[699.1,545.4],[699.4,543.1],[705.4,536.9],[709.9,532.9],[717.9,529.4],[721.6,524.4],[717.9,511.6],[718.6,501.9],[716.4,500.1],[712.4,500.1]],[[751.4,581.1],[755.9,579.4],[758.6,581.1],[759.4,585.6],[753.1,591.1],[749.1,591.6],[747.4,589.9],[747.4,587.1],[751.4,581.1]]]}},{"type":"Feature","properties":{"id":"LU_FOREST_CONIFER_0095","class":"forest_conifer","color":"#2f5234","area_m2":595.0},"geometry":{"type":"Polygon","coordinates":[[[7.6,500.1],[3.4,502.9],[0.1,503.1],[0.1,514.9],[2.9,514.4],[10.4,504.9],[10.6,501.1],[7.6,500.1]]]}},{"type":"Feature","properties":{"id":"LU_FOREST_CONIFER_0096","class":"forest_conifer","color":"#2f5234","area_m2":6830.0},"geometry":{"type":"Polygon","coordinates":[[[1648.1,499.6],[1646.4,501.1],[1645.1,508.4],[1644.9,523.9],[1643.9,524.9],[1640.4,524.6],[1638.1,528.6],[1643.4,550.4],[1650.1,556.4],[1657.9,558.4],[1667.6,567.1],[1670.1,571.4],[1672.1,571.6],[1674.1,569.6],[1672.9,565.6],[1673.4,559.1],[1675.6,557.1],[1679.9,556.4],[1682.1,552.6],[1680.4,549.1],[1676.1,546.6],[1673.1,548.9],[1671.6,554.9],[1669.6,556.6],[1666.9,556.1],[1664.1,552.4],[1667.9,543.6],[1667.9,539.4],[1666.4,536.1],[1664.4,534.4],[1660.6,534.1],[1656.4,537.9],[1653.6,538.1],[1645.9,531.1],[1645.1,528.4],[1646.1,527.1],[1651.4,527.9],[1655.4,526.6],[1660.9,518.6],[1659.9,512.1],[1651.4,506.9],[1650.4,501.1],[1648.1,499.6]]]}},{"type":"Feature","properties":{"id":"LU_FOREST_CONIFER_0097","class":"forest_conifer","color":"#2f5234","area_m2":3473.0},"geometry":{"type":"Polygon","coordinates":[[[1127.9,498.1],[1122.6,504.1],[1119.4,514.1],[1122.1,517.4],[1127.1,517.1],[1129.6,519.1],[1129.1,529.4],[1130.9,531.6],[1134.9,530.4],[1141.6,523.1],[1147.4,523.9],[1153.9,521.4],[1157.4,517.9],[1158.1,513.6],[1162.4,507.9],[1162.1,505.9],[1159.4,504.6],[1155.1,507.6],[1150.1,508.6],[1146.6,512.1],[1144.1,517.1],[1140.9,518.9],[1132.9,511.1],[1131.9,508.6],[1132.4,501.9],[1130.4,498.6],[1127.9,498.1]]]}},{"type":"Feature","properties":{"id":"LU_FOREST_CONIFER_0098","class":"forest_conifer","color":"#2f5234","area_m2":74093.0},"geometry":{"type":"Polygon","coordinates":[[[61.4,495.1],[48.9,498.6],[45.6,500.6],[46.1,513.6],[44.1,519.4],[44.1,527.1],[42.6,528.9],[39.9,527.1],[36.9,522.6],[31.9,521.6],[19.6,533.1],[18.6,538.9],[15.4,540.6],[13.1,538.4],[10.9,530.6],[11.4,526.9],[14.4,522.6],[13.9,520.1],[9.6,518.1],[3.9,522.6],[0.1,523.1],[0.1,535.9],[3.9,537.4],[5.4,539.6],[2.9,543.6],[0.1,544.1],[0.1,558.9],[4.4,559.1],[6.4,560.9],[5.4,567.1],[9.1,573.6],[8.6,575.9],[5.9,578.6],[0.1,579.1],[0.1,604.9],[31.1,601.4],[38.9,596.4],[45.1,588.4],[50.9,585.4],[53.9,582.1],[52.4,579.4],[42.4,580.1],[35.1,575.6],[28.6,574.9],[26.4,572.9],[22.9,564.4],[23.6,558.6],[20.4,551.9],[21.9,548.6],[24.9,548.4],[27.6,551.1],[31.6,561.1],[35.1,566.4],[43.9,569.4],[47.9,568.4],[50.4,564.9],[49.1,561.9],[44.4,560.6],[44.4,558.1],[51.4,553.9],[58.1,554.9],[65.6,561.1],[69.1,569.1],[73.1,573.4],[79.9,578.9],[87.9,582.4],[94.1,588.4],[101.9,591.4],[108.9,597.4],[122.6,613.1],[124.9,617.6],[124.9,620.4],[121.4,623.9],[116.9,623.6],[114.4,621.9],[110.9,615.6],[105.1,612.6],[100.1,608.1],[94.4,605.4],[91.9,605.6],[87.1,608.6],[85.4,612.1],[88.6,614.6],[95.4,612.9],[98.6,615.1],[98.6,617.9],[95.6,622.1],[98.1,629.4],[95.9,632.6],[90.6,635.9],[89.1,651.4],[86.9,654.6],[84.6,655.1],[81.1,653.6],[76.4,646.1],[69.6,640.6],[67.4,635.1],[59.9,631.4],[57.6,633.1],[57.1,635.4],[62.1,651.4],[53.9,661.6],[48.9,662.6],[46.4,660.1],[44.6,653.6],[37.9,652.6],[32.6,648.6],[30.1,650.4],[27.4,656.6],[27.4,660.4],[31.1,666.9],[65.9,666.9],[67.6,661.4],[70.6,659.1],[75.6,661.1],[77.1,666.9],[93.1,666.9],[93.9,665.4],[95.9,666.9],[113.9,666.9],[114.4,664.1],[119.4,659.1],[119.9,655.6],[117.1,652.4],[109.4,655.1],[104.9,652.9],[103.9,650.4],[104.9,646.6],[103.9,639.6],[106.1,635.4],[110.6,633.1],[118.4,634.6],[127.6,632.6],[142.4,621.9],[149.6,621.9],[163.4,624.9],[169.1,623.9],[173.1,619.4],[179.4,615.9],[192.9,590.6],[191.9,577.4],[193.9,571.6],[190.9,566.6],[183.9,568.1],[178.9,573.6],[175.1,574.6],[170.1,571.6],[163.1,570.6],[153.9,558.6],[145.4,555.1],[140.6,555.9],[134.6,554.4],[132.6,557.9],[135.9,564.1],[131.9,568.4],[131.6,570.6],[133.1,572.4],[136.6,572.9],[142.4,570.9],[150.9,571.1],[151.6,573.1],[147.6,576.1],[147.1,578.4],[148.6,581.9],[153.1,586.4],[157.1,587.1],[159.4,582.1],[163.1,578.4],[166.6,577.9],[173.6,582.9],[182.4,592.9],[179.6,595.1],[172.1,591.6],[168.6,591.4],[163.6,598.4],[148.1,606.6],[144.4,611.6],[141.4,611.6],[139.6,609.4],[140.1,607.4],[147.6,601.4],[147.6,591.4],[145.4,586.1],[138.6,581.1],[134.6,582.4],[133.6,588.1],[131.1,591.1],[125.4,586.9],[125.4,583.9],[128.6,578.4],[128.4,574.9],[120.1,569.6],[117.9,566.4],[119.9,560.9],[123.6,556.4],[124.4,550.1],[126.6,548.1],[135.6,544.9],[147.6,550.9],[154.1,547.4],[162.4,548.1],[167.6,553.1],[173.6,563.9],[178.6,566.4],[184.9,559.9],[190.6,559.4],[192.4,557.9],[195.6,547.6],[193.1,544.6],[188.6,544.1],[179.1,552.1],[176.4,553.1],[172.9,552.1],[170.1,549.4],[169.9,544.4],[171.9,538.9],[176.6,532.4],[176.1,528.9],[172.1,526.6],[169.4,526.6],[166.6,532.9],[161.9,537.6],[156.9,539.4],[154.9,537.1],[157.9,528.6],[158.1,525.4],[156.6,525.4],[149.9,528.1],[136.1,536.6],[127.9,538.1],[117.9,550.6],[113.1,553.6],[107.6,555.1],[101.1,552.6],[92.9,545.1],[92.4,542.4],[96.4,538.1],[96.6,534.1],[85.6,529.1],[75.9,534.1],[72.4,537.9],[72.6,539.9],[75.1,542.4],[87.6,551.4],[85.4,554.9],[79.1,554.1],[61.9,547.1],[56.4,539.1],[54.9,531.1],[51.1,524.4],[51.9,520.9],[56.9,514.4],[55.9,504.4],[58.9,500.4],[66.1,499.9],[67.6,502.9],[64.6,506.1],[63.9,509.4],[65.9,511.9],[73.4,514.6],[79.9,509.4],[89.4,508.9],[92.4,505.9],[93.1,503.1],[90.1,500.1],[75.4,501.4],[70.4,497.4],[61.4,495.1]],[[161.9,607.9],[163.4,608.6],[162.6,609.6],[161.4,608.9],[161.9,607.9]],[[130.6,592.4],[132.6,593.4],[133.1,595.4],[131.6,597.9],[129.9,598.1],[128.6,595.6],[130.6,592.4]],[[90.4,561.4],[93.9,561.9],[98.6,569.9],[107.9,575.4],[120.4,587.9],[120.6,590.4],[116.6,592.1],[105.9,587.1],[90.9,573.6],[82.1,570.6],[80.6,568.4],[81.1,566.4],[90.4,561.4]],[[32.1,536.6],[34.1,536.6],[42.6,546.1],[41.6,549.9],[38.6,549.9],[35.9,546.6],[29.9,542.9],[29.4,539.1],[32.1,536.6]],[[27.4,581.1],[30.1,581.6],[32.1,585.4],[31.9,589.1],[29.4,591.1],[16.6,588.9],[13.4,585.6],[13.6,583.9],[15.9,582.1],[22.4,583.6],[27.4,581.1]]]}},{"type":"Feature","properties":{"id":"LU_FOREST_CONIFER_0099","class":"forest_conifer","color":"#2f5234","area_m2":4396.0},"geometry":{"type":"Polygon","coordinates":[[[814.1,494.4],[812.6,498.1],[816.1,507.1],[825.6,512.1],[828.6,522.1],[832.1,526.4],[836.4,527.9],[842.6,525.1],[848.6,525.9],[852.4,523.9],[853.4,520.1],[852.1,515.9],[858.9,509.1],[859.4,506.4],[857.9,504.6],[853.9,505.1],[849.1,511.4],[845.6,512.1],[841.4,508.9],[840.9,503.4],[838.1,499.1],[832.4,498.1],[826.4,501.9],[823.4,502.1],[820.1,500.6],[816.9,495.9],[814.1,494.4]],[[836.1,515.9],[838.1,516.1],[839.4,517.9],[838.1,520.1],[834.9,518.1],[836.1,515.9]]]}},{"type":"Feature","properties":{"id":"LU_FOREST_CONIFER_0100","class":"forest_conifer","color":"#2f5234","area_m2":15264.0},"geometry":{"type":"Polygon","coordinates":[[[1411.9,490.4],[1406.4,494.9],[1400.1,495.6],[1395.9,502.6],[1391.1,504.6],[1380.6,512.4],[1378.1,512.6],[1373.1,510.6],[1369.1,511.6],[1365.1,517.4],[1366.1,529.4],[1363.9,532.6],[1359.1,531.6],[1354.6,524.6],[1349.6,527.1],[1348.1,530.4],[1348.1,535.6],[1356.1,548.4],[1359.6,549.9],[1368.4,549.1],[1376.1,556.4],[1387.1,552.4],[1395.1,545.4],[1409.9,536.4],[1419.1,526.4],[1428.9,521.4],[1441.1,508.1],[1441.4,497.9],[1437.4,492.1],[1434.4,490.9],[1431.4,494.6],[1433.9,502.6],[1431.6,510.9],[1428.4,513.1],[1423.6,512.1],[1415.9,512.6],[1411.6,516.1],[1408.9,521.1],[1404.9,521.6],[1402.4,519.1],[1401.9,514.4],[1403.4,510.1],[1414.4,495.1],[1414.4,491.4],[1411.9,490.4]],[[1393.4,517.1],[1396.9,517.4],[1400.1,521.6],[1398.1,527.1],[1395.4,529.1],[1392.1,528.6],[1388.9,524.4],[1389.4,520.1],[1393.4,517.1]],[[1380.4,527.6],[1383.6,529.1],[1385.9,533.6],[1385.6,535.9],[1383.1,537.9],[1381.1,537.6],[1379.1,535.4],[1378.9,529.6],[1380.4,527.6]]]}},{"type":"Feature","properties":{"id":"LU_FOREST_CONIFER_0101","class":"forest_conifer","color":"#2f5234","area_m2":15292.0},"geometry":{"type":"Polygon","coordinates":[[[1725.4,487.1],[1721.6,490.1],[1723.1,495.4],[1723.1,504.4],[1728.1,514.1],[1733.1,519.4],[1743.1,522.4],[1748.6,525.9],[1758.1,525.4],[1765.1,532.4],[1770.9,533.4],[1773.6,537.9],[1777.6,540.9],[1778.4,539.1],[1774.4,530.1],[1760.1,519.6],[1755.4,512.1],[1754.4,509.1],[1755.1,506.9],[1763.1,505.4],[1764.4,507.6],[1761.6,512.9],[1764.9,518.4],[1771.9,523.4],[1776.1,523.4],[1780.6,529.9],[1785.1,532.6],[1786.6,535.9],[1792.6,540.6],[1794.4,544.4],[1799.9,543.4],[1803.4,545.9],[1802.4,553.4],[1804.6,559.6],[1809.6,563.1],[1809.1,568.4],[1810.9,571.1],[1812.4,571.1],[1815.9,567.1],[1820.6,567.4],[1822.4,566.1],[1826.4,561.9],[1833.4,550.1],[1840.4,542.6],[1839.1,540.1],[1832.9,538.4],[1830.6,540.9],[1829.1,546.9],[1827.1,548.6],[1824.1,548.6],[1820.9,545.1],[1819.9,539.4],[1817.9,536.1],[1815.4,535.1],[1811.6,536.1],[1803.9,535.6],[1798.9,529.6],[1796.1,528.6],[1793.4,525.9],[1790.6,516.6],[1789.1,515.1],[1762.1,501.6],[1739.4,492.4],[1737.1,493.6],[1740.9,498.6],[1740.9,501.4],[1738.1,504.1],[1735.4,504.6],[1733.1,502.4],[1731.1,494.4],[1731.4,489.1],[1729.4,487.4],[1725.4,487.1]]]}},{"type":"Feature","properties":{"id":"LU_FOREST_CONIFER_0102","class":"forest_conifer","color":"#2f5234","area_m2":3199.0},"geometry":{"type":"Polygon","coordinates":[[[1683.9,486.4],[1677.4,490.9],[1671.6,489.9],[1666.1,495.4],[1660.4,497.9],[1659.1,504.6],[1661.9,510.6],[1677.1,510.6],[1678.1,503.6],[1681.6,500.1],[1687.6,499.9],[1694.6,502.6],[1697.4,501.6],[1696.4,497.1],[1685.9,486.6],[1683.9,486.4]]]}},{"type":"Feature","properties":{"id":"LU_FOREST_CONIFER_0103","class":"forest_conifer","color":"#2f5234","area_m2":7056.0},"geometry":{"type":"Polygon","coordinates":[[[536.1,484.4],[533.6,486.1],[529.9,492.1],[525.4,494.4],[524.9,496.4],[526.9,500.9],[522.6,504.9],[522.6,508.1],[527.6,515.1],[530.1,521.9],[535.9,520.9],[537.9,522.1],[539.4,525.6],[544.4,524.6],[546.4,525.9],[549.1,534.4],[555.6,538.1],[558.1,546.1],[566.6,553.1],[567.6,559.9],[570.9,564.1],[572.9,564.6],[576.6,560.9],[573.6,549.6],[569.9,545.6],[564.6,543.9],[562.6,541.6],[566.4,535.1],[566.4,532.1],[564.4,530.4],[559.1,529.6],[556.4,526.9],[555.9,519.9],[549.1,513.9],[549.6,511.9],[555.6,506.6],[554.4,505.6],[547.4,507.1],[542.4,503.9],[537.4,485.4],[536.1,484.4]]]}},{"type":"Feature","properties":{"id":"LU_FOREST_CONIFER_0104","class":"forest_conifer","color":"#2f5234","area_m2":774.0},"geometry":{"type":"Polygon","coordinates":[[[828.6,478.4],[824.6,481.1],[823.1,485.4],[827.1,490.4],[831.6,490.9],[837.4,486.9],[837.6,484.6],[834.9,480.6],[828.6,478.4]]]}},{"type":"Feature","properties":{"id":"LU_FOREST_CONIFER_0105","class":"forest_conifer","color":"#2f5234","area_m2":3358.0},"geometry":{"type":"Polygon","coordinates":[[[116.4,477.1],[109.6,478.4],[107.6,480.6],[114.6,485.1],[118.1,492.4],[117.6,495.9],[115.4,497.9],[110.1,499.4],[109.9,502.1],[115.6,506.9],[126.6,506.9],[133.6,505.4],[134.6,502.9],[131.4,498.1],[130.9,494.6],[135.4,488.6],[133.9,483.9],[126.9,479.1],[116.4,477.1]],[[123.9,484.9],[125.4,485.4],[124.4,487.1],[123.4,486.1],[123.9,484.9]]]}},{"type":"Feature","properties":{"id":"LU_FOREST_CONIFER_0106","class":"forest_conifer","color":"#2f5234","area_m2":5826.0},"geometry":{"type":"Polygon","coordinates":[[[1107.6,475.1],[1101.1,479.6],[1094.6,488.9],[1088.6,493.1],[1074.9,489.6],[1068.1,484.1],[1060.1,480.4],[1058.1,480.6],[1055.1,483.9],[1053.4,491.4],[1055.1,493.4],[1064.4,497.1],[1068.9,497.4],[1077.1,501.9],[1086.1,503.9],[1098.4,515.1],[1110.4,513.6],[1112.6,511.4],[1112.1,507.9],[1104.1,505.6],[1100.9,502.1],[1097.4,494.9],[1098.9,491.9],[1103.4,489.9],[1109.4,489.6],[1111.9,487.1],[1112.6,483.6],[1111.4,477.9],[1110.1,475.9],[1107.6,475.1]]]}},{"type":"Feature","properties":{"id":"LU_FOREST_CONIFER_0107","class":"forest_conifer","color":"#2f5234","area_m2":287.0},"geometry":{"type":"Polygon","coordinates":[[[318.6,474.1],[315.9,475.9],[316.1,479.1],[319.6,481.6],[323.1,480.9],[324.6,479.1],[324.4,476.6],[318.6,474.1]]]}},{"type":"Feature","properties":{"id":"LU_FOREST_CONIFER_0108","class":"forest_conifer","color":"#2f5234","area_m2":1626.0},"geometry":{"type":"Polygon","coordinates":[[[9.9,473.6],[0.1,474.1],[0.1,483.9],[31.6,484.4],[31.6,482.9],[24.9,474.6],[21.9,474.6],[14.6,478.1],[9.9,473.6]]]}},{"type":"Feature","properties":{"id":"LU_FOREST_CONIFER_0109","class":"forest_conifer","color":"#2f5234","area_m2":17796.0},"geometry":{"type":"Polygon","coordinates":[[[953.1,472.6],[940.4,479.9],[938.1,479.6],[931.6,474.6],[928.4,479.6],[928.4,482.4],[936.6,489.1],[939.1,498.1],[944.1,503.4],[954.6,504.4],[955.9,505.9],[955.4,511.4],[957.1,513.4],[963.6,515.9],[967.6,515.4],[969.1,516.9],[970.1,519.4],[969.4,527.4],[972.6,532.9],[977.9,537.6],[978.1,544.6],[980.1,550.4],[984.6,548.9],[991.6,549.9],[996.1,546.6],[995.9,542.1],[992.6,537.9],[991.1,537.6],[987.1,542.9],[984.6,541.4],[986.1,537.4],[986.1,531.6],[993.4,525.1],[994.4,519.1],[997.9,515.9],[1003.1,513.9],[1010.9,508.4],[1020.1,499.4],[1037.1,491.9],[1040.9,487.4],[1040.4,478.1],[1033.4,474.6],[1026.9,485.1],[1024.4,485.6],[1020.4,482.9],[1017.1,483.6],[1012.6,489.9],[1011.6,495.9],[1009.9,497.6],[1006.9,497.6],[1003.1,493.4],[1004.9,482.4],[1006.9,477.6],[1006.6,473.9],[1004.9,472.9],[995.6,479.1],[990.4,491.6],[990.6,494.1],[993.1,497.4],[998.6,499.4],[998.9,501.1],[997.1,503.1],[994.6,504.1],[987.6,503.9],[980.6,497.6],[978.1,498.1],[974.6,501.9],[972.9,502.1],[970.4,499.9],[967.9,494.6],[967.9,481.4],[964.6,481.6],[956.4,487.9],[953.6,487.9],[951.4,485.9],[951.4,481.9],[956.4,475.6],[955.1,472.9],[953.1,472.6]]]}},{"type":"Feature","properties":{"id":"LU_FOREST_CONIFER_0110","class":"forest_conifer","color":"#2f5234","area_m2":7655.0},"geometry":{"type":"Polygon","coordinates":[[[1376.6,471.4],[1366.4,477.4],[1359.4,472.9],[1356.1,474.1],[1353.1,482.1],[1344.6,491.9],[1343.6,497.1],[1340.1,504.4],[1340.1,515.4],[1338.6,517.6],[1334.9,516.9],[1328.9,500.9],[1324.4,498.6],[1321.1,502.9],[1316.6,512.9],[1316.1,515.4],[1317.6,518.9],[1338.9,530.4],[1341.9,530.4],[1344.4,527.1],[1347.4,519.1],[1350.1,516.4],[1354.4,515.6],[1356.4,513.9],[1357.9,508.6],[1358.4,497.9],[1366.4,488.9],[1370.4,482.1],[1378.6,473.6],[1378.9,472.1],[1376.6,471.4]]]}},{"type":"Feature","properties":{"id":"LU_FOREST_CONIFER_0111","class":"forest_conifer","color":"#2f5234","area_m2":2575.0},"geometry":{"type":"Polygon","coordinates":[[[916.9,467.1],[914.6,468.9],[907.1,487.1],[903.1,491.9],[904.1,503.6],[906.9,509.6],[909.6,511.6],[913.9,510.4],[916.6,505.4],[916.4,503.4],[910.1,498.4],[910.1,492.6],[916.9,486.6],[920.6,486.4],[922.4,484.6],[922.9,474.4],[920.4,469.1],[916.9,467.1]]]}},{"type":"Feature","properties":{"id":"LU_FOREST_CONIFER_0112","class":"forest_conifer","color":"#2f5234","area_m2":2155.0},"geometry":{"type":"Polygon","coordinates":[[[880.6,467.1],[871.6,477.1],[871.4,483.4],[884.9,494.9],[890.4,496.9],[894.1,496.4],[896.1,495.1],[896.6,491.6],[883.4,479.9],[882.9,475.4],[884.9,469.6],[883.9,467.4],[880.6,467.1]]]}},{"type":"Feature","properties":{"id":"LU_FOREST_CONIFER_0113","class":"forest_conifer","color":"#2f5234","area_m2":483.0},"geometry":{"type":"Polygon","coordinates":[[[1173.9,466.6],[1172.1,468.6],[1172.4,471.4],[1178.1,480.1],[1180.4,481.4],[1182.4,479.1],[1182.4,475.9],[1178.6,470.4],[1173.9,466.6]]]}},{"type":"Feature","properties":{"id":"LU_FOREST_CONIFER_0114","class":"forest_conifer","color":"#2f5234","area_m2":415.0},"geometry":{"type":"Polygon","coordinates":[[[847.9,466.4],[842.4,471.9],[843.1,474.9],[846.6,476.9],[848.9,476.4],[851.9,472.4],[851.4,467.6],[847.9,466.4]]]}},{"type":"Feature","properties":{"id":"LU_FOREST_CONIFER_0115","class":"forest_conifer","color":"#2f5234","area_m2":32815.0},"geometry":{"type":"Polygon","coordinates":[[[753.6,466.1],[741.9,470.1],[738.9,473.6],[739.6,476.9],[747.6,486.9],[750.1,488.4],[755.6,486.6],[758.9,487.4],[765.6,498.9],[771.1,504.4],[791.9,512.4],[805.1,526.9],[812.6,543.9],[822.6,552.1],[827.1,561.4],[834.9,564.4],[837.6,567.1],[840.6,573.9],[844.1,577.4],[850.4,579.9],[863.4,580.1],[868.4,584.1],[874.9,580.1],[879.9,581.4],[883.6,586.1],[886.1,592.6],[883.1,602.4],[883.4,609.4],[886.1,612.4],[890.1,612.1],[892.4,606.1],[896.1,602.4],[903.9,599.4],[905.6,597.1],[900.9,583.9],[898.1,581.6],[894.1,580.6],[892.1,578.1],[893.1,576.1],[899.6,576.9],[914.4,571.9],[928.6,571.9],[940.4,575.9],[945.9,576.4],[948.6,579.1],[950.6,584.9],[955.1,586.6],[957.4,584.9],[957.6,582.9],[954.4,577.6],[954.6,575.9],[956.9,574.1],[961.4,574.9],[964.4,573.4],[966.1,567.9],[964.6,563.6],[966.6,561.4],[966.9,555.4],[963.9,548.4],[962.6,549.4],[962.6,557.1],[957.1,567.1],[950.4,571.1],[948.1,570.6],[941.9,563.6],[934.4,558.4],[930.1,559.6],[922.1,568.1],[918.9,568.4],[916.1,565.4],[916.4,559.1],[920.6,555.1],[927.9,554.4],[930.4,551.9],[930.4,549.1],[928.1,547.4],[923.4,548.9],[919.1,548.6],[914.1,553.1],[911.4,553.6],[908.4,550.9],[907.4,547.1],[904.4,545.1],[896.6,545.1],[893.6,547.1],[893.1,550.6],[895.1,558.4],[890.6,569.6],[887.1,568.6],[880.9,560.6],[876.1,558.6],[873.4,555.9],[872.9,547.6],[870.6,544.9],[869.1,545.1],[865.1,549.9],[859.6,563.9],[857.9,565.6],[855.1,565.6],[852.9,561.6],[857.6,554.4],[857.4,549.1],[854.4,547.1],[845.6,547.9],[842.6,546.1],[841.9,542.4],[845.6,536.1],[844.1,534.1],[835.4,533.1],[832.1,534.6],[824.6,541.6],[821.4,539.9],[818.4,529.1],[813.1,525.6],[814.9,521.4],[813.4,515.1],[803.9,503.6],[796.1,499.6],[788.9,492.1],[786.9,487.6],[786.9,475.4],[783.1,469.9],[780.9,469.9],[774.4,474.9],[774.6,476.9],[781.9,482.4],[783.6,485.1],[783.4,487.1],[780.9,489.6],[777.4,490.1],[774.1,488.6],[767.9,481.6],[760.4,477.9],[758.9,474.6],[758.4,467.9],[756.9,466.4],[753.6,466.1]],[[891.9,593.4],[892.9,593.1],[893.4,594.4],[892.1,594.9],[891.9,593.4]]]}},{"type":"Feature","properties":{"id":"LU_FOREST_CONIFER_0116","class":"forest_conifer","color":"#2f5234","area_m2":1480.0},"geometry":{"type":"Polygon","coordinates":[[[31.9,466.1],[30.4,466.9],[29.9,469.4],[40.6,483.6],[53.6,481.6],[59.4,478.4],[57.4,476.1],[48.9,476.6],[41.9,468.6],[31.9,466.1]]]}},{"type":"Feature","properties":{"id":"LU_FOREST_CONIFER_0117","class":"forest_conifer","color":"#2f5234","area_m2":383.0},"geometry":{"type":"Polygon","coordinates":[[[831.1,462.6],[828.9,464.4],[827.9,469.1],[830.9,471.6],[836.9,469.9],[837.4,466.1],[834.1,463.1],[831.1,462.6]]]}},{"type":"Feature","properties":{"id":"LU_FOREST_CONIFER_0118","class":"forest_conifer","color":"#2f5234","area_m2":547.0},"geometry":{"type":"Polygon","coordinates":[[[731.4,460.1],[727.4,461.9],[724.9,465.4],[724.6,467.9],[726.9,470.4],[732.1,469.9],[736.4,465.1],[736.4,462.1],[734.4,460.4],[731.4,460.1]]]}},{"type":"Feature","properties":{"id":"LU_FOREST_CONIFER_0119","class":"forest_conifer","color":"#2f5234","area_m2":21444.0},"geometry":{"type":"Polygon","coordinates":[[[282.1,458.6],[266.1,469.6],[264.4,472.4],[269.4,472.9],[283.6,491.9],[291.1,495.1],[291.6,497.6],[288.4,501.1],[289.6,507.9],[292.9,510.4],[302.4,512.1],[304.1,515.1],[299.4,518.9],[292.4,518.6],[291.1,520.6],[292.4,526.4],[291.1,527.6],[286.1,524.1],[281.4,522.6],[278.6,525.1],[277.9,531.4],[275.9,533.6],[273.1,533.6],[268.9,529.4],[266.9,529.9],[263.1,533.9],[261.4,538.6],[262.1,550.6],[264.1,557.1],[270.1,564.4],[288.4,567.1],[295.9,572.9],[300.6,572.9],[309.6,567.1],[314.6,561.1],[325.1,562.1],[326.4,559.1],[321.9,553.1],[320.4,547.1],[324.1,545.4],[334.1,548.1],[340.4,541.9],[340.9,536.6],[337.4,533.1],[332.9,533.6],[326.4,537.1],[318.6,536.4],[316.4,538.6],[315.6,542.9],[309.6,547.1],[297.6,546.1],[295.4,544.6],[294.9,540.6],[295.9,538.4],[302.4,532.9],[304.4,527.1],[310.9,522.4],[315.1,516.4],[320.6,513.1],[328.6,513.4],[329.9,512.1],[330.9,508.6],[329.1,502.6],[333.4,495.4],[326.1,490.1],[323.1,489.6],[320.6,491.9],[318.6,499.9],[315.1,503.1],[311.9,503.4],[306.9,497.1],[304.4,491.1],[302.4,489.4],[298.6,488.9],[296.6,486.6],[296.9,485.1],[302.6,480.4],[302.9,477.6],[301.6,475.6],[298.4,475.1],[293.6,477.1],[287.4,477.1],[276.4,469.6],[276.4,467.1],[278.1,465.4],[285.1,462.1],[285.1,459.9],[282.1,458.6]],[[296.9,554.6],[299.6,554.6],[302.1,556.9],[302.9,560.1],[301.6,561.9],[298.9,562.1],[294.4,558.9],[294.4,556.4],[296.9,554.6]],[[283.9,545.6],[287.9,546.4],[290.1,550.4],[290.6,555.9],[286.6,559.1],[283.1,558.6],[278.9,552.6],[279.4,549.1],[283.9,545.6]]]}},{"type":"Feature","properties":{"id":"LU_FOREST_CONIFER_0120","class":"forest_conifer","color":"#2f5234","area_m2":548.0},"geometry":{"type":"Polygon","coordinates":[[[1121.9,456.4],[1120.1,458.6],[1121.1,467.4],[1123.9,471.1],[1125.6,471.4],[1127.9,468.4],[1127.9,461.4],[1125.9,457.6],[1121.9,456.4]]]}},{"type":"Feature","properties":{"id":"LU_FOREST_CONIFER_0121","class":"forest_conifer","color":"#2f5234","area_m2":3207.0},"geometry":{"type":"Polygon","coordinates":[[[1139.9,452.4],[1133.4,458.6],[1134.1,465.1],[1145.9,470.4],[1152.9,471.9],[1155.9,477.4],[1156.6,486.1],[1158.4,488.4],[1160.6,488.4],[1162.9,484.6],[1161.9,478.6],[1162.9,469.6],[1162.1,456.9],[1159.1,455.6],[1152.6,458.1],[1139.9,452.4]]]}},{"type":"Feature","properties":{"id":"LU_FOREST_CONIFER_0122","class":"forest_conifer","color":"#2f5234","area_m2":578.0},"geometry":{"type":"Polygon","coordinates":[[[420.9,450.4],[418.1,452.9],[417.4,456.4],[419.1,463.1],[421.9,466.1],[423.6,466.4],[426.4,463.9],[426.9,461.6],[423.4,456.1],[423.4,451.4],[420.9,450.4]]]}},{"type":"Feature","properties":{"id":"LU_FOREST_CONIFER_0123","class":"forest_conifer","color":"#2f5234","area_m2":1253.0},"geometry":{"type":"Polygon","coordinates":[[[303.4,449.6],[299.9,451.6],[294.6,449.9],[291.1,451.6],[289.6,453.9],[292.4,455.9],[298.6,454.4],[311.1,465.4],[313.9,466.4],[317.9,465.4],[319.1,463.4],[318.1,459.9],[312.1,456.6],[306.9,450.6],[303.4,449.6]]]}},{"type":"Feature","properties":{"id":"LU_FOREST_CONIFER_0124","class":"forest_conifer","color":"#2f5234","area_m2":3542.0},"geometry":{"type":"Polygon","coordinates":[[[1048.4,449.1],[1042.1,453.9],[1041.1,460.4],[1039.6,462.6],[1034.9,462.4],[1033.4,463.4],[1032.9,465.1],[1034.1,466.9],[1041.6,467.9],[1045.6,466.1],[1049.4,459.1],[1051.6,457.6],[1053.4,457.9],[1056.6,462.9],[1062.6,467.6],[1086.4,460.6],[1089.4,457.6],[1088.4,454.1],[1084.6,450.6],[1080.1,450.9],[1075.4,454.1],[1068.4,453.1],[1062.6,455.1],[1055.1,450.6],[1048.4,449.1]]]}},{"type":"Feature","properties":{"id":"LU_FOREST_CONIFER_0125","class":"forest_conifer","color":"#2f5234","area_m2":12575.0},"geometry":{"type":"Polygon","coordinates":[[[519.9,445.4],[518.6,446.4],[518.9,450.1],[517.6,451.6],[510.9,451.4],[509.6,452.4],[509.1,463.6],[507.6,466.9],[501.6,472.1],[500.9,478.9],[498.4,479.6],[496.6,475.1],[494.6,474.1],[489.1,476.6],[484.9,481.9],[486.6,483.9],[493.4,482.9],[495.9,484.9],[495.4,488.1],[488.1,492.9],[487.4,499.4],[490.6,501.9],[495.9,499.1],[499.1,500.9],[500.1,505.9],[493.9,513.4],[495.1,518.6],[494.6,522.6],[508.4,532.1],[512.4,529.9],[515.6,523.1],[503.9,517.9],[504.4,511.4],[502.1,508.9],[502.1,506.6],[504.4,500.1],[516.9,489.1],[518.1,486.4],[517.4,481.9],[520.4,479.9],[529.4,478.6],[534.1,475.4],[538.4,475.9],[541.6,474.6],[546.6,474.9],[551.9,478.4],[555.4,478.6],[559.9,474.1],[562.4,465.6],[562.4,464.4],[560.9,464.9],[552.9,473.6],[549.6,473.9],[546.9,471.4],[546.6,469.6],[550.1,465.4],[554.1,463.9],[557.4,460.9],[557.6,457.6],[555.9,455.6],[550.4,455.1],[539.4,457.9],[534.1,456.9],[530.1,460.1],[526.9,460.9],[523.6,458.1],[523.6,456.1],[525.6,454.9],[530.9,455.4],[532.4,453.6],[532.1,451.4],[529.4,448.4],[519.9,445.4]]]}},{"type":"Feature","properties":{"id":"LU_FOREST_CONIFER_0126","class":"forest_conifer","color":"#2f5234","area_m2":340.0},"geometry":{"type":"Polygon","coordinates":[[[1593.4,443.6],[1590.1,447.6],[1590.1,449.9],[1593.4,451.9],[1597.9,451.6],[1598.9,450.1],[1598.4,445.4],[1593.4,443.6]]]}},{"type":"Feature","properties":{"id":"LU_FOREST_CONIFER_0127","class":"forest_conifer","color":"#2f5234","area_m2":303.0},"geometry":{"type":"Polygon","coordinates":[[[1231.4,442.4],[1230.1,443.9],[1230.9,448.1],[1236.9,451.4],[1239.1,451.4],[1238.4,447.1],[1234.9,443.6],[1231.4,442.4]]]}},{"type":"Feature","properties":{"id":"LU_FOREST_CONIFER_0128","class":"forest_conifer","color":"#2f5234","area_m2":5047.0},"geometry":{"type":"Polygon","coordinates":[[[42.4,436.4],[34.6,446.1],[34.1,449.6],[37.1,457.9],[40.4,459.9],[44.9,460.4],[49.1,468.9],[51.9,469.4],[59.4,467.1],[62.6,470.1],[64.4,474.4],[67.1,475.6],[81.1,466.9],[80.4,465.1],[72.4,460.4],[65.4,462.4],[63.4,461.9],[61.9,457.4],[63.6,453.4],[67.6,449.6],[67.6,447.6],[63.1,445.6],[59.9,449.6],[57.1,449.6],[54.1,446.4],[53.1,440.9],[42.4,436.4]],[[45.4,448.6],[47.6,449.6],[46.1,451.9],[44.1,450.6],[45.4,448.6]]]}},{"type":"Feature","properties":{"id":"LU_FOREST_CONIFER_0129","class":"forest_conifer","color":"#2f5234","area_m2":5804.0},"geometry":{"type":"Polygon","coordinates":[[[360.9,435.4],[358.4,438.6],[361.1,447.4],[361.1,450.6],[358.9,454.6],[355.6,456.1],[348.6,455.9],[343.9,450.1],[340.6,449.4],[336.6,452.1],[332.1,461.4],[332.1,465.6],[334.6,470.9],[343.9,475.4],[353.1,485.4],[357.1,487.4],[360.9,486.4],[363.4,483.9],[363.6,481.6],[360.9,477.6],[352.4,471.9],[351.4,468.4],[354.9,464.9],[361.4,462.9],[364.6,465.1],[367.1,470.4],[371.1,471.1],[372.6,467.6],[367.4,460.9],[366.9,456.6],[369.1,453.4],[373.1,452.6],[374.6,451.1],[374.4,449.1],[368.4,441.1],[362.9,435.6],[360.9,435.4]]]}},{"type":"Feature","properties":{"id":"LU_FOREST_CONIFER_0130","class":"forest_conifer","color":"#2f5234","area_m2":2178.0},"geometry":{"type":"Polygon","coordinates":[[[1412.6,431.9],[1411.4,432.9],[1411.6,434.9],[1415.6,440.1],[1421.6,452.9],[1431.9,460.9],[1435.9,461.4],[1439.4,456.9],[1436.4,449.1],[1427.4,441.9],[1425.1,434.9],[1417.9,434.9],[1412.6,431.9]]]}},{"type":"Feature","properties":{"id":"LU_FOREST_CONIFER_0131","class":"forest_conifer","color":"#2f5234","area_m2":930.0},"geometry":{"type":"Polygon","coordinates":[[[1108.6,428.1],[1104.6,431.1],[1100.1,439.1],[1100.6,440.9],[1106.6,440.9],[1110.9,439.4],[1116.6,440.1],[1115.4,430.9],[1113.1,428.6],[1108.6,428.1]]]}},{"type":"Feature","properties":{"id":"LU_FOREST_CONIFER_0132","class":"forest_conifer","color":"#2f5234","area_m2":565.0},"geometry":{"type":"Polygon","coordinates":[[[22.9,427.6],[19.6,435.9],[23.1,440.4],[27.1,441.6],[29.4,439.9],[29.6,436.6],[27.4,430.1],[22.9,427.6]]]}},{"type":"Feature","properties":{"id":"LU_FOREST_CONIFER_0133","class":"forest_conifer","color":"#2f5234","area_m2":372.0},"geometry":{"type":"Polygon","coordinates":[[[10.6,426.6],[5.4,428.9],[0.1,429.1],[0.1,433.9],[9.9,433.4],[11.6,431.4],[11.9,428.6],[10.6,426.6]]]}},{"type":"Feature","properties":{"id":"LU_FOREST_CONIFER_0134","class":"forest_conifer","color":"#2f5234","area_m2":3376.0},"geometry":{"type":"Polygon","coordinates":[[[866.4,425.1],[855.6,431.1],[846.6,430.4],[841.9,432.1],[836.6,436.6],[830.1,435.6],[828.4,437.6],[828.4,440.1],[836.1,446.4],[838.4,446.9],[844.6,443.1],[852.4,444.6],[861.4,438.9],[871.4,439.9],[876.4,437.6],[877.4,436.6],[876.4,433.1],[869.9,425.6],[866.4,425.1]]]}},{"type":"Feature","properties":{"id":"LU_FOREST_CONIFER_0135","class":"forest_conifer","color":"#2f5234","area_m2":1028.0},"geometry":{"type":"Polygon","coordinates":[[[1382.4,424.1],[1379.1,425.6],[1372.6,433.9],[1372.6,436.9],[1375.6,439.6],[1379.6,439.9],[1382.9,438.4],[1385.4,433.1],[1389.4,428.9],[1388.4,425.4],[1382.4,424.1]]]}},{"type":"Feature","properties":{"id":"LU_FOREST_CONIFER_0136","class":"forest_conifer","color":"#2f5234","area_m2":5451.0},"geometry":{"type":"Polygon","coordinates":[[[898.6,421.9],[898.9,424.4],[900.9,426.4],[906.9,428.6],[911.6,426.9],[916.6,432.1],[917.9,439.1],[926.4,446.6],[926.6,452.9],[924.1,463.4],[931.9,473.6],[936.4,468.9],[938.4,464.1],[946.6,457.1],[945.9,454.1],[938.9,451.1],[937.6,448.1],[941.6,446.9],[947.6,449.6],[951.4,448.4],[950.1,439.6],[955.9,434.1],[956.4,429.1],[954.4,427.4],[950.9,427.6],[940.1,436.1],[932.6,438.9],[925.1,436.6],[922.4,433.9],[921.6,428.6],[919.9,426.6],[911.4,426.4],[907.1,423.6],[898.6,421.9]]]}},{"type":"Feature","properties":{"id":"LU_FOREST_CONIFER_0137","class":"forest_conifer","color":"#2f5234","area_m2":806.0},"geometry":{"type":"Polygon","coordinates":[[[813.1,421.6],[809.1,423.6],[806.1,427.6],[807.9,432.6],[811.4,434.9],[815.9,434.4],[819.9,429.4],[818.4,424.1],[815.6,421.9],[813.1,421.6]]]}},{"type":"Feature","properties":{"id":"LU_FOREST_CONIFER_0138","class":"forest_conifer","color":"#2f5234","area_m2":57931.0},"geometry":{"type":"Polygon","coordinates":[[[1474.9,421.4],[1468.9,427.6],[1463.4,429.9],[1454.9,427.1],[1448.6,421.6],[1442.6,424.1],[1436.6,424.1],[1434.4,425.9],[1435.4,429.4],[1441.9,431.4],[1450.1,442.4],[1455.1,444.4],[1457.6,446.9],[1458.1,451.4],[1455.9,454.6],[1447.6,455.1],[1444.9,457.4],[1446.6,466.1],[1453.6,477.9],[1458.4,480.9],[1464.9,480.4],[1474.6,491.6],[1481.4,493.9],[1491.4,494.1],[1495.9,497.9],[1502.4,500.9],[1512.9,501.4],[1516.1,505.6],[1513.4,515.6],[1515.6,524.9],[1521.9,528.4],[1527.1,534.4],[1532.9,537.4],[1542.1,546.4],[1545.9,548.4],[1550.6,554.9],[1555.9,558.4],[1564.9,567.9],[1573.6,569.9],[1583.9,564.4],[1592.4,563.1],[1598.9,567.9],[1604.9,570.4],[1609.4,577.4],[1613.6,577.9],[1617.6,576.4],[1618.1,574.6],[1615.9,569.9],[1607.1,560.4],[1608.4,554.4],[1606.9,552.6],[1599.6,551.4],[1596.6,555.9],[1592.4,558.9],[1584.6,556.1],[1574.6,554.9],[1570.4,550.9],[1567.9,546.1],[1554.9,541.6],[1552.9,539.9],[1547.6,524.6],[1544.9,521.6],[1537.9,517.9],[1536.9,523.4],[1533.6,525.4],[1530.4,522.9],[1524.1,513.4],[1524.4,510.9],[1527.1,508.4],[1535.1,511.4],[1551.6,510.9],[1556.6,514.1],[1560.9,522.4],[1572.6,522.1],[1577.1,523.9],[1582.1,528.4],[1585.6,528.9],[1588.9,527.4],[1590.9,523.6],[1590.9,520.4],[1588.1,514.4],[1588.4,512.9],[1590.1,512.4],[1596.1,518.9],[1602.6,533.4],[1602.4,536.6],[1603.9,537.9],[1606.9,537.4],[1609.4,534.9],[1609.9,527.6],[1611.4,525.4],[1616.6,525.4],[1628.1,520.9],[1629.6,517.6],[1627.6,514.9],[1624.4,513.1],[1617.9,512.6],[1613.1,509.1],[1604.1,505.6],[1593.4,491.9],[1593.1,486.6],[1597.4,481.9],[1597.9,477.6],[1593.9,472.6],[1589.1,471.1],[1587.4,469.1],[1587.1,464.6],[1589.9,461.1],[1590.1,458.9],[1579.4,458.1],[1573.4,454.4],[1562.9,452.4],[1560.6,454.1],[1560.4,456.1],[1564.6,460.1],[1565.6,463.6],[1561.6,466.1],[1555.1,463.6],[1547.9,455.6],[1544.9,455.6],[1524.1,472.6],[1524.6,474.9],[1537.1,487.4],[1544.9,492.4],[1545.1,494.4],[1542.9,497.6],[1535.4,499.9],[1531.9,499.1],[1520.9,485.6],[1514.9,482.9],[1509.1,486.1],[1506.6,494.1],[1504.9,496.1],[1502.6,496.4],[1493.1,490.6],[1485.1,481.1],[1474.1,478.1],[1468.9,470.6],[1461.1,470.1],[1458.9,466.6],[1459.9,461.9],[1464.6,458.1],[1473.4,460.9],[1482.4,461.9],[1489.1,461.1],[1492.4,463.9],[1492.4,468.4],[1494.9,471.6],[1498.1,471.4],[1499.9,469.9],[1500.4,464.9],[1502.1,463.9],[1507.9,470.9],[1515.4,472.6],[1520.9,470.4],[1522.6,468.4],[1522.6,465.4],[1520.4,460.1],[1507.9,446.1],[1507.4,441.1],[1511.4,438.9],[1520.6,439.9],[1523.9,441.4],[1528.6,447.1],[1529.1,449.4],[1528.1,451.4],[1523.9,453.9],[1522.9,457.1],[1524.4,459.1],[1528.6,460.9],[1531.1,460.4],[1533.4,458.1],[1535.6,442.6],[1528.4,435.9],[1526.9,430.6],[1523.9,427.6],[1516.6,426.1],[1512.1,428.6],[1507.6,429.4],[1501.4,433.1],[1494.4,429.4],[1490.6,429.4],[1488.4,432.6],[1489.9,441.4],[1488.6,443.9],[1485.6,445.6],[1483.9,443.4],[1484.1,438.9],[1477.1,433.4],[1477.9,423.6],[1476.6,421.6],[1474.9,421.4]],[[1603.9,517.6],[1605.9,517.4],[1608.1,519.1],[1608.4,520.6],[1606.4,522.9],[1603.6,522.9],[1601.6,520.6],[1603.9,517.6]],[[1575.1,472.1],[1583.6,471.9],[1587.1,474.1],[1588.1,481.4],[1584.9,485.6],[1581.9,485.6],[1573.4,480.9],[1571.4,475.1],[1575.1,472.1]],[[1581.9,511.1],[1583.6,510.9],[1584.4,512.6],[1582.1,513.4],[1581.9,511.1]],[[1557.4,491.1],[1562.9,491.4],[1566.6,495.1],[1566.6,497.9],[1561.4,501.1],[1557.1,499.6],[1554.4,496.9],[1553.9,494.6],[1557.4,491.1]],[[1497.1,449.9],[1498.9,449.9],[1500.6,452.1],[1500.4,454.1],[1498.6,455.4],[1495.4,452.9],[1497.1,449.9]],[[1463.6,436.4],[1467.9,437.4],[1469.9,440.6],[1469.1,443.9],[1465.4,446.1],[1462.9,445.6],[1460.4,442.9],[1461.1,438.6],[1463.6,436.4]]]}},{"type":"Feature","properties":{"id":"LU_FOREST_CONIFER_0139","class":"forest_conifer","color":"#2f5234","area_m2":11611.0},"geometry":{"type":"Polygon","coordinates":[[[1141.6,420.1],[1139.6,421.4],[1141.1,426.4],[1140.1,435.4],[1141.1,438.6],[1155.1,436.6],[1159.6,438.9],[1167.1,437.9],[1171.1,442.4],[1177.4,443.1],[1183.9,447.9],[1190.1,450.1],[1192.1,453.4],[1193.1,460.6],[1189.1,472.6],[1194.6,482.9],[1201.1,487.4],[1203.1,487.1],[1206.6,483.4],[1208.4,489.1],[1205.6,491.6],[1206.4,493.4],[1209.1,493.6],[1211.4,490.9],[1212.4,491.1],[1214.1,496.1],[1218.1,495.4],[1227.6,501.4],[1226.1,506.1],[1227.9,508.4],[1235.6,511.6],[1240.9,512.4],[1244.1,515.4],[1248.9,517.1],[1250.9,520.1],[1256.9,524.6],[1262.4,523.1],[1262.9,518.1],[1266.6,516.6],[1263.4,511.4],[1254.4,511.1],[1245.6,507.1],[1237.6,509.1],[1232.6,507.1],[1232.4,504.1],[1242.4,496.6],[1241.9,493.9],[1237.9,489.6],[1234.6,488.1],[1228.1,488.9],[1225.4,482.1],[1216.4,475.4],[1211.9,476.1],[1205.6,481.9],[1203.6,480.9],[1203.6,478.4],[1208.9,470.1],[1209.6,466.9],[1206.4,463.4],[1199.6,464.1],[1196.9,462.1],[1195.9,458.4],[1197.9,453.6],[1197.9,444.6],[1194.9,440.6],[1187.9,439.4],[1185.1,433.4],[1182.9,431.6],[1180.9,431.9],[1175.9,437.6],[1173.1,437.6],[1171.1,435.1],[1172.9,426.6],[1170.1,423.4],[1168.1,423.6],[1165.6,426.1],[1160.9,434.6],[1156.4,436.4],[1153.9,432.4],[1154.9,426.6],[1153.4,423.1],[1149.6,421.1],[1141.6,420.1]]]}},{"type":"Feature","properties":{"id":"LU_FOREST_CONIFER_0140","class":"forest_conifer","color":"#2f5234","area_m2":858.0},"geometry":{"type":"Polygon","coordinates":[[[311.1,418.6],[309.4,420.1],[310.4,431.4],[313.6,434.6],[317.4,434.6],[319.6,432.4],[320.6,423.6],[318.1,421.1],[311.1,418.6]]]}},{"type":"Feature","properties":{"id":"LU_FOREST_CONIFER_0141","class":"forest_conifer","color":"#2f5234","area_m2":951.0},"geometry":{"type":"Polygon","coordinates":[[[749.6,417.6],[740.9,419.1],[738.1,422.6],[740.6,428.9],[746.6,432.9],[749.6,431.9],[751.9,429.1],[751.4,419.9],[749.6,417.6]]]}},{"type":"Feature","properties":{"id":"LU_FOREST_CONIFER_0142","class":"forest_conifer","color":"#2f5234","area_m2":396.0},"geometry":{"type":"Polygon","coordinates":[[[1556.6,416.6],[1555.6,417.6],[1556.1,419.9],[1561.1,424.4],[1568.6,424.1],[1568.9,421.6],[1566.9,419.6],[1556.6,416.6]]]}},{"type":"Feature","properties":{"id":"LU_FOREST_CONIFER_0143","class":"forest_conifer","color":"#2f5234","area_m2":4765.0},"geometry":{"type":"Polygon","coordinates":[[[548.9,415.4],[540.1,423.9],[545.4,440.9],[552.9,442.4],[558.1,450.4],[565.4,453.9],[569.4,453.6],[573.1,450.4],[575.6,450.4],[576.9,451.9],[575.6,455.9],[568.1,459.1],[568.4,461.1],[572.4,461.6],[578.9,458.4],[583.4,450.1],[587.6,446.6],[587.6,444.6],[579.1,439.6],[576.6,439.4],[570.1,445.4],[567.9,445.4],[566.1,443.1],[566.4,440.9],[572.6,433.4],[571.9,430.1],[568.4,428.1],[563.6,431.1],[559.9,438.1],[556.6,438.9],[554.1,437.6],[547.4,431.9],[547.1,428.4],[549.6,426.9],[560.4,427.6],[562.4,424.1],[560.1,421.1],[548.9,415.4]]]}},{"type":"Feature","properties":{"id":"LU_FOREST_CONIFER_0144","class":"forest_conifer","color":"#2f5234","area_m2":8746.0},"geometry":{"type":"Polygon","coordinates":[[[1939.4,414.6],[1934.9,416.9],[1933.6,418.9],[1933.6,431.1],[1940.6,440.1],[1943.1,449.1],[1944.9,450.6],[1948.9,448.1],[1951.6,449.4],[1951.6,452.6],[1949.4,454.4],[1945.4,453.4],[1945.1,455.9],[1952.9,463.1],[1957.4,463.1],[1959.6,464.6],[1960.9,474.1],[1974.9,483.1],[1976.6,482.1],[1977.1,478.6],[1979.1,476.4],[1986.4,474.9],[1999.9,478.9],[1999.9,467.1],[1997.1,466.6],[1992.4,462.9],[1989.1,464.1],[1987.9,468.4],[1986.1,469.9],[1979.6,469.4],[1975.1,472.6],[1969.6,474.1],[1966.6,473.9],[1965.1,472.4],[1963.4,465.1],[1965.9,457.4],[1965.1,449.1],[1974.4,453.9],[1978.9,453.4],[1980.4,451.6],[1980.1,449.4],[1976.9,444.6],[1973.6,443.1],[1969.1,443.6],[1965.1,448.1],[1962.4,434.1],[1955.4,429.9],[1951.9,420.9],[1947.9,416.6],[1939.4,414.6]]]}},{"type":"Feature","properties":{"id":"LU_FOREST_CONIFER_0145","class":"forest_conifer","color":"#2f5234","area_m2":3343.0},"geometry":{"type":"Polygon","coordinates":[[[1017.6,413.1],[1014.6,417.9],[1005.4,425.6],[1005.1,431.9],[1012.6,430.4],[1014.1,432.6],[1013.6,434.9],[1003.4,443.9],[1002.4,446.4],[1002.4,451.4],[1006.4,453.9],[1010.9,453.4],[1028.6,435.4],[1028.4,431.1],[1023.4,426.9],[1021.4,423.1],[1019.9,418.6],[1020.1,414.4],[1017.6,413.1]]]}},{"type":"Feature","properties":{"id":"LU_FOREST_CONIFER_0146","class":"forest_conifer","color":"#2f5234","area_m2":940.0},"geometry":{"type":"Polygon","coordinates":[[[1204.6,409.1],[1200.4,411.1],[1194.6,410.1],[1192.6,412.6],[1198.1,418.4],[1204.9,416.4],[1209.9,419.4],[1212.6,419.4],[1214.6,414.6],[1212.1,409.9],[1204.6,409.1]]]}},{"type":"Feature","properties":{"id":"LU_FOREST_CONIFER_0147","class":"forest_conifer","color":"#2f5234","area_m2":450.0},"geometry":{"type":"Polygon","coordinates":[[[936.4,408.1],[935.1,409.9],[934.4,416.4],[937.9,419.9],[941.9,420.4],[943.4,418.9],[943.4,416.1],[938.6,409.4],[936.4,408.1]]]}},{"type":"Feature","properties":{"id":"LU_FOREST_CONIFER_0148","class":"forest_conifer","color":"#2f5234","area_m2":683.0},"geometry":{"type":"Polygon","coordinates":[[[897.6,408.1],[890.1,410.1],[887.4,415.1],[889.1,417.4],[894.4,418.1],[898.6,421.4],[900.6,414.6],[899.6,409.1],[897.6,408.1]]]}},{"type":"Feature","properties":{"id":"LU_FOREST_CONIFER_0149","class":"forest_conifer","color":"#2f5234","area_m2":242.0},"geometry":{"type":"Polygon","coordinates":[[[1000.6,407.9],[997.4,411.6],[997.6,414.1],[999.9,415.9],[1002.9,414.9],[1004.6,412.4],[1004.4,410.1],[1000.6,407.9]]]}},{"type":"Feature","properties":{"id":"LU_FOREST_CONIFER_0150","class":"forest_conifer","color":"#2f5234","area_m2":1154.0},"geometry":{"type":"Polygon","coordinates":[[[1880.1,404.4],[1878.1,410.4],[1878.1,415.6],[1879.6,418.4],[1881.1,418.6],[1887.1,415.1],[1889.9,419.1],[1893.4,420.1],[1898.6,415.6],[1898.6,413.1],[1894.1,407.9],[1892.4,407.6],[1890.1,410.4],[1887.6,411.1],[1884.4,408.9],[1881.9,404.4],[1880.1,404.4]]]}},{"type":"Feature","properties":{"id":"LU_FOREST_CONIFER_0151","class":"forest_conifer","color":"#2f5234","area_m2":328.0},"geometry":{"type":"Polygon","coordinates":[[[566.6,403.1],[564.4,404.9],[564.4,408.4],[567.9,411.9],[570.6,412.4],[572.4,410.9],[572.4,407.9],[568.9,403.6],[566.6,403.1]]]}},{"type":"Feature","properties":{"id":"LU_FOREST_CONIFER_0152","class":"forest_conifer","color":"#2f5234","area_m2":2996.0},"geometry":{"type":"Polygon","coordinates":[[[1092.6,402.6],[1057.1,405.1],[1055.9,406.9],[1061.9,411.4],[1076.1,413.4],[1090.9,421.4],[1091.9,424.4],[1090.1,428.4],[1090.4,431.4],[1094.4,433.9],[1097.4,431.9],[1097.9,428.4],[1094.4,422.6],[1095.9,415.4],[1093.9,410.6],[1093.9,404.6],[1092.6,402.6]]]}},{"type":"Feature","properties":{"id":"LU_FOREST_CONIFER_0153","class":"forest_conifer","color":"#2f5234","area_m2":1500.0},"geometry":{"type":"Polygon","coordinates":[[[1027.1,402.1],[1025.9,403.9],[1028.6,405.6],[1031.1,410.1],[1034.1,406.9],[1037.6,408.6],[1038.1,419.1],[1044.1,423.1],[1047.1,427.4],[1058.6,433.6],[1064.1,432.6],[1062.1,430.4],[1056.1,429.6],[1052.6,426.4],[1048.4,418.1],[1042.4,411.9],[1039.4,403.6],[1027.1,402.1]]]}},{"type":"Feature","properties":{"id":"LU_FOREST_CONIFER_0154","class":"forest_conifer","color":"#2f5234","area_m2":773.0},"geometry":{"type":"Polygon","coordinates":[[[0.1,401.1],[0.1,414.9],[8.9,414.4],[11.4,411.1],[11.4,406.9],[7.1,403.1],[0.1,401.1]]]}},{"type":"Feature","properties":{"id":"LU_FOREST_CONIFER_0155","class":"forest_conifer","color":"#2f5234","area_m2":340.0},"geometry":{"type":"Polygon","coordinates":[[[1505.9,398.1],[1504.1,400.6],[1504.1,405.6],[1505.9,410.4],[1507.4,411.4],[1509.6,409.4],[1509.9,405.4],[1507.6,398.9],[1505.9,398.1]]]}},{"type":"Feature","properties":{"id":"LU_FOREST_CONIFER_0156","class":"forest_conifer","color":"#2f5234","area_m2":1200.0},"geometry":{"type":"Polygon","coordinates":[[[1857.9,396.9],[1852.4,402.9],[1849.4,403.1],[1843.6,401.1],[1840.6,403.1],[1840.4,404.6],[1846.1,407.9],[1855.4,410.9],[1858.4,410.6],[1863.4,406.9],[1865.6,400.9],[1864.1,399.1],[1857.9,396.9]]]}},{"type":"Feature","properties":{"id":"LU_FOREST_CONIFER_0157","class":"forest_conifer","color":"#2f5234","area_m2":265.0},"geometry":{"type":"Polygon","coordinates":[[[536.4,396.6],[532.1,402.6],[534.6,405.6],[536.9,405.4],[539.9,401.4],[539.4,398.1],[536.4,396.6]]]}},{"type":"Feature","properties":{"id":"LU_FOREST_CONIFER_0158","class":"forest_conifer","color":"#2f5234","area_m2":2657.0},"geometry":{"type":"Polygon","coordinates":[[[1540.1,392.9],[1529.1,401.6],[1515.9,401.9],[1513.1,405.4],[1514.6,410.9],[1519.6,415.6],[1524.6,415.9],[1529.4,417.9],[1535.1,416.4],[1536.6,411.9],[1543.1,406.6],[1541.9,394.1],[1540.1,392.9]]]}},{"type":"Feature","properties":{"id":"LU_FOREST_CONIFER_0159","class":"forest_conifer","color":"#2f5234","area_m2":500.0},"geometry":{"type":"Polygon","coordinates":[[[798.4,388.6],[790.9,395.9],[791.9,399.1],[799.4,398.6],[802.4,395.9],[802.4,390.9],[798.4,388.6]]]}},{"type":"Feature","properties":{"id":"LU_FOREST_CONIFER_0160","class":"forest_conifer","color":"#2f5234","area_m2":376.0},"geometry":{"type":"Polygon","coordinates":[[[1405.6,388.4],[1403.1,389.6],[1401.4,392.6],[1401.6,394.9],[1404.9,397.6],[1408.9,396.4],[1410.6,393.4],[1409.9,390.1],[1405.6,388.4]]]}},{"type":"Feature","properties":{"id":"LU_FOREST_CONIFER_0161","class":"forest_conifer","color":"#2f5234","area_m2":14865.0},"geometry":{"type":"Polygon","coordinates":[[[823.6,388.4],[819.9,391.6],[820.6,398.6],[815.6,401.1],[806.1,401.6],[803.4,404.6],[802.6,409.9],[799.4,412.9],[793.9,412.1],[786.1,405.6],[781.1,406.1],[780.1,408.1],[780.9,410.1],[787.9,416.9],[787.6,418.9],[782.4,422.9],[779.6,422.9],[777.4,420.9],[774.6,412.4],[767.9,414.9],[760.4,407.4],[754.6,406.1],[752.1,408.6],[753.1,413.1],[757.1,417.9],[758.4,423.4],[761.1,426.4],[780.9,436.4],[786.6,443.9],[798.1,454.4],[805.1,456.4],[808.1,458.9],[808.9,462.4],[806.1,468.4],[806.1,475.4],[804.6,477.6],[801.1,477.6],[795.6,471.6],[794.4,471.6],[792.6,474.1],[795.1,481.4],[795.4,488.4],[798.6,490.9],[805.9,490.4],[814.4,481.9],[817.9,472.9],[824.4,466.6],[823.9,463.9],[815.4,451.1],[807.4,443.9],[804.4,438.1],[797.1,430.1],[797.9,427.1],[804.4,422.9],[804.9,415.6],[806.9,412.6],[808.9,412.4],[814.4,414.9],[825.4,412.6],[830.1,407.4],[837.4,403.9],[837.9,400.6],[832.1,396.6],[825.9,388.6],[823.6,388.4]]]}},{"type":"Feature","properties":{"id":"LU_FOREST_CONIFER_0162","class":"forest_conifer","color":"#2f5234","area_m2":267.0},"geometry":{"type":"Polygon","coordinates":[[[674.9,387.4],[668.6,394.1],[668.9,398.1],[675.9,393.1],[677.4,388.4],[674.9,387.4]]]}},{"type":"Feature","properties":{"id":"LU_FOREST_CONIFER_0163","class":"forest_conifer","color":"#2f5234","area_m2":864.0},"geometry":{"type":"Polygon","coordinates":[[[1824.6,387.1],[1819.6,387.9],[1820.1,392.4],[1818.6,397.4],[1821.4,398.9],[1827.1,397.4],[1834.1,398.1],[1835.4,395.1],[1833.4,391.1],[1824.6,387.1]]]}},{"type":"Feature","properties":{"id":"LU_FOREST_CONIFER_0164","class":"forest_conifer","color":"#2f5234","area_m2":467.0},"geometry":{"type":"Polygon","coordinates":[[[1187.4,387.1],[1182.4,390.9],[1183.4,400.4],[1185.9,402.6],[1193.1,399.1],[1188.1,396.6],[1186.1,394.1],[1188.6,389.4],[1187.4,387.1]]]}},{"type":"Feature","properties":{"id":"LU_FOREST_CONIFER_0165","class":"forest_conifer","color":"#2f5234","area_m2":558.0},"geometry":{"type":"Polygon","coordinates":[[[556.4,387.1],[553.6,389.1],[555.4,396.4],[558.9,399.9],[562.1,400.6],[563.9,397.6],[561.4,389.9],[559.4,387.4],[556.4,387.1]]]}},{"type":"Feature","properties":{"id":"LU_FOREST_CONIFER_0166","class":"forest_conifer","color":"#2f5234","area_m2":897.0},"geometry":{"type":"Polygon","coordinates":[[[517.9,383.1],[515.1,387.1],[514.9,391.6],[520.1,399.4],[526.1,401.6],[527.9,399.6],[528.6,393.6],[523.1,389.6],[519.6,383.6],[517.9,383.1]]]}},{"type":"Feature","properties":{"id":"LU_FOREST_CONIFER_0167","class":"forest_conifer","color":"#2f5234","area_m2":251.0},"geometry":{"type":"Polygon","coordinates":[[[1313.4,382.9],[1312.4,385.1],[1313.9,387.9],[1311.9,392.6],[1314.4,395.6],[1316.1,395.9],[1317.4,392.9],[1314.9,383.9],[1313.4,382.9]]]}},{"type":"Feature","properties":{"id":"LU_FOREST_CONIFER_0168","class":"forest_conifer","color":"#2f5234","area_m2":1117.0},"geometry":{"type":"Polygon","coordinates":[[[1268.4,382.9],[1261.6,390.6],[1261.1,395.6],[1262.9,398.6],[1271.1,401.4],[1272.6,400.1],[1275.6,389.9],[1270.9,383.6],[1268.4,382.9]]]}},{"type":"Feature","properties":{"id":"LU_FOREST_CONIFER_0169","class":"forest_conifer","color":"#2f5234","area_m2":3391.0},"geometry":{"type":"Polygon","coordinates":[[[1955.4,382.6],[1951.1,387.9],[1956.1,388.4],[1959.9,393.9],[1967.4,395.1],[1978.9,402.4],[1986.6,402.9],[1999.9,407.9],[1999.9,399.1],[1996.4,396.9],[1995.4,393.1],[1991.9,389.6],[1983.4,389.1],[1976.4,386.4],[1972.4,386.6],[1969.9,384.4],[1965.4,385.4],[1955.4,382.6]]]}},{"type":"Feature","properties":{"id":"LU_FOREST_CONIFER_0170","class":"forest_conifer","color":"#2f5234","area_m2":684.0},"geometry":{"type":"Polygon","coordinates":[[[1291.6,381.9],[1287.6,384.1],[1286.4,388.1],[1290.1,393.4],[1293.9,394.4],[1297.9,391.9],[1298.9,387.4],[1296.9,383.6],[1291.6,381.9]]]}},{"type":"Feature","properties":{"id":"LU_FOREST_CONIFER_0171","class":"forest_conifer","color":"#2f5234","area_m2":707.0},"geometry":{"type":"Polygon","coordinates":[[[1514.4,379.6],[1510.4,382.1],[1501.1,382.6],[1498.6,387.6],[1506.6,390.6],[1510.1,389.9],[1516.6,383.4],[1516.4,380.4],[1514.4,379.6]]]}},{"type":"Feature","properties":{"id":"LU_FOREST_CONIFER_0172","class":"forest_conifer","color":"#2f5234","area_m2":3260.0},"geometry":{"type":"Polygon","coordinates":[[[957.9,377.4],[952.4,379.9],[943.1,377.6],[940.6,379.9],[939.9,384.4],[937.9,386.6],[931.4,386.1],[925.1,389.9],[918.4,386.1],[908.9,386.6],[906.4,389.6],[909.1,396.6],[908.4,400.6],[909.9,401.9],[918.1,401.4],[921.4,396.1],[925.1,393.4],[934.6,394.9],[940.4,393.1],[946.1,397.4],[950.9,396.4],[952.1,394.9],[947.4,391.6],[948.1,386.6],[951.4,383.6],[956.1,384.1],[959.1,379.6],[959.1,377.9],[957.9,377.4]]]}},{"type":"Feature","properties":{"id":"LU_FOREST_CONIFER_0173","class":"forest_conifer","color":"#2f5234","area_m2":2534.0},"geometry":{"type":"Polygon","coordinates":[[[655.9,375.4],[652.6,378.1],[651.6,381.9],[647.9,386.6],[644.6,387.4],[636.9,384.1],[633.6,387.9],[634.6,392.9],[643.9,402.4],[658.4,401.9],[661.6,399.9],[655.9,389.6],[655.9,386.4],[658.9,379.6],[658.4,376.4],[655.9,375.4]]]}},{"type":"Feature","properties":{"id":"LU_FOREST_CONIFER_0174","class":"forest_conifer","color":"#2f5234","area_m2":738.0},"geometry":{"type":"Polygon","coordinates":[[[339.1,375.1],[336.6,376.9],[330.6,388.4],[331.9,390.6],[337.9,390.4],[342.4,385.1],[342.9,379.4],[341.9,376.9],[339.1,375.1]]]}},{"type":"Feature","properties":{"id":"LU_FOREST_CONIFER_0175","class":"forest_conifer","color":"#2f5234","area_m2":492.0},"geometry":{"type":"Polygon","coordinates":[[[305.4,374.1],[301.6,376.1],[300.6,379.6],[307.9,383.4],[311.4,383.4],[312.9,380.4],[312.4,378.1],[308.9,374.6],[305.4,374.1]]]}},{"type":"Feature","properties":{"id":"LU_FOREST_CONIFER_0176","class":"forest_conifer","color":"#2f5234","area_m2":811.0},"geometry":{"type":"Polygon","coordinates":[[[779.9,373.4],[775.1,377.9],[774.4,383.4],[778.1,387.4],[784.4,388.9],[786.4,387.6],[786.6,384.6],[783.4,375.1],[779.9,373.4]]]}},{"type":"Feature","properties":{"id":"LU_FOREST_CONIFER_0177","class":"forest_conifer","color":"#2f5234","area_m2":877.0},"geometry":{"type":"Polygon","coordinates":[[[678.4,371.1],[674.4,374.6],[675.6,379.9],[687.1,386.1],[689.4,385.6],[690.6,384.1],[690.4,381.9],[684.4,373.1],[678.4,371.1]]]}},{"type":"Feature","properties":{"id":"LU_FOREST_CONIFER_0178","class":"forest_conifer","color":"#2f5234","area_m2":968.0},"geometry":{"type":"Polygon","coordinates":[[[1890.6,361.1],[1882.9,365.4],[1881.1,369.6],[1881.6,371.6],[1888.4,373.9],[1897.4,373.4],[1898.1,371.1],[1895.9,363.9],[1890.6,361.1]]]}},{"type":"Feature","properties":{"id":"LU_FOREST_CONIFER_0179","class":"forest_conifer","color":"#2f5234","area_m2":1569.0},"geometry":{"type":"Polygon","coordinates":[[[1811.9,357.4],[1808.1,362.4],[1806.9,379.9],[1799.9,382.9],[1801.6,386.9],[1806.6,390.9],[1808.9,390.4],[1813.9,385.1],[1814.9,359.6],[1813.6,357.6],[1811.9,357.4]]]}},{"type":"Feature","properties":{"id":"LU_FOREST_CONIFER_0180","class":"forest_conifer","color":"#2f5234","area_m2":590.0},"geometry":{"type":"Polygon","coordinates":[[[527.9,355.4],[526.1,360.4],[526.1,365.4],[528.9,369.1],[530.9,369.4],[533.9,367.1],[535.9,360.9],[529.9,355.6],[527.9,355.4]]]}},{"type":"Feature","properties":{"id":"LU_FOREST_CONIFER_0181","class":"forest_conifer","color":"#2f5234","area_m2":696.0},"geometry":{"type":"Polygon","coordinates":[[[1841.6,350.1],[1835.4,353.9],[1830.1,353.1],[1828.9,354.9],[1843.4,359.9],[1846.9,359.6],[1848.4,351.4],[1846.4,350.1],[1841.6,350.1]]]}},{"type":"Feature","properties":{"id":"LU_FOREST_CONIFER_0182","class":"forest_conifer","color":"#2f5234","area_m2":1912.0},"geometry":{"type":"Polygon","coordinates":[[[887.6,349.4],[884.6,351.9],[884.4,354.4],[886.1,360.1],[891.1,365.4],[899.4,369.9],[905.4,369.6],[907.9,367.4],[907.4,364.1],[897.9,350.6],[887.6,349.4]]]}},{"type":"Feature","properties":{"id":"LU_FOREST_CONIFER_0183","class":"forest_conifer","color":"#2f5234","area_m2":316.0},"geometry":{"type":"Polygon","coordinates":[[[234.9,348.1],[233.4,349.4],[235.1,351.4],[242.9,356.4],[245.6,355.9],[244.9,351.1],[234.9,348.1]]]}},{"type":"Feature","properties":{"id":"LU_FOREST_CONIFER_0184","class":"forest_conifer","color":"#2f5234","area_m2":587.0},"geometry":{"type":"Polygon","coordinates":[[[919.4,344.4],[917.1,347.4],[916.1,354.6],[917.4,359.4],[920.1,360.6],[923.4,357.9],[924.9,353.6],[921.4,345.9],[919.4,344.4]]]}},{"type":"Feature","properties":{"id":"LU_FOREST_CONIFER_0185","class":"forest_conifer","color":"#2f5234","area_m2":523.0},"geometry":{"type":"Polygon","coordinates":[[[1272.6,339.1],[1269.6,340.6],[1269.1,343.6],[1271.4,354.1],[1273.4,355.4],[1274.9,353.4],[1276.6,342.6],[1275.1,339.9],[1272.6,339.1]]]}},{"type":"Feature","properties":{"id":"LU_FOREST_CONIFER_0186","class":"forest_conifer","color":"#2f5234","area_m2":537.0},"geometry":{"type":"Polygon","coordinates":[[[713.6,337.4],[706.6,343.9],[706.6,346.9],[708.6,348.6],[713.4,348.6],[717.6,344.4],[717.4,339.1],[713.6,337.4]]]}},{"type":"Feature","properties":{"id":"LU_FOREST_CONIFER_0187","class":"forest_conifer","color":"#2f5234","area_m2":1270.0},"geometry":{"type":"Polygon","coordinates":[[[1141.4,336.4],[1138.9,339.9],[1135.6,341.4],[1134.1,349.4],[1134.4,361.4],[1139.6,366.4],[1141.6,364.4],[1141.9,359.6],[1139.1,353.4],[1139.4,350.9],[1142.6,347.4],[1145.9,346.6],[1146.9,345.1],[1146.6,340.6],[1141.4,336.4]]]}},{"type":"Feature","properties":{"id":"LU_FOREST_CONIFER_0188","class":"forest_conifer","color":"#2f5234","area_m2":1342.0},"geometry":{"type":"Polygon","coordinates":[[[1512.1,336.1],[1509.4,338.6],[1508.1,348.4],[1508.1,354.6],[1510.9,357.9],[1517.9,354.4],[1526.4,346.6],[1525.4,344.6],[1519.1,344.6],[1515.9,341.1],[1514.4,337.1],[1512.1,336.1]]]}},{"type":"Feature","properties":{"id":"LU_FOREST_CONIFER_0189","class":"forest_conifer","color":"#2f5234","area_m2":879.0},"geometry":{"type":"Polygon","coordinates":[[[620.1,335.9],[614.6,341.1],[614.4,344.4],[618.9,348.6],[625.9,350.6],[628.4,347.6],[626.4,338.9],[624.1,336.6],[620.1,335.9]]]}},{"type":"Feature","properties":{"id":"LU_FOREST_CONIFER_0190","class":"forest_conifer","color":"#2f5234","area_m2":9934.0},"geometry":{"type":"Polygon","coordinates":[[[656.4,334.1],[650.9,336.1],[648.6,338.9],[648.1,342.6],[651.1,347.4],[654.4,348.9],[665.1,348.4],[677.1,357.4],[682.1,365.9],[689.9,367.4],[692.9,372.4],[697.1,373.6],[701.6,371.6],[709.9,375.4],[716.4,380.4],[720.4,380.1],[724.1,381.9],[729.1,388.9],[732.6,395.9],[733.4,401.4],[735.6,403.6],[744.9,404.1],[747.1,402.9],[749.4,400.1],[750.4,395.1],[753.1,392.4],[765.6,385.4],[765.6,381.6],[763.9,379.6],[754.9,377.6],[747.1,372.6],[742.9,372.6],[737.1,378.4],[735.1,378.6],[728.9,373.6],[723.1,371.6],[717.4,366.4],[711.6,364.1],[702.1,364.6],[694.1,356.6],[681.9,356.6],[678.4,352.1],[674.4,340.4],[671.6,339.9],[667.9,341.6],[665.4,341.4],[659.9,334.6],[656.4,334.1]],[[743.1,381.6],[745.1,381.6],[747.6,384.1],[747.9,386.1],[744.9,389.6],[741.4,390.9],[740.1,389.9],[739.9,386.4],[743.1,381.6]],[[693.4,365.6],[695.6,366.6],[694.4,368.6],[692.4,367.6],[693.4,365.6]]]}},{"type":"Feature","properties":{"id":"LU_FOREST_CONIFER_0191","class":"forest_conifer","color":"#2f5234","area_m2":1922.0},"geometry":{"type":"Polygon","coordinates":[[[742.6,330.1],[739.6,332.1],[735.9,338.6],[726.1,343.9],[725.9,347.6],[728.9,351.9],[734.6,352.9],[739.9,351.4],[742.9,345.1],[749.9,340.1],[750.9,335.4],[749.4,332.1],[745.6,330.1],[742.6,330.1]]]}},{"type":"Feature","properties":{"id":"LU_FOREST_CONIFER_0192","class":"forest_conifer","color":"#2f5234","area_m2":443.0},"geometry":{"type":"Polygon","coordinates":[[[1492.4,328.6],[1489.1,332.9],[1489.1,335.9],[1495.9,339.4],[1498.6,339.4],[1499.4,337.1],[1496.9,331.9],[1494.1,328.9],[1492.4,328.6]]]}},{"type":"Feature","properties":{"id":"LU_FOREST_CONIFER_0193","class":"forest_conifer","color":"#2f5234","area_m2":1315.0},"geometry":{"type":"Polygon","coordinates":[[[478.6,328.1],[461.1,337.6],[457.6,338.4],[456.4,341.9],[458.4,342.9],[477.4,336.9],[485.4,337.9],[489.9,336.9],[490.4,334.1],[488.9,332.1],[478.6,328.1]]]}},{"type":"Feature","properties":{"id":"LU_FOREST_CONIFER_0194","class":"forest_conifer","color":"#2f5234","area_m2":636.0},"geometry":{"type":"Polygon","coordinates":[[[108.4,328.1],[97.6,331.4],[96.4,333.6],[98.1,334.9],[114.4,333.9],[117.4,331.9],[117.6,329.9],[116.1,328.4],[108.4,328.1]]]}},{"type":"Feature","properties":{"id":"LU_FOREST_CONIFER_0195","class":"forest_conifer","color":"#2f5234","area_m2":13834.0},"geometry":{"type":"Polygon","coordinates":[[[1423.4,325.6],[1421.6,327.4],[1423.1,334.4],[1422.1,342.4],[1422.9,353.4],[1419.9,356.6],[1415.1,358.6],[1413.9,361.9],[1415.6,362.9],[1429.1,362.4],[1433.1,365.9],[1435.6,374.1],[1438.1,377.4],[1446.4,379.9],[1450.9,379.6],[1451.6,377.6],[1449.4,372.1],[1437.1,361.4],[1437.1,352.6],[1440.4,349.4],[1442.9,349.9],[1446.6,357.9],[1456.6,366.1],[1462.1,376.4],[1469.4,379.9],[1475.4,380.1],[1478.6,383.1],[1478.9,386.4],[1476.9,388.6],[1468.6,389.9],[1469.1,393.1],[1474.6,400.9],[1487.1,414.4],[1492.4,416.6],[1495.6,416.6],[1495.9,413.1],[1492.9,407.1],[1486.6,405.9],[1484.1,403.4],[1484.1,400.6],[1486.9,394.6],[1488.1,383.1],[1482.6,376.6],[1482.6,366.6],[1475.9,363.4],[1474.4,359.1],[1472.1,356.9],[1468.1,356.1],[1466.6,354.6],[1464.1,351.4],[1462.9,346.9],[1455.9,337.6],[1447.1,332.6],[1439.4,332.6],[1434.1,328.6],[1423.4,325.6]]]}},{"type":"Feature","properties":{"id":"LU_FOREST_CONIFER_0196","class":"forest_conifer","color":"#2f5234","area_m2":1496.0},"geometry":{"type":"Polygon","coordinates":[[[7.9,325.6],[0.1,326.1],[0.1,341.9],[10.1,343.4],[18.4,337.4],[18.6,333.6],[12.1,330.6],[7.9,325.6]]]}},{"type":"Feature","properties":{"id":"LU_FOREST_CONIFER_0197","class":"forest_conifer","color":"#2f5234","area_m2":571.0},"geometry":{"type":"Polygon","coordinates":[[[503.9,319.1],[493.9,320.4],[492.4,321.9],[492.6,323.9],[502.1,330.4],[505.4,330.9],[507.1,327.6],[501.1,324.9],[502.1,322.1],[505.9,320.6],[503.9,319.1]]]}},{"type":"Feature","properties":{"id":"LU_FOREST_CONIFER_0198","class":"forest_conifer","color":"#2f5234","area_m2":2345.0},"geometry":{"type":"Polygon","coordinates":[[[91.4,314.9],[84.4,320.1],[82.1,319.6],[77.9,315.6],[74.9,315.4],[73.4,316.9],[73.1,321.4],[71.6,323.6],[63.9,319.9],[56.6,319.1],[50.1,319.6],[47.9,323.6],[50.1,326.4],[55.1,327.4],[61.1,331.4],[63.4,331.6],[73.4,326.9],[85.4,325.6],[91.9,320.9],[98.1,319.1],[96.6,316.9],[91.4,314.9]]]}},{"type":"Feature","properties":{"id":"LU_FOREST_CONIFER_0199","class":"forest_conifer","color":"#2f5234","area_m2":9183.0},"geometry":{"type":"Polygon","coordinates":[[[1954.9,313.4],[1952.6,315.1],[1952.1,317.4],[1954.1,320.9],[1958.6,323.4],[1958.1,330.6],[1959.9,336.6],[1959.1,340.1],[1956.1,343.1],[1953.4,343.6],[1951.4,341.9],[1949.4,336.1],[1942.4,332.6],[1937.6,337.1],[1938.1,341.1],[1945.6,345.1],[1948.9,353.1],[1954.9,353.4],[1959.1,357.9],[1960.6,362.9],[1969.9,370.9],[1983.1,376.9],[1989.9,381.4],[1999.9,380.9],[1999.9,349.1],[1996.6,351.1],[1993.9,355.6],[1988.9,356.6],[1982.9,349.6],[1966.6,338.1],[1966.6,335.4],[1969.6,331.4],[1969.6,326.6],[1965.9,322.6],[1961.6,321.9],[1960.1,320.4],[1958.9,315.1],[1954.9,313.4]],[[1986.4,358.4],[1988.6,358.4],[1990.6,361.1],[1991.1,366.4],[1987.9,370.6],[1984.6,371.1],[1981.4,368.9],[1980.9,364.4],[1982.4,361.1],[1986.4,358.4]],[[1970.4,355.6],[1972.6,356.6],[1971.4,358.6],[1969.4,357.4],[1970.4,355.6]]]}},{"type":"Feature","properties":{"id":"LU_FOREST_CONIFER_0200","class":"forest_conifer","color":"#2f5234","area_m2":2745.0},"geometry":{"type":"Polygon","coordinates":[[[1916.9,312.6],[1913.4,322.6],[1914.6,328.4],[1913.4,329.4],[1910.4,328.9],[1908.1,331.6],[1911.9,338.9],[1909.1,344.4],[1909.6,347.6],[1911.6,348.9],[1916.9,347.4],[1924.1,341.4],[1930.6,337.9],[1927.6,329.6],[1923.1,325.4],[1924.4,318.1],[1919.9,313.6],[1916.9,312.6]]]}},{"type":"Feature","properties":{"id":"LU_FOREST_CONIFER_0201","class":"forest_conifer","color":"#2f5234","area_m2":1239.0},"geometry":{"type":"Polygon","coordinates":[[[1468.9,312.1],[1466.9,313.4],[1467.4,319.6],[1463.6,324.4],[1464.6,327.9],[1467.6,329.9],[1481.4,324.6],[1483.1,322.4],[1480.9,318.6],[1468.9,312.1]]]}},{"type":"Feature","properties":{"id":"LU_FOREST_CONIFER_0202","class":"forest_conifer","color":"#2f5234","area_m2":2179.0},"geometry":{"type":"Polygon","coordinates":[[[33.1,309.9],[23.1,313.6],[18.4,317.6],[20.1,326.1],[23.1,329.4],[27.6,331.6],[29.9,331.4],[32.4,328.9],[32.6,323.4],[33.9,322.1],[40.4,322.9],[43.6,320.4],[43.9,316.4],[42.4,313.1],[39.4,310.4],[33.1,309.9]]]}},{"type":"Feature","properties":{"id":"LU_FOREST_CONIFER_0203","class":"forest_conifer","color":"#2f5234","area_m2":367.0},"geometry":{"type":"Polygon","coordinates":[[[1605.1,307.6],[1595.9,307.9],[1596.1,309.4],[1600.9,313.4],[1605.9,314.4],[1608.6,312.1],[1608.4,310.1],[1605.1,307.6]]]}},{"type":"Feature","properties":{"id":"LU_FOREST_CONIFER_0204","class":"forest_conifer","color":"#2f5234","area_m2":1111.0},"geometry":{"type":"Polygon","coordinates":[[[517.9,306.1],[516.1,307.9],[517.1,314.4],[514.6,319.6],[518.6,319.9],[527.4,316.9],[535.4,316.9],[537.6,315.1],[536.1,312.4],[517.9,306.1]]]}},{"type":"Feature","properties":{"id":"LU_FOREST_CONIFER_0205","class":"forest_conifer","color":"#2f5234","area_m2":612.0},"geometry":{"type":"Polygon","coordinates":[[[1225.9,304.9],[1219.9,311.6],[1214.9,313.9],[1214.1,317.1],[1215.1,318.6],[1227.9,313.9],[1229.9,308.6],[1227.4,305.1],[1225.9,304.9]]]}},{"type":"Feature","properties":{"id":"LU_FOREST_CONIFER_0206","class":"forest_conifer","color":"#2f5234","area_m2":397.0},"geometry":{"type":"Polygon","coordinates":[[[58.9,304.4],[54.9,307.9],[57.6,311.6],[63.1,311.4],[67.9,308.1],[66.1,305.6],[58.9,304.4]]]}},{"type":"Feature","properties":{"id":"LU_FOREST_CONIFER_0207","class":"forest_conifer","color":"#2f5234","area_m2":2399.0},"geometry":{"type":"Polygon","coordinates":[[[1973.6,304.1],[1970.9,305.9],[1970.6,307.9],[1975.6,316.9],[1977.4,326.4],[1979.9,329.6],[1987.1,333.1],[1999.9,332.9],[1999.9,325.1],[1990.1,325.6],[1987.9,322.4],[1988.4,314.1],[1984.9,310.6],[1973.6,304.1]]]}},{"type":"Feature","properties":{"id":"LU_FOREST_CONIFER_0208","class":"forest_conifer","color":"#2f5234","area_m2":281.0},"geometry":{"type":"Polygon","coordinates":[[[1925.1,303.4],[1922.6,305.4],[1922.6,306.9],[1926.1,311.4],[1929.9,311.9],[1931.4,309.9],[1931.1,307.9],[1925.1,303.4]]]}},{"type":"Feature","properties":{"id":"LU_FOREST_CONIFER_0209","class":"forest_conifer","color":"#2f5234","area_m2":383.0},"geometry":{"type":"Polygon","coordinates":[[[591.9,300.1],[590.1,301.1],[588.1,305.4],[588.4,309.4],[590.4,311.4],[594.4,308.9],[596.1,305.4],[595.4,302.1],[591.9,300.1]]]}},{"type":"Feature","properties":{"id":"LU_FOREST_CONIFER_0210","class":"forest_conifer","color":"#2f5234","area_m2":725.0},"geometry":{"type":"Polygon","coordinates":[[[1339.9,294.4],[1332.4,305.6],[1334.6,310.6],[1340.4,310.6],[1342.9,306.6],[1342.9,296.6],[1341.6,294.6],[1339.9,294.4]]]}},{"type":"Feature","properties":{"id":"LU_FOREST_CONIFER_0211","class":"forest_conifer","color":"#2f5234","area_m2":449.0},"geometry":{"type":"Polygon","coordinates":[[[863.6,294.1],[858.4,298.6],[858.4,301.4],[860.6,303.6],[865.1,302.9],[869.6,298.1],[867.9,294.6],[863.6,294.1]]]}},{"type":"Feature","properties":{"id":"LU_FOREST_CONIFER_0212","class":"forest_conifer","color":"#2f5234","area_m2":236.0},"geometry":{"type":"Polygon","coordinates":[[[889.1,293.6],[885.6,295.6],[885.9,298.1],[888.6,299.9],[892.4,299.6],[894.1,297.6],[893.6,295.6],[889.1,293.6]]]}},{"type":"Feature","properties":{"id":"LU_FOREST_CONIFER_0213","class":"forest_conifer","color":"#2f5234","area_m2":816.0},"geometry":{"type":"Polygon","coordinates":[[[1935.9,288.1],[1932.6,290.9],[1932.6,297.9],[1939.9,303.4],[1947.1,303.1],[1948.1,301.6],[1947.4,299.1],[1944.9,296.6],[1940.1,294.6],[1937.6,289.1],[1935.9,288.1]]]}},{"type":"Feature","properties":{"id":"LU_FOREST_CONIFER_0214","class":"forest_conifer","color":"#2f5234","area_m2":219.0},"geometry":{"type":"Polygon","coordinates":[[[1246.9,285.4],[1243.9,287.9],[1243.4,289.9],[1248.6,293.1],[1250.9,289.6],[1249.9,286.9],[1246.9,285.4]]]}},{"type":"Feature","properties":{"id":"LU_FOREST_CONIFER_0215","class":"forest_conifer","color":"#2f5234","area_m2":928.0},"geometry":{"type":"Polygon","coordinates":[[[1480.4,284.6],[1478.4,286.6],[1477.4,296.1],[1481.1,300.4],[1484.6,301.4],[1490.4,295.4],[1490.6,292.6],[1483.9,285.6],[1480.4,284.6]]]}},{"type":"Feature","properties":{"id":"LU_FOREST_CONIFER_0216","class":"forest_conifer","color":"#2f5234","area_m2":75040.0},"geometry":{"type":"Polygon","coordinates":[[[1413.1,284.4],[1407.9,292.6],[1400.1,292.1],[1397.6,298.9],[1395.4,300.9],[1390.1,301.6],[1386.4,309.6],[1381.9,312.6],[1366.1,306.6],[1361.9,302.1],[1357.9,292.9],[1356.1,291.4],[1353.4,292.6],[1352.4,298.4],[1354.1,304.6],[1352.9,310.1],[1364.1,316.4],[1370.4,314.9],[1374.9,315.4],[1384.4,322.6],[1384.4,323.9],[1379.4,328.6],[1379.1,331.6],[1380.6,334.9],[1384.6,337.4],[1388.9,334.4],[1391.4,334.1],[1394.9,335.4],[1398.6,339.1],[1400.1,343.4],[1399.6,347.1],[1397.6,349.4],[1391.1,352.1],[1386.4,357.9],[1382.9,357.6],[1379.9,355.1],[1375.1,347.1],[1378.1,340.1],[1369.1,330.1],[1364.6,329.1],[1360.6,333.4],[1351.1,336.6],[1348.6,339.1],[1347.9,342.4],[1346.1,343.9],[1344.1,343.6],[1340.9,339.4],[1341.1,335.6],[1343.4,331.9],[1341.9,327.6],[1336.1,324.6],[1327.1,316.1],[1316.9,314.6],[1305.4,307.4],[1302.4,307.6],[1301.1,310.4],[1302.6,313.9],[1308.6,320.1],[1308.9,322.1],[1307.1,324.1],[1297.4,328.6],[1291.1,323.1],[1283.9,320.4],[1279.4,326.4],[1280.1,331.1],[1288.4,343.4],[1297.9,337.4],[1302.6,335.9],[1305.1,336.4],[1316.6,343.6],[1324.1,344.4],[1333.9,350.4],[1337.6,354.9],[1337.4,362.4],[1339.1,364.6],[1341.4,364.6],[1347.9,359.9],[1367.6,350.9],[1369.9,351.4],[1376.6,358.1],[1379.1,363.6],[1376.9,368.6],[1372.6,369.9],[1363.1,361.1],[1360.4,360.1],[1357.1,361.1],[1356.6,364.9],[1363.1,367.9],[1366.1,370.9],[1365.6,375.9],[1363.1,378.1],[1358.1,379.6],[1351.9,375.6],[1349.4,375.6],[1348.4,378.4],[1350.1,383.4],[1349.6,386.9],[1345.4,389.9],[1337.1,389.6],[1333.6,392.9],[1334.9,398.1],[1332.9,402.4],[1330.4,404.1],[1323.9,402.9],[1318.1,410.6],[1315.6,411.1],[1312.1,409.6],[1307.9,405.1],[1305.4,399.1],[1303.4,397.4],[1299.4,396.9],[1295.6,401.9],[1294.1,411.1],[1281.9,424.6],[1278.4,423.6],[1277.6,415.6],[1273.6,411.6],[1271.9,411.9],[1267.6,416.1],[1265.6,419.9],[1265.6,423.9],[1270.6,426.9],[1270.4,428.6],[1267.1,431.1],[1266.6,433.6],[1268.1,435.4],[1274.1,437.6],[1274.9,441.4],[1271.9,444.6],[1267.6,445.4],[1265.6,447.1],[1261.9,454.6],[1253.1,456.6],[1250.1,461.1],[1253.6,463.6],[1259.1,463.4],[1260.4,469.4],[1262.1,471.1],[1266.9,461.9],[1271.1,457.4],[1279.6,453.1],[1282.6,454.4],[1282.1,457.1],[1275.4,467.6],[1266.1,475.9],[1263.4,480.6],[1263.6,485.1],[1266.6,488.6],[1279.6,488.9],[1282.9,490.4],[1285.1,492.9],[1290.6,504.9],[1304.1,518.4],[1306.6,518.4],[1307.9,516.4],[1305.9,506.6],[1310.1,499.4],[1308.9,491.4],[1310.4,486.4],[1308.4,484.4],[1302.6,484.4],[1297.6,491.6],[1293.4,488.9],[1293.4,486.1],[1298.4,480.9],[1300.4,475.1],[1304.4,472.6],[1307.9,476.1],[1311.4,476.6],[1318.4,471.9],[1318.9,463.6],[1321.1,460.4],[1324.1,460.4],[1328.9,465.1],[1330.6,465.4],[1336.1,457.4],[1341.9,456.4],[1343.6,454.4],[1343.9,446.4],[1345.4,443.1],[1348.9,440.4],[1361.1,435.9],[1364.4,432.9],[1365.4,421.1],[1368.1,418.4],[1376.9,415.4],[1379.4,412.1],[1381.9,404.6],[1389.6,403.9],[1386.9,393.4],[1387.4,391.1],[1399.9,379.9],[1411.4,375.1],[1419.4,373.6],[1421.1,371.6],[1420.1,368.9],[1418.1,367.6],[1404.6,364.9],[1402.6,362.6],[1404.1,359.4],[1411.4,354.9],[1414.9,346.6],[1413.9,338.4],[1411.9,333.9],[1404.1,327.1],[1404.1,320.6],[1407.6,317.1],[1414.6,317.4],[1416.1,311.6],[1418.6,309.1],[1434.6,312.1],[1437.6,309.4],[1438.9,303.4],[1436.9,297.9],[1433.9,294.6],[1426.6,292.1],[1421.6,291.9],[1417.4,285.4],[1413.1,284.4]],[[1394.4,365.9],[1396.9,367.4],[1395.4,369.4],[1393.1,367.6],[1394.4,365.9]],[[1382.1,374.6],[1383.6,374.4],[1385.1,375.9],[1383.6,378.6],[1380.9,377.1],[1382.1,374.6]],[[1360.4,386.9],[1364.1,388.1],[1366.9,394.6],[1365.1,401.6],[1366.1,408.4],[1363.6,411.4],[1361.1,410.6],[1354.9,403.4],[1354.9,393.4],[1356.4,390.1],[1360.4,386.9]],[[1326.4,415.4],[1329.6,416.4],[1330.1,419.4],[1323.1,427.9],[1322.6,431.4],[1332.9,431.4],[1338.9,425.9],[1343.9,424.4],[1348.9,417.1],[1350.9,417.4],[1352.9,419.9],[1349.6,429.9],[1343.1,435.6],[1333.4,436.1],[1326.6,440.4],[1323.1,440.1],[1321.4,438.1],[1320.6,432.9],[1314.4,432.6],[1312.9,428.4],[1315.1,424.4],[1326.4,415.4]],[[1325.6,449.9],[1329.9,448.4],[1331.6,450.1],[1330.6,453.6],[1327.6,453.9],[1325.6,452.1],[1325.6,449.9]],[[1327.4,331.1],[1330.6,332.6],[1328.1,335.9],[1324.9,334.1],[1325.1,332.4],[1327.4,331.1]],[[1302.4,418.1],[1308.4,418.1],[1310.4,421.4],[1308.1,424.1],[1300.1,426.1],[1295.6,429.1],[1294.9,432.4],[1296.9,439.4],[1293.9,442.6],[1291.1,442.6],[1288.9,439.4],[1290.1,429.6],[1302.4,418.1]],[[1298.4,452.1],[1306.9,447.4],[1309.6,449.9],[1309.1,455.1],[1296.9,467.6],[1293.4,469.1],[1291.1,468.6],[1289.4,466.6],[1290.9,461.9],[1298.4,452.1]],[[1282.4,471.4],[1284.9,471.4],[1287.1,474.6],[1286.9,479.4],[1283.4,482.1],[1281.1,481.6],[1278.9,478.4],[1279.4,473.9],[1282.4,471.4]]]}},{"type":"Feature","properties":{"id":"LU_FOREST_CONIFER_0217","class":"forest_conifer","color":"#2f5234","area_m2":525.0},"geometry":{"type":"Polygon","coordinates":[[[1528.6,281.1],[1526.4,282.6],[1523.9,288.4],[1524.6,291.4],[1530.6,288.9],[1535.1,289.6],[1536.6,288.1],[1536.6,285.6],[1533.9,282.6],[1528.6,281.1]]]}},{"type":"Feature","properties":{"id":"LU_FOREST_CONIFER_0218","class":"forest_conifer","color":"#2f5234","area_m2":3086.0},"geometry":{"type":"Polygon","coordinates":[[[1991.6,276.4],[1982.6,283.6],[1980.9,290.9],[1979.6,291.9],[1972.1,287.6],[1968.9,283.1],[1963.1,286.1],[1962.1,289.4],[1965.6,292.6],[1967.9,297.6],[1987.4,297.1],[1996.1,302.6],[1999.9,297.4],[1999.9,292.1],[1995.4,288.9],[1994.9,285.1],[1996.1,283.4],[1999.9,283.9],[1999.9,279.1],[1997.4,279.4],[1994.1,276.6],[1991.6,276.4]]]}},{"type":"Feature","properties":{"id":"LU_FOREST_CONIFER_0219","class":"forest_conifer","color":"#2f5234","area_m2":511.0},"geometry":{"type":"Polygon","coordinates":[[[1268.6,276.1],[1265.1,278.9],[1266.6,282.9],[1270.6,286.6],[1275.9,285.9],[1277.4,283.9],[1276.4,280.1],[1268.6,276.1]]]}},{"type":"Feature","properties":{"id":"LU_FOREST_CONIFER_0220","class":"forest_conifer","color":"#2f5234","area_m2":4563.0},"geometry":{"type":"Polygon","coordinates":[[[647.9,276.1],[645.6,277.4],[644.6,282.1],[640.4,287.9],[635.6,287.9],[631.4,289.9],[626.6,289.4],[621.4,292.1],[617.4,290.9],[614.4,291.9],[603.4,305.6],[602.1,320.6],[603.4,323.6],[606.1,323.1],[606.1,317.6],[611.9,314.4],[616.4,309.9],[618.9,303.9],[622.9,299.9],[634.4,297.9],[642.1,300.9],[647.1,296.4],[653.1,293.9],[656.1,291.1],[655.9,287.9],[651.9,283.1],[649.9,277.1],[647.9,276.1]]]}},{"type":"Feature","properties":{"id":"LU_FOREST_CONIFER_0221","class":"forest_conifer","color":"#2f5234","area_m2":1196.0},"geometry":{"type":"Polygon","coordinates":[[[464.9,275.4],[453.4,281.1],[453.9,283.1],[464.6,292.6],[471.4,286.9],[472.6,284.4],[472.4,282.1],[466.4,275.6],[464.9,275.4]]]}},{"type":"Feature","properties":{"id":"LU_FOREST_CONIFER_0222","class":"forest_conifer","color":"#2f5234","area_m2":774.0},"geometry":{"type":"Polygon","coordinates":[[[1425.4,273.6],[1424.1,275.6],[1424.1,281.1],[1425.4,283.1],[1433.4,285.9],[1437.4,285.9],[1439.6,284.4],[1439.9,279.4],[1438.6,277.6],[1429.4,277.4],[1425.4,273.6]]]}},{"type":"Feature","properties":{"id":"LU_FOREST_CONIFER_0223","class":"forest_conifer","color":"#2f5234","area_m2":795.0},"geometry":{"type":"Polygon","coordinates":[[[157.6,270.1],[147.9,277.1],[156.4,287.4],[158.6,286.1],[160.9,275.6],[160.4,271.4],[157.6,270.1]]]}},{"type":"Feature","properties":{"id":"LU_FOREST_CONIFER_0224","class":"forest_conifer","color":"#2f5234","area_m2":399.0},"geometry":{"type":"Polygon","coordinates":[[[101.9,269.9],[101.4,272.4],[103.9,277.6],[109.1,282.4],[112.4,282.4],[112.9,279.6],[103.4,270.1],[101.9,269.9]]]}},{"type":"Feature","properties":{"id":"LU_FOREST_CONIFER_0225","class":"forest_conifer","color":"#2f5234","area_m2":771.0},"geometry":{"type":"Polygon","coordinates":[[[1472.9,267.1],[1471.4,268.1],[1471.4,272.4],[1466.9,273.9],[1464.4,276.4],[1464.1,278.1],[1465.6,279.6],[1472.6,281.4],[1477.9,277.1],[1478.6,270.6],[1475.9,267.6],[1472.9,267.1]]]}},{"type":"Feature","properties":{"id":"LU_FOREST_CONIFER_0226","class":"forest_conifer","color":"#2f5234","area_m2":494.0},"geometry":{"type":"Polygon","coordinates":[[[1931.9,266.4],[1927.6,270.1],[1927.4,272.1],[1931.4,276.1],[1937.1,277.6],[1938.9,275.4],[1938.4,272.9],[1937.1,270.4],[1931.9,266.4]]]}},{"type":"Feature","properties":{"id":"LU_FOREST_CONIFER_0227","class":"forest_conifer","color":"#2f5234","area_m2":237.0},"geometry":{"type":"Polygon","coordinates":[[[634.6,265.1],[631.9,266.9],[631.6,268.6],[636.6,272.1],[638.9,271.9],[640.1,270.1],[639.6,267.6],[634.6,265.1]]]}},{"type":"Feature","properties":{"id":"LU_FOREST_CONIFER_0228","class":"forest_conifer","color":"#2f5234","area_m2":856.0},"geometry":{"type":"Polygon","coordinates":[[[1967.4,262.4],[1951.1,267.4],[1950.4,269.4],[1952.9,274.1],[1962.4,275.9],[1966.6,275.4],[1967.1,273.9],[1962.6,269.4],[1962.9,267.6],[1967.6,264.1],[1967.4,262.4]]]}},{"type":"Feature","properties":{"id":"LU_FOREST_CONIFER_0229","class":"forest_conifer","color":"#2f5234","area_m2":341.0},"geometry":{"type":"Polygon","coordinates":[[[1836.6,262.1],[1834.1,264.6],[1835.4,269.4],[1837.4,269.9],[1843.6,267.9],[1842.9,263.1],[1836.6,262.1]]]}},{"type":"Feature","properties":{"id":"LU_FOREST_CONIFER_0230","class":"forest_conifer","color":"#2f5234","area_m2":379.0},"geometry":{"type":"Polygon","coordinates":[[[438.4,262.1],[435.1,264.1],[434.9,266.4],[437.9,269.9],[441.6,270.1],[445.6,265.4],[442.9,262.4],[438.4,262.1]]]}},{"type":"Feature","properties":{"id":"LU_FOREST_CONIFER_0231","class":"forest_conifer","color":"#2f5234","area_m2":513.0},"geometry":{"type":"Polygon","coordinates":[[[1517.4,260.1],[1512.6,263.1],[1511.6,266.9],[1513.9,269.9],[1518.6,271.4],[1521.4,268.1],[1521.9,263.4],[1520.4,260.6],[1517.4,260.1]]]}},{"type":"Feature","properties":{"id":"LU_FOREST_CONIFER_0232","class":"forest_conifer","color":"#2f5234","area_m2":1711.0},"geometry":{"type":"Polygon","coordinates":[[[1107.6,256.4],[1097.6,262.9],[1096.1,269.6],[1097.6,272.9],[1099.9,274.4],[1109.6,273.9],[1116.6,269.4],[1116.9,264.4],[1115.4,261.1],[1111.1,257.1],[1107.6,256.4]]]}},{"type":"Feature","properties":{"id":"LU_FOREST_CONIFER_0233","class":"forest_conifer","color":"#2f5234","area_m2":1445.0},"geometry":{"type":"Polygon","coordinates":[[[808.9,253.4],[804.4,258.9],[806.9,268.4],[801.1,273.9],[801.4,281.4],[804.6,283.9],[811.1,280.1],[811.9,277.6],[810.1,271.9],[814.9,264.4],[812.4,255.1],[808.9,253.4]]]}},{"type":"Feature","properties":{"id":"LU_FOREST_CONIFER_0234","class":"forest_conifer","color":"#2f5234","area_m2":1609.0},"geometry":{"type":"Polygon","coordinates":[[[1986.9,251.1],[1983.1,253.9],[1979.1,253.1],[1981.9,260.4],[1979.6,269.1],[1976.9,273.1],[1977.4,274.6],[1984.1,273.9],[1985.9,272.1],[1985.1,267.9],[1986.9,265.9],[1999.9,260.9],[1999.9,258.1],[1996.1,256.6],[1992.4,251.6],[1986.9,251.1]]]}},{"type":"Feature","properties":{"id":"LU_FOREST_CONIFER_0235","class":"forest_conifer","color":"#2f5234","area_m2":2357.0},"geometry":{"type":"Polygon","coordinates":[[[128.6,250.6],[124.1,256.4],[118.4,253.1],[105.9,251.6],[104.1,252.4],[108.9,255.4],[114.9,256.1],[117.1,261.9],[121.9,265.1],[124.9,270.9],[132.4,271.1],[136.1,274.4],[142.1,276.4],[141.4,270.9],[137.1,265.4],[136.9,259.4],[132.4,253.1],[128.6,250.6]]]}},{"type":"Feature","properties":{"id":"LU_FOREST_CONIFER_0236","class":"forest_conifer","color":"#2f5234","area_m2":617.0},"geometry":{"type":"Polygon","coordinates":[[[942.1,249.9],[937.6,253.1],[935.4,257.6],[936.1,259.9],[940.6,261.9],[944.1,260.9],[947.4,257.6],[946.4,251.6],[942.1,249.9]]]}},{"type":"Feature","properties":{"id":"LU_FOREST_CONIFER_0237","class":"forest_conifer","color":"#2f5234","area_m2":1977.0},"geometry":{"type":"Polygon","coordinates":[[[602.6,245.4],[597.9,247.1],[596.1,249.6],[597.9,254.6],[597.4,260.4],[600.1,263.4],[619.9,258.9],[621.6,254.4],[620.6,246.6],[618.1,246.6],[613.9,250.6],[610.9,251.4],[606.9,246.6],[602.6,245.4]]]}},{"type":"Feature","properties":{"id":"LU_FOREST_CONIFER_0238","class":"forest_conifer","color":"#2f5234","area_m2":352.0},"geometry":{"type":"Polygon","coordinates":[[[1836.1,242.1],[1834.4,243.1],[1833.6,248.9],[1833.9,251.9],[1836.1,253.9],[1837.9,253.4],[1839.9,250.4],[1839.6,244.6],[1836.1,242.1]]]}},{"type":"Feature","properties":{"id":"LU_FOREST_CONIFER_0239","class":"forest_conifer","color":"#2f5234","area_m2":10399.0},"geometry":{"type":"Polygon","coordinates":[[[43.9,240.4],[41.9,244.4],[45.9,250.4],[47.6,256.6],[45.4,258.9],[41.1,259.6],[37.6,263.1],[37.1,265.4],[38.1,267.9],[40.6,269.6],[46.4,267.9],[50.9,268.4],[53.1,272.4],[49.9,276.6],[43.6,277.9],[38.1,274.6],[34.4,274.1],[27.6,277.1],[22.4,277.1],[18.6,279.1],[15.9,286.4],[12.9,287.9],[10.6,285.6],[10.6,282.4],[15.4,274.1],[24.4,267.9],[24.1,264.9],[21.1,263.6],[16.1,266.6],[8.9,267.6],[4.1,271.1],[0.1,272.1],[0.1,291.9],[2.9,292.4],[7.6,297.1],[10.6,306.6],[15.4,306.9],[20.1,301.4],[27.9,295.9],[64.9,275.9],[72.4,275.6],[72.1,269.9],[75.4,263.4],[69.9,261.1],[64.9,266.6],[62.1,266.6],[60.1,264.4],[58.4,254.1],[55.4,251.4],[51.1,250.6],[48.1,247.4],[46.9,241.9],[43.9,240.4]]]}},{"type":"Feature","properties":{"id":"LU_FOREST_CONIFER_0240","class":"forest_conifer","color":"#2f5234","area_m2":568.0},"geometry":{"type":"Polygon","coordinates":[[[1115.6,240.1],[1113.1,242.6],[1114.1,250.6],[1115.6,253.9],[1119.1,255.6],[1121.4,253.9],[1121.9,250.4],[1118.9,241.9],[1115.6,240.1]]]}},{"type":"Feature","properties":{"id":"LU_FOREST_CONIFER_0241","class":"forest_conifer","color":"#2f5234","area_m2":1281.0},"geometry":{"type":"Polygon","coordinates":[[[829.6,236.1],[823.6,239.1],[821.9,247.1],[824.6,248.9],[830.4,247.9],[836.1,250.4],[838.9,249.9],[841.9,244.6],[840.9,240.1],[837.9,238.1],[829.6,236.1]]]}},{"type":"Feature","properties":{"id":"LU_FOREST_CONIFER_0242","class":"forest_conifer","color":"#2f5234","area_m2":25380.0},"geometry":{"type":"Polygon","coordinates":[[[1357.9,233.4],[1353.6,237.1],[1352.6,243.9],[1347.4,242.1],[1344.9,242.6],[1341.1,244.6],[1337.1,249.6],[1337.4,254.4],[1339.1,256.4],[1348.1,258.4],[1353.6,262.1],[1354.9,266.1],[1351.9,269.6],[1347.9,269.1],[1341.4,263.4],[1335.6,264.1],[1327.6,261.1],[1325.6,262.4],[1325.6,264.1],[1327.9,274.1],[1324.6,276.4],[1320.4,272.9],[1314.9,264.6],[1310.1,262.6],[1303.9,254.6],[1301.1,254.6],[1295.9,260.4],[1297.9,277.4],[1294.9,280.6],[1288.9,280.6],[1284.6,284.1],[1277.1,298.6],[1279.9,304.1],[1286.4,307.4],[1288.4,302.1],[1290.4,300.4],[1301.6,301.9],[1310.9,295.4],[1318.1,295.4],[1338.4,285.9],[1347.6,287.9],[1353.6,285.9],[1359.6,286.9],[1378.4,282.9],[1397.6,281.9],[1405.4,277.9],[1407.4,273.1],[1404.9,269.6],[1402.6,269.4],[1395.6,272.1],[1391.9,269.9],[1391.6,267.6],[1394.1,264.4],[1398.6,262.1],[1408.4,250.9],[1408.9,238.9],[1407.9,237.4],[1402.6,237.4],[1390.9,243.9],[1389.1,247.4],[1388.6,254.1],[1386.9,256.1],[1384.1,256.6],[1380.9,254.1],[1379.6,245.6],[1376.9,242.6],[1371.4,242.4],[1363.9,235.6],[1357.9,233.4]],[[1371.4,259.1],[1375.1,259.4],[1377.6,261.9],[1377.6,264.9],[1375.9,266.6],[1372.9,266.6],[1369.4,263.9],[1369.1,260.9],[1371.4,259.1]],[[1355.9,245.9],[1363.9,248.4],[1366.4,251.4],[1366.4,254.1],[1363.4,256.1],[1360.1,255.6],[1357.1,252.4],[1355.1,247.4],[1355.9,245.9]],[[1305.6,283.4],[1308.1,283.4],[1310.6,285.9],[1310.6,288.9],[1308.9,290.6],[1305.9,290.6],[1303.1,288.1],[1303.4,285.1],[1305.6,283.4]]]}},{"type":"Feature","properties":{"id":"LU_FOREST_CONIFER_0243","class":"forest_conifer","color":"#2f5234","area_m2":570.0},"geometry":{"type":"Polygon","coordinates":[[[1594.9,226.9],[1590.6,230.4],[1591.1,237.6],[1589.1,243.6],[1590.6,246.4],[1592.9,245.1],[1597.4,233.9],[1596.6,227.9],[1594.9,226.9]]]}},{"type":"Feature","properties":{"id":"LU_FOREST_CONIFER_0244","class":"forest_conifer","color":"#2f5234","area_m2":857.0},"geometry":{"type":"Polygon","coordinates":[[[806.6,225.1],[804.4,226.4],[804.1,229.9],[809.1,236.4],[818.4,235.9],[820.6,234.6],[820.1,230.9],[814.9,226.6],[811.6,225.1],[806.6,225.1]]]}},{"type":"Feature","properties":{"id":"LU_FOREST_CONIFER_0245","class":"forest_conifer","color":"#2f5234","area_m2":57524.0},"geometry":{"type":"Polygon","coordinates":[[[733.4,225.1],[728.6,228.1],[725.6,233.9],[725.1,237.6],[726.4,243.1],[720.1,246.6],[717.6,249.9],[716.1,254.4],[716.1,265.6],[712.1,275.1],[709.4,277.1],[706.9,276.4],[698.6,268.6],[699.6,265.9],[705.9,262.4],[708.9,258.4],[708.6,255.6],[705.1,250.4],[706.9,242.6],[704.6,236.9],[702.4,237.1],[698.9,243.6],[692.6,245.4],[690.6,247.1],[689.6,253.1],[685.6,256.1],[680.1,255.6],[677.4,252.1],[676.4,247.1],[674.4,245.4],[667.4,246.1],[660.4,244.1],[657.1,245.6],[655.1,249.6],[656.1,253.1],[659.1,256.4],[665.1,258.9],[669.6,263.1],[671.1,266.4],[671.1,270.6],[665.6,279.9],[664.9,285.6],[660.6,294.9],[657.1,298.1],[647.9,302.9],[642.1,309.6],[635.1,310.6],[631.6,316.9],[632.6,320.9],[635.6,322.6],[643.6,320.9],[649.4,322.9],[655.9,319.4],[658.9,313.6],[658.4,306.1],[662.1,302.4],[667.1,302.6],[669.6,300.4],[669.9,288.4],[676.4,278.1],[681.6,280.6],[683.9,280.4],[685.6,278.4],[686.4,274.1],[688.9,271.6],[690.9,271.4],[693.1,273.9],[692.4,280.1],[694.1,282.4],[701.6,283.9],[716.1,289.4],[721.9,292.4],[725.9,297.6],[724.1,303.1],[713.9,317.6],[701.9,318.6],[695.6,324.1],[689.4,333.6],[689.6,337.1],[691.4,339.1],[695.6,340.9],[700.6,339.1],[702.9,335.6],[703.9,329.1],[707.4,326.9],[714.1,325.9],[720.1,319.4],[732.1,313.1],[733.4,310.1],[732.6,305.9],[735.4,304.1],[747.6,312.1],[753.1,325.1],[761.6,332.1],[765.1,338.4],[772.1,340.4],[776.6,343.1],[784.6,359.9],[798.9,373.9],[813.4,378.9],[817.4,375.9],[818.9,371.6],[818.6,367.6],[816.9,365.6],[808.9,364.6],[799.4,356.9],[795.1,345.6],[794.9,341.6],[797.1,338.4],[800.4,337.9],[804.6,341.1],[805.4,345.4],[807.1,347.4],[813.4,348.1],[816.6,351.1],[819.6,359.9],[826.6,365.1],[829.1,370.4],[829.6,380.1],[837.1,390.4],[842.4,390.6],[845.9,386.9],[852.4,387.6],[861.6,385.9],[862.9,387.1],[861.6,390.6],[863.1,392.4],[866.4,393.9],[871.6,393.4],[875.1,398.9],[878.1,399.6],[878.9,398.4],[876.4,394.1],[876.4,390.9],[878.9,387.9],[882.4,387.1],[888.9,390.4],[894.1,395.4],[896.6,395.4],[897.9,390.4],[895.4,384.1],[892.9,381.6],[888.4,381.1],[881.6,383.1],[870.1,381.9],[863.1,384.1],[852.9,374.1],[851.9,371.4],[852.9,365.9],[843.9,364.1],[840.9,359.6],[841.4,355.9],[845.4,350.1],[846.4,343.4],[847.9,342.1],[852.1,342.1],[859.9,332.4],[873.4,320.9],[876.9,313.9],[880.9,309.4],[880.6,305.6],[879.1,304.4],[875.9,305.1],[865.9,314.6],[862.9,314.1],[858.9,310.6],[856.1,310.6],[851.1,318.4],[851.1,321.6],[853.9,327.6],[852.1,330.9],[843.9,328.1],[839.4,324.4],[835.9,324.9],[832.1,335.4],[831.6,346.1],[827.6,349.1],[823.1,348.1],[820.9,344.4],[821.9,340.9],[827.6,333.4],[825.9,326.9],[822.9,324.6],[820.4,324.9],[812.4,329.9],[810.1,329.6],[805.1,325.4],[799.6,327.1],[788.6,325.4],[785.4,328.6],[784.1,334.9],[781.4,336.9],[777.9,336.6],[775.9,334.1],[777.9,327.4],[777.4,324.9],[775.6,322.9],[770.9,321.1],[769.4,317.9],[772.4,317.1],[777.4,319.1],[785.9,314.4],[797.4,300.9],[799.4,297.9],[799.4,295.1],[796.4,293.1],[791.1,293.6],[789.4,295.6],[788.6,301.9],[785.6,304.4],[783.1,303.6],[780.9,301.1],[780.4,298.1],[784.9,292.1],[785.6,288.6],[782.9,284.6],[777.4,281.9],[775.4,283.6],[774.6,289.9],[772.4,291.9],[767.9,292.6],[765.6,294.9],[765.6,300.9],[770.9,304.9],[768.9,307.4],[761.6,304.1],[755.1,303.1],[753.4,301.1],[751.9,295.1],[747.4,292.4],[741.4,285.4],[737.9,285.6],[730.4,290.1],[726.4,287.9],[726.4,283.9],[728.9,280.9],[743.9,278.4],[755.4,266.9],[760.6,257.4],[767.6,251.4],[766.1,246.4],[764.1,244.6],[760.9,244.6],[751.9,254.6],[744.1,257.1],[740.6,264.9],[738.6,265.4],[734.4,263.6],[730.9,267.6],[727.4,267.9],[726.1,266.4],[725.9,262.4],[728.9,248.1],[741.4,229.9],[738.9,225.6],[733.4,225.1]]]}},{"type":"Feature","properties":{"id":"LU_FOREST_CONIFER_0246","class":"forest_conifer","color":"#2f5234","area_m2":2758.0},"geometry":{"type":"Polygon","coordinates":[[[1080.6,224.1],[1074.1,225.6],[1070.1,230.9],[1063.4,228.6],[1061.1,231.9],[1067.6,235.6],[1072.4,234.9],[1083.1,236.9],[1086.6,241.9],[1094.6,249.1],[1098.1,255.9],[1100.4,256.4],[1104.4,250.9],[1100.4,239.1],[1098.4,237.4],[1091.9,236.4],[1087.4,228.1],[1084.1,225.1],[1080.6,224.1]]]}},{"type":"Feature","properties":{"id":"LU_FOREST_CONIFER_0247","class":"forest_conifer","color":"#2f5234","area_m2":25199.0},"geometry":{"type":"Polygon","coordinates":[[[911.9,222.4],[894.4,231.9],[885.6,233.6],[883.4,237.6],[884.1,241.1],[886.9,243.9],[898.9,246.9],[903.6,250.1],[908.1,260.4],[907.6,263.9],[904.9,266.6],[900.1,266.6],[893.1,257.1],[883.1,255.6],[879.4,249.1],[874.4,245.1],[864.1,249.6],[861.6,252.1],[860.1,259.9],[857.9,263.1],[854.4,261.9],[851.9,255.9],[848.1,252.4],[846.1,252.6],[840.6,258.1],[840.4,260.4],[842.6,264.9],[846.4,266.9],[856.6,266.9],[862.4,270.4],[873.6,270.9],[881.6,274.6],[888.1,272.4],[890.9,272.9],[893.1,276.4],[893.4,287.4],[900.1,293.9],[900.6,300.6],[903.1,301.6],[909.4,299.1],[912.6,301.1],[914.6,308.9],[922.9,314.4],[925.6,317.9],[926.1,331.6],[928.1,336.1],[932.1,340.4],[937.4,340.9],[940.6,338.6],[939.9,332.6],[943.6,329.1],[947.4,321.4],[941.1,315.1],[932.1,312.6],[929.1,309.4],[929.4,304.4],[931.6,302.9],[942.1,304.4],[950.1,307.9],[955.4,314.4],[957.1,314.1],[963.1,308.4],[962.4,302.1],[968.6,298.1],[968.9,283.4],[966.6,279.6],[964.9,279.6],[962.1,280.6],[956.1,288.1],[949.4,288.9],[944.1,286.6],[939.1,281.1],[928.9,278.1],[921.1,270.4],[919.1,270.6],[915.6,274.1],[912.6,280.9],[909.4,279.9],[907.9,276.6],[908.9,270.9],[922.4,257.9],[922.6,255.9],[915.9,246.6],[908.1,242.6],[901.1,241.6],[899.1,239.4],[898.9,236.4],[901.9,232.9],[912.9,235.1],[915.4,235.1],[918.4,232.9],[918.4,229.1],[914.9,223.9],[911.9,222.4]],[[920.6,291.4],[924.1,291.9],[926.6,294.9],[926.6,297.9],[924.4,299.9],[921.1,299.6],[918.1,296.4],[918.1,293.6],[920.6,291.4]]]}},{"type":"Feature","properties":{"id":"LU_FOREST_CONIFER_0248","class":"forest_conifer","color":"#2f5234","area_m2":508.0},"geometry":{"type":"Polygon","coordinates":[[[583.9,221.4],[582.4,222.9],[582.1,226.4],[585.1,230.4],[589.4,231.6],[593.6,229.6],[594.1,227.6],[590.9,223.6],[583.9,221.4]]]}},{"type":"Feature","properties":{"id":"LU_FOREST_CONIFER_0249","class":"forest_conifer","color":"#2f5234","area_m2":1309.0},"geometry":{"type":"Polygon","coordinates":[[[1006.9,220.4],[999.9,228.6],[996.1,230.1],[989.4,229.9],[987.4,231.6],[987.4,233.4],[989.4,233.9],[996.9,231.9],[1009.6,238.6],[1012.9,238.4],[1014.6,234.9],[1011.9,229.6],[1011.6,222.6],[1006.9,220.4]]]}},{"type":"Feature","properties":{"id":"LU_FOREST_CONIFER_0250","class":"forest_conifer","color":"#2f5234","area_m2":2856.0},"geometry":{"type":"Polygon","coordinates":[[[1335.4,216.6],[1331.6,220.1],[1330.1,223.4],[1332.6,234.6],[1325.9,234.6],[1322.6,238.1],[1323.6,241.9],[1328.6,245.9],[1331.4,244.1],[1334.1,237.1],[1352.4,232.6],[1355.9,228.4],[1356.1,224.1],[1351.4,217.6],[1348.9,217.6],[1341.4,222.4],[1336.9,216.9],[1335.4,216.6]]]}},{"type":"Feature","properties":{"id":"LU_FOREST_CONIFER_0251","class":"forest_conifer","color":"#2f5234","area_m2":537.0},"geometry":{"type":"Polygon","coordinates":[[[1025.6,215.9],[1017.6,221.1],[1017.6,224.1],[1019.9,226.4],[1022.9,226.4],[1031.1,219.9],[1030.1,217.1],[1025.6,215.9]]]}},{"type":"Feature","properties":{"id":"LU_FOREST_CONIFER_0252","class":"forest_conifer","color":"#2f5234","area_m2":322.0},"geometry":{"type":"Polygon","coordinates":[[[1396.9,214.4],[1392.9,217.9],[1392.6,219.9],[1394.9,222.4],[1398.1,222.9],[1400.4,221.1],[1401.4,217.4],[1398.9,214.6],[1396.9,214.4]]]}},{"type":"Feature","properties":{"id":"LU_FOREST_CONIFER_0253","class":"forest_conifer","color":"#2f5234","area_m2":5276.0},"geometry":{"type":"Polygon","coordinates":[[[1298.6,214.1],[1293.9,218.6],[1287.4,222.1],[1279.4,218.6],[1275.6,223.9],[1278.1,236.4],[1278.1,240.6],[1275.6,247.9],[1280.9,253.4],[1287.1,254.6],[1289.4,252.9],[1289.9,241.4],[1292.1,238.1],[1297.1,238.9],[1304.6,245.9],[1308.1,244.9],[1310.6,242.4],[1310.9,236.4],[1309.4,231.9],[1304.1,224.4],[1301.9,215.9],[1298.6,214.1]]]}},{"type":"Feature","properties":{"id":"LU_FOREST_CONIFER_0254","class":"forest_conifer","color":"#2f5234","area_m2":548.0},"geometry":{"type":"Polygon","coordinates":[[[885.6,214.1],[881.6,217.1],[879.9,220.1],[881.6,223.6],[887.9,222.9],[894.4,218.6],[893.4,216.4],[885.6,214.1]]]}},{"type":"Feature","properties":{"id":"LU_FOREST_CONIFER_0255","class":"forest_conifer","color":"#2f5234","area_m2":688.0},"geometry":{"type":"Polygon","coordinates":[[[680.4,213.1],[674.6,217.1],[670.6,223.1],[671.4,226.4],[676.9,226.4],[684.9,217.4],[685.1,215.6],[683.4,213.4],[680.4,213.1]]]}},{"type":"Feature","properties":{"id":"LU_FOREST_CONIFER_0256","class":"forest_conifer","color":"#2f5234","area_m2":3405.0},"geometry":{"type":"Polygon","coordinates":[[[1571.9,210.4],[1570.9,214.1],[1576.9,217.6],[1577.9,230.1],[1576.1,232.1],[1561.1,238.6],[1560.1,242.6],[1563.6,242.9],[1569.1,240.9],[1572.9,242.9],[1576.9,243.1],[1586.1,264.1],[1592.9,270.6],[1592.6,277.1],[1598.1,282.4],[1601.4,283.6],[1602.1,282.1],[1597.9,278.4],[1593.9,265.9],[1588.9,262.4],[1588.6,260.6],[1591.6,254.9],[1587.4,250.9],[1582.9,243.4],[1582.9,234.4],[1585.9,227.6],[1585.6,219.6],[1571.9,210.4]]]}},{"type":"Feature","properties":{"id":"LU_FOREST_CONIFER_0257","class":"forest_conifer","color":"#2f5234","area_m2":355.0},"geometry":{"type":"Polygon","coordinates":[[[1068.1,209.6],[1065.9,211.9],[1066.6,214.9],[1070.9,217.9],[1073.9,217.9],[1075.6,215.4],[1075.4,213.1],[1072.4,210.4],[1068.1,209.6]]]}},{"type":"Feature","properties":{"id":"LU_FOREST_CONIFER_0258","class":"forest_conifer","color":"#2f5234","area_m2":1473.0},"geometry":{"type":"Polygon","coordinates":[[[1539.6,209.4],[1535.6,212.1],[1529.9,223.6],[1530.1,225.4],[1536.1,230.4],[1539.1,229.9],[1543.9,226.4],[1548.6,220.1],[1548.4,218.4],[1543.9,215.1],[1542.6,210.6],[1539.6,209.4]]]}},{"type":"Feature","properties":{"id":"LU_FOREST_CONIFER_0259","class":"forest_conifer","color":"#2f5234","area_m2":3773.0},"geometry":{"type":"Polygon","coordinates":[[[41.4,208.1],[40.4,210.4],[41.9,217.4],[40.4,222.4],[43.9,226.9],[49.6,227.9],[55.1,225.4],[60.4,225.9],[66.1,222.1],[68.1,224.6],[67.6,230.9],[68.9,231.4],[70.6,228.4],[72.4,228.4],[73.4,230.1],[71.4,232.9],[73.4,234.9],[79.4,237.1],[83.4,233.9],[83.4,227.9],[77.4,220.6],[79.1,217.4],[83.9,215.9],[80.1,211.1],[76.4,209.4],[67.4,211.1],[59.1,218.1],[55.6,218.9],[50.9,215.4],[45.9,214.4],[41.4,208.1]]]}},{"type":"Feature","properties":{"id":"LU_FOREST_CONIFER_0260","class":"forest_conifer","color":"#2f5234","area_m2":254.0},"geometry":{"type":"Polygon","coordinates":[[[809.9,207.9],[807.6,209.9],[807.1,213.4],[808.9,216.1],[810.6,216.4],[813.4,213.9],[813.9,211.6],[811.9,208.1],[809.9,207.9]]]}},{"type":"Feature","properties":{"id":"LU_FOREST_CONIFER_0261","class":"forest_conifer","color":"#2f5234","area_m2":12157.0},"geometry":{"type":"Polygon","coordinates":[[[1250.6,207.1],[1246.6,210.1],[1245.1,213.9],[1240.4,218.6],[1240.6,230.9],[1238.1,232.9],[1231.4,232.1],[1223.1,235.1],[1228.4,238.9],[1227.6,241.9],[1225.6,242.4],[1220.6,240.1],[1217.4,240.1],[1213.9,237.9],[1213.1,234.6],[1214.9,227.6],[1213.9,225.1],[1211.9,224.1],[1209.9,224.9],[1203.1,233.9],[1202.4,241.4],[1208.1,246.9],[1209.6,256.1],[1213.9,260.4],[1222.4,260.6],[1230.4,254.4],[1245.6,253.9],[1256.1,256.9],[1260.9,260.9],[1264.9,262.4],[1271.9,269.9],[1277.6,271.9],[1280.1,271.4],[1282.4,268.9],[1281.9,265.1],[1278.9,260.6],[1275.1,259.6],[1273.1,257.4],[1269.9,248.6],[1269.9,242.4],[1267.9,236.9],[1265.4,234.4],[1258.4,234.1],[1254.4,231.1],[1254.9,219.6],[1252.9,213.6],[1254.6,209.1],[1250.6,207.1]],[[1247.1,236.9],[1248.9,236.9],[1250.6,238.9],[1250.9,241.1],[1249.6,242.6],[1247.1,242.1],[1245.4,239.9],[1247.1,236.9]]]}},{"type":"Feature","properties":{"id":"LU_FOREST_CONIFER_0262","class":"forest_conifer","color":"#2f5234","area_m2":1933.0},"geometry":{"type":"Polygon","coordinates":[[[0.1,204.1],[0.1,210.9],[6.4,212.1],[8.6,214.1],[8.1,220.6],[9.1,223.1],[17.6,234.9],[21.9,239.1],[24.1,239.4],[24.9,228.4],[22.4,223.1],[15.4,216.9],[12.9,210.6],[7.1,206.1],[0.1,204.1]]]}},{"type":"Feature","properties":{"id":"LU_FOREST_CONIFER_0263","class":"forest_conifer","color":"#2f5234","area_m2":3804.0},"geometry":{"type":"Polygon","coordinates":[[[834.4,202.9],[829.6,207.1],[826.4,212.9],[822.9,213.9],[823.4,215.4],[829.4,217.9],[836.1,218.9],[842.1,224.4],[849.1,226.9],[862.6,236.6],[868.1,236.1],[869.6,231.6],[866.6,221.6],[863.9,218.6],[857.9,218.6],[852.1,214.1],[841.9,210.1],[837.1,203.9],[834.4,202.9]]]}},{"type":"Feature","properties":{"id":"LU_FOREST_CONIFER_0264","class":"forest_conifer","color":"#2f5234","area_m2":614.0},"geometry":{"type":"Polygon","coordinates":[[[866.6,201.1],[860.6,205.1],[860.6,208.9],[863.6,210.9],[872.6,211.6],[873.6,208.6],[871.9,203.9],[866.6,201.1]]]}},{"type":"Feature","properties":{"id":"LU_FOREST_CONIFER_0265","class":"forest_conifer","color":"#2f5234","area_m2":406.0},"geometry":{"type":"Polygon","coordinates":[[[1276.9,198.9],[1274.6,200.9],[1274.1,205.6],[1275.4,209.4],[1278.1,210.6],[1279.9,209.1],[1282.1,202.6],[1280.9,200.6],[1276.9,198.9]]]}},{"type":"Feature","properties":{"id":"LU_FOREST_CONIFER_0266","class":"forest_conifer","color":"#2f5234","area_m2":3083.0},"geometry":{"type":"Polygon","coordinates":[[[1999.9,198.1],[1994.6,201.1],[1989.1,208.1],[1985.6,208.9],[1980.9,207.4],[1979.1,209.6],[1979.6,214.6],[1986.9,216.9],[1989.1,221.4],[1985.9,226.6],[1977.6,229.4],[1976.1,231.9],[1981.9,233.4],[1986.6,237.6],[1992.6,237.9],[1995.4,236.4],[1994.4,227.9],[1996.1,225.4],[1999.9,223.9],[1999.9,198.1]]]}},{"type":"Feature","properties":{"id":"LU_FOREST_CONIFER_0267","class":"forest_conifer","color":"#2f5234","area_m2":13022.0},"geometry":{"type":"Polygon","coordinates":[[[1485.6,197.1],[1475.9,206.9],[1475.6,211.1],[1478.9,214.4],[1485.4,213.9],[1494.9,218.4],[1500.1,226.1],[1500.4,229.1],[1492.4,232.9],[1485.1,233.4],[1481.6,236.9],[1479.9,237.1],[1477.6,232.6],[1472.1,228.4],[1472.1,225.6],[1475.4,220.1],[1475.1,217.9],[1472.1,216.6],[1464.4,221.9],[1455.1,223.6],[1451.6,227.1],[1450.1,230.4],[1449.9,237.4],[1446.9,242.6],[1450.9,246.9],[1455.6,248.4],[1461.9,240.9],[1470.6,238.9],[1473.1,239.4],[1479.1,248.9],[1485.4,250.1],[1488.6,253.1],[1488.1,257.1],[1481.9,262.9],[1481.6,264.9],[1484.6,269.6],[1489.6,269.9],[1495.9,265.1],[1497.1,254.6],[1500.1,251.4],[1506.4,250.1],[1516.1,256.4],[1518.9,255.9],[1520.9,251.6],[1518.1,243.9],[1509.9,243.9],[1505.4,239.6],[1507.1,236.4],[1513.4,232.9],[1516.4,225.1],[1513.1,219.9],[1508.9,218.1],[1505.4,214.9],[1503.9,204.9],[1501.9,202.6],[1496.9,201.6],[1491.1,197.6],[1485.6,197.1]]]}},{"type":"Feature","properties":{"id":"LU_FOREST_CONIFER_0268","class":"forest_conifer","color":"#2f5234","area_m2":6693.0},"geometry":{"type":"Polygon","coordinates":[[[931.6,197.1],[926.1,202.9],[919.4,217.6],[920.1,221.1],[924.6,227.9],[933.9,232.4],[944.1,242.4],[947.6,244.1],[956.4,240.9],[966.6,240.9],[968.9,239.9],[969.6,237.6],[968.4,235.1],[951.9,216.6],[944.6,215.9],[937.4,220.4],[934.4,219.4],[934.4,216.1],[940.4,210.9],[940.9,208.6],[936.4,200.1],[931.6,197.1]]]}},{"type":"Feature","properties":{"id":"LU_FOREST_CONIFER_0269","class":"forest_conifer","color":"#2f5234","area_m2":3994.0},"geometry":{"type":"Polygon","coordinates":[[[392.9,192.1],[387.6,197.1],[386.6,200.4],[383.6,203.1],[383.4,209.4],[392.6,223.9],[396.6,227.9],[395.1,236.6],[397.6,241.9],[401.9,245.4],[408.4,245.6],[410.1,243.6],[409.9,242.1],[404.9,237.9],[399.1,226.6],[399.9,215.4],[395.1,204.9],[397.6,202.1],[401.9,202.4],[403.9,204.6],[404.6,209.9],[411.6,215.6],[415.1,213.6],[416.6,208.1],[410.1,205.6],[404.9,199.6],[392.9,192.1]]]}},{"type":"Feature","properties":{"id":"LU_FOREST_CONIFER_0270","class":"forest_conifer","color":"#2f5234","area_m2":573.0},"geometry":{"type":"Polygon","coordinates":[[[962.9,191.1],[960.1,194.4],[960.1,199.6],[961.6,202.9],[964.4,204.1],[969.1,200.9],[970.4,198.1],[965.9,191.6],[962.9,191.1]]]}},{"type":"Feature","properties":{"id":"LU_FOREST_CONIFER_0271","class":"forest_conifer","color":"#2f5234","area_m2":310.0},"geometry":{"type":"Polygon","coordinates":[[[877.4,190.9],[873.4,194.4],[873.1,196.1],[875.1,198.4],[878.4,198.9],[882.1,196.1],[882.4,194.4],[879.9,191.6],[877.4,190.9]]]}},{"type":"Feature","properties":{"id":"LU_FOREST_CONIFER_0272","class":"forest_conifer","color":"#2f5234","area_m2":1061.0},"geometry":{"type":"Polygon","coordinates":[[[1587.6,185.6],[1581.6,190.1],[1578.1,196.4],[1578.6,201.9],[1583.4,204.9],[1588.9,203.4],[1590.9,199.6],[1589.4,188.1],[1587.6,185.6]]]}},{"type":"Feature","properties":{"id":"LU_FOREST_CONIFER_0273","class":"forest_conifer","color":"#2f5234","area_m2":1328.0},"geometry":{"type":"Polygon","coordinates":[[[841.6,182.1],[839.1,184.6],[840.6,190.9],[846.6,196.1],[850.1,201.4],[853.6,202.9],[855.6,202.4],[856.9,200.4],[856.9,196.4],[853.4,187.1],[850.4,184.4],[841.6,182.1]]]}},{"type":"Feature","properties":{"id":"LU_FOREST_CONIFER_0274","class":"forest_conifer","color":"#2f5234","area_m2":885.0},"geometry":{"type":"Polygon","coordinates":[[[1576.6,177.4],[1565.1,186.6],[1565.9,190.1],[1572.9,192.4],[1577.1,189.6],[1581.9,180.9],[1578.9,177.6],[1576.6,177.4]]]}},{"type":"Feature","properties":{"id":"LU_FOREST_CONIFER_0275","class":"forest_conifer","color":"#2f5234","area_m2":3518.0},"geometry":{"type":"Polygon","coordinates":[[[1111.6,177.1],[1108.4,180.9],[1101.9,184.9],[1104.1,192.1],[1108.9,196.9],[1107.6,198.9],[1103.9,198.9],[1102.4,200.6],[1102.1,203.6],[1108.6,218.9],[1120.1,228.4],[1124.4,234.4],[1126.1,235.1],[1126.4,232.9],[1124.1,227.4],[1124.9,220.4],[1123.4,213.9],[1118.9,207.6],[1115.1,206.6],[1113.1,204.4],[1112.9,198.4],[1110.4,190.9],[1113.4,187.9],[1117.4,180.4],[1115.1,178.1],[1111.6,177.1]]]}},{"type":"Feature","properties":{"id":"LU_FOREST_CONIFER_0276","class":"forest_conifer","color":"#2f5234","area_m2":269.0},"geometry":{"type":"Polygon","coordinates":[[[1528.6,176.1],[1526.4,177.4],[1526.6,179.6],[1534.1,182.4],[1536.4,181.6],[1536.6,179.6],[1534.9,177.1],[1528.6,176.1]]]}},{"type":"Feature","properties":{"id":"LU_FOREST_CONIFER_0277","class":"forest_conifer","color":"#2f5234","area_m2":2543.0},"geometry":{"type":"Polygon","coordinates":[[[547.6,175.1],[542.6,179.1],[542.6,182.1],[545.4,186.1],[550.6,189.1],[552.6,193.9],[555.1,196.4],[560.4,197.6],[573.4,192.9],[574.9,189.6],[574.4,185.9],[566.9,177.6],[564.1,177.6],[561.6,182.9],[557.4,185.6],[554.4,182.9],[551.1,175.9],[547.6,175.1]]]}},{"type":"Feature","properties":{"id":"LU_FOREST_CONIFER_0278","class":"forest_conifer","color":"#2f5234","area_m2":2306.0},"geometry":{"type":"Polygon","coordinates":[[[902.6,174.1],[896.4,177.4],[889.4,177.1],[887.4,178.4],[885.1,184.4],[885.1,189.6],[887.4,193.1],[892.4,195.6],[897.6,195.9],[907.9,188.4],[906.6,175.9],[902.6,174.1]]]}},{"type":"Feature","properties":{"id":"LU_FOREST_CONIFER_0279","class":"forest_conifer","color":"#2f5234","area_m2":2965.0},"geometry":{"type":"Polygon","coordinates":[[[754.4,172.6],[751.6,175.1],[751.4,178.4],[753.6,182.9],[759.1,187.9],[761.6,196.9],[767.9,201.4],[776.6,202.9],[783.6,206.6],[786.6,206.4],[787.9,204.4],[787.9,200.4],[786.4,197.1],[766.1,183.6],[757.9,173.6],[754.4,172.6]]]}},{"type":"Feature","properties":{"id":"LU_FOREST_CONIFER_0280","class":"forest_conifer","color":"#2f5234","area_m2":19644.0},"geometry":{"type":"Polygon","coordinates":[[[669.6,167.1],[661.4,172.1],[651.6,169.1],[645.9,170.1],[634.1,178.6],[627.9,187.6],[621.1,188.6],[615.1,195.9],[612.4,194.6],[611.6,190.6],[608.9,188.6],[605.9,189.1],[602.6,192.1],[600.4,197.4],[600.1,201.6],[604.1,210.4],[600.1,219.4],[600.6,222.9],[603.6,224.9],[608.1,223.9],[611.4,216.1],[616.4,212.9],[619.1,213.1],[621.9,217.6],[621.6,219.9],[618.9,222.6],[609.1,225.9],[606.1,232.6],[608.4,237.1],[611.9,239.9],[615.4,240.6],[622.9,236.4],[630.4,235.6],[636.4,231.9],[652.4,236.9],[656.1,236.4],[660.4,232.9],[664.9,225.6],[664.9,215.9],[677.1,204.4],[684.4,202.6],[687.4,199.9],[687.9,196.4],[686.4,192.1],[682.4,189.6],[675.1,197.1],[665.9,198.6],[659.9,204.6],[653.6,207.1],[643.1,207.6],[641.1,205.9],[640.9,202.4],[644.1,197.4],[649.9,194.4],[657.1,186.4],[665.9,180.4],[671.4,174.9],[673.4,169.4],[669.6,167.1]],[[625.1,202.1],[629.1,202.4],[633.1,205.9],[634.1,209.4],[631.9,212.6],[622.6,212.1],[620.4,210.1],[620.9,204.9],[625.1,202.1]],[[631.1,221.4],[633.1,222.1],[631.4,224.6],[629.6,223.1],[631.1,221.4]]]}},{"type":"Feature","properties":{"id":"LU_FOREST_CONIFER_0281","class":"forest_conifer","color":"#2f5234","area_m2":407.0},"geometry":{"type":"Polygon","coordinates":[[[1545.6,163.1],[1542.4,165.9],[1542.6,167.9],[1545.1,170.4],[1550.4,170.6],[1553.4,167.9],[1553.4,165.1],[1551.9,163.6],[1545.6,163.1]]]}},{"type":"Feature","properties":{"id":"LU_FOREST_CONIFER_0282","class":"forest_conifer","color":"#2f5234","area_m2":333.0},"geometry":{"type":"Polygon","coordinates":[[[863.1,162.6],[857.4,166.6],[857.4,170.4],[859.4,172.4],[862.9,171.4],[865.4,167.1],[865.6,164.6],[863.1,162.6]]]}},{"type":"Feature","properties":{"id":"LU_FOREST_CONIFER_0283","class":"forest_conifer","color":"#2f5234","area_m2":2698.0},"geometry":{"type":"Polygon","coordinates":[[[742.4,162.6],[737.9,167.6],[731.1,167.6],[728.4,172.6],[729.6,176.9],[737.1,181.9],[738.9,183.9],[738.6,185.6],[736.4,187.1],[727.6,186.9],[722.6,181.4],[721.6,182.6],[723.6,191.1],[725.4,193.4],[737.6,192.9],[747.4,196.9],[754.9,196.6],[755.4,194.4],[748.4,188.9],[742.4,179.1],[737.4,173.9],[738.4,169.4],[744.4,169.6],[746.6,167.9],[746.1,163.9],[742.4,162.6]]]}},{"type":"Feature","properties":{"id":"LU_FOREST_CONIFER_0284","class":"forest_conifer","color":"#2f5234","area_m2":50695.0},"geometry":{"type":"Polygon","coordinates":[[[1226.6,161.1],[1219.9,164.6],[1212.9,162.4],[1209.6,165.1],[1209.6,182.9],[1207.1,185.6],[1201.6,186.4],[1198.6,189.1],[1197.6,195.1],[1195.9,197.1],[1193.4,197.6],[1192.4,196.6],[1191.6,190.6],[1186.9,185.1],[1185.6,180.1],[1184.1,179.1],[1179.6,179.4],[1175.6,185.9],[1168.4,193.6],[1160.6,199.1],[1160.9,212.1],[1159.4,213.9],[1153.1,213.6],[1149.6,219.9],[1142.6,224.1],[1133.6,222.9],[1129.9,220.4],[1128.6,221.6],[1132.6,226.6],[1140.9,225.9],[1145.9,229.6],[1147.4,235.4],[1151.4,242.6],[1151.1,250.6],[1148.1,258.4],[1148.6,265.1],[1143.6,269.9],[1143.6,272.9],[1145.6,274.6],[1151.1,274.4],[1152.4,275.4],[1157.4,282.4],[1157.1,290.6],[1160.6,296.9],[1165.9,299.4],[1170.9,305.9],[1176.1,306.4],[1177.4,307.6],[1177.4,313.4],[1179.1,317.9],[1174.9,320.9],[1174.6,322.6],[1177.6,324.9],[1185.4,324.9],[1180.9,330.1],[1180.9,331.9],[1192.1,335.9],[1193.9,337.6],[1194.6,341.9],[1200.6,345.1],[1195.4,360.1],[1201.1,366.1],[1201.6,370.4],[1204.6,370.4],[1205.9,371.9],[1204.6,374.6],[1201.6,375.4],[1201.4,378.4],[1206.6,383.1],[1213.4,395.9],[1220.4,399.4],[1221.9,403.9],[1219.1,406.6],[1218.9,408.9],[1221.9,416.1],[1227.6,416.6],[1233.9,420.1],[1236.6,433.1],[1240.9,437.6],[1241.4,445.6],[1243.1,449.1],[1246.1,450.4],[1251.4,446.9],[1252.9,442.9],[1253.6,438.6],[1250.1,429.6],[1256.4,421.9],[1256.9,417.9],[1255.1,415.9],[1252.9,416.1],[1246.1,419.6],[1242.4,423.9],[1240.1,424.1],[1238.9,421.6],[1241.6,413.9],[1235.4,408.6],[1234.9,406.6],[1237.9,402.9],[1245.9,400.4],[1253.6,390.9],[1253.6,388.6],[1251.4,386.4],[1242.6,387.9],[1240.1,386.6],[1238.4,383.9],[1239.4,380.1],[1251.6,369.9],[1251.6,365.6],[1247.1,360.4],[1239.1,357.6],[1233.9,352.6],[1229.6,351.1],[1223.1,356.1],[1219.1,357.6],[1212.9,366.6],[1207.4,368.4],[1204.9,367.1],[1199.6,358.4],[1199.9,356.6],[1202.6,354.9],[1215.6,354.4],[1216.9,352.4],[1217.1,344.6],[1220.1,338.6],[1216.4,333.1],[1205.9,324.1],[1205.9,314.4],[1201.9,305.9],[1200.6,299.9],[1193.1,296.9],[1191.4,297.4],[1187.4,302.1],[1180.9,299.6],[1175.9,299.9],[1174.9,297.9],[1177.6,294.4],[1178.4,290.4],[1182.1,287.9],[1182.1,285.9],[1178.4,282.9],[1173.6,284.1],[1164.4,282.9],[1162.4,275.9],[1159.4,270.9],[1159.4,269.4],[1161.6,267.9],[1170.6,269.9],[1179.6,264.1],[1184.6,265.9],[1190.4,265.1],[1199.9,269.9],[1202.4,269.4],[1200.9,264.6],[1201.9,252.4],[1200.4,248.1],[1197.9,245.6],[1192.9,245.6],[1187.1,248.6],[1181.9,253.6],[1179.9,253.9],[1174.9,248.1],[1169.1,246.1],[1168.1,243.1],[1179.1,232.4],[1183.4,229.9],[1187.4,222.1],[1204.1,205.4],[1212.9,199.4],[1221.6,198.9],[1226.1,196.9],[1232.4,190.9],[1232.1,186.9],[1225.6,189.1],[1221.9,185.4],[1222.9,181.9],[1228.9,173.6],[1229.9,163.6],[1228.6,161.6],[1226.6,161.1]],[[1226.1,370.4],[1234.6,369.1],[1235.4,370.9],[1228.9,377.6],[1225.6,378.1],[1222.6,376.1],[1222.6,373.9],[1226.1,370.4]],[[1215.4,380.9],[1217.6,381.1],[1218.9,384.4],[1217.1,387.4],[1213.9,388.1],[1211.9,386.9],[1211.4,384.4],[1215.4,380.9]],[[1171.1,207.9],[1174.1,209.1],[1174.6,212.9],[1167.1,218.9],[1165.1,223.4],[1164.9,229.9],[1162.9,230.6],[1160.9,227.4],[1162.1,216.1],[1167.1,214.1],[1169.4,209.1],[1171.1,207.9]],[[1154.1,251.9],[1156.9,253.1],[1155.6,255.9],[1152.9,254.1],[1154.1,251.9]]]}},{"type":"Feature","properties":{"id":"LU_FOREST_CONIFER_0285","class":"forest_conifer","color":"#2f5234","area_m2":7140.0},"geometry":{"type":"Polygon","coordinates":[[[776.6,159.1],[770.6,164.9],[770.6,175.9],[774.1,179.4],[781.9,182.4],[789.9,189.4],[793.1,192.9],[795.1,199.1],[799.9,204.9],[803.4,205.6],[814.1,200.9],[818.9,197.4],[827.4,197.9],[831.4,194.9],[831.9,192.6],[830.4,189.1],[812.1,171.4],[810.1,171.6],[805.6,176.1],[805.1,178.4],[807.6,180.9],[812.9,180.4],[815.6,183.1],[815.4,189.1],[812.1,190.1],[808.1,186.4],[802.6,188.1],[799.1,187.6],[797.1,183.6],[800.6,175.6],[798.1,170.4],[794.1,168.6],[784.4,172.4],[782.4,171.9],[781.1,170.1],[782.9,165.4],[782.4,162.9],[780.1,160.1],[776.6,159.1]]]}},{"type":"Feature","properties":{"id":"LU_FOREST_CONIFER_0286","class":"forest_conifer","color":"#2f5234","area_m2":1950.0},"geometry":{"type":"Polygon","coordinates":[[[386.9,157.9],[384.1,161.4],[384.6,165.1],[390.6,172.1],[391.4,176.4],[394.9,181.4],[401.1,178.4],[408.4,180.9],[411.4,180.6],[413.1,179.1],[413.1,176.9],[406.1,172.6],[401.9,166.1],[395.1,164.6],[389.9,158.6],[386.9,157.9]]]}},{"type":"Feature","properties":{"id":"LU_FOREST_CONIFER_0287","class":"forest_conifer","color":"#2f5234","area_m2":281.0},"geometry":{"type":"Polygon","coordinates":[[[1265.6,155.6],[1264.1,157.6],[1264.4,161.6],[1266.1,164.9],[1268.9,165.6],[1270.9,162.6],[1270.6,159.6],[1265.6,155.6]]]}},{"type":"Feature","properties":{"id":"LU_FOREST_CONIFER_0288","class":"forest_conifer","color":"#2f5234","area_m2":2370.0},"geometry":{"type":"Polygon","coordinates":[[[1521.6,152.6],[1519.4,157.9],[1514.1,154.4],[1508.1,156.6],[1501.6,162.1],[1499.1,166.1],[1499.4,167.9],[1503.9,171.4],[1510.4,171.6],[1513.4,168.9],[1514.1,162.6],[1516.4,160.6],[1529.4,166.6],[1532.4,166.6],[1535.4,164.9],[1536.9,159.4],[1535.1,154.4],[1527.4,155.1],[1521.6,152.6]]]}},{"type":"Feature","properties":{"id":"LU_FOREST_CONIFER_0289","class":"forest_conifer","color":"#2f5234","area_m2":1080.0},"geometry":{"type":"Polygon","coordinates":[[[1621.9,152.1],[1617.6,155.9],[1618.1,161.9],[1620.1,164.9],[1628.4,169.6],[1631.6,163.6],[1631.6,156.6],[1625.1,152.6],[1621.9,152.1]]]}},{"type":"Feature","properties":{"id":"LU_FOREST_CONIFER_0290","class":"forest_conifer","color":"#2f5234","area_m2":728.0},"geometry":{"type":"Polygon","coordinates":[[[756.6,150.1],[751.1,154.6],[751.6,157.9],[755.6,160.9],[763.9,159.4],[765.9,156.4],[764.4,152.1],[762.4,150.4],[756.6,150.1]]]}},{"type":"Feature","properties":{"id":"LU_FOREST_CONIFER_0291","class":"forest_conifer","color":"#2f5234","area_m2":235.0},"geometry":{"type":"Polygon","coordinates":[[[1397.6,149.6],[1392.9,151.9],[1392.6,153.6],[1395.6,156.6],[1399.1,156.4],[1400.6,154.9],[1400.4,153.1],[1397.6,149.6]]]}},{"type":"Feature","properties":{"id":"LU_FOREST_CONIFER_0292","class":"forest_conifer","color":"#2f5234","area_m2":3644.0},"geometry":{"type":"Polygon","coordinates":[[[127.9,148.6],[120.9,150.1],[114.6,155.1],[114.1,159.6],[116.9,165.6],[115.9,167.9],[112.9,166.9],[109.9,161.6],[107.6,163.1],[106.1,166.4],[105.6,176.6],[110.6,181.9],[110.9,189.9],[112.4,193.9],[116.4,196.4],[119.4,194.6],[117.9,181.4],[119.4,177.1],[123.1,174.1],[124.6,170.6],[124.4,163.4],[126.1,161.4],[131.4,160.6],[132.9,159.1],[132.4,152.4],[127.9,148.6]]]}},{"type":"Feature","properties":{"id":"LU_FOREST_CONIFER_0293","class":"forest_conifer","color":"#2f5234","area_m2":3783.0},"geometry":{"type":"Polygon","coordinates":[[[1889.6,147.4],[1882.1,149.1],[1874.6,152.9],[1869.4,153.1],[1866.1,154.6],[1864.1,157.6],[1863.6,165.1],[1860.9,167.1],[1857.9,164.4],[1858.9,160.6],[1857.9,155.9],[1856.1,154.4],[1852.9,155.1],[1850.6,159.6],[1853.9,164.6],[1854.1,170.6],[1858.6,173.9],[1866.1,170.9],[1875.9,158.1],[1877.6,158.4],[1883.9,165.4],[1895.6,167.6],[1899.6,162.9],[1899.9,158.9],[1895.4,153.9],[1893.4,149.1],[1889.6,147.4]]]}},{"type":"Feature","properties":{"id":"LU_FOREST_CONIFER_0294","class":"forest_conifer","color":"#2f5234","area_m2":5113.0},"geometry":{"type":"Polygon","coordinates":[[[963.4,145.1],[958.4,148.6],[957.4,156.4],[958.6,158.9],[967.1,165.4],[973.9,168.4],[984.9,170.4],[989.9,178.6],[989.9,181.4],[987.9,183.6],[981.6,184.4],[979.6,186.1],[976.9,195.9],[978.4,196.9],[985.6,196.9],[999.4,191.4],[1002.9,185.6],[999.6,178.4],[1000.9,171.4],[996.4,164.1],[991.6,162.4],[984.9,164.9],[979.6,158.6],[974.4,160.4],[971.6,159.9],[968.9,155.6],[968.4,147.1],[966.4,145.4],[963.4,145.1]]]}},{"type":"Feature","properties":{"id":"LU_FOREST_CONIFER_0295","class":"forest_conifer","color":"#2f5234","area_m2":14449.0},"geometry":{"type":"Polygon","coordinates":[[[1358.6,144.6],[1357.4,147.1],[1359.4,152.4],[1356.9,155.6],[1353.1,156.4],[1352.4,157.6],[1355.9,162.6],[1359.6,175.9],[1362.9,178.9],[1367.4,180.6],[1381.1,182.4],[1384.6,185.1],[1386.6,188.6],[1398.9,191.9],[1418.9,201.4],[1423.6,206.1],[1423.9,208.9],[1413.6,215.1],[1410.9,220.6],[1411.4,226.4],[1415.1,228.4],[1424.1,220.4],[1428.1,219.4],[1433.6,223.1],[1435.6,230.4],[1438.6,230.6],[1443.4,221.1],[1447.4,217.9],[1451.4,211.1],[1457.9,206.1],[1457.4,201.1],[1455.4,199.4],[1449.1,197.6],[1441.4,190.4],[1429.4,192.1],[1422.6,189.4],[1416.9,188.6],[1409.9,180.6],[1401.6,175.1],[1393.4,175.1],[1385.4,178.9],[1382.1,178.6],[1380.1,176.4],[1379.9,172.4],[1383.4,165.9],[1382.4,162.1],[1376.9,155.6],[1368.1,151.6],[1364.4,146.4],[1358.6,144.6]],[[1438.9,200.4],[1439.9,200.1],[1440.4,201.4],[1439.1,201.9],[1438.9,200.4]],[[1372.9,164.4],[1375.6,165.6],[1374.1,168.1],[1371.6,166.6],[1372.9,164.4]]]}},{"type":"Feature","properties":{"id":"LU_FOREST_CONIFER_0296","class":"forest_conifer","color":"#2f5234","area_m2":563.0},"geometry":{"type":"Polygon","coordinates":[[[1478.6,139.1],[1476.1,141.6],[1477.4,149.9],[1479.4,150.9],[1484.9,149.4],[1487.1,147.1],[1487.1,144.9],[1482.9,140.6],[1478.6,139.1]]]}},{"type":"Feature","properties":{"id":"LU_FOREST_CONIFER_0297","class":"forest_conifer","color":"#2f5234","area_m2":848.0},"geometry":{"type":"Polygon","coordinates":[[[361.4,137.1],[355.1,139.6],[353.6,141.4],[353.9,143.1],[360.9,148.4],[367.9,148.4],[369.9,145.4],[369.6,140.6],[365.1,137.6],[361.4,137.1]]]}},{"type":"Feature","properties":{"id":"LU_FOREST_CONIFER_0298","class":"forest_conifer","color":"#2f5234","area_m2":999.0},"geometry":{"type":"Polygon","coordinates":[[[149.4,136.9],[146.1,137.6],[138.1,145.6],[138.1,148.1],[141.9,153.6],[154.4,147.4],[154.4,145.6],[150.1,141.1],[152.1,137.9],[149.4,136.9]]]}},{"type":"Feature","properties":{"id":"LU_FOREST_CONIFER_0299","class":"forest_conifer","color":"#2f5234","area_m2":570.0},"geometry":{"type":"Polygon","coordinates":[[[777.4,134.1],[771.4,135.6],[770.6,138.9],[775.9,142.4],[780.4,142.6],[784.4,138.9],[785.1,136.4],[783.4,134.4],[777.4,134.1]]]}},{"type":"Feature","properties":{"id":"LU_FOREST_CONIFER_0300","class":"forest_conifer","color":"#2f5234","area_m2":3163.0},"geometry":{"type":"Polygon","coordinates":[[[1724.9,133.9],[1723.6,137.9],[1721.6,139.6],[1718.4,138.1],[1713.4,139.9],[1707.9,137.6],[1705.4,138.6],[1704.6,142.9],[1708.6,151.9],[1706.4,157.4],[1706.9,158.9],[1710.4,159.6],[1722.4,156.9],[1727.9,157.4],[1732.4,154.4],[1731.9,149.6],[1733.1,143.6],[1729.4,137.1],[1724.9,133.9]]]}},{"type":"Feature","properties":{"id":"LU_FOREST_CONIFER_0301","class":"forest_conifer","color":"#2f5234","area_m2":583.0},"geometry":{"type":"Polygon","coordinates":[[[333.1,129.6],[328.6,133.9],[329.4,137.4],[332.6,137.9],[340.6,135.9],[344.9,138.1],[346.6,137.6],[346.1,132.6],[337.9,132.1],[333.1,129.6]]]}},{"type":"Feature","properties":{"id":"LU_FOREST_CONIFER_0302","class":"forest_conifer","color":"#2f5234","area_m2":849.0},"geometry":{"type":"Polygon","coordinates":[[[1383.4,129.1],[1381.1,130.1],[1379.1,133.4],[1379.1,139.6],[1382.4,144.4],[1384.1,144.1],[1392.9,134.4],[1391.4,131.4],[1383.4,129.1]]]}},{"type":"Feature","properties":{"id":"LU_FOREST_CONIFER_0303","class":"forest_conifer","color":"#2f5234","area_m2":1758.0},"geometry":{"type":"Polygon","coordinates":[[[931.9,125.1],[927.6,128.4],[929.1,133.1],[932.1,136.9],[931.4,153.4],[938.9,158.4],[944.1,158.4],[945.9,156.1],[945.6,144.6],[943.9,142.6],[936.1,139.6],[933.4,136.1],[933.9,126.9],[931.9,125.1]]]}},{"type":"Feature","properties":{"id":"LU_FOREST_CONIFER_0304","class":"forest_conifer","color":"#2f5234","area_m2":1797.0},"geometry":{"type":"Polygon","coordinates":[[[1872.6,123.4],[1863.6,133.9],[1857.6,139.1],[1856.9,142.4],[1859.9,146.4],[1862.9,146.4],[1868.4,140.4],[1870.1,140.6],[1875.9,146.4],[1878.4,146.9],[1880.4,145.6],[1880.4,143.1],[1877.4,138.9],[1880.4,132.4],[1873.4,127.9],[1872.6,123.4]]]}},{"type":"Feature","properties":{"id":"LU_FOREST_CONIFER_0305","class":"forest_conifer","color":"#2f5234","area_m2":1108.0},"geometry":{"type":"Polygon","coordinates":[[[1828.1,121.6],[1825.1,124.4],[1827.1,131.4],[1827.6,139.4],[1832.4,141.9],[1840.6,143.4],[1841.6,142.1],[1840.9,138.9],[1834.9,132.1],[1830.9,122.9],[1828.1,121.6]]]}},{"type":"Feature","properties":{"id":"LU_FOREST_CONIFER_0306","class":"forest_conifer","color":"#2f5234","area_m2":5646.0},"geometry":{"type":"Polygon","coordinates":[[[473.9,119.4],[470.1,122.6],[468.6,125.9],[462.6,129.1],[462.6,136.1],[466.1,139.6],[472.1,138.4],[484.6,149.1],[491.4,159.1],[490.4,162.1],[487.4,164.6],[487.4,167.4],[489.6,169.6],[493.4,169.6],[498.4,164.1],[504.6,149.4],[504.6,145.6],[502.4,143.4],[492.6,140.9],[490.4,138.9],[490.1,136.6],[492.9,131.4],[492.6,125.6],[490.9,123.6],[487.4,121.9],[481.9,125.1],[477.9,120.6],[473.9,119.4]],[[472.4,130.9],[473.4,130.6],[473.9,131.9],[472.6,132.4],[472.4,130.9]]]}},{"type":"Feature","properties":{"id":"LU_FOREST_CONIFER_0307","class":"forest_conifer","color":"#2f5234","area_m2":13124.0},"geometry":{"type":"Polygon","coordinates":[[[1270.4,116.9],[1268.4,118.6],[1268.9,126.4],[1266.9,129.1],[1264.1,129.6],[1257.9,127.4],[1255.6,129.1],[1255.4,131.4],[1258.9,135.9],[1274.9,143.4],[1291.6,158.1],[1292.6,165.6],[1290.4,167.9],[1284.1,168.4],[1283.4,170.1],[1284.9,171.9],[1291.4,177.6],[1293.1,177.9],[1298.1,171.9],[1302.9,171.4],[1304.9,173.6],[1304.1,180.4],[1306.1,183.9],[1315.4,185.1],[1320.1,191.4],[1327.9,195.4],[1337.1,205.4],[1343.9,208.4],[1346.4,208.9],[1353.1,206.9],[1356.6,204.1],[1361.4,202.6],[1361.9,199.4],[1359.6,195.6],[1352.4,196.1],[1345.6,193.1],[1339.1,192.6],[1336.1,189.1],[1337.9,183.6],[1337.4,180.6],[1334.6,179.1],[1329.6,178.9],[1327.4,176.9],[1322.9,165.6],[1325.1,161.4],[1330.9,157.9],[1331.1,155.6],[1323.9,146.6],[1316.9,144.1],[1310.9,138.6],[1306.4,136.4],[1302.9,137.1],[1300.4,139.6],[1301.1,145.1],[1308.1,153.4],[1314.6,157.6],[1315.6,164.1],[1320.6,170.9],[1320.6,173.9],[1318.4,175.9],[1315.6,175.9],[1306.4,168.9],[1303.9,158.9],[1290.4,146.9],[1286.4,136.1],[1277.9,133.1],[1272.4,128.9],[1271.6,125.6],[1274.1,119.6],[1273.1,117.9],[1270.4,116.9]]]}},{"type":"Feature","properties":{"id":"LU_FOREST_CONIFER_0308","class":"forest_conifer","color":"#2f5234","area_m2":858.0},"geometry":{"type":"Polygon","coordinates":[[[1817.1,116.6],[1810.9,122.4],[1810.1,131.1],[1812.6,133.6],[1816.9,132.4],[1821.9,125.6],[1820.9,118.9],[1819.1,116.9],[1817.1,116.6]]]}},{"type":"Feature","properties":{"id":"LU_FOREST_CONIFER_0309","class":"forest_conifer","color":"#2f5234","area_m2":1557.0},"geometry":{"type":"Polygon","coordinates":[[[1599.4,115.1],[1596.1,116.6],[1594.1,119.6],[1593.6,125.6],[1596.1,128.4],[1605.6,131.9],[1614.6,128.4],[1614.9,123.9],[1613.6,121.9],[1603.1,115.6],[1599.4,115.1]]]}},{"type":"Feature","properties":{"id":"LU_FOREST_CONIFER_0310","class":"forest_conifer","color":"#2f5234","area_m2":4319.0},"geometry":{"type":"Polygon","coordinates":[[[1759.1,113.6],[1750.1,117.4],[1749.6,119.1],[1751.6,126.1],[1755.4,131.4],[1755.9,136.1],[1763.4,141.4],[1767.1,150.9],[1770.9,150.9],[1772.1,145.6],[1775.1,143.6],[1779.6,149.4],[1786.1,148.6],[1789.4,152.1],[1791.1,152.4],[1791.9,149.4],[1789.1,144.4],[1788.4,137.9],[1785.9,134.6],[1783.9,134.4],[1779.4,136.6],[1774.1,131.1],[1765.4,133.1],[1761.9,130.9],[1761.6,127.9],[1769.4,122.9],[1770.9,117.6],[1768.4,114.4],[1759.1,113.6]]]}},{"type":"Feature","properties":{"id":"LU_FOREST_CONIFER_0311","class":"forest_conifer","color":"#2f5234","area_m2":635.0},"geometry":{"type":"Polygon","coordinates":[[[1910.9,113.4],[1906.6,117.1],[1905.4,123.4],[1907.1,126.4],[1911.6,128.6],[1914.6,123.4],[1914.9,117.6],[1913.9,114.9],[1910.9,113.4]]]}},{"type":"Feature","properties":{"id":"LU_FOREST_CONIFER_0312","class":"forest_conifer","color":"#2f5234","area_m2":7051.0},"geometry":{"type":"Polygon","coordinates":[[[1557.1,111.9],[1551.1,115.6],[1545.1,122.9],[1543.1,122.6],[1540.4,119.9],[1539.6,114.9],[1538.1,113.4],[1535.4,113.1],[1529.6,115.4],[1524.1,118.6],[1510.4,131.4],[1506.4,128.9],[1503.9,123.6],[1500.4,122.1],[1497.9,122.6],[1496.4,124.1],[1495.6,128.9],[1490.1,131.6],[1488.6,133.4],[1488.9,135.6],[1492.1,137.9],[1495.9,133.6],[1497.6,133.4],[1502.4,137.9],[1513.1,134.4],[1519.4,130.9],[1524.9,130.4],[1528.4,131.9],[1534.6,131.9],[1541.6,133.6],[1550.1,132.9],[1553.9,136.6],[1560.1,135.1],[1564.9,138.9],[1567.9,139.6],[1569.4,138.1],[1570.9,130.6],[1570.6,121.6],[1562.9,113.6],[1557.1,111.9]]]}},{"type":"Feature","properties":{"id":"LU_FOREST_CONIFER_0313","class":"forest_conifer","color":"#2f5234","area_m2":252.0},"geometry":{"type":"Polygon","coordinates":[[[484.4,110.6],[481.6,113.1],[481.4,115.4],[482.9,118.1],[485.9,119.1],[487.6,117.4],[487.9,113.6],[486.1,110.9],[484.4,110.6]]]}},{"type":"Feature","properties":{"id":"LU_FOREST_CONIFER_0314","class":"forest_conifer","color":"#2f5234","area_m2":1327.0},"geometry":{"type":"Polygon","coordinates":[[[1473.4,108.9],[1462.9,112.9],[1459.1,120.6],[1461.1,124.4],[1467.6,125.6],[1476.4,119.9],[1478.6,113.6],[1475.4,109.1],[1473.4,108.9]]]}},{"type":"Feature","properties":{"id":"LU_FOREST_CONIFER_0315","class":"forest_conifer","color":"#2f5234","area_m2":4373.0},"geometry":{"type":"Polygon","coordinates":[[[1229.9,103.4],[1227.1,107.4],[1227.1,113.6],[1230.9,120.6],[1230.1,125.4],[1233.4,133.1],[1231.1,135.1],[1222.4,133.9],[1216.6,138.1],[1216.6,140.9],[1221.9,144.4],[1230.9,153.9],[1240.6,154.9],[1247.9,159.4],[1251.1,159.4],[1253.9,157.1],[1254.6,153.9],[1253.4,152.4],[1248.9,151.1],[1244.4,147.1],[1240.4,142.9],[1237.4,137.1],[1237.4,134.1],[1240.9,130.1],[1241.9,125.4],[1234.4,112.1],[1232.4,104.4],[1229.9,103.4]]]}},{"type":"Feature","properties":{"id":"LU_FOREST_CONIFER_0316","class":"forest_conifer","color":"#2f5234","area_m2":1568.0},"geometry":{"type":"Polygon","coordinates":[[[287.6,102.1],[279.1,108.1],[278.9,109.9],[281.1,113.4],[284.9,114.4],[289.6,112.4],[292.6,116.9],[296.6,119.9],[301.1,119.4],[305.6,115.6],[305.6,113.4],[297.4,106.6],[293.6,106.4],[289.4,102.4],[287.6,102.1]]]}},{"type":"Feature","properties":{"id":"LU_FOREST_CONIFER_0317","class":"forest_conifer","color":"#2f5234","area_m2":121133.0},"geometry":{"type":"Polygon","coordinates":[[[361.6,101.1],[359.4,102.6],[356.6,108.9],[357.1,112.9],[363.9,114.4],[368.1,118.4],[375.9,122.4],[384.1,124.4],[395.4,129.1],[407.1,144.4],[413.6,146.6],[419.6,151.6],[426.4,151.1],[430.9,152.4],[434.6,156.1],[435.6,159.9],[441.1,164.4],[443.4,164.4],[446.1,160.4],[450.9,158.4],[457.6,152.9],[468.1,155.4],[472.1,158.9],[472.6,162.9],[468.4,166.9],[461.4,166.4],[452.1,171.9],[446.1,169.4],[444.6,169.9],[444.6,171.6],[449.9,176.6],[451.1,188.4],[444.4,200.1],[434.6,208.1],[434.4,210.4],[436.4,213.4],[439.1,212.9],[444.6,208.1],[449.4,207.9],[451.6,209.4],[452.4,214.4],[455.1,217.4],[460.4,219.9],[463.9,218.9],[464.6,215.6],[461.4,208.4],[465.9,205.4],[467.4,202.4],[461.1,198.6],[458.1,194.4],[458.4,191.9],[462.6,185.4],[464.9,186.9],[466.1,193.1],[468.6,194.9],[472.4,194.6],[477.6,190.1],[483.4,189.6],[490.4,185.9],[498.4,185.6],[504.4,181.9],[510.1,182.4],[514.6,186.1],[515.1,190.6],[511.6,197.9],[507.6,200.1],[502.6,200.4],[499.6,203.1],[498.6,212.9],[486.6,221.6],[484.9,228.4],[482.4,231.1],[480.1,231.1],[478.4,229.1],[478.9,222.6],[477.1,220.4],[462.9,223.6],[455.1,230.1],[449.6,232.1],[444.6,231.4],[441.1,227.4],[440.9,228.9],[450.4,244.4],[459.4,246.1],[470.6,251.6],[472.6,250.9],[473.9,247.9],[471.9,241.6],[474.1,237.4],[477.9,241.9],[476.4,249.6],[478.6,253.9],[482.4,257.1],[481.9,249.4],[483.4,246.1],[488.6,243.1],[491.9,243.4],[493.6,246.9],[490.1,255.1],[487.9,257.6],[483.9,258.6],[486.9,261.6],[494.9,261.1],[499.4,265.4],[503.6,274.9],[507.9,279.6],[507.6,285.6],[510.6,287.6],[510.6,291.4],[513.1,291.1],[518.1,287.4],[526.4,287.9],[528.6,289.4],[530.1,293.6],[536.6,293.9],[544.9,298.4],[549.6,298.9],[554.9,301.6],[551.9,308.4],[545.6,312.1],[545.6,314.9],[548.6,316.9],[557.1,316.4],[561.4,317.4],[565.6,321.9],[565.6,325.9],[572.6,331.1],[574.1,337.1],[573.6,341.4],[575.1,342.1],[580.4,340.9],[582.6,342.4],[582.6,344.4],[577.6,348.1],[577.4,350.1],[583.4,355.4],[587.9,364.4],[588.6,370.1],[594.6,377.9],[595.6,383.1],[598.4,386.9],[595.4,391.6],[596.1,395.9],[601.1,396.9],[604.4,400.6],[608.1,395.9],[609.4,396.1],[619.6,405.6],[616.4,410.6],[616.4,413.4],[621.9,417.1],[622.6,422.9],[628.6,429.9],[638.9,436.4],[642.9,440.6],[645.4,440.6],[649.1,438.1],[649.9,442.1],[653.9,446.1],[652.9,448.9],[644.1,449.4],[643.1,456.9],[641.1,458.6],[636.1,459.6],[629.1,469.9],[625.9,468.1],[625.1,464.9],[632.1,458.1],[632.4,456.1],[629.9,452.6],[625.6,451.1],[621.1,454.9],[618.6,461.9],[612.1,465.6],[604.4,472.9],[599.6,472.9],[597.6,470.4],[598.4,467.1],[604.1,461.1],[603.9,458.1],[595.6,456.1],[586.9,462.9],[586.9,468.4],[584.4,471.6],[574.4,474.9],[577.9,478.6],[578.1,481.6],[576.6,491.1],[572.4,495.6],[571.4,500.9],[573.6,504.9],[579.6,510.1],[581.1,514.1],[585.6,519.1],[587.1,531.6],[591.6,540.1],[593.9,541.4],[602.6,536.9],[606.6,539.4],[605.6,542.9],[599.9,547.6],[590.1,547.6],[589.1,550.6],[591.1,557.9],[597.1,556.9],[599.4,559.6],[594.4,563.6],[593.4,571.4],[599.1,591.4],[598.9,598.6],[603.9,602.4],[600.6,606.9],[600.4,612.4],[611.1,623.4],[615.6,625.6],[614.9,620.9],[609.1,614.4],[605.6,601.6],[607.4,598.1],[610.6,596.1],[619.1,598.1],[620.9,595.4],[620.6,591.4],[615.1,584.1],[605.1,582.6],[601.9,576.6],[606.9,569.1],[610.9,558.9],[612.9,551.6],[613.4,543.1],[616.9,539.9],[624.6,536.1],[626.6,533.4],[626.4,531.1],[624.1,529.1],[616.1,526.6],[614.4,524.6],[614.6,522.9],[617.6,520.1],[628.1,517.4],[633.9,514.4],[637.4,510.9],[640.6,501.6],[638.1,498.6],[632.4,496.4],[624.9,499.6],[622.9,499.4],[621.4,497.6],[621.6,491.6],[618.9,488.6],[606.9,489.6],[604.9,487.1],[605.4,483.9],[608.9,479.9],[619.4,475.9],[622.9,476.4],[628.1,481.4],[633.4,483.9],[641.6,483.9],[648.6,480.1],[653.9,480.4],[657.6,476.4],[657.4,471.9],[653.4,469.1],[646.9,469.9],[645.4,467.4],[663.6,450.9],[675.4,455.9],[682.6,455.9],[688.4,457.9],[698.6,458.9],[712.1,463.9],[713.6,462.1],[712.4,457.1],[699.4,447.9],[699.4,445.1],[703.4,440.9],[703.4,438.1],[698.9,433.6],[696.9,433.1],[695.1,434.4],[694.1,443.4],[692.6,445.6],[688.6,445.9],[685.4,442.9],[685.9,438.9],[693.4,432.6],[693.9,429.4],[688.4,420.1],[683.4,416.4],[679.9,416.6],[672.1,421.1],[669.6,426.9],[667.1,428.9],[651.4,421.9],[649.9,417.6],[651.9,411.6],[649.1,408.4],[636.6,413.6],[633.6,417.9],[630.9,419.4],[629.1,417.9],[629.1,415.6],[631.1,413.4],[636.1,411.9],[636.4,407.1],[633.9,404.6],[631.9,404.4],[623.9,408.9],[620.9,406.1],[627.4,400.9],[628.4,396.1],[624.4,392.4],[617.6,391.4],[612.6,393.1],[610.4,391.6],[610.9,383.9],[607.1,378.4],[609.1,374.4],[621.6,373.9],[631.9,378.4],[635.1,378.4],[637.9,375.4],[635.4,368.1],[641.1,363.1],[641.4,361.4],[639.4,359.4],[635.4,359.4],[622.4,367.1],[616.1,364.6],[613.9,362.1],[610.9,354.1],[605.1,351.6],[602.4,348.6],[602.6,346.9],[610.1,338.9],[609.4,334.1],[606.4,331.9],[599.1,333.6],[596.4,328.1],[592.4,324.1],[588.9,323.4],[579.4,312.9],[577.4,306.9],[574.1,302.1],[570.6,301.4],[564.4,304.1],[560.4,302.4],[560.4,298.1],[570.1,292.6],[573.4,281.1],[586.9,273.4],[592.4,272.4],[594.6,267.6],[594.9,263.6],[592.4,261.1],[578.4,262.1],[568.1,258.6],[557.9,246.6],[551.9,245.9],[549.9,244.1],[545.4,228.9],[542.1,225.6],[538.9,225.6],[535.6,228.1],[533.9,234.4],[531.6,236.6],[526.9,235.1],[516.4,227.9],[516.4,218.9],[510.4,213.9],[510.1,211.6],[512.4,207.1],[516.1,203.4],[523.6,198.6],[527.6,200.1],[531.1,206.4],[530.1,211.1],[524.6,217.9],[525.1,222.9],[529.1,224.6],[534.1,221.4],[539.4,221.9],[542.1,219.6],[539.1,214.4],[539.1,210.6],[542.1,207.4],[547.6,204.4],[548.6,199.6],[534.9,183.6],[531.6,182.1],[522.6,182.9],[514.4,170.1],[509.9,167.9],[507.6,168.1],[500.4,174.9],[488.4,175.1],[473.1,182.6],[470.1,182.6],[467.1,179.4],[467.4,175.1],[469.6,173.1],[476.9,171.4],[483.9,161.4],[481.4,155.1],[476.1,152.6],[470.9,144.6],[465.9,142.1],[449.4,143.1],[442.6,147.9],[441.4,146.6],[442.1,142.4],[441.1,140.9],[434.4,140.1],[431.1,141.6],[426.1,147.1],[420.6,147.9],[417.9,144.4],[417.1,135.6],[418.4,130.4],[416.4,129.1],[407.4,131.1],[403.9,130.1],[397.4,118.9],[397.9,116.1],[401.6,114.4],[403.6,116.1],[405.6,121.9],[407.9,123.4],[418.6,122.1],[422.9,119.4],[429.1,118.4],[433.6,113.1],[438.1,112.4],[444.6,108.9],[446.1,107.1],[444.9,104.6],[440.4,107.9],[434.6,106.1],[429.6,106.4],[422.1,111.1],[419.1,111.6],[409.4,108.6],[405.9,101.6],[398.4,101.1],[389.1,106.6],[383.9,108.1],[376.1,115.4],[374.1,115.6],[371.4,112.9],[371.9,108.6],[370.4,105.1],[361.6,101.1]],[[641.1,423.6],[643.1,423.6],[645.1,426.6],[644.9,429.4],[641.9,431.6],[639.9,431.4],[637.9,428.4],[638.4,426.1],[641.1,423.6]],[[597.1,501.1],[605.1,502.4],[611.6,507.1],[611.9,511.4],[606.9,517.6],[602.1,517.1],[598.9,511.1],[596.4,509.4],[588.4,512.9],[584.6,511.1],[584.4,509.1],[586.1,506.4],[597.1,501.1]],[[599.9,358.6],[601.6,358.4],[602.9,359.9],[600.6,363.6],[597.6,361.6],[599.9,358.6]],[[593.4,337.6],[596.1,338.9],[594.6,341.6],[592.1,340.1],[593.4,337.6]],[[589.4,483.4],[594.1,481.6],[595.9,483.9],[595.6,485.9],[592.4,488.1],[590.4,487.6],[588.9,485.4],[589.4,483.4]],[[585.4,347.9],[585.6,346.6],[586.1,347.4],[585.4,347.9]],[[566.6,269.4],[568.9,269.4],[571.1,272.6],[570.9,275.4],[568.6,277.6],[566.9,277.4],[563.9,273.4],[564.4,271.1],[566.6,269.4]],[[548.4,281.4],[554.6,279.9],[557.9,281.4],[561.6,285.1],[561.6,288.9],[558.4,291.1],[554.1,289.6],[548.4,283.9],[548.4,281.4]],[[520.9,251.4],[535.6,249.9],[540.9,253.9],[539.1,259.4],[539.6,272.1],[530.6,281.6],[528.9,281.4],[524.1,276.4],[517.9,278.6],[515.4,278.4],[508.6,271.4],[509.4,268.1],[513.9,264.1],[517.4,254.1],[520.9,251.4]],[[503.1,243.6],[506.9,244.4],[512.4,249.9],[512.6,251.6],[510.9,253.6],[507.1,253.6],[502.4,248.9],[501.4,245.4],[503.1,243.6]],[[503.6,221.1],[505.6,221.1],[506.9,224.4],[505.1,228.6],[505.6,232.6],[502.6,234.4],[499.9,232.1],[498.9,228.6],[500.9,223.9],[503.6,221.1]],[[460.6,235.9],[462.9,235.9],[465.1,239.4],[464.6,243.1],[461.6,245.6],[458.9,244.1],[457.9,241.6],[458.4,237.9],[460.6,235.9]],[[387.9,119.1],[390.1,119.9],[388.9,121.9],[387.4,121.1],[387.9,119.1]]]}},{"type":"Feature","properties":{"id":"LU_FOREST_CONIFER_0318","class":"forest_conifer","color":"#2f5234","area_m2":1168.0},"geometry":{"type":"Polygon","coordinates":[[[1670.9,100.1],[1669.4,101.1],[1669.6,103.6],[1670.9,104.6],[1674.4,103.1],[1675.9,104.1],[1679.4,115.6],[1682.4,120.4],[1684.6,119.9],[1685.4,114.9],[1687.4,112.4],[1691.9,112.9],[1688.4,107.1],[1682.1,101.1],[1670.9,100.1]]]}},{"type":"Feature","properties":{"id":"LU_FOREST_CONIFER_0319","class":"forest_conifer","color":"#2f5234","area_m2":731.0},"geometry":{"type":"Polygon","coordinates":[[[7.4,99.6],[0.1,106.1],[0.1,119.9],[2.9,119.4],[5.6,116.4],[9.4,102.1],[9.1,100.1],[7.4,99.6]]]}},{"type":"Feature","properties":{"id":"LU_FOREST_CONIFER_0320","class":"forest_conifer","color":"#2f5234","area_m2":507.0},"geometry":{"type":"Polygon","coordinates":[[[1179.6,98.1],[1176.1,99.6],[1172.6,103.1],[1172.4,106.4],[1174.1,108.4],[1178.1,108.4],[1182.9,105.1],[1183.6,100.6],[1179.6,98.1]]]}},{"type":"Feature","properties":{"id":"LU_FOREST_CONIFER_0321","class":"forest_conifer","color":"#2f5234","area_m2":1517.0},"geometry":{"type":"Polygon","coordinates":[[[1256.6,96.9],[1250.6,99.1],[1243.4,98.6],[1241.6,100.4],[1247.6,113.9],[1248.4,120.4],[1252.6,123.6],[1254.9,123.4],[1257.9,118.6],[1257.4,113.9],[1253.9,107.6],[1253.9,103.4],[1256.6,98.4],[1256.6,96.9]]]}},{"type":"Feature","properties":{"id":"LU_FOREST_CONIFER_0322","class":"forest_conifer","color":"#2f5234","area_m2":418.0},"geometry":{"type":"Polygon","coordinates":[[[1561.6,93.1],[1556.1,95.6],[1555.4,98.6],[1558.6,101.1],[1567.4,99.6],[1567.4,96.1],[1561.6,93.1]]]}},{"type":"Feature","properties":{"id":"LU_FOREST_CONIFER_0323","class":"forest_conifer","color":"#2f5234","area_m2":3875.0},"geometry":{"type":"Polygon","coordinates":[[[1033.6,91.4],[1027.4,94.1],[1019.6,94.4],[1018.1,96.6],[1018.6,100.9],[1021.6,103.6],[1026.6,104.1],[1031.9,106.4],[1034.6,109.9],[1035.4,114.9],[1039.9,116.9],[1041.6,120.9],[1048.6,126.9],[1055.9,126.4],[1058.4,123.9],[1058.6,121.9],[1051.9,114.4],[1054.6,108.4],[1054.4,105.1],[1050.4,101.4],[1043.4,102.1],[1039.4,100.4],[1037.4,98.1],[1036.4,92.4],[1033.6,91.4]]]}},{"type":"Feature","properties":{"id":"LU_FOREST_CONIFER_0324","class":"forest_conifer","color":"#2f5234","area_m2":1392.0},"geometry":{"type":"Polygon","coordinates":[[[631.9,91.6],[625.1,91.9],[624.1,97.6],[625.6,101.4],[639.4,106.9],[643.4,106.9],[645.6,105.4],[646.9,101.6],[645.6,96.6],[637.6,96.9],[631.9,91.6]]]}},{"type":"Feature","properties":{"id":"LU_FOREST_CONIFER_0325","class":"forest_conifer","color":"#2f5234","area_m2":1416.0},"geometry":{"type":"Polygon","coordinates":[[[1897.1,89.9],[1893.1,93.6],[1894.4,99.9],[1892.4,109.1],[1894.6,111.6],[1899.6,111.9],[1904.6,108.4],[1903.9,100.6],[1905.9,92.6],[1903.4,90.1],[1897.1,89.9]]]}},{"type":"Feature","properties":{"id":"LU_FOREST_CONIFER_0326","class":"forest_conifer","color":"#2f5234","area_m2":2256.0},"geometry":{"type":"Polygon","coordinates":[[[1340.4,88.1],[1336.1,90.1],[1331.9,96.6],[1323.9,98.1],[1322.4,99.9],[1323.1,102.9],[1328.4,105.6],[1334.4,105.9],[1338.6,107.9],[1351.9,103.6],[1352.6,100.6],[1348.9,95.1],[1347.4,90.1],[1345.4,88.4],[1340.4,88.1]]]}},{"type":"Feature","properties":{"id":"LU_FOREST_CONIFER_0327","class":"forest_conifer","color":"#2f5234","area_m2":5524.0},"geometry":{"type":"Polygon","coordinates":[[[1295.1,86.6],[1287.6,92.1],[1287.6,96.9],[1309.1,121.4],[1317.9,125.4],[1325.9,132.9],[1334.9,137.4],[1337.9,137.4],[1341.6,130.6],[1341.1,124.9],[1337.1,123.6],[1330.1,127.6],[1327.1,127.6],[1325.4,124.1],[1328.9,117.4],[1327.4,113.1],[1316.9,109.1],[1312.4,104.9],[1310.6,99.9],[1305.9,96.9],[1305.9,91.6],[1303.9,88.6],[1295.1,86.6]]]}},{"type":"Feature","properties":{"id":"LU_FOREST_CONIFER_0328","class":"forest_conifer","color":"#2f5234","area_m2":896.0},"geometry":{"type":"Polygon","coordinates":[[[330.4,85.6],[326.6,91.9],[322.4,95.9],[325.4,100.4],[330.1,99.6],[333.4,102.1],[336.6,98.4],[336.9,91.6],[332.1,85.9],[330.4,85.6]]]}},{"type":"Feature","properties":{"id":"LU_FOREST_CONIFER_0329","class":"forest_conifer","color":"#2f5234","area_m2":9715.0},"geometry":{"type":"Polygon","coordinates":[[[1484.1,83.6],[1480.1,91.4],[1478.4,91.6],[1475.4,87.6],[1473.9,87.4],[1469.9,90.9],[1463.1,91.6],[1459.4,96.6],[1453.6,95.4],[1451.1,97.9],[1441.1,102.1],[1437.4,107.6],[1432.1,108.6],[1426.1,115.9],[1422.1,127.4],[1422.4,130.4],[1424.9,133.6],[1426.6,142.9],[1434.1,147.6],[1437.9,153.1],[1439.4,153.1],[1442.4,149.4],[1444.1,149.1],[1445.9,150.9],[1445.6,155.1],[1446.6,156.1],[1455.4,158.9],[1461.6,158.9],[1467.4,154.9],[1467.6,150.4],[1462.4,139.1],[1456.4,139.6],[1447.4,131.4],[1442.6,130.9],[1438.6,127.9],[1431.9,129.9],[1429.4,126.6],[1431.6,124.9],[1437.9,124.4],[1439.6,122.4],[1440.4,115.9],[1445.4,109.1],[1447.4,107.6],[1454.4,108.4],[1456.1,102.6],[1458.4,100.6],[1462.6,100.6],[1472.6,96.9],[1484.4,101.9],[1490.6,100.1],[1492.4,98.1],[1492.4,94.9],[1486.4,88.9],[1484.1,83.6]]]}},{"type":"Feature","properties":{"id":"LU_FOREST_CONIFER_0330","class":"forest_conifer","color":"#2f5234","area_m2":2358.0},"geometry":{"type":"Polygon","coordinates":[[[1380.1,82.1],[1376.9,87.4],[1376.4,92.1],[1369.9,95.6],[1366.1,94.6],[1363.4,97.1],[1363.6,99.9],[1365.4,101.4],[1379.6,101.9],[1389.6,106.9],[1400.1,104.9],[1401.6,101.9],[1399.1,99.1],[1395.6,98.4],[1391.4,99.6],[1389.4,97.9],[1383.4,84.1],[1380.1,82.1]]]}},{"type":"Feature","properties":{"id":"LU_FOREST_CONIFER_0331","class":"forest_conifer","color":"#2f5234","area_m2":5365.0},"geometry":{"type":"Polygon","coordinates":[[[1641.4,80.6],[1637.1,84.9],[1636.9,88.6],[1640.1,93.4],[1648.1,95.1],[1648.4,97.6],[1644.1,101.6],[1637.6,101.1],[1631.6,103.6],[1630.1,106.4],[1629.6,114.6],[1635.6,120.6],[1645.4,124.6],[1653.4,125.6],[1658.1,119.4],[1665.4,119.6],[1666.9,116.9],[1657.4,109.6],[1659.9,101.6],[1656.9,94.9],[1655.6,93.6],[1650.4,94.1],[1650.4,86.1],[1645.1,81.4],[1641.4,80.6]]]}},{"type":"Feature","properties":{"id":"LU_FOREST_CONIFER_0332","class":"forest_conifer","color":"#2f5234","area_m2":21728.0},"geometry":{"type":"Polygon","coordinates":[[[47.1,80.6],[43.9,83.4],[44.6,87.9],[58.9,96.4],[67.9,103.4],[74.6,110.9],[74.1,118.6],[82.1,136.6],[79.1,144.9],[77.1,146.4],[74.6,145.9],[68.9,136.6],[62.9,135.6],[57.9,130.6],[51.9,129.6],[44.6,126.1],[40.6,128.1],[39.6,131.9],[46.6,143.9],[46.9,147.4],[38.1,154.1],[31.4,156.1],[28.1,154.6],[20.9,147.6],[17.1,146.6],[10.6,140.1],[11.1,136.9],[17.6,134.1],[17.9,129.6],[15.9,126.6],[13.6,126.1],[0.1,130.1],[0.1,175.9],[11.4,177.4],[21.1,188.4],[27.9,190.1],[31.6,192.6],[36.6,199.4],[40.4,197.6],[50.4,197.9],[58.4,194.1],[73.1,191.4],[74.9,189.1],[76.9,177.6],[75.6,175.6],[73.9,175.6],[70.1,177.1],[66.4,180.9],[58.6,180.4],[44.9,192.6],[42.6,193.1],[28.1,188.9],[26.1,186.4],[26.6,179.6],[25.4,174.1],[30.1,166.4],[39.9,166.4],[45.4,158.1],[50.4,154.9],[57.1,155.4],[68.6,160.6],[71.6,163.6],[77.9,164.4],[80.4,159.1],[87.9,153.4],[91.9,147.6],[91.9,141.4],[90.1,136.4],[90.6,130.9],[84.6,125.6],[78.9,116.6],[79.9,109.4],[81.6,106.1],[81.6,97.1],[75.4,93.4],[70.1,92.6],[64.4,84.1],[62.1,82.6],[53.6,84.1],[47.1,80.6]],[[19.1,162.9],[20.9,162.9],[22.6,164.9],[23.1,169.6],[21.6,175.9],[18.1,177.6],[14.4,174.9],[13.1,170.6],[15.4,166.1],[19.1,162.9]]]}},{"type":"Feature","properties":{"id":"LU_FOREST_CONIFER_0333","class":"forest_conifer","color":"#2f5234","area_m2":904.0},"geometry":{"type":"Polygon","coordinates":[[[1000.6,78.1],[994.1,82.6],[989.9,83.4],[989.4,85.4],[999.4,90.9],[1006.9,89.6],[1007.9,88.1],[1007.4,83.9],[1002.9,78.6],[1000.6,78.1]]]}},{"type":"Feature","properties":{"id":"LU_FOREST_CONIFER_0334","class":"forest_conifer","color":"#2f5234","area_m2":578.0},"geometry":{"type":"Polygon","coordinates":[[[1266.4,76.1],[1262.6,78.1],[1261.6,81.6],[1265.9,86.4],[1270.4,86.6],[1273.6,83.4],[1273.4,79.9],[1271.1,77.1],[1266.4,76.1]]]}},{"type":"Feature","properties":{"id":"LU_FOREST_CONIFER_0335","class":"forest_conifer","color":"#2f5234","area_m2":28480.0},"geometry":{"type":"Polygon","coordinates":[[[918.9,74.4],[916.4,76.6],[915.4,85.4],[919.1,90.4],[923.6,93.1],[928.1,102.4],[936.9,108.9],[944.9,112.4],[952.1,119.4],[955.9,121.4],[961.9,130.9],[974.1,134.9],[981.9,140.9],[987.9,143.4],[996.9,152.4],[1006.1,152.6],[1007.9,154.6],[1009.1,160.1],[1013.6,165.9],[1014.4,173.4],[1016.1,175.4],[1030.9,180.4],[1037.6,186.1],[1038.6,191.1],[1040.6,193.6],[1048.4,192.9],[1052.1,195.1],[1052.1,198.9],[1045.1,202.6],[1043.6,204.4],[1044.4,206.4],[1056.9,208.6],[1061.6,204.1],[1074.6,200.9],[1077.4,198.9],[1077.4,196.1],[1068.1,189.4],[1068.1,185.6],[1071.9,180.4],[1070.6,176.6],[1065.1,178.6],[1061.1,183.1],[1056.9,183.6],[1051.6,178.4],[1055.6,171.4],[1055.4,166.1],[1052.9,163.6],[1050.6,163.4],[1042.9,166.9],[1039.4,163.9],[1039.6,154.6],[1036.1,148.4],[1038.6,139.6],[1032.9,132.6],[1029.9,132.1],[1028.1,133.1],[1026.6,139.1],[1022.6,145.6],[1015.6,144.1],[1010.6,147.6],[1008.9,147.4],[1001.9,139.6],[997.4,136.9],[994.9,131.9],[994.6,127.9],[998.6,125.1],[1005.1,124.9],[1012.4,117.9],[1012.6,115.9],[1008.9,111.6],[1005.6,110.1],[986.1,107.6],[979.1,98.4],[979.4,96.1],[984.4,91.6],[983.9,89.1],[981.6,88.1],[973.1,88.6],[967.9,94.6],[961.6,99.1],[959.6,102.6],[957.6,102.9],[949.4,95.9],[943.9,87.6],[940.4,86.1],[932.9,87.6],[930.4,85.1],[930.9,79.6],[928.9,76.6],[918.9,74.4]],[[966.6,115.4],[968.9,115.4],[978.9,122.4],[983.9,123.4],[985.6,125.4],[984.6,128.9],[980.6,131.1],[977.4,131.1],[970.1,127.6],[966.4,123.9],[964.1,119.4],[964.4,117.1],[966.6,115.4]]]}},{"type":"Feature","properties":{"id":"LU_FOREST_CONIFER_0336","class":"forest_conifer","color":"#2f5234","area_m2":39488.0},"geometry":{"type":"Polygon","coordinates":[[[1932.4,73.6],[1927.6,81.9],[1927.6,87.1],[1924.1,91.6],[1923.1,99.4],[1924.1,121.6],[1921.9,131.4],[1917.4,139.6],[1919.6,146.6],[1916.6,150.9],[1915.6,157.4],[1909.1,166.6],[1909.4,168.9],[1913.1,170.6],[1914.1,173.1],[1912.6,174.6],[1909.9,174.6],[1908.4,176.6],[1908.1,188.4],[1910.1,191.4],[1915.4,193.1],[1918.4,196.4],[1923.6,193.9],[1930.1,194.6],[1931.6,197.9],[1929.4,201.6],[1929.6,204.6],[1930.9,205.6],[1935.6,204.6],[1939.1,209.9],[1941.6,210.4],[1948.9,206.4],[1953.6,206.4],[1955.9,198.9],[1959.9,194.9],[1966.4,191.9],[1971.6,192.9],[1973.6,191.9],[1973.4,189.1],[1970.4,186.4],[1959.1,187.6],[1955.1,182.4],[1955.4,180.1],[1958.1,177.4],[1962.6,176.9],[1973.4,179.9],[1978.4,179.6],[1980.1,176.6],[1978.1,171.9],[1980.4,169.4],[1988.4,172.9],[1993.1,173.4],[1999.9,176.9],[1999.9,165.1],[1995.9,164.1],[1993.6,161.4],[1996.1,157.4],[1999.9,156.9],[1999.9,146.1],[1993.9,148.1],[1986.4,154.9],[1979.9,154.6],[1977.4,152.9],[1976.4,149.4],[1978.6,147.1],[1982.9,146.4],[1985.4,143.9],[1985.4,140.9],[1982.9,137.6],[1979.1,135.6],[1972.1,135.6],[1969.4,138.6],[1970.9,145.4],[1967.6,149.9],[1966.6,154.9],[1966.6,156.6],[1969.6,160.1],[1967.6,167.4],[1964.4,168.6],[1960.1,164.9],[1957.9,164.9],[1950.1,171.1],[1953.6,176.1],[1953.6,178.1],[1950.9,181.6],[1947.6,183.1],[1940.6,183.1],[1934.6,185.4],[1931.4,182.9],[1929.1,178.4],[1931.9,170.9],[1942.9,162.9],[1947.9,151.9],[1955.4,144.9],[1957.9,139.6],[1955.4,135.1],[1948.6,135.4],[1940.6,130.1],[1933.4,132.1],[1931.1,131.6],[1927.6,127.6],[1927.6,124.4],[1929.1,122.4],[1934.4,119.9],[1946.6,120.9],[1959.4,115.6],[1960.9,116.9],[1959.4,123.1],[1963.1,127.4],[1970.4,127.6],[1976.1,121.4],[1981.4,120.9],[1984.6,123.4],[1981.9,130.9],[1987.4,132.9],[1992.9,132.4],[1994.9,129.4],[1993.1,118.6],[1995.6,116.1],[1999.9,115.9],[1999.9,102.1],[1996.4,99.9],[1994.4,93.6],[1996.1,91.4],[1999.9,91.9],[1999.9,74.1],[1995.4,74.1],[1990.1,77.4],[1990.1,82.6],[1992.9,91.1],[1982.6,96.1],[1976.4,91.9],[1972.4,84.1],[1969.1,81.6],[1966.1,81.4],[1961.9,85.6],[1957.4,86.1],[1950.1,83.6],[1944.9,76.6],[1938.4,76.1],[1932.4,73.6]],[[1978.4,103.1],[1985.1,103.9],[1987.4,106.4],[1987.4,109.1],[1984.4,111.1],[1980.9,110.1],[1976.4,105.6],[1978.4,103.1]],[[1953.1,95.4],[1956.9,96.1],[1956.9,98.4],[1950.4,104.9],[1949.1,103.6],[1950.4,98.9],[1953.1,95.4]],[[1937.9,97.6],[1940.1,97.6],[1943.1,101.6],[1941.9,109.4],[1939.1,111.9],[1936.1,111.1],[1933.9,107.6],[1934.9,101.1],[1937.9,97.6]],[[1935.9,193.4],[1936.9,193.1],[1937.4,194.4],[1936.1,194.9],[1935.9,193.4]],[[1923.6,165.4],[1926.1,165.4],[1928.6,168.1],[1927.4,172.6],[1924.4,174.9],[1922.1,174.6],[1920.1,172.1],[1921.4,167.1],[1923.6,165.4]]]}},{"type":"Feature","properties":{"id":"LU_FOREST_CONIFER_0337","class":"forest_conifer","color":"#2f5234","area_m2":2288.0},"geometry":{"type":"Polygon","coordinates":[[[206.9,72.6],[203.6,74.4],[203.6,77.1],[206.6,81.6],[214.9,84.4],[215.1,89.6],[217.1,93.4],[228.9,97.1],[235.4,92.9],[236.9,88.4],[235.9,86.1],[229.6,84.9],[221.4,78.6],[216.6,77.9],[210.1,73.1],[206.9,72.6]]]}},{"type":"Feature","properties":{"id":"LU_FOREST_CONIFER_0338","class":"forest_conifer","color":"#2f5234","area_m2":4797.0},"geometry":{"type":"Polygon","coordinates":[[[382.1,71.4],[380.9,74.4],[383.1,79.4],[383.1,82.6],[381.6,85.9],[379.4,87.4],[377.4,86.9],[375.9,84.4],[376.4,74.1],[373.4,72.1],[370.6,72.4],[368.6,74.1],[368.6,76.9],[372.6,80.4],[372.9,82.4],[366.6,89.1],[365.1,92.4],[365.6,96.1],[368.1,99.4],[372.4,102.6],[378.4,104.9],[383.1,103.9],[398.9,92.4],[408.1,90.9],[410.9,87.4],[410.4,85.1],[406.4,82.1],[395.1,83.6],[384.4,71.6],[382.1,71.4]]]}},{"type":"Feature","properties":{"id":"LU_FOREST_CONIFER_0339","class":"forest_conifer","color":"#2f5234","area_m2":1109.0},"geometry":{"type":"Polygon","coordinates":[[[1532.6,71.1],[1524.4,75.9],[1516.4,75.9],[1503.9,79.6],[1499.6,83.1],[1495.1,84.4],[1494.6,86.1],[1497.1,86.6],[1501.4,83.9],[1506.6,86.6],[1509.4,86.6],[1517.6,76.1],[1525.1,79.6],[1530.9,75.4],[1538.4,75.1],[1541.4,72.6],[1540.4,71.1],[1532.6,71.1]]]}},{"type":"Feature","properties":{"id":"LU_FOREST_CONIFER_0340","class":"forest_conifer","color":"#2f5234","area_m2":512.0},"geometry":{"type":"Polygon","coordinates":[[[238.9,68.1],[236.9,70.6],[237.9,74.1],[243.1,77.6],[244.6,82.4],[249.1,82.6],[250.1,80.6],[247.4,75.1],[238.9,68.1]]]}},{"type":"Feature","properties":{"id":"LU_FOREST_CONIFER_0341","class":"forest_conifer","color":"#2f5234","area_m2":1247.0},"geometry":{"type":"Polygon","coordinates":[[[19.4,68.1],[13.4,72.6],[13.4,75.4],[15.1,78.4],[18.4,79.9],[25.6,79.9],[33.6,83.9],[36.1,82.9],[36.1,80.9],[28.9,71.6],[23.1,68.6],[19.4,68.1]]]}},{"type":"Feature","properties":{"id":"LU_FOREST_CONIFER_0342","class":"forest_conifer","color":"#2f5234","area_m2":389.0},"geometry":{"type":"Polygon","coordinates":[[[910.4,67.1],[907.4,68.9],[904.4,74.1],[904.9,77.1],[908.1,76.9],[914.4,70.9],[914.9,68.6],[913.9,67.6],[910.4,67.1]]]}},{"type":"Feature","properties":{"id":"LU_FOREST_CONIFER_0343","class":"forest_conifer","color":"#2f5234","area_m2":1786.0},"geometry":{"type":"Polygon","coordinates":[[[56.4,58.6],[54.4,62.4],[56.6,71.1],[58.9,73.9],[69.4,76.9],[77.9,72.1],[80.4,64.9],[78.9,61.6],[71.6,61.4],[67.1,65.4],[65.1,65.6],[61.1,63.6],[58.9,59.9],[56.4,58.6]]]}},{"type":"Feature","properties":{"id":"LU_FOREST_CONIFER_0344","class":"forest_conifer","color":"#2f5234","area_m2":608.0},"geometry":{"type":"Polygon","coordinates":[[[872.6,57.4],[871.6,58.6],[873.4,64.4],[877.1,68.4],[881.9,69.1],[885.4,67.1],[884.1,61.9],[872.6,57.4]]]}},{"type":"Feature","properties":{"id":"LU_FOREST_CONIFER_0345","class":"forest_conifer","color":"#2f5234","area_m2":3145.0},"geometry":{"type":"Polygon","coordinates":[[[258.6,57.1],[255.6,59.1],[253.1,64.4],[255.6,81.4],[268.6,86.6],[279.6,87.4],[280.6,85.1],[278.4,73.1],[268.1,67.6],[263.9,63.1],[262.4,58.6],[258.6,57.1]]]}},{"type":"Feature","properties":{"id":"LU_FOREST_CONIFER_0346","class":"forest_conifer","color":"#2f5234","area_m2":619.0},"geometry":{"type":"Polygon","coordinates":[[[846.4,56.9],[844.1,60.4],[846.9,64.9],[851.4,66.9],[855.6,66.9],[860.4,64.4],[859.6,60.6],[853.4,60.1],[846.4,56.9]]]}},{"type":"Feature","properties":{"id":"LU_FOREST_CONIFER_0347","class":"forest_conifer","color":"#2f5234","area_m2":233.0},"geometry":{"type":"Polygon","coordinates":[[[984.4,56.1],[980.6,58.4],[981.1,60.9],[984.1,61.4],[991.1,58.9],[989.4,56.4],[984.4,56.1]]]}},{"type":"Feature","properties":{"id":"LU_FOREST_CONIFER_0348","class":"forest_conifer","color":"#2f5234","area_m2":907.0},"geometry":{"type":"Polygon","coordinates":[[[208.6,56.1],[206.6,58.1],[206.6,60.6],[216.1,64.9],[220.1,69.1],[227.9,63.1],[227.1,61.4],[220.1,57.6],[208.6,56.1]]]}},{"type":"Feature","properties":{"id":"LU_FOREST_CONIFER_0349","class":"forest_conifer","color":"#2f5234","area_m2":706.0},"geometry":{"type":"Polygon","coordinates":[[[1814.6,51.1],[1811.1,53.9],[1810.1,59.6],[1814.1,65.4],[1816.4,65.6],[1820.4,62.1],[1820.9,56.4],[1817.9,51.6],[1814.6,51.1]]]}},{"type":"Feature","properties":{"id":"LU_FOREST_CONIFER_0350","class":"forest_conifer","color":"#2f5234","area_m2":3663.0},"geometry":{"type":"Polygon","coordinates":[[[1744.4,48.6],[1734.6,53.1],[1727.6,53.1],[1728.4,54.9],[1732.1,55.4],[1735.6,58.1],[1739.1,73.4],[1738.9,80.4],[1733.1,85.9],[1729.9,95.4],[1726.1,97.1],[1724.4,99.6],[1725.9,104.6],[1732.4,110.4],[1735.6,108.4],[1736.4,101.9],[1739.6,97.4],[1746.9,76.6],[1745.9,67.6],[1743.4,61.4],[1748.4,55.9],[1748.9,52.6],[1746.1,48.9],[1744.4,48.6]]]}},{"type":"Feature","properties":{"id":"LU_FOREST_CONIFER_0351","class":"forest_conifer","color":"#2f5234","area_m2":1143.0},"geometry":{"type":"Polygon","coordinates":[[[356.6,44.1],[338.6,52.4],[339.1,56.9],[341.4,60.6],[343.4,61.1],[348.9,56.9],[359.4,51.9],[358.9,45.6],[356.6,44.1]]]}},{"type":"Feature","properties":{"id":"LU_FOREST_CONIFER_0352","class":"forest_conifer","color":"#2f5234","area_m2":34652.0},"geometry":{"type":"Polygon","coordinates":[[[1134.9,40.4],[1131.6,43.1],[1129.6,46.9],[1117.4,57.9],[1107.4,60.1],[1102.4,59.9],[1089.4,68.4],[1081.1,65.6],[1073.4,69.9],[1066.6,69.4],[1064.4,71.6],[1063.6,75.9],[1060.9,78.6],[1056.6,78.6],[1060.1,83.4],[1064.9,86.1],[1064.1,95.6],[1066.6,101.1],[1071.9,103.4],[1075.6,108.1],[1075.1,110.9],[1073.1,112.6],[1067.9,112.4],[1063.4,115.1],[1067.4,127.9],[1069.6,127.9],[1071.4,123.6],[1074.4,124.1],[1076.9,126.4],[1081.4,124.9],[1090.6,124.9],[1094.4,127.4],[1095.4,132.1],[1092.4,134.9],[1086.1,135.1],[1084.9,136.9],[1095.4,146.4],[1100.1,143.4],[1102.6,143.9],[1105.4,145.9],[1107.6,150.4],[1110.9,151.4],[1114.4,154.9],[1114.4,161.4],[1121.6,169.9],[1121.1,174.6],[1123.6,183.9],[1120.1,185.6],[1118.1,189.4],[1119.6,192.9],[1123.6,196.6],[1126.1,196.1],[1123.1,191.1],[1125.1,187.4],[1127.9,187.4],[1134.6,191.9],[1141.9,191.4],[1149.1,180.4],[1153.9,178.4],[1159.1,171.4],[1168.1,165.6],[1170.9,158.6],[1171.6,149.6],[1170.6,148.6],[1166.1,150.6],[1156.6,158.1],[1154.9,165.4],[1152.1,167.9],[1146.4,167.1],[1139.6,168.9],[1133.9,167.6],[1131.4,165.9],[1128.4,160.6],[1122.9,162.4],[1118.4,157.9],[1117.6,155.1],[1123.4,150.9],[1130.4,151.9],[1133.9,150.4],[1144.4,139.9],[1148.9,126.9],[1154.1,121.4],[1159.4,118.9],[1164.6,119.9],[1166.4,119.1],[1166.4,116.9],[1161.4,109.1],[1161.4,105.9],[1167.4,99.9],[1170.4,93.1],[1172.6,91.1],[1178.9,89.4],[1180.4,87.9],[1180.4,85.1],[1177.1,82.6],[1173.4,82.1],[1163.1,86.1],[1155.4,98.6],[1154.1,106.1],[1149.4,109.1],[1145.6,107.1],[1145.4,102.1],[1137.4,96.9],[1137.1,94.6],[1139.4,89.4],[1136.6,87.9],[1134.6,92.9],[1128.4,99.6],[1128.9,109.4],[1126.4,111.4],[1121.6,111.4],[1119.4,113.6],[1119.6,123.9],[1117.4,125.9],[1113.1,126.6],[1110.6,129.1],[1108.6,133.9],[1104.4,136.9],[1100.9,136.1],[1098.9,133.4],[1103.4,126.1],[1103.9,122.6],[1098.4,115.1],[1097.9,108.6],[1100.1,105.4],[1103.6,103.9],[1105.9,94.9],[1112.4,89.1],[1112.4,87.1],[1109.6,86.4],[1103.1,88.6],[1098.1,94.9],[1096.6,101.6],[1094.4,103.1],[1089.6,102.4],[1084.1,103.6],[1082.1,101.4],[1081.1,95.9],[1088.4,88.9],[1093.1,81.4],[1103.1,76.9],[1108.9,71.9],[1126.9,62.4],[1139.4,49.9],[1140.1,45.4],[1136.6,40.6],[1134.9,40.4]],[[1137.6,117.9],[1140.4,119.4],[1138.9,121.9],[1136.1,120.9],[1137.6,117.9]],[[1112.4,137.1],[1117.6,134.4],[1119.6,136.1],[1120.1,139.6],[1117.6,144.9],[1115.1,147.1],[1112.1,147.6],[1109.9,145.9],[1109.4,143.1],[1112.4,137.1]],[[1071.6,79.1],[1075.1,79.9],[1079.4,83.9],[1079.6,85.9],[1077.1,88.6],[1073.6,88.9],[1070.4,85.9],[1069.9,81.6],[1071.6,79.1]]]}},{"type":"Feature","properties":{"id":"LU_FOREST_CONIFER_0353","class":"forest_conifer","color":"#2f5234","area_m2":253.0},"geometry":{"type":"Polygon","coordinates":[[[1166.1,37.6],[1163.4,39.6],[1163.4,42.9],[1166.4,44.9],[1169.1,44.6],[1170.9,42.4],[1170.6,39.6],[1166.1,37.6]]]}},{"type":"Feature","properties":{"id":"LU_FOREST_CONIFER_0354","class":"forest_conifer","color":"#2f5234","area_m2":946.0},"geometry":{"type":"Polygon","coordinates":[[[62.9,34.6],[55.6,36.1],[47.4,34.6],[45.6,37.9],[50.6,43.6],[61.4,44.9],[65.4,41.9],[65.9,38.6],[62.9,34.6]]]}},{"type":"Feature","properties":{"id":"LU_FOREST_CONIFER_0355","class":"forest_conifer","color":"#2f5234","area_m2":7233.0},"geometry":{"type":"Polygon","coordinates":[[[312.4,34.1],[305.1,37.6],[301.6,41.1],[300.6,45.9],[291.9,53.6],[286.6,55.9],[282.4,55.6],[284.9,58.6],[297.9,58.1],[299.1,59.9],[297.9,64.9],[303.1,70.6],[300.9,76.6],[301.6,79.9],[305.9,83.4],[315.9,85.4],[317.6,87.4],[318.4,91.4],[320.4,92.6],[325.9,84.1],[326.6,80.9],[316.9,68.1],[316.1,64.6],[317.4,62.1],[323.4,57.1],[323.9,41.6],[318.9,34.6],[312.4,34.1]]]}},{"type":"Feature","properties":{"id":"LU_FOREST_CONIFER_0356","class":"forest_conifer","color":"#2f5234","area_m2":628.0},"geometry":{"type":"Polygon","coordinates":[[[1150.1,33.6],[1146.6,36.9],[1146.4,43.4],[1148.6,45.6],[1154.4,45.6],[1156.6,43.4],[1156.4,37.9],[1153.9,34.6],[1150.1,33.6]]]}},{"type":"Feature","properties":{"id":"LU_FOREST_CONIFER_0357","class":"forest_conifer","color":"#2f5234","area_m2":5542.0},"geometry":{"type":"Polygon","coordinates":[[[1020.9,33.1],[1016.6,38.1],[1015.6,44.1],[1010.6,51.1],[1010.1,54.6],[1012.6,60.9],[1017.6,65.1],[1019.6,69.9],[1025.1,76.4],[1024.6,80.1],[1019.1,86.9],[1018.6,89.6],[1020.4,90.9],[1025.6,90.9],[1033.9,86.4],[1034.9,78.1],[1040.4,73.9],[1043.1,68.9],[1048.9,66.4],[1052.1,61.6],[1047.9,55.6],[1043.6,54.1],[1041.1,56.6],[1040.6,64.9],[1037.6,67.6],[1034.1,66.6],[1031.4,63.1],[1028.9,53.9],[1023.4,47.9],[1023.9,35.6],[1022.6,33.4],[1020.9,33.1]]]}},{"type":"Feature","properties":{"id":"LU_FOREST_CONIFER_0358","class":"forest_conifer","color":"#2f5234","area_m2":518.0},"geometry":{"type":"Polygon","coordinates":[[[183.9,30.4],[181.6,32.1],[181.4,34.4],[184.9,38.4],[191.6,37.9],[195.4,34.9],[193.4,31.4],[183.9,30.4]]]}},{"type":"Feature","properties":{"id":"LU_FOREST_CONIFER_0359","class":"forest_conifer","color":"#2f5234","area_m2":20930.0},"geometry":{"type":"Polygon","coordinates":[[[1634.4,28.9],[1628.6,33.1],[1623.9,39.6],[1621.9,39.4],[1615.1,32.6],[1608.6,33.4],[1607.1,35.6],[1606.6,45.1],[1602.9,50.4],[1601.1,50.1],[1597.9,46.1],[1595.1,45.6],[1583.1,56.9],[1580.6,55.4],[1583.1,50.6],[1582.4,48.1],[1578.6,44.9],[1573.1,44.9],[1567.4,48.6],[1567.1,59.1],[1573.6,66.6],[1582.4,67.9],[1588.6,65.1],[1591.4,65.1],[1596.9,70.6],[1603.6,69.9],[1608.6,71.9],[1613.4,71.1],[1619.9,74.4],[1624.9,79.9],[1632.1,81.6],[1634.9,78.4],[1633.4,73.1],[1630.4,70.4],[1625.1,69.6],[1614.9,62.4],[1613.9,59.6],[1626.1,46.4],[1634.4,43.1],[1638.6,42.9],[1645.9,46.4],[1653.1,54.1],[1653.4,64.4],[1660.1,74.4],[1668.4,79.1],[1673.4,78.9],[1678.9,81.4],[1681.9,84.6],[1682.6,92.9],[1689.9,97.9],[1698.6,101.9],[1701.9,98.4],[1701.6,93.6],[1709.4,80.1],[1711.4,72.4],[1709.4,71.1],[1701.1,70.6],[1698.1,74.6],[1698.9,81.1],[1695.9,82.9],[1690.1,77.6],[1677.1,72.6],[1674.9,70.1],[1674.4,67.4],[1676.6,65.1],[1686.4,61.9],[1698.6,63.4],[1702.6,57.4],[1702.4,54.1],[1690.4,46.4],[1687.4,42.6],[1681.4,41.4],[1679.1,43.1],[1680.1,48.1],[1672.9,54.6],[1669.6,54.9],[1666.4,52.9],[1660.1,52.9],[1658.6,51.1],[1660.9,45.4],[1659.1,38.9],[1653.4,35.4],[1646.6,35.9],[1634.4,28.9]]]}},{"type":"Feature","properties":{"id":"LU_FOREST_CONIFER_0360","class":"forest_conifer","color":"#2f5234","area_m2":546.0},"geometry":{"type":"Polygon","coordinates":[[[480.9,28.4],[475.9,35.1],[468.9,38.9],[468.6,40.6],[470.1,42.4],[474.4,42.6],[479.1,37.4],[483.1,35.1],[483.9,31.4],[482.9,29.1],[480.9,28.4]]]}},{"type":"Feature","properties":{"id":"LU_FOREST_CONIFER_0361","class":"forest_conifer","color":"#2f5234","area_m2":2922.0},"geometry":{"type":"Polygon","coordinates":[[[1181.6,27.1],[1179.6,28.4],[1180.4,34.6],[1175.4,41.6],[1176.6,46.9],[1179.9,49.9],[1188.1,53.1],[1196.1,53.4],[1199.9,55.4],[1204.9,60.9],[1208.1,62.4],[1210.9,61.9],[1212.4,58.1],[1208.4,52.1],[1204.9,48.6],[1197.1,44.1],[1190.1,41.6],[1186.9,37.4],[1187.4,30.1],[1184.9,27.6],[1181.6,27.1]]]}},{"type":"Feature","properties":{"id":"LU_FOREST_CONIFER_0362","class":"forest_conifer","color":"#2f5234","area_m2":650.0},"geometry":{"type":"Polygon","coordinates":[[[1349.4,26.9],[1345.1,29.6],[1338.1,30.6],[1336.6,32.4],[1337.6,35.9],[1341.6,38.4],[1345.9,34.9],[1355.1,30.9],[1354.1,28.1],[1349.4,26.9]]]}},{"type":"Feature","properties":{"id":"LU_FOREST_CONIFER_0363","class":"forest_conifer","color":"#2f5234","area_m2":262.0},"geometry":{"type":"Polygon","coordinates":[[[95.9,19.4],[91.6,26.1],[93.4,29.4],[96.9,27.9],[98.6,23.6],[98.4,20.4],[95.9,19.4]]]}},{"type":"Feature","properties":{"id":"LU_FOREST_CONIFER_0364","class":"forest_conifer","color":"#2f5234","area_m2":9422.0},"geometry":{"type":"Polygon","coordinates":[[[160.4,10.6],[157.1,14.6],[159.9,22.6],[159.6,25.1],[157.1,27.6],[149.4,28.1],[146.1,29.6],[144.6,31.9],[145.1,37.6],[142.9,41.1],[139.6,40.9],[137.4,37.9],[137.6,35.9],[141.4,31.6],[141.1,29.9],[136.1,26.6],[129.9,19.6],[126.6,19.1],[124.4,20.6],[120.6,29.1],[122.6,37.9],[114.6,46.1],[113.9,49.4],[111.4,51.4],[108.1,50.6],[105.1,47.4],[104.9,40.6],[101.9,38.9],[96.6,49.6],[105.6,57.1],[107.6,62.4],[113.4,62.9],[129.9,53.4],[135.6,52.9],[140.4,54.1],[145.1,51.9],[148.6,48.4],[149.9,40.9],[152.9,38.4],[158.6,38.9],[163.6,40.9],[165.6,40.4],[166.6,37.6],[165.4,32.1],[170.9,27.4],[180.9,26.4],[182.6,22.9],[180.9,20.6],[175.1,17.6],[167.6,16.9],[162.9,11.1],[160.4,10.6]]]}},{"type":"Feature","properties":{"id":"LU_FOREST_CONIFER_0365","class":"forest_conifer","color":"#2f5234","area_m2":1638.0},"geometry":{"type":"Polygon","coordinates":[[[1748.6,6.4],[1740.9,8.4],[1739.1,10.9],[1744.9,16.6],[1744.9,28.1],[1752.4,30.6],[1757.1,28.4],[1756.9,18.4],[1752.4,11.9],[1750.9,7.1],[1748.6,6.4]]]}},{"type":"Feature","properties":{"id":"LU_FOREST_CONIFER_0366","class":"forest_conifer","color":"#2f5234","area_m2":1597.0},"geometry":{"type":"Polygon","coordinates":[[[984.9,6.4],[982.4,8.6],[982.1,16.4],[987.6,23.4],[985.4,27.6],[985.4,30.4],[991.9,35.9],[994.6,36.4],[996.6,32.6],[996.9,27.4],[990.9,19.4],[993.4,9.4],[991.4,7.4],[984.9,6.4]]]}},{"type":"Feature","properties":{"id":"LU_FOREST_CONIFER_0367","class":"forest_conifer","color":"#2f5234","area_m2":1161.0},"geometry":{"type":"Polygon","coordinates":[[[1613.6,6.1],[1608.9,8.9],[1603.1,9.6],[1602.1,11.9],[1603.4,15.4],[1605.6,16.9],[1610.4,15.9],[1619.6,15.9],[1626.6,17.6],[1628.9,16.9],[1628.9,13.4],[1613.6,6.1]]]}},{"type":"Feature","properties":{"id":"LU_FOREST_CONIFER_0368","class":"forest_conifer","color":"#2f5234","area_m2":68074.0},"geometry":{"type":"Polygon","coordinates":[[[1755.1,0.1],[1759.6,11.9],[1762.1,14.4],[1767.4,15.1],[1769.1,16.9],[1768.9,18.6],[1764.1,21.6],[1758.1,28.4],[1760.6,36.6],[1762.9,37.4],[1769.1,34.9],[1770.6,33.4],[1771.4,29.1],[1774.9,27.4],[1782.1,32.4],[1789.1,34.9],[1791.6,37.9],[1792.1,43.4],[1790.4,46.6],[1789.9,51.4],[1784.1,55.9],[1780.1,65.1],[1772.1,76.9],[1771.6,79.6],[1776.1,89.9],[1791.1,96.9],[1799.6,104.6],[1801.9,104.4],[1805.6,101.1],[1814.1,98.4],[1821.1,99.4],[1826.9,96.4],[1831.1,92.4],[1834.4,91.4],[1836.4,87.9],[1835.4,84.1],[1831.9,80.6],[1829.6,80.1],[1826.6,82.1],[1823.6,87.4],[1817.1,92.4],[1809.6,91.1],[1802.6,94.1],[1794.4,86.9],[1789.9,80.6],[1786.1,79.6],[1784.4,77.6],[1784.9,74.9],[1788.9,70.9],[1800.9,68.9],[1806.4,64.6],[1805.9,61.9],[1801.4,56.1],[1801.1,53.6],[1803.4,49.1],[1808.1,44.1],[1808.4,42.1],[1805.9,38.6],[1799.6,34.1],[1798.9,31.1],[1809.6,26.1],[1815.4,27.9],[1818.9,27.4],[1821.6,23.4],[1821.1,16.6],[1824.4,13.4],[1827.9,14.4],[1836.9,21.4],[1841.1,26.4],[1848.1,28.1],[1850.1,30.6],[1851.1,37.4],[1849.1,39.9],[1846.6,38.6],[1841.1,31.1],[1837.9,30.4],[1835.4,32.9],[1841.6,45.9],[1847.9,50.4],[1853.1,56.6],[1851.1,59.6],[1842.1,61.6],[1835.9,70.4],[1836.6,74.9],[1840.1,78.4],[1843.6,79.9],[1857.6,71.9],[1869.6,73.9],[1873.6,76.6],[1879.4,77.9],[1889.4,76.9],[1895.4,77.9],[1908.1,77.4],[1916.9,72.1],[1920.1,63.6],[1916.6,61.1],[1916.1,58.9],[1921.9,52.6],[1924.6,53.6],[1922.6,59.1],[1923.4,60.6],[1940.4,45.9],[1942.6,41.1],[1951.1,37.9],[1956.9,33.9],[1965.1,32.9],[1966.9,34.1],[1966.6,37.4],[1962.6,41.6],[1958.4,41.6],[1955.9,46.1],[1951.4,45.6],[1947.6,50.9],[1946.6,54.9],[1942.1,57.6],[1936.9,62.9],[1936.4,65.1],[1939.6,67.6],[1948.6,65.9],[1958.9,61.4],[1963.6,57.1],[1971.4,56.1],[1976.1,62.4],[1975.6,66.1],[1972.1,70.9],[1972.6,77.1],[1975.9,80.9],[1981.6,81.9],[1988.6,77.1],[1983.9,71.1],[1982.9,65.6],[1989.6,59.1],[1985.9,51.6],[1985.9,46.4],[1981.9,33.4],[1983.4,30.4],[1984.9,30.1],[1986.6,31.9],[1993.6,45.9],[1996.6,48.6],[1999.9,48.9],[1999.9,3.1],[1996.1,2.6],[1994.4,0.1],[1978.1,0.1],[1980.1,3.4],[1985.6,5.6],[1987.6,7.9],[1987.9,11.4],[1984.1,14.9],[1979.4,12.9],[1974.1,4.6],[1966.6,5.9],[1960.9,3.1],[1958.9,0.1],[1947.1,0.1],[1954.1,9.4],[1954.1,12.6],[1951.9,16.1],[1948.6,16.9],[1943.4,14.4],[1940.6,14.4],[1938.4,16.9],[1938.6,22.6],[1935.6,24.1],[1928.1,20.6],[1920.9,13.6],[1915.6,13.4],[1913.9,17.4],[1918.1,22.9],[1918.6,25.6],[1915.4,28.1],[1901.1,28.6],[1891.4,17.6],[1889.6,17.4],[1884.6,21.9],[1884.1,34.1],[1881.9,36.1],[1878.1,34.6],[1876.4,31.9],[1877.9,23.6],[1868.6,17.1],[1870.4,9.1],[1865.4,3.9],[1863.9,0.1],[1853.1,0.1],[1851.6,5.9],[1845.6,10.1],[1833.1,9.6],[1829.4,5.1],[1828.9,0.1],[1809.1,0.1],[1809.6,4.1],[1813.9,11.6],[1811.6,15.6],[1801.6,9.1],[1793.6,11.1],[1790.1,10.6],[1784.9,4.1],[1783.9,0.1],[1773.6,0.1],[1772.1,2.1],[1770.4,1.9],[1769.4,0.1],[1755.1,0.1]],[[1972.1,32.6],[1975.1,32.9],[1977.4,35.4],[1977.6,37.6],[1975.4,39.9],[1972.6,39.9],[1970.1,37.4],[1970.1,34.6],[1972.1,32.6]],[[1961.1,16.4],[1963.1,16.1],[1965.1,17.9],[1969.1,23.9],[1968.6,25.4],[1967.1,25.4],[1960.9,18.9],[1961.1,16.4]],[[1930.1,40.9],[1932.9,39.9],[1934.6,42.1],[1933.1,44.9],[1930.1,43.1],[1930.1,40.9]],[[1892.4,35.1],[1895.9,36.9],[1895.1,43.4],[1896.1,46.1],[1902.6,52.9],[1903.1,59.6],[1905.6,65.1],[1905.4,67.1],[1903.6,68.4],[1897.6,66.1],[1889.9,65.6],[1882.1,60.1],[1882.4,58.4],[1884.6,56.9],[1893.1,61.4],[1895.1,61.1],[1897.6,58.4],[1896.4,53.1],[1890.6,50.9],[1888.9,48.4],[1889.1,37.6],[1892.4,35.1]],[[1869.6,43.4],[1871.9,43.4],[1874.9,46.6],[1874.9,49.4],[1872.6,51.6],[1869.9,51.1],[1867.4,48.1],[1867.4,45.1],[1869.6,43.4]],[[1866.6,32.4],[1869.1,32.4],[1871.9,34.9],[1871.6,36.9],[1867.4,39.9],[1865.1,39.6],[1863.4,37.6],[1863.9,34.9],[1866.6,32.4]],[[1851.4,14.4],[1855.9,13.4],[1857.9,15.9],[1857.6,18.1],[1854.9,20.6],[1852.9,20.4],[1850.9,17.4],[1851.4,14.4]]]}},{"type":"Feature","properties":{"id":"LU_FOREST_CONIFER_0369","class":"forest_conifer","color":"#2f5234","area_m2":4486.0},"geometry":{"type":"Polygon","coordinates":[[[1673.1,0.1],[1672.1,5.9],[1669.4,10.9],[1671.1,14.4],[1681.1,19.4],[1683.1,19.1],[1686.9,15.6],[1690.1,20.4],[1694.9,22.6],[1697.1,27.4],[1704.9,25.6],[1704.4,30.1],[1705.9,31.9],[1715.9,36.4],[1725.9,45.1],[1728.1,44.4],[1728.9,40.4],[1726.1,35.4],[1723.1,33.6],[1718.4,33.6],[1713.4,22.1],[1708.1,18.6],[1704.4,13.6],[1702.6,13.1],[1696.6,15.1],[1692.4,11.9],[1691.9,7.4],[1694.9,0.1],[1688.1,0.1],[1687.6,5.1],[1683.6,9.4],[1680.4,6.9],[1681.9,0.1],[1673.1,0.1]]]}},{"type":"Feature","properties":{"id":"LU_FOREST_CONIFER_0370","class":"forest_conifer","color":"#2f5234","area_m2":265.0},"geometry":{"type":"Polygon","coordinates":[[[1637.1,0.1],[1639.1,3.4],[1643.1,3.4],[1646.9,5.9],[1649.1,5.9],[1647.9,0.1],[1637.1,0.1]]]}},{"type":"Feature","properties":{"id":"LU_FOREST_CONIFER_0371","class":"forest_conifer","color":"#2f5234","area_m2":343.0},"geometry":{"type":"Polygon","coordinates":[[[1580.1,0.1],[1579.6,3.6],[1582.9,6.6],[1593.1,1.6],[1597.6,0.9],[1580.1,0.1]]]}},{"type":"Feature","properties":{"id":"LU_FOREST_CONIFER_0372","class":"forest_conifer","color":"#2f5234","area_m2":398.0},"geometry":{"type":"Polygon","coordinates":[[[1412.1,0.1],[1412.4,4.4],[1415.6,7.6],[1418.9,7.4],[1422.6,3.4],[1422.9,0.1],[1412.1,0.1]]]}},{"type":"Feature","properties":{"id":"LU_FOREST_CONIFER_0373","class":"forest_conifer","color":"#2f5234","area_m2":36927.0},"geometry":{"type":"Polygon","coordinates":[[[1393.1,0.1],[1392.1,5.4],[1395.9,11.9],[1393.4,13.9],[1388.9,13.4],[1387.6,14.4],[1384.4,28.4],[1385.9,30.6],[1389.4,31.9],[1400.1,31.4],[1410.9,39.4],[1413.4,42.6],[1413.4,44.9],[1409.9,53.4],[1406.4,56.9],[1396.6,58.1],[1387.6,57.4],[1375.4,62.1],[1373.1,61.6],[1370.4,58.9],[1369.4,54.6],[1367.4,53.9],[1365.1,56.6],[1366.9,63.9],[1364.9,64.6],[1362.1,61.9],[1361.1,66.6],[1362.9,69.6],[1371.6,74.6],[1374.4,74.9],[1378.6,72.9],[1382.9,73.4],[1394.1,85.4],[1397.4,86.9],[1404.9,86.6],[1408.4,88.4],[1410.6,88.1],[1412.6,86.4],[1413.9,78.6],[1419.4,75.9],[1425.1,75.4],[1429.4,71.9],[1429.4,69.1],[1427.9,67.6],[1421.1,65.6],[1419.4,62.1],[1423.9,51.1],[1426.4,50.9],[1431.1,54.4],[1433.4,53.6],[1434.9,45.6],[1436.9,43.1],[1443.6,43.9],[1448.1,41.4],[1450.9,41.4],[1458.6,47.1],[1469.9,63.4],[1477.4,64.9],[1481.4,63.6],[1481.4,61.1],[1476.9,55.4],[1477.1,51.6],[1479.4,49.9],[1487.1,63.6],[1502.1,64.9],[1504.6,61.6],[1506.4,54.1],[1516.1,46.4],[1528.4,41.1],[1536.1,40.4],[1538.6,38.4],[1538.4,32.9],[1535.4,27.1],[1532.1,23.9],[1530.4,23.6],[1524.4,27.6],[1513.6,18.6],[1506.6,21.1],[1503.1,24.9],[1502.4,29.4],[1506.6,32.6],[1513.4,29.9],[1518.1,30.4],[1520.9,32.9],[1520.1,36.1],[1517.1,38.6],[1511.6,38.9],[1506.4,40.9],[1503.9,40.6],[1499.4,37.4],[1495.1,37.6],[1492.6,40.1],[1491.9,43.1],[1492.6,46.9],[1497.4,51.4],[1495.1,54.1],[1488.9,52.1],[1483.4,47.9],[1479.4,48.4],[1475.4,45.4],[1471.1,44.6],[1461.4,34.9],[1459.9,31.6],[1461.1,27.9],[1469.6,23.9],[1477.4,24.4],[1479.6,21.4],[1480.4,17.1],[1488.9,11.4],[1502.9,9.4],[1509.4,13.1],[1512.1,13.1],[1513.9,9.6],[1509.9,0.1],[1483.1,0.1],[1482.6,1.9],[1478.4,5.1],[1475.1,4.6],[1472.9,0.1],[1434.1,0.1],[1437.6,4.6],[1444.9,5.4],[1454.6,15.1],[1454.4,18.1],[1451.1,19.6],[1442.1,13.6],[1430.4,10.1],[1427.1,11.6],[1422.6,18.9],[1418.6,21.1],[1413.1,20.6],[1402.4,7.9],[1402.9,0.1],[1393.1,0.1]],[[1465.6,5.4],[1467.1,5.1],[1469.1,6.9],[1467.1,9.9],[1463.9,8.1],[1465.6,5.4]],[[1436.6,25.1],[1439.1,25.9],[1438.1,28.1],[1435.9,27.1],[1436.6,25.1]],[[1419.1,30.6],[1422.1,30.9],[1424.6,33.9],[1424.9,36.1],[1422.6,38.6],[1420.9,38.4],[1418.4,35.1],[1417.9,32.6],[1419.1,30.6]],[[1411.9,63.6],[1413.4,64.1],[1412.4,65.4],[1411.4,64.6],[1411.9,63.6]]]}},{"type":"Feature","properties":{"id":"LU_FOREST_CONIFER_0374","class":"forest_conifer","color":"#2f5234","area_m2":2005.0},"geometry":{"type":"Polygon","coordinates":[[[1339.1,0.1],[1341.1,4.4],[1349.9,5.4],[1353.6,9.1],[1357.6,14.4],[1356.1,19.6],[1356.6,22.1],[1360.1,27.4],[1362.6,27.4],[1364.1,22.9],[1361.4,13.4],[1364.4,12.1],[1369.1,15.1],[1370.9,13.9],[1370.4,11.1],[1364.9,5.1],[1363.9,0.1],[1339.1,0.1]]]}},{"type":"Feature","properties":{"id":"LU_FOREST_CONIFER_0375","class":"forest_conifer","color":"#2f5234","area_m2":2894.0},"geometry":{"type":"Polygon","coordinates":[[[1267.1,0.1],[1268.6,3.9],[1272.6,6.6],[1281.4,4.1],[1288.1,6.9],[1291.1,9.9],[1292.6,14.9],[1300.9,21.6],[1304.4,19.9],[1307.4,12.1],[1317.9,0.1],[1307.1,0.1],[1304.4,3.1],[1300.6,2.9],[1298.4,0.1],[1267.1,0.1]]]}},{"type":"Feature","properties":{"id":"LU_FOREST_CONIFER_0376","class":"forest_conifer","color":"#2f5234","area_m2":24998.0},"geometry":{"type":"Polygon","coordinates":[[[1240.6,0.1],[1243.6,5.9],[1253.6,13.1],[1255.1,19.4],[1253.1,21.9],[1247.4,20.1],[1243.9,21.1],[1241.4,23.6],[1240.6,28.9],[1237.4,31.1],[1235.4,30.6],[1233.4,27.9],[1233.6,25.9],[1238.9,19.4],[1238.4,16.9],[1236.1,14.6],[1225.6,16.9],[1200.4,4.1],[1198.1,4.6],[1195.4,7.6],[1195.6,9.9],[1206.1,21.4],[1215.1,23.4],[1219.1,26.9],[1222.9,38.1],[1216.1,44.9],[1216.1,49.1],[1217.9,50.6],[1219.9,50.4],[1225.1,45.4],[1227.4,45.1],[1235.6,50.4],[1235.1,53.1],[1232.1,55.6],[1223.9,55.4],[1221.6,57.1],[1221.4,62.4],[1224.1,65.4],[1230.6,65.9],[1238.6,71.6],[1254.6,75.4],[1256.4,72.1],[1254.1,67.9],[1246.9,66.6],[1243.9,64.1],[1242.9,60.6],[1245.1,57.4],[1249.6,56.9],[1263.4,60.9],[1273.1,59.6],[1277.9,61.4],[1281.9,65.6],[1281.9,68.4],[1278.9,72.1],[1279.1,73.9],[1285.4,76.9],[1290.1,76.4],[1292.4,72.4],[1290.1,67.4],[1291.4,61.4],[1289.9,59.6],[1281.4,59.1],[1272.4,56.4],[1270.4,54.1],[1269.4,48.1],[1265.4,45.1],[1259.6,45.4],[1253.9,50.6],[1250.6,50.9],[1246.9,45.6],[1246.9,38.4],[1249.9,34.9],[1254.4,35.9],[1260.4,34.9],[1273.6,35.9],[1276.9,37.4],[1282.1,44.4],[1284.1,44.6],[1289.9,37.6],[1291.6,37.4],[1296.9,39.4],[1304.6,38.9],[1316.1,42.9],[1330.1,56.9],[1330.4,60.1],[1327.6,61.4],[1314.1,52.6],[1308.9,53.1],[1305.1,56.9],[1304.1,62.4],[1309.6,70.4],[1317.9,71.1],[1330.4,67.9],[1339.9,72.4],[1345.4,77.1],[1348.4,76.1],[1348.9,73.9],[1346.1,71.4],[1342.9,64.4],[1342.6,60.1],[1344.6,56.4],[1343.9,53.1],[1331.1,47.6],[1324.4,41.9],[1320.9,36.6],[1309.1,32.6],[1303.1,26.4],[1297.6,28.1],[1283.6,27.9],[1281.1,25.4],[1280.9,19.6],[1279.6,17.6],[1271.4,18.4],[1265.6,11.9],[1258.1,9.1],[1255.9,5.6],[1255.9,0.1],[1240.6,0.1]]]}},{"type":"Feature","properties":{"id":"LU_FOREST_CONIFER_0377","class":"forest_conifer","color":"#2f5234","area_m2":337.0},"geometry":{"type":"Polygon","coordinates":[[[1179.1,0.1],[1182.1,4.4],[1189.6,7.6],[1192.1,6.9],[1187.9,0.1],[1179.1,0.1]]]}},{"type":"Feature","properties":{"id":"LU_FOREST_CONIFER_0378","class":"forest_conifer","color":"#2f5234","area_m2":9927.0},"geometry":{"type":"Polygon","coordinates":[[[1045.1,0.1],[1044.1,8.9],[1041.4,10.9],[1036.4,10.6],[1034.1,14.1],[1031.1,23.4],[1030.6,36.9],[1034.9,43.4],[1044.6,45.9],[1050.9,50.6],[1055.1,49.4],[1055.9,51.1],[1054.1,56.6],[1056.6,63.6],[1058.6,64.4],[1060.9,54.9],[1068.1,48.6],[1068.9,42.1],[1070.9,40.4],[1079.9,38.4],[1081.4,36.6],[1080.4,29.1],[1082.6,27.1],[1087.9,26.4],[1098.1,14.4],[1095.1,11.1],[1091.1,10.6],[1078.1,18.6],[1074.9,22.6],[1068.4,26.4],[1065.4,24.6],[1066.9,19.4],[1066.4,16.9],[1063.9,14.6],[1061.4,14.9],[1058.6,17.1],[1055.9,22.6],[1047.9,25.6],[1044.6,28.1],[1043.1,31.6],[1044.1,36.1],[1041.6,38.4],[1039.6,36.6],[1038.6,31.6],[1035.4,27.1],[1035.4,22.1],[1057.9,6.4],[1061.9,0.4],[1045.1,0.1]]]}},{"type":"Feature","properties":{"id":"LU_FOREST_CONIFER_0379","class":"forest_conifer","color":"#2f5234","area_m2":275.0},"geometry":{"type":"Polygon","coordinates":[[[1005.1,0.1],[1005.6,5.1],[1007.6,8.9],[1009.9,10.4],[1011.4,8.9],[1009.9,0.1],[1005.1,0.1]]]}},{"type":"Feature","properties":{"id":"LU_FOREST_CONIFER_0380","class":"forest_conifer","color":"#2f5234","area_m2":2821.0},"geometry":{"type":"Polygon","coordinates":[[[907.4,0.1],[914.6,6.1],[917.1,11.4],[917.1,17.6],[914.4,22.6],[914.6,25.9],[919.1,30.4],[923.1,30.1],[926.4,24.1],[937.4,13.9],[937.9,9.4],[936.9,6.9],[932.4,3.1],[922.6,6.1],[919.4,3.9],[918.9,0.1],[907.4,0.1]]]}},{"type":"Feature","properties":{"id":"LU_FOREST_CONIFER_0381","class":"forest_conifer","color":"#2f5234","area_m2":27170.0},"geometry":{"type":"Polygon","coordinates":[[[793.1,0.1],[792.4,5.4],[794.1,9.1],[797.1,12.4],[805.6,17.1],[809.4,28.4],[811.4,30.1],[817.4,28.9],[825.6,34.6],[836.6,34.9],[846.4,37.1],[850.6,41.6],[855.6,42.1],[862.1,44.9],[866.6,49.6],[874.9,48.1],[877.1,55.4],[888.1,58.4],[895.4,61.9],[903.9,61.4],[913.6,63.9],[918.6,60.1],[925.4,60.1],[928.9,66.4],[929.1,71.9],[931.6,73.6],[935.4,71.9],[937.9,66.6],[942.6,65.9],[947.6,69.1],[950.4,74.4],[958.1,76.9],[962.1,80.4],[965.4,80.9],[967.6,78.4],[966.9,73.9],[961.4,66.1],[953.1,61.6],[948.9,56.6],[943.1,53.6],[941.1,50.4],[941.9,46.9],[943.9,45.1],[945.6,45.4],[951.9,51.4],[954.4,51.9],[956.6,50.4],[957.9,45.9],[964.6,38.4],[963.4,31.9],[960.6,28.6],[957.1,29.6],[948.9,39.6],[945.4,41.1],[943.1,40.6],[939.9,36.6],[936.4,35.1],[924.4,41.1],[917.9,38.4],[916.1,40.4],[914.6,48.9],[912.4,50.9],[908.1,51.6],[904.6,56.6],[902.6,56.9],[896.1,51.1],[899.6,46.4],[899.9,43.4],[898.4,40.1],[890.4,33.1],[891.4,23.4],[890.1,21.9],[884.4,22.1],[878.9,24.9],[878.1,28.6],[879.1,32.4],[877.6,34.6],[874.6,34.9],[871.1,31.4],[868.9,21.6],[870.4,18.1],[879.4,8.1],[879.9,5.6],[877.9,0.1],[872.1,0.1],[871.6,4.1],[869.9,6.6],[858.4,10.9],[854.1,9.6],[844.4,0.1],[824.1,0.1],[824.6,3.1],[829.1,10.4],[828.9,16.1],[826.4,18.1],[822.9,17.1],[811.1,9.6],[808.4,6.1],[807.9,0.1],[793.1,0.1]],[[890.1,46.6],[892.4,47.6],[891.9,49.4],[889.4,48.6],[890.1,46.6]],[[854.9,21.6],[857.1,21.6],[857.9,24.6],[853.1,26.6],[849.9,31.4],[848.1,31.4],[846.9,29.4],[847.9,26.1],[854.9,21.6]]]}},{"type":"Feature","properties":{"id":"LU_FOREST_CONIFER_0382","class":"forest_conifer","color":"#2f5234","area_m2":463.0},"geometry":{"type":"Polygon","coordinates":[[[639.1,0.1],[642.1,4.4],[648.9,8.9],[651.6,9.9],[653.4,9.1],[653.1,6.9],[648.4,0.1],[639.1,0.1]]]}},{"type":"Feature","properties":{"id":"LU_FOREST_CONIFER_0383","class":"forest_conifer","color":"#2f5234","area_m2":313.0},"geometry":{"type":"Polygon","coordinates":[[[565.1,0.1],[566.6,3.9],[570.6,6.9],[572.9,6.4],[575.9,1.6],[575.9,0.1],[565.1,0.1]]]}},{"type":"Feature","properties":{"id":"LU_FOREST_CONIFER_0384","class":"forest_conifer","color":"#2f5234","area_m2":123555.0},"geometry":{"type":"Polygon","coordinates":[[[539.1,0.1],[542.4,6.1],[547.9,10.9],[556.9,15.4],[565.1,22.6],[565.4,24.1],[563.9,25.9],[556.9,24.1],[547.4,14.4],[539.6,16.4],[537.6,18.1],[537.4,20.4],[539.1,23.4],[547.1,26.9],[554.6,33.6],[573.9,39.4],[582.1,50.9],[586.6,64.1],[590.1,69.4],[605.4,77.9],[618.6,76.9],[623.6,74.1],[626.4,74.1],[632.6,80.1],[633.4,87.4],[636.4,90.4],[654.4,85.9],[657.1,87.6],[659.1,92.4],[663.4,92.9],[666.4,90.9],[669.1,84.9],[672.4,84.1],[686.1,92.1],[689.9,84.6],[689.9,76.4],[692.9,67.6],[693.1,60.6],[697.6,56.9],[711.1,60.9],[725.6,74.1],[727.1,77.4],[727.4,83.4],[731.1,87.9],[731.4,91.1],[727.9,94.6],[718.1,99.6],[714.1,103.9],[709.4,102.9],[706.1,103.6],[703.1,108.6],[705.1,114.4],[704.6,118.9],[697.1,122.6],[693.9,126.1],[686.6,125.4],[680.4,127.1],[677.1,126.1],[674.9,122.4],[675.4,114.1],[664.1,104.6],[659.1,105.6],[656.1,110.4],[656.6,113.9],[662.1,119.9],[665.6,128.9],[667.6,130.6],[673.1,131.9],[682.9,139.4],[693.1,151.9],[699.6,164.9],[709.6,172.6],[716.4,172.6],[718.9,169.4],[717.4,163.1],[709.1,157.4],[708.9,148.4],[709.9,146.1],[714.6,143.1],[719.9,136.9],[725.1,136.4],[727.6,138.9],[728.1,143.6],[726.9,148.4],[722.9,151.1],[722.9,153.1],[736.6,158.6],[740.1,157.9],[747.4,152.9],[747.9,142.9],[747.1,141.4],[744.6,140.9],[742.4,141.9],[738.9,146.4],[737.1,146.4],[735.9,144.4],[736.4,138.1],[733.9,133.4],[734.4,131.1],[743.9,123.4],[749.6,123.4],[758.6,120.9],[762.6,117.4],[762.9,113.4],[760.9,110.1],[755.6,108.9],[750.9,102.6],[744.1,99.4],[740.6,101.1],[740.1,107.6],[737.9,111.1],[734.6,111.9],[731.6,109.6],[729.9,105.4],[730.4,102.9],[735.4,94.1],[738.6,91.9],[749.1,93.4],[756.4,98.9],[762.4,97.9],[772.4,98.9],[778.4,95.9],[782.6,95.9],[784.9,96.9],[789.1,102.4],[793.1,103.4],[799.6,107.6],[807.4,104.9],[815.4,103.9],[819.6,103.9],[825.1,105.9],[842.9,122.1],[855.1,137.4],[858.4,138.9],[865.6,137.9],[869.6,140.1],[874.1,151.4],[874.1,155.4],[871.4,159.6],[871.4,162.4],[875.6,168.9],[876.6,174.1],[878.9,176.4],[886.4,176.1],[889.9,167.1],[896.4,162.9],[896.9,159.4],[893.9,152.6],[895.4,148.1],[899.1,148.6],[904.9,155.6],[918.6,155.4],[920.4,153.1],[918.9,145.1],[915.1,137.9],[922.4,129.9],[922.9,126.4],[920.4,121.1],[917.1,117.9],[914.9,117.9],[908.4,124.9],[900.6,125.1],[898.6,126.4],[898.6,128.9],[900.1,130.4],[908.6,134.4],[908.6,136.1],[907.1,137.1],[898.1,136.1],[894.4,129.1],[884.9,121.1],[884.4,115.9],[892.1,105.4],[891.6,99.4],[888.9,94.6],[884.4,94.1],[881.9,95.1],[868.4,105.4],[865.1,104.6],[860.1,100.6],[855.9,101.1],[854.1,104.4],[856.9,111.1],[854.1,112.6],[846.1,106.4],[846.1,103.6],[850.4,98.9],[850.6,96.6],[849.4,93.1],[845.9,89.6],[841.9,88.6],[834.6,84.1],[824.6,84.1],[822.4,82.6],[822.4,80.1],[826.4,75.9],[828.9,70.6],[828.6,65.6],[826.9,63.6],[819.1,63.6],[817.4,65.6],[815.6,74.1],[813.4,76.9],[810.6,77.4],[807.4,74.9],[801.6,67.4],[805.4,61.1],[805.4,57.1],[800.4,54.1],[792.9,55.9],[791.1,54.1],[791.4,52.1],[794.9,48.9],[800.6,46.1],[812.6,48.9],[820.9,46.4],[822.4,43.1],[818.6,40.1],[809.9,39.1],[802.1,30.6],[795.9,31.1],[783.9,44.6],[780.6,46.1],[774.6,46.4],[769.9,51.6],[764.1,53.6],[761.4,51.1],[761.4,48.1],[764.9,44.9],[772.9,41.4],[776.6,36.4],[774.9,32.6],[767.1,28.1],[764.1,27.6],[758.1,29.6],[751.4,24.1],[742.6,24.4],[737.6,27.6],[730.9,22.6],[724.1,25.1],[720.9,19.6],[723.4,6.1],[720.4,4.1],[711.6,3.9],[708.9,0.1],[695.1,0.1],[694.6,1.9],[690.4,5.1],[686.1,3.6],[684.4,0.1],[675.1,0.1],[673.1,2.9],[671.4,2.6],[669.9,0.1],[661.1,0.1],[662.6,3.9],[666.1,7.4],[671.1,8.4],[681.9,13.4],[685.6,20.9],[689.6,25.6],[700.1,13.4],[702.6,13.1],[703.4,14.9],[700.9,18.4],[700.9,21.1],[709.1,30.4],[713.6,30.9],[718.9,33.4],[726.9,42.4],[727.1,44.1],[724.6,45.4],[717.4,43.1],[707.1,44.6],[703.9,41.1],[702.4,37.1],[696.4,32.4],[694.1,32.6],[690.1,37.4],[687.4,37.4],[681.4,32.9],[678.4,27.1],[673.4,22.9],[670.4,17.1],[666.1,13.1],[663.1,12.6],[657.6,19.1],[655.6,23.6],[660.1,28.4],[666.4,28.9],[668.9,30.6],[670.9,40.1],[669.1,41.9],[662.9,42.1],[656.9,48.6],[650.1,51.6],[648.9,54.4],[651.6,58.9],[657.6,63.4],[659.1,63.4],[665.6,56.6],[668.1,57.1],[669.1,59.4],[666.9,62.6],[659.6,64.1],[657.1,70.1],[653.6,72.1],[649.1,69.6],[644.4,64.9],[641.4,54.9],[638.1,51.1],[633.6,50.4],[627.9,54.6],[623.9,52.9],[624.4,49.1],[631.9,44.1],[629.9,40.6],[616.6,41.9],[611.4,38.9],[611.4,35.1],[622.4,25.9],[622.4,20.4],[610.4,20.9],[595.4,29.9],[581.6,27.1],[574.9,27.1],[575.9,24.4],[587.1,20.9],[592.4,15.9],[594.9,9.9],[599.6,4.4],[599.9,0.1],[587.1,0.1],[586.9,5.4],[584.9,7.6],[571.4,11.1],[559.1,5.6],[556.4,2.9],[555.9,0.1],[539.1,0.1]],[[878.9,136.4],[882.1,137.1],[882.6,139.6],[881.6,140.6],[878.1,139.6],[877.6,137.9],[878.9,136.4]],[[876.1,117.6],[878.1,117.6],[879.9,119.9],[879.6,121.6],[877.4,123.1],[874.1,121.1],[876.1,117.6]],[[808.1,85.6],[809.9,85.4],[811.9,87.1],[811.6,89.4],[809.9,90.6],[807.1,89.1],[808.1,85.6]],[[789.9,73.9],[793.9,72.4],[796.1,75.6],[795.6,78.1],[792.9,80.6],[790.9,80.4],[788.9,77.4],[789.9,73.9]],[[781.4,69.4],[783.4,69.9],[782.1,71.6],[780.6,70.6],[781.4,69.4]],[[764.6,68.1],[766.6,68.1],[767.6,70.9],[764.1,78.1],[757.9,84.6],[754.4,84.9],[752.9,82.4],[753.4,79.1],[764.6,68.1]],[[749.4,33.6],[751.1,33.6],[752.6,35.4],[751.1,37.9],[748.4,35.9],[749.4,33.6]],[[746.6,48.4],[749.9,49.6],[752.1,56.6],[751.6,58.9],[748.9,61.6],[743.9,62.6],[739.1,65.6],[734.9,65.1],[732.9,62.4],[733.4,60.1],[738.9,56.4],[746.6,48.4]],[[720.4,118.4],[724.6,116.4],[726.6,118.4],[726.4,120.1],[723.4,122.1],[720.1,120.1],[720.4,118.4]],[[695.6,130.4],[702.1,131.4],[705.1,133.9],[705.9,139.4],[702.9,142.6],[700.1,142.6],[695.9,138.1],[693.9,133.4],[695.6,130.4]],[[675.1,45.4],[686.9,44.4],[692.6,50.1],[693.4,52.6],[692.1,54.4],[675.6,54.1],[673.4,52.6],[672.9,48.6],[675.1,45.4]],[[635.6,63.6],[637.6,63.6],[638.9,65.6],[638.1,69.6],[635.6,67.9],[635.6,63.6]],[[591.4,40.1],[594.1,40.4],[601.9,45.4],[612.1,57.4],[618.9,59.4],[622.4,64.4],[622.4,67.1],[619.4,69.1],[615.9,68.6],[601.1,58.6],[589.9,46.1],[588.9,42.6],[591.4,40.1]]]}},{"type":"Feature","properties":{"id":"LU_FOREST_CONIFER_0385","class":"forest_conifer","color":"#2f5234","area_m2":70195.0},"geometry":{"type":"Polygon","coordinates":[[[378.1,0.1],[376.6,3.9],[372.6,6.1],[359.4,8.1],[353.9,4.9],[352.1,5.1],[349.1,10.4],[350.6,16.9],[366.9,26.4],[369.1,30.4],[369.6,35.9],[372.1,38.4],[375.9,39.4],[385.6,49.4],[384.6,51.6],[382.6,51.9],[377.1,48.1],[373.9,47.4],[371.1,49.6],[371.1,51.9],[381.4,57.9],[400.6,56.9],[415.4,64.9],[422.6,63.1],[428.1,64.9],[438.6,74.1],[438.1,77.1],[434.6,81.1],[434.6,83.6],[437.4,84.9],[441.6,82.6],[444.9,83.4],[449.1,87.9],[450.6,94.9],[458.6,103.1],[461.6,109.9],[464.9,112.4],[472.4,112.6],[478.1,104.9],[489.6,101.1],[495.1,102.9],[501.1,107.4],[503.6,107.1],[510.4,102.9],[514.6,102.9],[520.9,106.4],[525.9,107.4],[541.9,120.4],[543.9,122.6],[544.1,125.4],[542.1,127.9],[535.6,127.4],[530.4,130.4],[524.4,127.9],[520.4,129.6],[519.1,139.6],[524.4,148.4],[526.1,148.1],[531.9,142.4],[537.9,142.1],[543.4,139.9],[547.1,140.4],[562.6,155.1],[563.6,161.1],[567.1,165.4],[570.6,166.9],[573.1,166.4],[575.4,164.1],[576.9,159.1],[578.9,157.4],[581.9,157.4],[584.6,160.1],[586.1,164.4],[585.4,171.9],[591.9,172.4],[599.1,180.4],[603.1,181.6],[616.9,168.9],[631.9,163.4],[642.1,152.4],[647.9,148.1],[649.9,141.4],[643.4,144.1],[638.4,144.1],[635.4,142.4],[633.4,137.1],[630.4,135.1],[625.9,136.1],[622.1,140.6],[622.6,144.1],[624.6,146.6],[627.4,147.1],[632.6,145.4],[633.9,146.9],[632.6,151.9],[628.6,154.1],[623.6,155.1],[617.9,154.1],[613.4,149.9],[611.9,143.9],[609.4,142.1],[604.1,143.6],[596.9,151.6],[593.6,153.1],[590.1,152.6],[583.4,146.9],[583.4,142.1],[593.4,133.9],[594.4,128.1],[602.6,120.4],[602.9,116.4],[600.1,108.6],[607.6,98.4],[604.9,90.4],[605.6,84.6],[603.1,81.1],[599.1,80.6],[595.6,84.1],[593.1,91.4],[593.4,94.4],[597.1,101.4],[596.1,107.1],[590.9,112.6],[584.9,115.4],[580.9,125.6],[571.9,131.1],[568.6,124.6],[564.4,124.6],[561.4,121.9],[559.9,116.6],[560.4,112.1],[564.4,108.9],[567.4,104.1],[567.9,100.4],[566.4,97.6],[558.6,96.4],[541.4,105.9],[539.1,105.6],[534.6,100.4],[539.9,88.9],[547.9,76.9],[548.6,72.9],[546.1,70.6],[542.1,71.1],[537.4,77.9],[519.1,81.6],[515.4,87.9],[502.6,95.1],[494.4,95.1],[489.6,93.1],[483.9,93.1],[481.4,91.1],[481.4,88.1],[484.1,85.4],[491.4,83.4],[503.4,71.9],[507.1,64.9],[513.4,63.6],[515.4,61.9],[514.9,53.4],[519.6,45.4],[521.4,39.4],[520.6,38.1],[518.6,38.1],[512.6,42.1],[506.1,41.6],[501.6,50.9],[488.1,58.6],[482.9,64.6],[478.9,66.9],[477.1,72.1],[473.9,75.6],[461.6,78.9],[458.6,77.1],[454.4,68.9],[460.9,53.9],[461.4,48.1],[459.9,46.6],[457.1,46.6],[450.1,52.1],[442.6,55.1],[438.9,53.9],[437.9,49.4],[451.4,31.1],[467.4,15.9],[468.6,11.9],[466.9,9.6],[456.9,7.6],[452.6,11.1],[447.9,18.6],[435.1,23.6],[429.1,31.1],[419.6,33.1],[411.6,33.1],[408.4,30.9],[408.1,28.6],[409.4,26.1],[414.6,22.1],[420.4,9.1],[419.9,0.1],[416.1,0.1],[415.6,4.1],[409.9,12.6],[396.6,20.1],[390.4,19.9],[382.9,15.9],[381.9,13.6],[382.9,0.1],[378.1,0.1]],[[553.9,132.4],[555.9,132.1],[557.6,133.9],[557.1,137.6],[553.9,136.1],[553.9,132.4]]]}},{"type":"Feature","properties":{"id":"LU_FOREST_CONIFER_0386","class":"forest_conifer","color":"#2f5234","area_m2":10979.0},"geometry":{"type":"Polygon","coordinates":[[[214.1,0.1],[213.6,3.6],[211.4,5.1],[209.1,4.6],[208.1,6.1],[208.4,11.4],[211.1,14.4],[213.9,14.4],[215.4,12.9],[216.1,8.6],[219.1,5.4],[223.4,7.9],[225.9,13.6],[229.9,16.4],[236.4,18.4],[242.4,14.4],[244.6,20.6],[235.1,24.6],[232.6,28.1],[233.4,30.6],[235.6,30.6],[237.9,28.1],[242.6,25.9],[247.4,26.4],[250.1,31.9],[254.1,29.1],[257.4,29.1],[260.4,33.4],[261.4,39.4],[267.4,40.1],[271.6,43.6],[276.4,44.1],[279.1,49.1],[280.6,48.6],[279.4,41.9],[272.1,36.4],[273.4,31.1],[283.1,25.6],[289.1,17.4],[295.6,16.9],[298.9,15.4],[304.4,8.1],[310.4,3.9],[311.9,0.4],[301.6,0.1],[300.6,1.9],[298.9,2.1],[297.4,0.1],[289.1,0.1],[286.6,12.6],[279.6,11.4],[273.6,13.4],[263.6,9.9],[261.4,7.9],[260.9,0.1],[247.1,0.1],[246.6,4.1],[243.9,6.6],[239.6,4.6],[237.9,0.1],[214.1,0.1]],[[255.4,12.1],[258.4,12.1],[260.9,14.6],[262.9,22.6],[261.4,25.6],[251.1,18.1],[251.4,15.1],[255.4,12.1]]]}},{"type":"Feature","properties":{"id":"LU_FOREST_CONIFER_0387","class":"forest_conifer","color":"#2f5234","area_m2":334.0},"geometry":{"type":"Polygon","coordinates":[[[192.1,0.1],[192.6,1.9],[196.6,4.9],[200.4,4.6],[204.6,1.9],[208.1,2.9],[208.9,1.4],[208.9,0.1],[192.1,0.1]]]}},{"type":"Feature","properties":{"id":"LU_FOREST_CONIFER_0388","class":"forest_conifer","color":"#2f5234","area_m2":400.0},"geometry":{"type":"Polygon","coordinates":[[[136.1,0.1],[138.1,9.1],[139.9,11.1],[142.1,11.1],[143.9,8.4],[142.9,0.1],[136.1,0.1]]]}},{"type":"Feature","properties":{"id":"LU_FOREST_CONIFER_0389","class":"forest_conifer","color":"#2f5234","area_m2":631.0},"geometry":{"type":"Polygon","coordinates":[[[111.1,0.1],[115.1,12.1],[118.1,13.1],[122.4,5.1],[122.9,0.1],[111.1,0.1]]]}},{"type":"Feature","properties":{"id":"LU_FOREST_CONIFER_0390","class":"forest_conifer","color":"#2f5234","area_m2":4992.0},"geometry":{"type":"Polygon","coordinates":[[[55.1,0.1],[55.9,5.4],[53.6,10.1],[54.1,13.1],[56.6,14.9],[62.1,14.1],[63.9,15.9],[63.6,17.6],[58.1,22.6],[58.6,24.9],[60.9,26.9],[64.4,27.6],[83.6,22.9],[89.9,18.1],[91.1,10.6],[93.4,6.9],[91.9,0.1],[55.1,0.1]],[[73.4,4.9],[75.6,5.1],[76.6,7.9],[74.1,10.6],[71.9,10.9],[70.1,7.9],[73.4,4.9]]]}},{"type":"Feature","properties":{"id":"LU_FOREST_CONIFER_0391","class":"forest_conifer","color":"#2f5234","area_m2":6728.0},"geometry":{"type":"Polygon","coordinates":[[[0.1,0.1],[0.1,11.9],[7.4,12.1],[10.6,15.4],[10.4,17.1],[7.4,19.9],[0.1,20.1],[0.1,34.9],[7.4,36.1],[9.9,38.9],[9.6,40.9],[7.1,42.9],[0.1,41.1],[0.1,53.9],[6.1,54.4],[11.9,59.9],[16.6,60.6],[21.9,58.4],[23.6,55.4],[23.4,53.1],[17.9,48.1],[21.6,42.4],[21.9,39.6],[18.9,35.6],[11.4,29.9],[11.1,26.6],[14.9,23.4],[18.4,23.1],[25.1,30.4],[28.4,31.1],[31.4,28.1],[31.6,22.4],[27.9,13.9],[24.9,10.6],[21.6,9.1],[16.4,9.1],[12.9,6.9],[11.9,0.1],[0.1,0.1]]]}},{"type":"Feature","properties":{"id":"LU_FARMLAND_0001","class":"farmland","color":"#b9b56a","area_m2":296.0},"geometry":{"type":"Polygon","coordinates":[[[1409.6,649.1],[1407.4,650.6],[1406.1,654.6],[1408.6,657.6],[1410.9,657.4],[1414.4,652.9],[1412.9,649.6],[1409.6,649.1]]]}},{"type":"Feature","properties":{"id":"LU_FARMLAND_0002","class":"farmland","color":"#b9b56a","area_m2":252.0},"geometry":{"type":"Polygon","coordinates":[[[1420.6,640.1],[1418.6,641.4],[1419.6,644.9],[1422.6,647.6],[1425.9,647.6],[1426.9,646.1],[1426.4,643.1],[1420.6,640.1]]]}},{"type":"Feature","properties":{"id":"LU_FARMLAND_0003","class":"farmland","color":"#b9b56a","area_m2":1359.0},"geometry":{"type":"Polygon","coordinates":[[[504.4,639.6],[498.4,649.6],[500.9,654.1],[498.6,659.6],[501.6,661.9],[512.6,658.6],[508.9,651.4],[512.4,644.6],[512.1,642.4],[510.4,640.4],[504.4,639.6]]]}},{"type":"Feature","properties":{"id":"LU_FARMLAND_0004","class":"farmland","color":"#b9b56a","area_m2":1718.0},"geometry":{"type":"Polygon","coordinates":[[[902.6,631.9],[899.6,634.1],[896.4,639.6],[896.4,642.4],[898.6,645.9],[902.4,649.6],[907.4,646.4],[913.4,646.9],[918.4,639.6],[918.4,635.4],[913.9,632.6],[908.4,633.1],[902.6,631.9]]]}},{"type":"Feature","properties":{"id":"LU_FARMLAND_0005","class":"farmland","color":"#b9b56a","area_m2":306.0},"geometry":{"type":"Polygon","coordinates":[[[527.9,631.9],[526.6,635.9],[521.1,639.1],[521.9,641.1],[531.6,639.1],[532.1,636.6],[530.9,633.9],[527.9,631.9]]]}},{"type":"Feature","properties":{"id":"LU_FARMLAND_0006","class":"farmland","color":"#b9b56a","area_m2":857.0},"geometry":{"type":"Polygon","coordinates":[[[883.9,617.4],[881.6,619.1],[880.6,623.9],[876.4,627.4],[878.1,630.6],[880.1,630.1],[884.9,624.9],[890.9,628.6],[893.6,627.1],[895.6,619.6],[883.9,617.4]]]}},{"type":"Feature","properties":{"id":"LU_FARMLAND_0007","class":"farmland","color":"#b9b56a","area_m2":596.0},"geometry":{"type":"Polygon","coordinates":[[[907.6,614.4],[900.4,618.4],[903.4,626.1],[904.9,627.1],[908.9,626.4],[911.6,623.1],[909.6,615.1],[907.6,614.4]]]}},{"type":"Feature","properties":{"id":"LU_FARMLAND_0008","class":"farmland","color":"#b9b56a","area_m2":13101.0},"geometry":{"type":"Polygon","coordinates":[[[953.9,607.6],[940.6,609.1],[923.4,609.1],[920.9,610.1],[919.4,612.6],[920.9,613.9],[931.1,612.9],[933.1,614.1],[934.9,617.6],[944.6,627.1],[945.1,640.6],[947.1,646.1],[948.9,647.6],[954.4,647.4],[957.6,653.9],[965.6,659.1],[968.1,666.9],[971.9,666.9],[975.1,660.4],[988.1,655.6],[992.9,652.4],[995.4,648.6],[991.6,633.6],[984.9,629.4],[983.9,627.4],[984.6,624.9],[988.1,622.6],[988.4,620.9],[977.4,620.1],[970.6,617.1],[962.9,617.9],[961.4,616.4],[961.6,614.9],[966.6,612.4],[967.1,610.1],[953.9,607.6]]]}},{"type":"Feature","properties":{"id":"LU_FARMLAND_0009","class":"farmland","color":"#b9b56a","area_m2":856.0},"geometry":{"type":"Polygon","coordinates":[[[1329.9,603.1],[1322.9,607.9],[1322.4,610.1],[1323.4,611.1],[1329.4,612.9],[1335.6,612.9],[1340.4,609.9],[1341.6,606.4],[1340.6,603.4],[1334.1,604.6],[1329.9,603.1]]]}},{"type":"Feature","properties":{"id":"LU_FARMLAND_0010","class":"farmland","color":"#b9b56a","area_m2":9410.0},"geometry":{"type":"Polygon","coordinates":[[[463.1,599.1],[461.4,600.1],[461.6,605.9],[458.9,609.6],[452.1,608.9],[445.9,610.9],[444.1,609.4],[441.4,602.6],[434.4,602.1],[431.1,603.6],[426.6,608.1],[424.4,611.6],[424.4,614.4],[426.9,616.9],[430.4,617.9],[436.1,615.9],[439.4,612.4],[441.1,612.1],[442.4,614.1],[440.1,619.4],[440.1,623.6],[441.6,626.9],[443.4,628.4],[447.4,627.9],[449.9,628.9],[454.9,636.4],[461.4,638.9],[465.1,638.4],[471.9,635.4],[489.1,618.4],[495.4,617.4],[496.4,613.9],[494.9,610.1],[491.4,607.4],[486.6,606.1],[478.9,606.9],[472.9,599.9],[463.1,599.1]]]}},{"type":"Feature","properties":{"id":"LU_FARMLAND_0011","class":"farmland","color":"#b9b56a","area_m2":3084.0},"geometry":{"type":"Polygon","coordinates":[[[819.6,594.4],[809.6,597.1],[799.4,596.1],[796.6,597.6],[796.4,599.9],[802.1,602.1],[802.4,608.4],[804.9,611.9],[808.4,612.6],[815.4,611.6],[820.1,616.4],[825.6,616.9],[831.1,613.6],[832.4,609.1],[825.9,601.1],[824.1,595.9],[819.6,594.4]]]}},{"type":"Feature","properties":{"id":"LU_FARMLAND_0012","class":"farmland","color":"#b9b56a","area_m2":441.0},"geometry":{"type":"Polygon","coordinates":[[[799.6,581.1],[795.6,585.1],[797.6,587.6],[805.4,587.9],[808.9,585.4],[809.1,583.6],[807.4,581.4],[799.6,581.1]]]}},{"type":"Feature","properties":{"id":"LU_FARMLAND_0013","class":"farmland","color":"#b9b56a","area_m2":1270.0},"geometry":{"type":"Polygon","coordinates":[[[427.6,570.9],[422.6,572.4],[421.6,575.6],[423.6,576.9],[429.6,575.9],[451.4,584.4],[453.1,584.1],[455.6,581.4],[455.1,577.9],[451.9,576.1],[427.6,570.9]]]}},{"type":"Feature","properties":{"id":"LU_FARMLAND_0014","class":"farmland","color":"#b9b56a","area_m2":5161.0},"geometry":{"type":"Polygon","coordinates":[[[1272.1,570.1],[1271.1,572.4],[1273.1,581.6],[1278.6,580.1],[1288.6,581.6],[1297.9,587.4],[1300.6,590.9],[1300.6,594.9],[1296.1,599.1],[1291.4,601.4],[1282.4,599.6],[1279.1,604.4],[1278.6,606.6],[1280.1,608.4],[1288.6,612.6],[1294.9,613.1],[1301.9,610.4],[1303.6,608.1],[1301.9,602.6],[1303.4,597.1],[1305.4,595.4],[1312.9,597.1],[1312.9,592.6],[1314.4,589.1],[1316.6,587.1],[1320.6,586.4],[1321.9,584.4],[1321.9,577.1],[1314.6,574.1],[1309.4,574.1],[1302.1,576.6],[1293.6,573.1],[1287.6,576.1],[1284.4,576.1],[1278.6,574.9],[1272.1,570.1]],[[1303.1,581.4],[1308.9,580.4],[1311.1,583.6],[1310.9,587.4],[1308.6,589.6],[1305.1,588.6],[1301.4,584.6],[1303.1,581.4]]]}},{"type":"Feature","properties":{"id":"LU_FARMLAND_0015","class":"farmland","color":"#b9b56a","area_m2":3752.0},"geometry":{"type":"Polygon","coordinates":[[[826.9,569.6],[824.4,573.6],[819.6,572.9],[819.6,576.9],[817.6,582.1],[819.4,582.6],[826.1,578.9],[830.9,578.4],[840.6,587.1],[840.4,592.1],[842.1,594.4],[848.4,595.4],[847.9,598.6],[850.4,601.4],[852.1,601.1],[854.1,597.6],[857.1,596.1],[862.1,602.4],[866.1,603.6],[874.9,597.4],[879.6,592.4],[881.6,583.9],[879.4,581.4],[876.4,581.1],[873.6,582.6],[872.6,589.1],[869.4,591.9],[861.6,590.1],[852.6,590.1],[848.4,586.9],[846.6,581.6],[838.1,579.6],[826.9,569.6]]]}},{"type":"Feature","properties":{"id":"LU_FARMLAND_0016","class":"farmland","color":"#b9b56a","area_m2":1729.0},"geometry":{"type":"Polygon","coordinates":[[[1246.4,550.4],[1242.6,555.4],[1237.6,552.6],[1235.9,552.9],[1231.6,559.9],[1226.6,563.4],[1227.6,566.9],[1234.1,569.4],[1240.9,565.4],[1247.6,564.9],[1250.9,563.4],[1253.6,557.9],[1246.4,550.4]]]}},{"type":"Feature","properties":{"id":"LU_FARMLAND_0017","class":"farmland","color":"#b9b56a","area_m2":6541.0},"geometry":{"type":"Polygon","coordinates":[[[517.6,534.1],[514.9,535.9],[514.9,538.1],[524.6,546.1],[525.9,550.4],[523.6,553.4],[510.4,558.9],[507.6,562.9],[506.4,568.1],[510.6,572.1],[513.4,578.4],[529.6,580.9],[540.4,575.4],[542.4,569.9],[542.1,564.6],[546.1,558.6],[546.4,555.9],[544.9,551.9],[540.9,547.6],[537.4,546.1],[532.9,546.4],[523.9,536.6],[517.6,534.1]]]}},{"type":"Feature","properties":{"id":"LU_FARMLAND_0018","class":"farmland","color":"#b9b56a","area_m2":3231.0},"geometry":{"type":"Polygon","coordinates":[[[477.4,524.6],[471.4,529.9],[471.6,534.9],[467.6,540.4],[469.4,544.1],[476.9,548.4],[482.1,554.4],[484.6,554.1],[489.1,550.4],[493.6,548.9],[502.4,550.1],[506.1,554.4],[509.4,551.9],[509.9,548.6],[507.9,545.6],[499.4,546.6],[491.1,539.1],[486.1,537.9],[482.9,529.9],[479.1,524.9],[477.4,524.6]]]}},{"type":"Feature","properties":{"id":"LU_FARMLAND_0019","class":"farmland","color":"#b9b56a","area_m2":1286.0},"geometry":{"type":"Polygon","coordinates":[[[1206.6,523.4],[1201.1,525.6],[1199.1,527.9],[1199.4,529.6],[1201.4,531.4],[1208.1,529.6],[1215.1,540.4],[1220.6,540.4],[1221.9,538.4],[1221.1,527.9],[1206.6,523.4]]]}},{"type":"Feature","properties":{"id":"LU_FARMLAND_0020","class":"farmland","color":"#b9b56a","area_m2":420.0},"geometry":{"type":"Polygon","coordinates":[[[454.1,523.4],[448.6,528.4],[449.1,531.1],[451.9,533.6],[455.9,532.4],[458.9,527.4],[458.1,524.9],[454.1,523.4]]]}},{"type":"Feature","properties":{"id":"LU_FARMLAND_0021","class":"farmland","color":"#b9b56a","area_m2":283.0},"geometry":{"type":"Polygon","coordinates":[[[1731.6,522.1],[1729.1,523.9],[1728.6,526.9],[1730.4,529.1],[1734.6,530.4],[1736.4,527.9],[1736.1,525.4],[1733.9,522.6],[1731.6,522.1]]]}},{"type":"Feature","properties":{"id":"LU_FARMLAND_0022","class":"farmland","color":"#b9b56a","area_m2":411.0},"geometry":{"type":"Polygon","coordinates":[[[420.4,513.6],[419.4,516.1],[422.1,519.4],[426.6,521.9],[429.9,520.9],[430.9,517.6],[428.9,514.1],[420.4,513.6]]]}},{"type":"Feature","properties":{"id":"LU_FARMLAND_0023","class":"farmland","color":"#b9b56a","area_m2":3031.0},"geometry":{"type":"Polygon","coordinates":[[[321.6,513.1],[317.6,516.1],[315.1,522.4],[308.9,523.6],[304.6,527.1],[303.4,531.1],[304.9,532.9],[312.4,535.9],[319.6,531.6],[329.1,530.4],[341.9,523.4],[345.6,519.1],[344.1,516.4],[336.6,519.1],[329.4,514.4],[321.6,513.1]]]}},{"type":"Feature","properties":{"id":"LU_FARMLAND_0024","class":"farmland","color":"#b9b56a","area_m2":2143.0},"geometry":{"type":"Polygon","coordinates":[[[81.4,509.1],[78.1,510.6],[76.4,514.1],[86.9,526.4],[96.1,526.4],[101.9,523.4],[104.6,520.4],[105.4,514.1],[104.1,513.1],[91.6,512.1],[87.4,509.4],[81.4,509.1]]]}},{"type":"Feature","properties":{"id":"LU_FARMLAND_0025","class":"farmland","color":"#b9b56a","area_m2":868.0},"geometry":{"type":"Polygon","coordinates":[[[487.6,507.4],[479.6,509.4],[477.1,511.1],[476.9,513.1],[481.1,518.4],[489.6,519.4],[493.1,516.1],[490.6,508.6],[487.6,507.4]]]}},{"type":"Feature","properties":{"id":"LU_FARMLAND_0026","class":"farmland","color":"#b9b56a","area_m2":277.0},"geometry":{"type":"Polygon","coordinates":[[[122.6,507.1],[119.4,509.4],[119.4,511.6],[123.4,513.9],[126.4,513.4],[128.4,510.6],[127.9,508.1],[122.6,507.1]]]}},{"type":"Feature","properties":{"id":"LU_FARMLAND_0027","class":"farmland","color":"#b9b56a","area_m2":597.0},"geometry":{"type":"Polygon","coordinates":[[[1268.4,497.4],[1267.6,499.9],[1269.9,503.9],[1269.4,511.4],[1271.6,512.9],[1276.4,512.6],[1278.4,510.1],[1278.4,507.1],[1269.9,497.6],[1268.4,497.4]]]}},{"type":"Feature","properties":{"id":"LU_FARMLAND_0028","class":"farmland","color":"#b9b56a","area_m2":312.0},"geometry":{"type":"Polygon","coordinates":[[[395.6,496.1],[391.6,500.1],[392.1,503.1],[394.6,504.9],[398.6,503.4],[399.9,499.4],[398.6,496.6],[395.6,496.1]]]}},{"type":"Feature","properties":{"id":"LU_FARMLAND_0029","class":"farmland","color":"#b9b56a","area_m2":1166.0},"geometry":{"type":"Polygon","coordinates":[[[1170.9,493.4],[1169.4,494.9],[1169.4,499.6],[1166.6,503.4],[1168.1,506.4],[1172.6,506.9],[1179.1,505.1],[1185.4,509.4],[1188.1,508.1],[1188.4,505.1],[1180.9,497.6],[1170.9,493.4]]]}},{"type":"Feature","properties":{"id":"LU_FARMLAND_0030","class":"farmland","color":"#b9b56a","area_m2":347.0},"geometry":{"type":"Polygon","coordinates":[[[1253.4,485.4],[1252.6,486.9],[1254.1,491.9],[1261.6,494.6],[1263.4,494.1],[1263.4,492.1],[1260.9,488.6],[1253.4,485.4]]]}},{"type":"Feature","properties":{"id":"LU_FARMLAND_0031","class":"farmland","color":"#b9b56a","area_m2":661.0},"geometry":{"type":"Polygon","coordinates":[[[369.6,476.9],[364.1,482.9],[363.4,486.4],[365.1,488.9],[374.1,490.9],[375.6,487.6],[373.1,483.4],[372.6,478.6],[369.6,476.9]]]}},{"type":"Feature","properties":{"id":"LU_FARMLAND_0032","class":"farmland","color":"#b9b56a","area_m2":336.0},"geometry":{"type":"Polygon","coordinates":[[[1087.9,473.9],[1086.1,475.9],[1086.6,478.1],[1089.6,484.9],[1092.4,486.4],[1093.6,485.1],[1091.9,480.4],[1092.6,475.4],[1087.9,473.9]]]}},{"type":"Feature","properties":{"id":"LU_FARMLAND_0033","class":"farmland","color":"#b9b56a","area_m2":6358.0},"geometry":{"type":"Polygon","coordinates":[[[1127.6,470.9],[1122.6,475.4],[1124.6,483.6],[1115.4,486.4],[1116.9,492.6],[1114.4,493.6],[1109.4,490.1],[1101.9,490.6],[1100.1,492.9],[1101.9,498.1],[1107.9,500.4],[1115.4,498.9],[1122.9,502.9],[1125.6,499.4],[1126.4,495.4],[1128.6,494.4],[1130.6,496.1],[1134.1,503.9],[1143.1,507.4],[1149.4,506.6],[1156.9,503.1],[1158.1,501.6],[1158.6,495.1],[1156.9,494.1],[1152.4,495.6],[1145.4,489.1],[1145.9,485.4],[1150.6,486.1],[1148.4,481.1],[1143.6,476.9],[1138.1,476.6],[1127.6,470.9]]]}},{"type":"Feature","properties":{"id":"LU_FARMLAND_0034","class":"farmland","color":"#b9b56a","area_m2":394.0},"geometry":{"type":"Polygon","coordinates":[[[1223.6,464.1],[1219.9,466.9],[1219.9,469.1],[1224.4,473.1],[1229.1,472.6],[1230.1,471.1],[1229.4,468.1],[1225.9,464.6],[1223.6,464.1]]]}},{"type":"Feature","properties":{"id":"LU_FARMLAND_0035","class":"farmland","color":"#b9b56a","area_m2":1719.0},"geometry":{"type":"Polygon","coordinates":[[[1076.4,463.1],[1073.1,464.9],[1073.1,469.4],[1071.1,471.9],[1068.6,471.9],[1061.6,468.4],[1051.6,470.4],[1049.9,472.9],[1057.4,474.1],[1061.9,478.9],[1071.6,477.9],[1077.6,480.6],[1079.9,480.4],[1081.4,477.1],[1079.1,473.6],[1083.4,469.1],[1080.1,463.9],[1076.4,463.1]]]}},{"type":"Feature","properties":{"id":"LU_FARMLAND_0036","class":"farmland","color":"#b9b56a","area_m2":1189.0},"geometry":{"type":"Polygon","coordinates":[[[789.9,452.4],[782.1,457.6],[776.9,463.6],[771.6,466.4],[771.6,469.1],[773.9,472.9],[778.1,471.9],[784.6,467.1],[793.4,456.9],[793.4,453.6],[789.9,452.4]]]}},{"type":"Feature","properties":{"id":"LU_FARMLAND_0037","class":"farmland","color":"#b9b56a","area_m2":2115.0},"geometry":{"type":"Polygon","coordinates":[[[859.1,451.6],[847.6,452.4],[842.4,456.9],[836.9,457.6],[835.1,459.6],[835.4,461.6],[838.4,462.9],[843.9,461.1],[847.9,465.6],[856.9,468.4],[859.4,466.9],[861.9,462.6],[867.6,462.4],[869.4,460.9],[869.6,458.6],[867.9,456.1],[859.1,451.6]]]}},{"type":"Feature","properties":{"id":"LU_FARMLAND_0038","class":"farmland","color":"#b9b56a","area_m2":585.0},"geometry":{"type":"Polygon","coordinates":[[[1113.4,450.6],[1103.9,450.6],[1101.9,453.1],[1105.1,460.1],[1109.4,464.6],[1109.4,458.9],[1114.4,453.6],[1113.4,450.6]]]}},{"type":"Feature","properties":{"id":"LU_FARMLAND_0039","class":"farmland","color":"#b9b56a","area_m2":356.0},"geometry":{"type":"Polygon","coordinates":[[[543.6,446.1],[539.6,449.1],[538.6,451.9],[538.6,453.1],[541.6,455.1],[544.9,454.4],[547.9,449.6],[546.9,446.4],[543.6,446.1]]]}},{"type":"Feature","properties":{"id":"LU_FARMLAND_0040","class":"farmland","color":"#b9b56a","area_m2":485.0},"geometry":{"type":"Polygon","coordinates":[[[1227.6,443.4],[1220.9,445.6],[1219.4,448.9],[1229.1,457.4],[1229.9,455.9],[1227.6,450.6],[1229.9,444.9],[1227.6,443.4]]]}},{"type":"Feature","properties":{"id":"LU_FARMLAND_0041","class":"farmland","color":"#b9b56a","area_m2":554.0},"geometry":{"type":"Polygon","coordinates":[[[1025.9,442.4],[1018.9,448.9],[1019.4,450.4],[1027.6,451.9],[1034.1,449.9],[1034.1,447.9],[1031.9,445.6],[1025.9,442.4]]]}},{"type":"Feature","properties":{"id":"LU_FARMLAND_0042","class":"farmland","color":"#b9b56a","area_m2":434.0},"geometry":{"type":"Polygon","coordinates":[[[981.9,440.6],[981.1,441.9],[992.1,451.6],[992.1,454.9],[989.4,458.4],[990.9,459.9],[993.6,456.9],[995.6,449.6],[984.9,441.6],[981.9,440.6]]]}},{"type":"Feature","properties":{"id":"LU_FARMLAND_0043","class":"farmland","color":"#b9b56a","area_m2":263.0},"geometry":{"type":"Polygon","coordinates":[[[1205.9,439.4],[1204.1,441.6],[1203.9,446.9],[1201.4,449.9],[1201.6,451.6],[1203.9,453.1],[1205.6,452.1],[1204.9,447.9],[1208.6,443.1],[1207.9,440.1],[1205.9,439.4]]]}},{"type":"Feature","properties":{"id":"LU_FARMLAND_0044","class":"farmland","color":"#b9b56a","area_m2":286.0},"geometry":{"type":"Polygon","coordinates":[[[827.1,437.6],[817.1,441.6],[815.9,444.9],[818.4,445.6],[825.1,442.9],[827.6,440.1],[827.1,437.6]]]}},{"type":"Feature","properties":{"id":"LU_FARMLAND_0045","class":"farmland","color":"#b9b56a","area_m2":374.0},"geometry":{"type":"Polygon","coordinates":[[[310.6,436.1],[307.1,437.6],[305.6,439.9],[305.6,442.9],[307.6,444.6],[312.4,444.6],[314.6,442.4],[313.9,437.9],[310.6,436.1]]]}},{"type":"Feature","properties":{"id":"LU_FARMLAND_0046","class":"farmland","color":"#b9b56a","area_m2":456.0},"geometry":{"type":"Polygon","coordinates":[[[360.1,429.6],[356.6,431.1],[349.6,430.1],[347.6,432.4],[352.9,435.4],[358.1,436.6],[362.9,434.4],[364.4,432.4],[362.6,430.1],[360.1,429.6]]]}},{"type":"Feature","properties":{"id":"LU_FARMLAND_0047","class":"farmland","color":"#b9b56a","area_m2":546.0},"geometry":{"type":"Polygon","coordinates":[[[944.9,423.4],[930.4,425.1],[928.6,427.6],[932.6,430.9],[940.6,430.1],[945.1,427.1],[945.9,425.1],[944.9,423.4]]]}},{"type":"Feature","properties":{"id":"LU_FARMLAND_0048","class":"farmland","color":"#b9b56a","area_m2":416.0},"geometry":{"type":"Polygon","coordinates":[[[994.1,417.6],[991.4,419.9],[991.6,421.9],[994.1,424.4],[1003.9,423.9],[1003.9,421.9],[1001.1,418.1],[994.1,417.6]]]}},{"type":"Feature","properties":{"id":"LU_FARMLAND_0049","class":"farmland","color":"#b9b56a","area_m2":309.0},"geometry":{"type":"Polygon","coordinates":[[[325.9,416.1],[324.1,418.4],[327.1,421.9],[328.6,425.1],[328.4,428.4],[329.4,428.6],[332.4,426.1],[332.6,422.6],[327.9,416.6],[325.9,416.1]]]}},{"type":"Feature","properties":{"id":"LU_FARMLAND_0050","class":"farmland","color":"#b9b56a","area_m2":378.0},"geometry":{"type":"Polygon","coordinates":[[[1130.6,415.4],[1125.6,418.1],[1125.4,420.1],[1126.9,422.1],[1134.4,421.9],[1137.1,420.1],[1137.4,418.4],[1135.9,416.6],[1130.6,415.4]]]}},{"type":"Feature","properties":{"id":"LU_FARMLAND_0051","class":"farmland","color":"#b9b56a","area_m2":604.0},"geometry":{"type":"Polygon","coordinates":[[[1109.6,412.9],[1101.6,416.1],[1099.6,420.1],[1100.9,423.1],[1103.6,423.4],[1107.9,419.1],[1113.6,419.9],[1116.4,418.4],[1116.4,416.6],[1114.1,414.6],[1109.6,412.9]]]}},{"type":"Feature","properties":{"id":"LU_FARMLAND_0052","class":"farmland","color":"#b9b56a","area_m2":574.0},"geometry":{"type":"Polygon","coordinates":[[[302.4,410.6],[300.4,413.4],[305.9,422.6],[305.4,431.4],[308.1,432.9],[309.9,430.4],[308.6,418.4],[306.4,413.1],[302.4,410.6]]]}},{"type":"Feature","properties":{"id":"LU_FARMLAND_0053","class":"farmland","color":"#b9b56a","area_m2":998.0},"geometry":{"type":"Polygon","coordinates":[[[550.9,400.4],[546.9,406.6],[541.1,408.6],[535.6,412.6],[536.9,416.1],[550.6,414.1],[555.4,409.9],[555.6,404.6],[552.6,400.6],[550.9,400.4]]]}},{"type":"Feature","properties":{"id":"LU_FARMLAND_0054","class":"farmland","color":"#b9b56a","area_m2":3017.0},"geometry":{"type":"Polygon","coordinates":[[[842.6,399.9],[841.6,401.6],[844.1,407.4],[843.6,412.1],[836.1,418.9],[830.1,428.9],[828.4,435.9],[830.4,434.6],[832.1,430.9],[837.6,431.1],[841.9,427.1],[846.9,429.6],[852.6,426.9],[857.6,428.1],[857.4,409.1],[849.1,404.6],[845.9,400.6],[842.6,399.9]]]}},{"type":"Feature","properties":{"id":"LU_FARMLAND_0055","class":"farmland","color":"#b9b56a","area_m2":645.0},"geometry":{"type":"Polygon","coordinates":[[[1262.9,399.4],[1259.6,401.1],[1253.6,400.1],[1249.9,400.9],[1249.1,403.4],[1251.1,409.9],[1252.9,410.9],[1257.6,409.9],[1259.4,405.1],[1264.4,401.6],[1264.4,399.9],[1262.9,399.4]]]}},{"type":"Feature","properties":{"id":"LU_FARMLAND_0056","class":"farmland","color":"#b9b56a","area_m2":389.0},"geometry":{"type":"Polygon","coordinates":[[[345.9,394.4],[342.6,397.1],[341.1,400.4],[340.4,405.1],[341.9,406.9],[344.4,405.9],[349.1,397.4],[348.1,394.9],[345.9,394.4]]]}},{"type":"Feature","properties":{"id":"LU_FARMLAND_0057","class":"farmland","color":"#b9b56a","area_m2":1424.0},"geometry":{"type":"Polygon","coordinates":[[[0.1,386.1],[0.1,400.9],[4.1,401.4],[14.9,409.1],[17.1,409.4],[17.4,399.1],[8.4,391.9],[5.6,386.6],[0.1,386.1]]]}},{"type":"Feature","properties":{"id":"LU_FARMLAND_0058","class":"farmland","color":"#b9b56a","area_m2":641.0},"geometry":{"type":"Polygon","coordinates":[[[631.6,379.1],[623.6,380.1],[621.4,381.9],[621.6,383.9],[627.6,389.6],[631.9,389.4],[634.9,385.1],[634.4,380.9],[631.6,379.1]]]}},{"type":"Feature","properties":{"id":"LU_FARMLAND_0059","class":"farmland","color":"#b9b56a","area_m2":220.0},"geometry":{"type":"Polygon","coordinates":[[[350.9,379.1],[346.6,383.4],[348.9,386.6],[354.6,384.6],[352.6,379.6],[350.9,379.1]]]}},{"type":"Feature","properties":{"id":"LU_FARMLAND_0060","class":"farmland","color":"#b9b56a","area_m2":24125.0},"geometry":{"type":"Polygon","coordinates":[[[704.6,378.1],[695.1,381.6],[688.1,386.6],[684.6,391.4],[673.9,395.6],[666.6,400.4],[654.9,403.1],[652.4,405.9],[653.1,409.1],[656.1,412.9],[661.1,414.9],[667.9,419.9],[673.1,420.4],[683.6,414.9],[683.9,411.4],[680.9,403.1],[685.9,401.4],[689.9,393.9],[691.9,392.1],[693.6,392.4],[698.1,398.4],[705.1,399.9],[712.9,407.9],[712.6,409.4],[710.6,410.1],[703.6,405.6],[700.6,407.1],[699.6,410.9],[695.9,415.1],[697.9,419.1],[693.9,426.6],[695.1,431.9],[698.9,433.4],[703.6,438.1],[706.6,443.9],[711.1,448.4],[717.9,452.4],[720.9,452.1],[719.1,445.9],[721.1,445.1],[723.9,449.6],[721.9,458.6],[724.9,461.4],[734.4,460.1],[740.4,465.9],[745.4,465.9],[748.9,467.6],[750.9,467.4],[754.4,462.4],[759.1,463.4],[759.4,454.9],[770.4,452.6],[772.6,450.4],[770.4,437.1],[763.9,431.6],[759.9,429.9],[756.4,430.6],[759.4,433.1],[758.6,434.9],[753.4,435.1],[745.1,432.9],[733.1,425.6],[731.4,422.9],[731.9,419.9],[739.6,414.9],[736.4,404.6],[727.1,398.6],[720.4,389.1],[710.9,380.6],[704.6,378.1]],[[743.4,434.1],[745.9,435.4],[746.6,439.9],[742.1,444.1],[738.9,444.9],[737.1,443.4],[736.4,438.1],[743.4,434.1]],[[716.9,407.6],[718.1,407.4],[719.1,408.4],[717.4,409.4],[716.9,407.6]],[[705.1,425.4],[707.1,425.6],[714.6,434.1],[717.4,439.1],[716.9,440.6],[704.4,428.9],[703.9,427.1],[705.1,425.4]]]}},{"type":"Feature","properties":{"id":"LU_FARMLAND_0061","class":"farmland","color":"#b9b56a","area_m2":1487.0},"geometry":{"type":"Polygon","coordinates":[[[649.9,358.1],[647.1,359.9],[646.6,362.6],[652.6,369.1],[652.9,372.4],[650.4,374.9],[644.1,376.6],[642.6,378.1],[642.6,380.6],[646.1,381.4],[657.1,375.1],[660.9,377.4],[665.4,383.4],[667.1,383.4],[666.9,378.6],[669.1,372.1],[660.1,369.6],[655.4,365.9],[651.9,359.1],[649.9,358.1]]]}},{"type":"Feature","properties":{"id":"LU_FARMLAND_0062","class":"farmland","color":"#b9b56a","area_m2":356.0},"geometry":{"type":"Polygon","coordinates":[[[1257.1,353.6],[1251.6,356.1],[1243.9,354.4],[1242.9,356.6],[1244.9,359.4],[1248.6,359.6],[1257.9,357.4],[1259.4,354.6],[1257.1,353.6]]]}},{"type":"Feature","properties":{"id":"LU_FARMLAND_0063","class":"farmland","color":"#b9b56a","area_m2":532.0},"geometry":{"type":"Polygon","coordinates":[[[12.4,350.1],[0.1,354.1],[0.1,360.4],[6.9,356.4],[13.6,355.6],[17.4,353.6],[16.6,350.6],[12.4,350.1]]]}},{"type":"Feature","properties":{"id":"LU_FARMLAND_0064","class":"farmland","color":"#b9b56a","area_m2":1277.0},"geometry":{"type":"Polygon","coordinates":[[[638.6,348.9],[628.9,351.4],[619.1,349.4],[616.6,352.9],[616.4,356.9],[624.4,363.6],[626.4,363.9],[632.4,359.9],[636.9,351.6],[640.6,351.1],[640.6,349.6],[638.6,348.9]]]}},{"type":"Feature","properties":{"id":"LU_FARMLAND_0065","class":"farmland","color":"#b9b56a","area_m2":1609.0},"geometry":{"type":"Polygon","coordinates":[[[762.4,343.1],[759.1,344.6],[754.9,349.6],[748.6,352.4],[747.6,355.6],[749.9,357.4],[762.6,360.9],[770.9,356.6],[772.1,353.4],[769.9,347.9],[766.1,343.6],[762.4,343.1]],[[760.6,352.4],[762.1,352.1],[763.9,353.9],[762.1,356.9],[759.1,355.1],[760.6,352.4]]]}},{"type":"Feature","properties":{"id":"LU_FARMLAND_0066","class":"farmland","color":"#b9b56a","area_m2":12368.0},"geometry":{"type":"Polygon","coordinates":[[[1307.6,339.1],[1301.6,341.1],[1291.9,342.1],[1279.9,350.9],[1279.4,356.6],[1278.1,358.4],[1268.4,359.1],[1261.1,362.6],[1247.6,374.1],[1246.9,379.4],[1247.9,381.1],[1254.1,382.4],[1255.9,386.1],[1261.1,389.4],[1262.6,389.4],[1265.4,385.1],[1269.4,382.6],[1276.6,390.4],[1282.1,390.4],[1285.6,388.1],[1288.9,380.9],[1294.1,375.4],[1299.1,371.4],[1304.9,370.4],[1306.4,368.9],[1306.9,363.4],[1308.9,358.6],[1308.1,353.4],[1309.4,352.1],[1312.9,355.6],[1311.1,361.4],[1311.1,367.4],[1312.1,369.1],[1313.9,368.9],[1323.9,357.4],[1323.9,353.4],[1322.1,348.9],[1317.9,344.6],[1307.6,339.1]]]}},{"type":"Feature","properties":{"id":"LU_FARMLAND_0067","class":"farmland","color":"#b9b56a","area_m2":297.0},"geometry":{"type":"Polygon","coordinates":[[[424.4,338.1],[420.1,340.9],[419.4,344.1],[420.4,345.4],[424.1,345.4],[428.4,341.9],[428.4,338.4],[424.4,338.1]]]}},{"type":"Feature","properties":{"id":"LU_FARMLAND_0068","class":"farmland","color":"#b9b56a","area_m2":368.0},"geometry":{"type":"Polygon","coordinates":[[[1389.6,334.4],[1378.1,342.6],[1377.1,344.9],[1380.1,345.4],[1390.9,338.4],[1392.6,335.4],[1389.6,334.4]]]}},{"type":"Feature","properties":{"id":"LU_FARMLAND_0069","class":"farmland","color":"#b9b56a","area_m2":254.0},"geometry":{"type":"Polygon","coordinates":[[[1244.9,334.4],[1243.4,335.9],[1242.1,341.1],[1239.6,343.9],[1239.9,345.1],[1242.9,344.4],[1247.4,340.1],[1247.4,335.9],[1244.9,334.4]]]}},{"type":"Feature","properties":{"id":"LU_FARMLAND_0070","class":"farmland","color":"#b9b56a","area_m2":315.0},"geometry":{"type":"Polygon","coordinates":[[[1981.9,331.1],[1979.6,333.1],[1979.9,335.6],[1981.9,339.1],[1985.9,339.9],[1987.4,338.1],[1987.6,334.6],[1985.1,332.1],[1981.9,331.1]]]}},{"type":"Feature","properties":{"id":"LU_FARMLAND_0071","class":"farmland","color":"#b9b56a","area_m2":304.0},"geometry":{"type":"Polygon","coordinates":[[[617.1,330.9],[610.4,332.4],[609.9,334.9],[611.1,337.6],[613.6,337.9],[619.4,335.6],[619.4,333.1],[617.1,330.9]]]}},{"type":"Feature","properties":{"id":"LU_FARMLAND_0072","class":"farmland","color":"#b9b56a","area_m2":353.0},"geometry":{"type":"Polygon","coordinates":[[[719.9,328.4],[718.1,331.4],[721.1,336.9],[724.4,337.6],[729.1,334.9],[728.4,333.1],[719.9,328.4]]]}},{"type":"Feature","properties":{"id":"LU_FARMLAND_0073","class":"farmland","color":"#b9b56a","area_m2":259.0},"geometry":{"type":"Polygon","coordinates":[[[628.6,326.1],[626.4,327.4],[626.4,329.6],[633.4,333.4],[634.9,333.1],[635.6,330.6],[634.4,328.1],[628.6,326.1]]]}},{"type":"Feature","properties":{"id":"LU_FARMLAND_0074","class":"farmland","color":"#b9b56a","area_m2":4829.0},"geometry":{"type":"Polygon","coordinates":[[[1479.4,325.1],[1470.1,331.1],[1469.1,344.6],[1471.6,349.9],[1489.9,367.1],[1491.6,367.4],[1499.4,349.9],[1497.9,341.9],[1496.9,340.1],[1488.6,335.6],[1482.9,325.6],[1479.4,325.1]]]}},{"type":"Feature","properties":{"id":"LU_FARMLAND_0075","class":"farmland","color":"#b9b56a","area_m2":935.0},"geometry":{"type":"Polygon","coordinates":[[[1939.4,313.6],[1932.1,319.9],[1929.4,325.6],[1930.1,327.6],[1943.4,325.9],[1945.4,324.6],[1945.9,320.4],[1943.9,315.9],[1939.4,313.6]]]}},{"type":"Feature","properties":{"id":"LU_FARMLAND_0076","class":"farmland","color":"#b9b56a","area_m2":690.0},"geometry":{"type":"Polygon","coordinates":[[[666.9,313.1],[661.4,320.1],[661.6,322.4],[665.4,322.6],[671.4,318.9],[678.6,320.6],[681.4,319.6],[680.9,317.1],[677.1,314.6],[666.9,313.1]]]}},{"type":"Feature","properties":{"id":"LU_FARMLAND_0077","class":"farmland","color":"#b9b56a","area_m2":516.0},"geometry":{"type":"Polygon","coordinates":[[[70.6,307.1],[64.1,311.1],[63.6,313.4],[69.6,314.9],[80.9,310.1],[80.1,308.4],[77.6,307.4],[70.6,307.1]]]}},{"type":"Feature","properties":{"id":"LU_FARMLAND_0078","class":"farmland","color":"#b9b56a","area_m2":418.0},"geometry":{"type":"Polygon","coordinates":[[[690.6,304.1],[687.6,306.1],[687.6,309.9],[690.6,312.6],[695.6,313.4],[697.4,310.9],[696.9,307.9],[693.9,304.6],[690.6,304.1]]]}},{"type":"Feature","properties":{"id":"LU_FARMLAND_0079","class":"farmland","color":"#b9b56a","area_m2":1661.0},"geometry":{"type":"Polygon","coordinates":[[[487.1,297.6],[484.4,298.9],[478.6,298.4],[474.6,302.1],[474.1,308.6],[475.1,315.4],[476.6,317.6],[482.4,318.6],[488.9,315.1],[489.6,311.6],[487.9,305.6],[490.4,299.4],[487.1,297.6]]]}},{"type":"Feature","properties":{"id":"LU_FARMLAND_0080","class":"farmland","color":"#b9b56a","area_m2":720.0},"geometry":{"type":"Polygon","coordinates":[[[1263.9,296.6],[1261.6,299.4],[1263.6,304.4],[1263.1,308.4],[1264.9,312.1],[1267.4,312.9],[1269.4,311.6],[1270.4,307.1],[1273.4,304.4],[1273.9,300.6],[1272.1,299.6],[1269.1,300.9],[1265.9,297.1],[1263.9,296.6]]]}},{"type":"Feature","properties":{"id":"LU_FARMLAND_0081","class":"farmland","color":"#b9b56a","area_m2":322.0},"geometry":{"type":"Polygon","coordinates":[[[107.6,295.1],[104.6,297.1],[102.4,301.6],[104.4,305.4],[106.1,305.1],[110.6,299.4],[110.4,296.4],[107.6,295.1]]]}},{"type":"Feature","properties":{"id":"LU_FARMLAND_0082","class":"farmland","color":"#b9b56a","area_m2":2029.0},"geometry":{"type":"Polygon","coordinates":[[[974.6,270.1],[972.6,271.4],[972.4,273.4],[978.6,280.9],[978.1,287.6],[979.6,290.9],[987.4,294.9],[992.9,293.4],[996.6,288.4],[996.1,284.9],[989.4,279.9],[983.9,271.6],[979.6,270.1],[974.6,270.1]]]}},{"type":"Feature","properties":{"id":"LU_FARMLAND_0083","class":"farmland","color":"#b9b56a","area_m2":272.0},"geometry":{"type":"Polygon","coordinates":[[[959.6,268.6],[954.6,269.4],[952.9,272.6],[954.6,274.6],[960.1,275.6],[961.4,274.6],[960.9,270.4],[959.6,268.6]]]}},{"type":"Feature","properties":{"id":"LU_FARMLAND_0084","class":"farmland","color":"#b9b56a","area_m2":853.0},"geometry":{"type":"Polygon","coordinates":[[[523.6,262.4],[518.9,264.4],[517.6,267.9],[524.1,275.4],[526.1,275.6],[532.4,268.9],[532.9,264.9],[531.1,262.9],[523.6,262.4]]]}},{"type":"Feature","properties":{"id":"LU_FARMLAND_0085","class":"farmland","color":"#b9b56a","area_m2":364.0},"geometry":{"type":"Polygon","coordinates":[[[934.6,260.1],[931.1,262.1],[930.6,264.9],[932.4,267.1],[936.9,268.4],[940.4,265.9],[940.9,263.9],[939.1,261.6],[934.6,260.1]]]}},{"type":"Feature","properties":{"id":"LU_FARMLAND_0086","class":"farmland","color":"#b9b56a","area_m2":386.0},"geometry":{"type":"Polygon","coordinates":[[[141.1,255.4],[137.4,262.4],[137.4,265.1],[138.9,266.6],[140.9,266.4],[146.6,260.1],[145.1,257.1],[141.1,255.4]]]}},{"type":"Feature","properties":{"id":"LU_FARMLAND_0087","class":"farmland","color":"#b9b56a","area_m2":9582.0},"geometry":{"type":"Polygon","coordinates":[[[1240.4,254.1],[1226.9,257.6],[1222.6,261.1],[1222.9,271.4],[1216.9,278.6],[1213.6,278.9],[1209.4,276.4],[1207.4,277.4],[1209.6,283.4],[1213.4,283.6],[1215.6,285.4],[1212.6,292.9],[1215.1,299.4],[1215.1,307.1],[1216.4,308.6],[1229.1,302.4],[1236.1,302.4],[1240.4,298.9],[1241.1,292.6],[1243.1,288.6],[1241.9,279.4],[1248.9,264.6],[1252.9,265.4],[1256.9,271.6],[1254.1,279.4],[1254.4,283.9],[1257.9,283.4],[1264.6,278.4],[1264.9,274.4],[1261.9,267.6],[1261.4,261.6],[1255.1,256.6],[1245.6,254.1],[1240.4,254.1]]]}},{"type":"Feature","properties":{"id":"LU_FARMLAND_0088","class":"farmland","color":"#b9b56a","area_m2":9414.0},"geometry":{"type":"Polygon","coordinates":[[[626.6,253.6],[625.4,254.9],[627.4,259.6],[626.1,262.1],[619.6,260.1],[611.1,261.6],[611.9,265.1],[610.1,267.1],[595.1,277.1],[578.9,285.1],[576.9,286.9],[576.9,289.1],[582.9,293.4],[586.9,299.1],[593.4,300.1],[598.9,304.6],[607.1,295.4],[610.9,294.6],[615.1,290.9],[621.4,291.9],[626.6,289.1],[631.4,289.6],[635.9,287.4],[640.9,282.1],[646.9,268.6],[645.6,266.6],[642.9,266.4],[641.4,267.9],[641.6,270.9],[638.9,272.4],[636.6,272.4],[632.1,269.6],[629.9,265.6],[630.6,256.6],[626.6,253.6]],[[603.9,281.9],[609.1,279.4],[609.9,281.1],[607.9,283.6],[605.4,284.4],[603.9,281.9]]]}},{"type":"Feature","properties":{"id":"LU_FARMLAND_0089","class":"farmland","color":"#b9b56a","area_m2":247.0},"geometry":{"type":"Polygon","coordinates":[[[1967.6,244.1],[1964.6,246.1],[1964.6,248.6],[1967.6,250.6],[1971.9,249.4],[1973.1,247.4],[1972.6,245.4],[1967.6,244.1]]]}},{"type":"Feature","properties":{"id":"LU_FARMLAND_0090","class":"farmland","color":"#b9b56a","area_m2":432.0},"geometry":{"type":"Polygon","coordinates":[[[936.4,242.9],[931.1,249.9],[932.6,252.6],[937.4,252.6],[941.9,249.4],[941.1,244.9],[936.4,242.9]]]}},{"type":"Feature","properties":{"id":"LU_FARMLAND_0091","class":"farmland","color":"#b9b56a","area_m2":984.0},"geometry":{"type":"Polygon","coordinates":[[[1403.9,227.1],[1401.4,229.6],[1402.1,231.6],[1413.1,232.4],[1422.1,236.4],[1426.9,240.9],[1431.6,239.9],[1433.1,238.4],[1430.9,234.6],[1425.9,232.1],[1412.6,228.1],[1403.9,227.1]]]}},{"type":"Feature","properties":{"id":"LU_FARMLAND_0092","class":"farmland","color":"#b9b56a","area_m2":357.0},"geometry":{"type":"Polygon","coordinates":[[[1104.6,224.6],[1100.4,233.1],[1102.6,235.6],[1106.1,235.9],[1107.9,234.9],[1108.4,232.1],[1106.6,225.9],[1104.6,224.6]]]}},{"type":"Feature","properties":{"id":"LU_FARMLAND_0093","class":"farmland","color":"#b9b56a","area_m2":757.0},"geometry":{"type":"Polygon","coordinates":[[[1051.6,216.1],[1049.6,217.4],[1049.4,219.4],[1052.6,227.9],[1057.4,230.6],[1060.9,230.4],[1064.4,226.9],[1064.6,224.1],[1058.9,223.4],[1057.1,221.4],[1056.4,217.4],[1051.6,216.1]]]}},{"type":"Feature","properties":{"id":"LU_FARMLAND_0094","class":"farmland","color":"#b9b56a","area_m2":3921.0},"geometry":{"type":"Polygon","coordinates":[[[561.6,204.1],[555.4,205.9],[548.6,204.9],[546.6,206.1],[544.4,210.6],[547.6,218.1],[547.6,225.9],[556.4,234.1],[569.1,229.9],[575.6,222.1],[575.4,220.1],[571.4,215.9],[566.4,207.1],[561.6,204.1]]]}},{"type":"Feature","properties":{"id":"LU_FARMLAND_0095","class":"farmland","color":"#b9b56a","area_m2":438.0},"geometry":{"type":"Polygon","coordinates":[[[826.4,201.1],[817.4,203.6],[816.6,206.6],[823.4,206.6],[828.1,208.4],[832.4,203.1],[830.4,201.4],[826.4,201.1]]]}},{"type":"Feature","properties":{"id":"LU_FARMLAND_0096","class":"farmland","color":"#b9b56a","area_m2":1315.0},"geometry":{"type":"Polygon","coordinates":[[[1412.4,200.1],[1407.6,202.6],[1403.4,215.6],[1404.6,219.9],[1407.6,221.9],[1410.1,221.1],[1413.4,215.1],[1419.9,209.1],[1416.1,200.9],[1412.4,200.1]]]}},{"type":"Feature","properties":{"id":"LU_FARMLAND_0097","class":"farmland","color":"#b9b56a","area_m2":1374.0},"geometry":{"type":"Polygon","coordinates":[[[591.9,193.9],[586.4,199.9],[576.4,198.6],[574.6,201.1],[576.1,206.1],[585.4,217.4],[587.1,217.1],[589.9,213.4],[589.6,209.6],[587.4,205.4],[594.9,198.1],[594.1,194.9],[591.9,193.9]]]}},{"type":"Feature","properties":{"id":"LU_FARMLAND_0098","class":"farmland","color":"#b9b56a","area_m2":12525.0},"geometry":{"type":"Polygon","coordinates":[[[1010.4,179.4],[1009.4,182.4],[1013.1,188.4],[1012.9,192.4],[1010.9,194.6],[995.6,201.1],[985.6,203.1],[978.4,203.1],[963.4,207.9],[953.4,207.1],[948.1,209.6],[945.6,212.1],[945.6,214.6],[953.6,216.4],[957.6,223.9],[968.1,234.4],[973.1,236.4],[978.6,233.9],[984.6,234.4],[990.1,229.4],[995.6,229.9],[999.4,228.6],[1006.1,220.4],[1012.4,221.9],[1016.9,221.4],[1025.1,215.9],[1026.4,213.1],[1023.6,209.1],[1016.4,202.9],[1016.1,199.1],[1018.6,198.4],[1027.6,206.6],[1030.9,206.4],[1032.4,203.4],[1014.4,183.9],[1013.4,181.1],[1010.4,179.4]]]}},{"type":"Feature","properties":{"id":"LU_FARMLAND_0099","class":"farmland","color":"#b9b56a","area_m2":1366.0},"geometry":{"type":"Polygon","coordinates":[[[860.6,176.6],[859.6,177.6],[860.6,182.6],[857.4,188.1],[863.9,189.4],[866.6,187.1],[868.9,187.1],[869.6,189.6],[865.9,191.4],[865.1,194.1],[867.6,195.6],[872.9,194.4],[877.9,188.4],[872.9,179.1],[860.6,176.6]]]}},{"type":"Feature","properties":{"id":"LU_FARMLAND_0100","class":"farmland","color":"#b9b56a","area_m2":359.0},"geometry":{"type":"Polygon","coordinates":[[[570.4,174.6],[568.6,176.4],[569.9,178.9],[575.1,180.4],[581.9,184.4],[584.1,184.1],[581.9,179.6],[570.4,174.6]]]}},{"type":"Feature","properties":{"id":"LU_FARMLAND_0101","class":"farmland","color":"#b9b56a","area_m2":7846.0},"geometry":{"type":"Polygon","coordinates":[[[958.9,172.4],[950.9,180.6],[946.4,182.9],[933.4,177.4],[927.4,178.1],[921.9,180.6],[915.4,180.1],[913.4,181.1],[909.4,186.6],[908.9,190.9],[915.9,200.6],[915.6,204.1],[913.6,206.1],[906.6,205.9],[897.9,196.6],[892.1,195.6],[890.1,196.1],[884.1,204.9],[886.9,206.4],[890.1,202.4],[892.6,202.4],[897.1,207.4],[902.1,210.1],[904.6,216.9],[907.1,219.4],[909.9,219.4],[913.4,214.1],[914.4,210.1],[917.6,207.1],[924.1,205.6],[930.1,197.4],[932.4,196.9],[937.4,198.6],[947.4,194.6],[953.6,190.6],[960.4,192.4],[961.1,189.6],[959.6,183.9],[962.6,181.9],[967.6,182.1],[968.9,179.9],[964.9,174.6],[958.9,172.4]],[[945.6,186.4],[948.1,186.6],[949.4,188.4],[947.4,191.4],[944.1,189.9],[945.6,186.4]]]}},{"type":"Feature","properties":{"id":"LU_FARMLAND_0102","class":"farmland","color":"#b9b56a","area_m2":513.0},"geometry":{"type":"Polygon","coordinates":[[[903.4,167.1],[899.6,169.4],[900.1,172.9],[905.4,174.1],[909.9,178.4],[912.6,178.4],[912.9,176.6],[908.9,168.1],[903.4,167.1]]]}},{"type":"Feature","properties":{"id":"LU_FARMLAND_0103","class":"farmland","color":"#b9b56a","area_m2":658.0},"geometry":{"type":"Polygon","coordinates":[[[535.4,166.9],[530.1,167.6],[529.4,170.6],[535.1,178.4],[539.1,179.6],[543.1,171.6],[535.4,166.9]]]}},{"type":"Feature","properties":{"id":"LU_FARMLAND_0104","class":"farmland","color":"#b9b56a","area_m2":378.0},"geometry":{"type":"Polygon","coordinates":[[[551.9,165.4],[547.6,173.9],[549.1,174.9],[560.6,175.4],[561.1,173.1],[555.1,171.6],[553.4,169.6],[553.4,165.9],[551.9,165.4]]]}},{"type":"Feature","properties":{"id":"LU_FARMLAND_0105","class":"farmland","color":"#b9b56a","area_m2":1044.0},"geometry":{"type":"Polygon","coordinates":[[[71.4,164.1],[61.6,171.4],[64.1,175.4],[67.6,177.1],[77.4,174.6],[81.4,171.6],[78.9,165.6],[75.6,164.1],[71.4,164.1]]]}},{"type":"Feature","properties":{"id":"LU_FARMLAND_0106","class":"farmland","color":"#b9b56a","area_m2":1349.0},"geometry":{"type":"Polygon","coordinates":[[[842.6,163.4],[842.6,167.6],[840.4,169.1],[825.6,167.1],[821.1,171.9],[820.9,175.1],[822.6,176.6],[828.9,177.4],[833.6,174.9],[839.4,175.9],[844.1,174.9],[849.9,168.1],[845.1,163.9],[842.6,163.4]]]}},{"type":"Feature","properties":{"id":"LU_FARMLAND_0107","class":"farmland","color":"#b9b56a","area_m2":413.0},"geometry":{"type":"Polygon","coordinates":[[[504.9,163.4],[495.9,170.9],[496.9,174.1],[501.1,173.9],[507.4,167.9],[507.4,164.4],[504.9,163.4]]]}},{"type":"Feature","properties":{"id":"LU_FARMLAND_0108","class":"farmland","color":"#b9b56a","area_m2":238.0},"geometry":{"type":"Polygon","coordinates":[[[213.6,160.4],[207.6,164.4],[208.9,167.1],[210.9,167.4],[216.4,164.6],[216.4,161.4],[213.6,160.4]]]}},{"type":"Feature","properties":{"id":"LU_FARMLAND_0109","class":"farmland","color":"#b9b56a","area_m2":415.0},"geometry":{"type":"Polygon","coordinates":[[[523.9,153.1],[522.6,155.4],[528.4,162.4],[531.4,162.6],[535.1,160.1],[534.6,157.6],[531.1,156.6],[527.4,153.4],[523.9,153.1]]]}},{"type":"Feature","properties":{"id":"LU_FARMLAND_0110","class":"farmland","color":"#b9b56a","area_m2":365.0},"geometry":{"type":"Polygon","coordinates":[[[350.6,151.1],[341.6,150.6],[342.4,152.4],[346.4,153.9],[351.6,153.9],[355.4,156.4],[356.6,156.4],[358.9,153.4],[358.6,151.4],[356.4,150.1],[350.6,151.1]]]}},{"type":"Feature","properties":{"id":"LU_FARMLAND_0111","class":"farmland","color":"#b9b56a","area_m2":567.0},"geometry":{"type":"Polygon","coordinates":[[[508.1,148.6],[504.9,150.9],[504.9,153.1],[514.9,160.9],[518.1,161.4],[518.6,159.1],[515.4,153.1],[511.1,149.1],[508.1,148.6]]]}},{"type":"Feature","properties":{"id":"LU_FARMLAND_0112","class":"farmland","color":"#b9b56a","area_m2":1245.0},"geometry":{"type":"Polygon","coordinates":[[[1692.9,143.4],[1690.6,145.1],[1688.4,150.6],[1689.6,154.9],[1692.6,156.9],[1704.9,158.4],[1707.1,154.4],[1701.1,145.4],[1698.4,143.4],[1692.9,143.4]]]}},{"type":"Feature","properties":{"id":"LU_FARMLAND_0113","class":"farmland","color":"#b9b56a","area_m2":489.0},"geometry":{"type":"Polygon","coordinates":[[[1617.6,141.1],[1613.1,142.6],[1611.6,145.6],[1618.9,153.4],[1622.9,145.6],[1619.9,141.6],[1617.6,141.1]]]}},{"type":"Feature","properties":{"id":"LU_FARMLAND_0114","class":"farmland","color":"#b9b56a","area_m2":314.0},"geometry":{"type":"Polygon","coordinates":[[[842.4,137.6],[840.6,140.6],[844.6,144.6],[847.4,144.6],[852.1,141.1],[849.9,139.1],[842.4,137.6]]]}},{"type":"Feature","properties":{"id":"LU_FARMLAND_0115","class":"farmland","color":"#b9b56a","area_m2":842.0},"geometry":{"type":"Polygon","coordinates":[[[221.6,127.4],[218.1,128.6],[216.1,132.1],[222.1,138.9],[223.6,146.6],[226.1,147.6],[228.6,144.4],[227.9,135.4],[225.4,129.1],[221.6,127.4]]]}},{"type":"Feature","properties":{"id":"LU_FARMLAND_0116","class":"farmland","color":"#b9b56a","area_m2":3233.0},"geometry":{"type":"Polygon","coordinates":[[[295.4,123.1],[284.6,131.1],[283.9,138.1],[281.4,140.1],[271.4,140.1],[258.6,137.1],[253.1,133.4],[250.6,133.9],[249.6,135.4],[260.6,144.6],[265.6,144.9],[272.9,149.4],[282.4,151.6],[286.9,148.1],[288.4,142.1],[301.9,131.4],[305.4,126.6],[303.4,123.4],[295.4,123.1]]]}},{"type":"Feature","properties":{"id":"LU_FARMLAND_0117","class":"farmland","color":"#b9b56a","area_m2":7653.0},"geometry":{"type":"Polygon","coordinates":[[[762.6,122.9],[754.6,126.1],[746.4,123.1],[743.9,123.6],[734.6,131.1],[734.4,134.4],[740.1,141.4],[747.9,141.4],[754.9,149.4],[768.1,150.9],[774.1,158.6],[780.9,160.4],[783.6,165.9],[787.1,169.4],[790.6,169.9],[795.9,168.4],[798.4,170.4],[801.9,176.6],[804.9,176.6],[816.1,166.1],[815.1,163.1],[800.9,158.1],[786.4,148.4],[777.9,146.4],[772.9,148.9],[766.1,146.6],[763.1,143.4],[762.4,134.4],[767.9,126.9],[765.4,123.9],[762.6,122.9]]]}},{"type":"Feature","properties":{"id":"LU_FARMLAND_0118","class":"farmland","color":"#b9b56a","area_m2":732.0},"geometry":{"type":"Polygon","coordinates":[[[1448.4,120.6],[1445.4,124.6],[1447.6,130.9],[1452.9,135.4],[1460.6,135.4],[1461.1,133.1],[1453.4,126.9],[1452.1,121.9],[1448.4,120.6]]]}},{"type":"Feature","properties":{"id":"LU_FARMLAND_0119","class":"farmland","color":"#b9b56a","area_m2":872.0},"geometry":{"type":"Polygon","coordinates":[[[500.6,120.4],[493.9,121.4],[492.6,123.6],[500.6,130.1],[506.9,138.1],[510.1,137.9],[511.9,134.6],[507.9,131.1],[503.6,121.6],[500.6,120.4]]]}},{"type":"Feature","properties":{"id":"LU_FARMLAND_0120","class":"farmland","color":"#b9b56a","area_m2":1181.0},"geometry":{"type":"Polygon","coordinates":[[[254.4,111.4],[247.6,112.4],[242.1,116.6],[240.9,118.6],[241.6,121.9],[249.4,125.9],[251.9,124.9],[256.1,119.9],[262.1,117.1],[262.1,114.1],[254.4,111.4]]]}},{"type":"Feature","properties":{"id":"LU_FARMLAND_0121","class":"farmland","color":"#b9b56a","area_m2":6011.0},"geometry":{"type":"Polygon","coordinates":[[[769.4,110.9],[767.4,113.9],[772.1,119.4],[781.9,124.4],[788.6,125.1],[793.1,130.4],[794.1,132.4],[793.1,138.4],[794.6,140.6],[802.1,142.4],[813.6,147.6],[816.4,146.4],[813.9,142.6],[800.1,134.6],[795.1,129.4],[795.6,127.9],[796.9,127.9],[811.1,132.9],[827.1,146.9],[829.4,146.9],[836.6,142.9],[834.9,137.4],[828.1,130.4],[826.4,122.1],[818.1,116.6],[812.6,116.4],[807.9,120.6],[805.6,121.1],[798.6,116.6],[791.6,116.4],[788.6,118.4],[791.9,123.9],[791.1,125.4],[789.6,125.4],[778.9,115.6],[772.9,111.6],[769.4,110.9]]]}},{"type":"Feature","properties":{"id":"LU_FARMLAND_0122","class":"farmland","color":"#b9b56a","area_m2":1931.0},"geometry":{"type":"Polygon","coordinates":[[[1506.6,107.6],[1498.4,108.9],[1494.9,112.6],[1490.6,113.4],[1482.1,117.6],[1477.9,124.6],[1473.4,126.1],[1473.6,128.6],[1477.4,129.6],[1482.6,125.1],[1489.4,126.9],[1495.1,124.6],[1496.9,121.6],[1497.1,117.6],[1499.1,115.4],[1505.4,116.9],[1509.9,116.4],[1511.6,113.6],[1508.1,111.4],[1506.6,107.6]]]}},{"type":"Feature","properties":{"id":"LU_FARMLAND_0123","class":"farmland","color":"#b9b56a","area_m2":6777.0},"geometry":{"type":"Polygon","coordinates":[[[451.6,105.1],[448.6,107.4],[449.4,119.1],[451.6,120.4],[455.9,117.1],[458.4,119.1],[451.1,127.1],[447.1,127.1],[444.4,123.1],[444.9,111.1],[443.9,109.6],[438.1,112.6],[433.6,113.4],[429.1,118.6],[422.9,119.6],[419.6,122.1],[418.1,126.4],[418.6,129.9],[425.9,135.4],[430.1,140.4],[439.4,139.9],[444.9,143.4],[448.1,143.4],[459.1,129.4],[465.9,126.4],[473.4,118.9],[473.4,115.9],[471.4,113.4],[464.9,112.6],[456.9,106.6],[451.6,105.1]]]}},{"type":"Feature","properties":{"id":"LU_FARMLAND_0124","class":"farmland","color":"#b9b56a","area_m2":1996.0},"geometry":{"type":"Polygon","coordinates":[[[685.6,103.4],[674.9,108.1],[673.4,109.9],[673.6,111.9],[677.9,118.4],[681.4,119.1],[684.6,121.6],[690.1,121.1],[693.4,123.1],[696.1,123.1],[697.9,120.4],[697.9,115.6],[691.4,106.1],[688.1,103.6],[685.6,103.4]]]}},{"type":"Feature","properties":{"id":"LU_FARMLAND_0125","class":"farmland","color":"#b9b56a","area_m2":904.0},"geometry":{"type":"Polygon","coordinates":[[[266.4,103.1],[260.9,105.1],[258.4,107.9],[259.4,110.1],[264.9,113.6],[277.4,109.6],[278.6,108.1],[278.4,106.1],[275.1,103.6],[266.4,103.1]]]}},{"type":"Feature","properties":{"id":"LU_FARMLAND_0126","class":"farmland","color":"#b9b56a","area_m2":2002.0},"geometry":{"type":"Polygon","coordinates":[[[1542.1,98.6],[1533.9,106.6],[1529.9,108.9],[1529.1,111.4],[1530.9,114.4],[1537.6,112.9],[1549.6,116.4],[1557.4,110.9],[1558.4,105.1],[1557.1,102.9],[1548.6,101.4],[1542.1,98.6]]]}},{"type":"Feature","properties":{"id":"LU_FARMLAND_0127","class":"farmland","color":"#b9b56a","area_m2":1180.0},"geometry":{"type":"Polygon","coordinates":[[[1472.6,97.1],[1460.4,102.1],[1458.1,107.6],[1459.9,111.6],[1465.6,111.9],[1474.1,108.1],[1477.9,100.6],[1476.1,98.1],[1472.6,97.1]]]}},{"type":"Feature","properties":{"id":"LU_FARMLAND_0128","class":"farmland","color":"#b9b56a","area_m2":244.0},"geometry":{"type":"Polygon","coordinates":[[[1009.4,96.4],[1007.1,98.9],[1006.6,101.6],[1011.1,106.6],[1013.4,99.4],[1009.4,96.4]]]}},{"type":"Feature","properties":{"id":"LU_FARMLAND_0129","class":"farmland","color":"#b9b56a","area_m2":671.0},"geometry":{"type":"Polygon","coordinates":[[[673.6,92.6],[656.6,97.4],[655.1,99.9],[656.6,100.9],[674.6,99.9],[676.4,98.6],[676.1,96.4],[673.6,92.6]]]}},{"type":"Feature","properties":{"id":"LU_FARMLAND_0130","class":"farmland","color":"#b9b56a","area_m2":1806.0},"geometry":{"type":"Polygon","coordinates":[[[422.4,84.1],[416.6,88.1],[416.6,91.1],[420.4,93.9],[428.6,93.4],[429.4,95.9],[423.6,99.4],[424.1,102.1],[430.4,105.9],[434.9,105.4],[442.4,97.9],[442.4,94.1],[440.1,92.4],[435.4,93.4],[427.9,84.6],[422.4,84.1]]]}},{"type":"Feature","properties":{"id":"LU_FARMLAND_0131","class":"farmland","color":"#b9b56a","area_m2":1747.0},"geometry":{"type":"Polygon","coordinates":[[[710.9,82.4],[702.6,87.1],[694.9,86.4],[693.4,87.9],[693.6,89.9],[704.1,99.4],[706.9,99.4],[709.4,97.4],[715.6,99.4],[718.4,96.1],[718.6,90.6],[715.4,85.1],[712.9,82.6],[710.9,82.4]]]}},{"type":"Feature","properties":{"id":"LU_FARMLAND_0132","class":"farmland","color":"#b9b56a","area_m2":1128.0},"geometry":{"type":"Polygon","coordinates":[[[1519.4,82.1],[1515.6,84.1],[1512.9,90.9],[1499.9,90.4],[1498.1,91.9],[1498.4,93.6],[1525.1,93.4],[1526.9,91.1],[1527.4,83.6],[1524.6,82.1],[1519.4,82.1]]]}},{"type":"Feature","properties":{"id":"LU_FARMLAND_0133","class":"farmland","color":"#b9b56a","area_m2":1912.0},"geometry":{"type":"Polygon","coordinates":[[[1298.6,70.6],[1297.6,72.6],[1300.6,80.6],[1296.4,84.4],[1296.4,85.6],[1305.4,89.4],[1313.1,87.1],[1314.9,88.9],[1316.1,96.1],[1317.4,97.4],[1321.1,96.1],[1321.9,91.4],[1320.1,82.9],[1312.9,79.1],[1305.1,73.1],[1298.6,70.6]]]}},{"type":"Feature","properties":{"id":"LU_FARMLAND_0134","class":"farmland","color":"#b9b56a","area_m2":607.0},"geometry":{"type":"Polygon","coordinates":[[[1322.4,70.1],[1317.9,71.9],[1319.9,74.9],[1331.6,80.6],[1333.4,80.4],[1335.4,77.9],[1334.9,74.6],[1331.4,74.4],[1325.9,70.4],[1322.4,70.1]]]}},{"type":"Feature","properties":{"id":"LU_FARMLAND_0135","class":"farmland","color":"#b9b56a","area_m2":219.0},"geometry":{"type":"Polygon","coordinates":[[[1275.9,66.1],[1272.1,71.6],[1274.4,75.4],[1276.1,75.1],[1278.1,72.4],[1277.6,66.9],[1275.9,66.1]]]}},{"type":"Feature","properties":{"id":"LU_FARMLAND_0136","class":"farmland","color":"#b9b56a","area_m2":517.0},"geometry":{"type":"Polygon","coordinates":[[[1680.6,64.1],[1674.9,66.9],[1675.1,70.1],[1678.9,73.4],[1687.9,76.4],[1682.6,65.1],[1680.6,64.1]]]}},{"type":"Feature","properties":{"id":"LU_FARMLAND_0137","class":"farmland","color":"#b9b56a","area_m2":211.0},"geometry":{"type":"Polygon","coordinates":[[[369.9,58.4],[361.9,59.9],[361.4,62.4],[369.6,63.4],[371.1,59.9],[369.9,58.4]]]}},{"type":"Feature","properties":{"id":"LU_FARMLAND_0138","class":"farmland","color":"#b9b56a","area_m2":345.0},"geometry":{"type":"Polygon","coordinates":[[[999.1,57.4],[998.1,58.9],[998.6,63.1],[1002.1,71.1],[1004.4,72.4],[1005.4,70.1],[1001.6,58.1],[999.1,57.4]]]}},{"type":"Feature","properties":{"id":"LU_FARMLAND_0139","class":"farmland","color":"#b9b56a","area_m2":3821.0},"geometry":{"type":"Polygon","coordinates":[[[1631.6,44.4],[1626.1,46.6],[1617.9,54.9],[1617.4,62.4],[1625.1,69.4],[1632.9,70.9],[1636.4,77.1],[1640.6,78.4],[1642.4,74.4],[1640.4,71.1],[1640.1,67.6],[1645.9,61.1],[1647.4,56.1],[1640.9,47.6],[1631.6,44.4]]]}},{"type":"Feature","properties":{"id":"LU_FARMLAND_0140","class":"farmland","color":"#b9b56a","area_m2":1502.0},"geometry":{"type":"Polygon","coordinates":[[[1403.6,39.1],[1396.1,43.6],[1391.6,44.6],[1386.6,49.6],[1386.6,53.1],[1389.1,56.9],[1391.4,57.9],[1405.4,56.9],[1409.1,54.1],[1409.1,51.9],[1405.4,49.4],[1402.9,49.6],[1397.4,53.1],[1393.4,50.6],[1394.9,47.9],[1397.9,46.4],[1407.4,45.9],[1409.4,44.6],[1407.9,40.6],[1403.6,39.1]]]}},{"type":"Feature","properties":{"id":"LU_FARMLAND_0141","class":"farmland","color":"#b9b56a","area_m2":634.0},"geometry":{"type":"Polygon","coordinates":[[[1664.4,38.1],[1663.1,39.1],[1663.6,40.9],[1668.9,45.9],[1674.4,47.9],[1678.6,47.4],[1679.1,44.1],[1677.1,41.1],[1670.6,38.1],[1664.4,38.1]]]}},{"type":"Feature","properties":{"id":"LU_FARMLAND_0142","class":"farmland","color":"#b9b56a","area_m2":478.0},"geometry":{"type":"Polygon","coordinates":[[[109.4,30.6],[106.1,40.1],[107.9,42.4],[110.4,42.6],[114.4,39.9],[116.1,35.4],[112.9,31.6],[109.4,30.6]]]}},{"type":"Feature","properties":{"id":"LU_FARMLAND_0143","class":"farmland","color":"#b9b56a","area_m2":2754.0},"geometry":{"type":"Polygon","coordinates":[[[345.9,23.1],[344.4,24.6],[338.1,45.4],[338.4,49.1],[340.6,50.9],[344.1,50.4],[354.9,44.4],[358.9,43.6],[362.4,32.9],[361.9,30.1],[358.1,27.1],[351.6,24.1],[345.9,23.1]]]}},{"type":"Feature","properties":{"id":"LU_FARMLAND_0144","class":"farmland","color":"#b9b56a","area_m2":7773.0},"geometry":{"type":"Polygon","coordinates":[[[1610.4,16.1],[1593.9,18.6],[1590.1,20.6],[1580.9,29.6],[1578.9,29.4],[1573.1,22.9],[1569.1,23.6],[1566.1,29.4],[1568.4,45.6],[1570.6,46.1],[1575.6,42.1],[1583.9,49.6],[1588.1,50.6],[1593.9,45.9],[1598.6,45.4],[1602.1,42.1],[1601.6,39.6],[1598.1,38.9],[1596.9,37.1],[1597.4,32.1],[1601.4,28.4],[1603.1,28.6],[1607.6,32.9],[1612.6,31.9],[1616.6,33.1],[1627.4,32.9],[1637.9,26.1],[1629.4,18.4],[1619.6,16.1],[1610.4,16.1]]]}},{"type":"Feature","properties":{"id":"LU_FARMLAND_0145","class":"farmland","color":"#b9b56a","area_m2":273.0},"geometry":{"type":"Polygon","coordinates":[[[514.4,13.6],[513.1,15.6],[513.6,18.9],[518.6,21.6],[521.1,21.1],[521.6,18.4],[517.1,14.1],[514.4,13.6]]]}},{"type":"Feature","properties":{"id":"LU_FARMLAND_0146","class":"farmland","color":"#b9b56a","area_m2":5203.0},"geometry":{"type":"Polygon","coordinates":[[[1494.4,10.1],[1485.1,13.6],[1483.1,15.9],[1484.6,21.6],[1473.1,29.6],[1470.6,32.9],[1470.6,38.9],[1478.6,47.6],[1485.1,47.1],[1495.6,37.1],[1506.1,36.6],[1508.1,34.9],[1501.9,28.4],[1502.9,24.9],[1507.4,19.9],[1507.4,17.1],[1498.9,10.6],[1494.4,10.1]],[[1486.6,27.6],[1488.1,28.4],[1486.9,30.1],[1485.4,28.9],[1486.6,27.6]]]}},{"type":"Feature","properties":{"id":"LU_FARMLAND_0147","class":"farmland","color":"#b9b56a","area_m2":5004.0},"geometry":{"type":"Polygon","coordinates":[[[1716.1,5.6],[1708.1,10.6],[1705.6,13.4],[1705.9,15.6],[1713.6,22.1],[1718.1,30.4],[1722.9,33.4],[1728.6,33.9],[1731.6,35.9],[1733.1,38.6],[1733.6,44.1],[1736.1,47.4],[1741.4,49.9],[1745.6,47.9],[1750.9,47.6],[1753.4,43.4],[1758.6,43.4],[1760.6,37.6],[1759.9,32.6],[1758.4,30.6],[1757.1,31.1],[1757.1,34.4],[1755.4,36.6],[1752.6,35.6],[1747.4,36.6],[1742.4,32.1],[1735.4,33.9],[1732.1,32.9],[1728.4,27.1],[1728.1,24.6],[1729.6,22.4],[1734.9,20.9],[1733.9,16.9],[1721.1,7.1],[1716.1,5.6]]]}},{"type":"Feature","properties":{"id":"LU_FARMLAND_0148","class":"farmland","color":"#b9b56a","area_m2":4979.0},"geometry":{"type":"Polygon","coordinates":[[[1319.6,0.1],[1317.1,16.6],[1318.6,19.9],[1323.1,24.4],[1331.6,29.6],[1338.6,27.9],[1344.4,29.6],[1350.4,24.9],[1352.6,21.4],[1353.4,14.4],[1345.1,5.9],[1341.1,4.6],[1338.9,0.1],[1319.6,0.1]],[[1340.4,7.4],[1342.4,7.1],[1343.9,8.9],[1343.1,12.1],[1341.1,13.9],[1338.9,12.1],[1340.4,7.4]]]}},{"type":"Feature","properties":{"id":"LU_FARMLAND_0149","class":"farmland","color":"#b9b56a","area_m2":1100.0},"geometry":{"type":"Polygon","coordinates":[[[1162.6,0.1],[1163.4,7.9],[1165.1,8.9],[1169.6,8.4],[1174.1,13.4],[1176.6,12.9],[1181.9,8.9],[1181.9,6.6],[1178.4,2.9],[1177.9,0.1],[1162.6,0.1]]]}},{"type":"Feature","properties":{"id":"LU_FARMLAND_0150","class":"farmland","color":"#b9b56a","area_m2":1373.0},"geometry":{"type":"Polygon","coordinates":[[[496.1,0.1],[494.1,6.6],[495.4,11.4],[501.6,8.9],[505.6,8.9],[510.4,6.4],[516.4,9.9],[519.6,9.4],[520.9,7.4],[518.9,0.1],[496.1,0.1]]]}},{"type":"Feature","properties":{"id":"LU_FARMLAND_0151","class":"farmland","color":"#b9b56a","area_m2":6594.0},"geometry":{"type":"Polygon","coordinates":[[[312.1,0.1],[309.6,6.9],[314.4,12.9],[313.9,15.4],[306.9,14.4],[299.1,20.6],[291.6,20.9],[282.9,26.9],[278.6,32.1],[279.1,36.1],[286.9,48.1],[290.1,47.9],[294.9,42.9],[300.9,41.4],[305.1,37.4],[310.9,34.4],[318.9,33.4],[323.4,27.6],[316.4,23.9],[317.4,20.4],[319.4,19.9],[324.4,21.9],[328.4,20.6],[329.4,12.9],[321.4,0.1],[312.1,0.1]],[[304.9,22.6],[307.1,22.6],[308.6,25.6],[305.9,28.6],[303.4,29.4],[301.1,25.9],[304.9,22.6]]]}},{"type":"Feature","properties":{"id":"LU_FARMLAND_0152","class":"farmland","color":"#b9b56a","area_m2":244.0},"geometry":{"type":"Polygon","coordinates":[[[161.1,0.1],[161.6,2.9],[165.6,5.6],[167.9,5.4],[170.4,2.6],[170.4,0.1],[161.1,0.1]]]}},{"type":"Feature","properties":{"id":"LU_MEADOW_0001","class":"meadow","color":"#8fa55a","area_m2":323.0},"geometry":{"type":"Polygon","coordinates":[[[417.6,652.6],[416.4,655.4],[419.4,659.1],[428.1,657.4],[430.1,655.1],[429.1,653.4],[422.6,654.9],[417.6,652.6]]]}},{"type":"Feature","properties":{"id":"LU_MEADOW_0002","class":"meadow","color":"#8fa55a","area_m2":266.0},"geometry":{"type":"Polygon","coordinates":[[[996.4,648.6],[994.4,652.1],[997.1,655.4],[1001.4,655.9],[1003.4,654.6],[1003.6,652.9],[1002.1,651.1],[996.4,648.6]]]}},{"type":"Feature","properties":{"id":"LU_MEADOW_0003","class":"meadow","color":"#8fa55a","area_m2":352.0},"geometry":{"type":"Polygon","coordinates":[[[895.9,644.1],[892.6,648.9],[894.6,652.9],[897.6,654.4],[901.4,651.6],[901.6,649.9],[897.6,644.6],[895.9,644.1]]]}},{"type":"Feature","properties":{"id":"LU_MEADOW_0004","class":"meadow","color":"#8fa55a","area_m2":410.0},"geometry":{"type":"Polygon","coordinates":[[[944.4,642.1],[936.1,648.1],[936.6,651.4],[939.6,651.9],[948.1,649.1],[944.4,642.1]]]}},{"type":"Feature","properties":{"id":"LU_MEADOW_0005","class":"meadow","color":"#8fa55a","area_m2":325.0},"geometry":{"type":"Polygon","coordinates":[[[1895.9,640.4],[1893.6,643.6],[1897.1,647.4],[1902.4,647.9],[1904.4,646.6],[1904.6,644.9],[1903.1,643.1],[1895.9,640.4]]]}},{"type":"Feature","properties":{"id":"LU_MEADOW_0006","class":"meadow","color":"#8fa55a","area_m2":492.0},"geometry":{"type":"Polygon","coordinates":[[[1383.6,639.1],[1380.6,641.1],[1379.1,644.4],[1379.6,647.9],[1382.9,650.6],[1384.9,650.4],[1388.9,645.4],[1388.1,640.9],[1383.6,639.1]]]}},{"type":"Feature","properties":{"id":"LU_MEADOW_0007","class":"meadow","color":"#8fa55a","area_m2":302.0},"geometry":{"type":"Polygon","coordinates":[[[42.1,624.1],[40.4,625.1],[40.1,629.6],[41.6,632.9],[44.6,634.1],[46.6,632.4],[46.9,629.4],[45.4,626.1],[42.1,624.1]]]}},{"type":"Feature","properties":{"id":"LU_MEADOW_0008","class":"meadow","color":"#8fa55a","area_m2":640.0},"geometry":{"type":"Polygon","coordinates":[[[1366.4,621.1],[1358.6,622.4],[1357.4,623.9],[1360.1,632.6],[1368.4,630.6],[1369.6,629.1],[1368.9,623.9],[1366.4,621.1]]]}},{"type":"Feature","properties":{"id":"LU_MEADOW_0009","class":"meadow","color":"#8fa55a","area_m2":378.0},"geometry":{"type":"Polygon","coordinates":[[[1626.6,619.1],[1624.1,621.6],[1624.6,625.9],[1627.6,627.9],[1633.4,626.6],[1634.1,623.9],[1630.1,620.1],[1626.6,619.1]]]}},{"type":"Feature","properties":{"id":"LU_MEADOW_0010","class":"meadow","color":"#8fa55a","area_m2":1030.0},"geometry":{"type":"Polygon","coordinates":[[[1860.4,615.6],[1858.9,617.4],[1859.6,619.9],[1868.1,626.6],[1878.4,627.9],[1881.6,625.4],[1880.4,621.4],[1875.9,620.1],[1871.1,616.6],[1864.6,616.9],[1860.4,615.6]]]}},{"type":"Feature","properties":{"id":"LU_MEADOW_0011","class":"meadow","color":"#8fa55a","area_m2":286.0},"geometry":{"type":"Polygon","coordinates":[[[1196.1,612.1],[1194.4,614.4],[1196.6,618.9],[1199.6,620.6],[1201.9,620.4],[1203.4,618.9],[1203.4,616.4],[1196.1,612.1]]]}},{"type":"Feature","properties":{"id":"LU_MEADOW_0012","class":"meadow","color":"#8fa55a","area_m2":662.0},"geometry":{"type":"Polygon","coordinates":[[[899.9,605.1],[898.1,607.1],[901.9,610.4],[901.9,612.6],[892.4,615.9],[891.1,617.1],[891.9,618.6],[897.6,618.9],[909.6,612.9],[909.6,610.6],[907.9,608.6],[899.9,605.1]]]}},{"type":"Feature","properties":{"id":"LU_MEADOW_0013","class":"meadow","color":"#8fa55a","area_m2":606.0},"geometry":{"type":"Polygon","coordinates":[[[1393.1,603.4],[1390.1,609.4],[1390.4,612.4],[1400.9,620.1],[1402.9,620.4],[1402.9,618.6],[1396.9,612.9],[1399.6,609.6],[1399.1,607.9],[1395.9,604.1],[1393.1,603.4]]]}},{"type":"Feature","properties":{"id":"LU_MEADOW_0014","class":"meadow","color":"#8fa55a","area_m2":336.0},"geometry":{"type":"Polygon","coordinates":[[[401.1,601.6],[396.6,605.4],[397.6,608.9],[400.1,610.4],[403.9,609.4],[405.6,606.4],[404.9,603.1],[401.1,601.6]]]}},{"type":"Feature","properties":{"id":"LU_MEADOW_0015","class":"meadow","color":"#8fa55a","area_m2":381.0},"geometry":{"type":"Polygon","coordinates":[[[1844.6,601.4],[1840.9,603.1],[1839.4,605.9],[1842.9,608.4],[1848.6,609.4],[1850.4,606.9],[1850.1,604.4],[1848.1,602.1],[1844.6,601.4]]]}},{"type":"Feature","properties":{"id":"LU_MEADOW_0016","class":"meadow","color":"#8fa55a","area_m2":240.0},"geometry":{"type":"Polygon","coordinates":[[[574.4,600.9],[571.4,604.6],[573.6,610.4],[576.4,608.9],[577.9,604.4],[577.4,602.4],[574.4,600.9]]]}},{"type":"Feature","properties":{"id":"LU_MEADOW_0017","class":"meadow","color":"#8fa55a","area_m2":372.0},"geometry":{"type":"Polygon","coordinates":[[[846.4,599.6],[841.4,604.6],[841.6,610.1],[846.1,609.4],[849.1,606.9],[849.6,601.6],[846.4,599.6]]]}},{"type":"Feature","properties":{"id":"LU_MEADOW_0018","class":"meadow","color":"#8fa55a","area_m2":329.0},"geometry":{"type":"Polygon","coordinates":[[[215.6,598.9],[207.6,607.1],[208.1,610.6],[210.4,610.4],[213.1,606.4],[218.4,602.9],[218.1,599.9],[215.6,598.9]]]}},{"type":"Feature","properties":{"id":"LU_MEADOW_0019","class":"meadow","color":"#8fa55a","area_m2":404.0},"geometry":{"type":"Polygon","coordinates":[[[1569.9,585.4],[1567.4,587.9],[1568.9,592.6],[1573.1,595.4],[1576.1,594.9],[1577.6,593.1],[1577.4,591.1],[1571.9,585.6],[1569.9,585.4]]]}},{"type":"Feature","properties":{"id":"LU_MEADOW_0020","class":"meadow","color":"#8fa55a","area_m2":420.0},"geometry":{"type":"Polygon","coordinates":[[[704.1,583.9],[699.1,584.6],[697.1,588.4],[699.1,592.4],[703.1,593.6],[706.4,590.9],[706.9,587.6],[704.1,583.9]]]}},{"type":"Feature","properties":{"id":"LU_MEADOW_0021","class":"meadow","color":"#8fa55a","area_m2":739.0},"geometry":{"type":"Polygon","coordinates":[[[542.6,582.1],[538.1,583.6],[534.1,587.6],[533.9,589.4],[535.6,591.6],[542.4,593.9],[546.4,593.6],[548.4,590.4],[545.9,583.9],[542.6,582.1]]]}},{"type":"Feature","properties":{"id":"LU_MEADOW_0022","class":"meadow","color":"#8fa55a","area_m2":1358.0},"geometry":{"type":"Polygon","coordinates":[[[427.4,576.1],[423.6,577.4],[422.6,579.9],[425.1,583.4],[430.1,586.4],[435.4,587.9],[440.9,587.4],[445.9,590.9],[448.9,590.6],[450.4,589.1],[451.4,585.4],[449.9,583.6],[427.4,576.1]]]}},{"type":"Feature","properties":{"id":"LU_MEADOW_0023","class":"meadow","color":"#8fa55a","area_m2":441.0},"geometry":{"type":"Polygon","coordinates":[[[1554.6,566.1],[1551.4,568.9],[1553.1,572.4],[1559.4,574.9],[1563.6,573.6],[1564.1,571.9],[1562.6,569.9],[1558.1,566.6],[1554.6,566.1]]]}},{"type":"Feature","properties":{"id":"LU_MEADOW_0024","class":"meadow","color":"#8fa55a","area_m2":448.0},"geometry":{"type":"Polygon","coordinates":[[[433.6,566.1],[429.9,568.9],[430.6,571.1],[447.4,574.4],[446.4,572.4],[437.9,566.6],[433.6,566.1]]]}},{"type":"Feature","properties":{"id":"LU_MEADOW_0025","class":"meadow","color":"#8fa55a","area_m2":549.0},"geometry":{"type":"Polygon","coordinates":[[[686.6,563.1],[683.1,564.6],[681.4,568.1],[684.6,573.9],[688.6,575.4],[691.4,572.1],[691.9,567.6],[688.9,563.6],[686.6,563.1]]]}},{"type":"Feature","properties":{"id":"LU_MEADOW_0026","class":"meadow","color":"#8fa55a","area_m2":384.0},"geometry":{"type":"Polygon","coordinates":[[[1721.9,556.6],[1712.9,558.1],[1711.4,560.1],[1713.6,562.6],[1720.9,563.1],[1724.6,559.4],[1724.4,557.4],[1721.9,556.6]]]}},{"type":"Feature","properties":{"id":"LU_MEADOW_0027","class":"meadow","color":"#8fa55a","area_m2":377.0},"geometry":{"type":"Polygon","coordinates":[[[1664.6,525.1],[1655.6,528.4],[1655.4,530.4],[1657.4,533.6],[1658.9,533.9],[1661.6,531.1],[1665.4,530.6],[1667.4,528.9],[1667.4,526.4],[1664.6,525.1]]]}},{"type":"Feature","properties":{"id":"LU_MEADOW_0028","class":"meadow","color":"#8fa55a","area_m2":334.0},"geometry":{"type":"Polygon","coordinates":[[[1162.9,524.4],[1160.4,526.6],[1160.6,530.1],[1164.9,533.4],[1168.4,533.4],[1168.4,527.1],[1162.9,524.4]]]}},{"type":"Feature","properties":{"id":"LU_MEADOW_0029","class":"meadow","color":"#8fa55a","area_m2":236.0},"geometry":{"type":"Polygon","coordinates":[[[1089.4,516.6],[1087.6,518.4],[1087.9,520.6],[1090.4,524.4],[1092.1,524.6],[1094.1,522.6],[1094.1,519.4],[1092.1,517.1],[1089.4,516.6]]]}},{"type":"Feature","properties":{"id":"LU_MEADOW_0030","class":"meadow","color":"#8fa55a","area_m2":843.0},"geometry":{"type":"Polygon","coordinates":[[[1071.6,512.1],[1068.6,514.1],[1067.4,516.6],[1068.6,521.9],[1074.6,525.6],[1080.6,525.4],[1082.4,522.1],[1081.4,518.1],[1071.6,512.1]]]}},{"type":"Feature","properties":{"id":"LU_MEADOW_0031","class":"meadow","color":"#8fa55a","area_m2":453.0},"geometry":{"type":"Polygon","coordinates":[[[906.6,511.1],[903.6,513.1],[903.1,516.6],[906.1,521.4],[909.6,522.4],[912.4,519.9],[912.6,517.6],[910.4,513.1],[906.6,511.1]]]}},{"type":"Feature","properties":{"id":"LU_MEADOW_0032","class":"meadow","color":"#8fa55a","area_m2":918.0},"geometry":{"type":"Polygon","coordinates":[[[1050.4,492.1],[1044.9,493.4],[1043.6,495.4],[1048.9,496.4],[1054.1,504.4],[1057.6,504.9],[1065.6,501.6],[1066.1,499.6],[1064.1,497.1],[1050.4,492.1]]]}},{"type":"Feature","properties":{"id":"LU_MEADOW_0033","class":"meadow","color":"#8fa55a","area_m2":1350.0},"geometry":{"type":"Polygon","coordinates":[[[868.1,484.1],[866.1,486.1],[869.6,497.9],[873.4,499.9],[878.1,500.4],[884.1,505.9],[887.1,506.1],[887.4,501.4],[889.6,497.4],[884.1,494.6],[880.4,491.1],[874.1,491.6],[871.4,486.1],[868.1,484.1]]]}},{"type":"Feature","properties":{"id":"LU_MEADOW_0034","class":"meadow","color":"#8fa55a","area_m2":517.0},"geometry":{"type":"Polygon","coordinates":[[[1523.4,480.6],[1521.1,484.4],[1523.6,488.9],[1527.6,492.6],[1531.6,492.4],[1532.9,490.4],[1532.4,488.1],[1526.9,481.6],[1523.4,480.6]]]}},{"type":"Feature","properties":{"id":"LU_MEADOW_0035","class":"meadow","color":"#8fa55a","area_m2":404.0},"geometry":{"type":"Polygon","coordinates":[[[1515.6,474.4],[1508.4,477.6],[1508.6,484.4],[1510.9,484.4],[1513.9,482.4],[1518.6,477.6],[1518.6,475.4],[1515.6,474.4]]]}},{"type":"Feature","properties":{"id":"LU_MEADOW_0036","class":"meadow","color":"#8fa55a","area_m2":426.0},"geometry":{"type":"Polygon","coordinates":[[[701.9,469.4],[698.6,473.9],[698.1,477.4],[700.1,480.4],[703.4,481.1],[705.9,479.1],[706.6,475.6],[704.1,470.4],[701.9,469.4]]]}},{"type":"Feature","properties":{"id":"LU_MEADOW_0037","class":"meadow","color":"#8fa55a","area_m2":281.0},"geometry":{"type":"Polygon","coordinates":[[[712.6,466.1],[710.4,467.9],[710.9,471.1],[716.6,473.6],[720.1,472.1],[719.1,469.1],[712.6,466.1]]]}},{"type":"Feature","properties":{"id":"LU_MEADOW_0038","class":"meadow","color":"#8fa55a","area_m2":291.0},"geometry":{"type":"Polygon","coordinates":[[[1016.6,458.9],[1009.1,460.4],[1008.6,463.4],[1013.1,465.1],[1016.9,464.4],[1019.6,460.1],[1016.6,458.9]]]}},{"type":"Feature","properties":{"id":"LU_MEADOW_0039","class":"meadow","color":"#8fa55a","area_m2":288.0},"geometry":{"type":"Polygon","coordinates":[[[549.9,445.9],[548.4,447.1],[547.1,452.1],[544.4,455.1],[542.1,455.9],[537.4,453.9],[535.9,456.4],[539.4,457.6],[542.6,456.1],[548.1,455.9],[551.9,448.4],[549.9,445.9]]]}},{"type":"Feature","properties":{"id":"LU_MEADOW_0040","class":"meadow","color":"#8fa55a","area_m2":790.0},"geometry":{"type":"Polygon","coordinates":[[[1385.6,440.9],[1382.6,443.1],[1382.4,445.1],[1385.9,448.9],[1396.6,451.6],[1398.9,451.4],[1401.1,449.1],[1401.1,446.4],[1399.1,444.1],[1396.6,443.1],[1391.4,443.6],[1385.6,440.9]]]}},{"type":"Feature","properties":{"id":"LU_MEADOW_0041","class":"meadow","color":"#8fa55a","area_m2":340.0},"geometry":{"type":"Polygon","coordinates":[[[771.4,439.4],[770.6,441.9],[773.4,449.9],[775.1,450.6],[778.4,447.9],[778.6,444.6],[775.9,441.6],[771.4,439.4]]]}},{"type":"Feature","properties":{"id":"LU_MEADOW_0042","class":"meadow","color":"#8fa55a","area_m2":312.0},"geometry":{"type":"Polygon","coordinates":[[[705.4,425.4],[704.1,427.1],[704.6,428.9],[716.9,440.4],[714.4,434.1],[707.1,425.9],[705.4,425.4]]]}},{"type":"Feature","properties":{"id":"LU_MEADOW_0043","class":"meadow","color":"#8fa55a","area_m2":394.0},"geometry":{"type":"Polygon","coordinates":[[[341.4,415.1],[334.1,418.6],[332.6,420.4],[332.9,422.1],[334.9,422.9],[338.1,421.4],[343.9,421.4],[345.6,419.4],[345.6,416.9],[344.1,415.4],[341.4,415.1]]]}},{"type":"Feature","properties":{"id":"LU_MEADOW_0044","class":"meadow","color":"#8fa55a","area_m2":343.0},"geometry":{"type":"Polygon","coordinates":[[[299.9,414.9],[299.4,423.6],[301.4,427.4],[303.9,427.6],[305.4,426.1],[305.6,422.6],[302.4,416.1],[299.9,414.9]]]}},{"type":"Feature","properties":{"id":"LU_MEADOW_0045","class":"meadow","color":"#8fa55a","area_m2":312.0},"geometry":{"type":"Polygon","coordinates":[[[842.6,411.6],[838.1,412.1],[832.6,418.1],[830.9,421.6],[831.6,424.1],[833.9,423.1],[837.1,417.4],[842.4,413.9],[842.6,411.6]]]}},{"type":"Feature","properties":{"id":"LU_MEADOW_0046","class":"meadow","color":"#8fa55a","area_m2":546.0},"geometry":{"type":"Polygon","coordinates":[[[321.1,407.6],[316.6,409.1],[315.6,411.9],[322.4,420.1],[323.6,424.9],[327.4,427.6],[328.4,425.1],[323.6,417.9],[323.1,408.9],[321.1,407.6]]]}},{"type":"Feature","properties":{"id":"LU_MEADOW_0047","class":"meadow","color":"#8fa55a","area_m2":687.0},"geometry":{"type":"Polygon","coordinates":[[[738.9,404.1],[737.1,406.4],[740.6,414.9],[744.6,417.9],[748.9,416.9],[750.1,413.6],[745.4,406.1],[743.4,404.4],[738.9,404.1]]]}},{"type":"Feature","properties":{"id":"LU_MEADOW_0048","class":"meadow","color":"#8fa55a","area_m2":299.0},"geometry":{"type":"Polygon","coordinates":[[[702.4,399.4],[701.1,401.1],[702.1,403.9],[711.9,409.9],[712.1,406.9],[705.9,400.6],[702.4,399.4]]]}},{"type":"Feature","properties":{"id":"LU_MEADOW_0049","class":"meadow","color":"#8fa55a","area_m2":550.0},"geometry":{"type":"Polygon","coordinates":[[[1421.6,399.1],[1418.4,401.6],[1417.9,404.6],[1418.9,405.6],[1425.4,405.1],[1432.6,409.9],[1436.4,408.6],[1435.9,406.4],[1431.1,404.6],[1425.9,399.6],[1421.6,399.1]]]}},{"type":"Feature","properties":{"id":"LU_MEADOW_0050","class":"meadow","color":"#8fa55a","area_m2":272.0},"geometry":{"type":"Polygon","coordinates":[[[766.9,396.1],[764.4,400.6],[764.6,403.6],[768.6,405.9],[773.9,405.6],[773.9,403.4],[770.4,403.1],[768.4,401.6],[768.6,396.9],[766.9,396.1]]]}},{"type":"Feature","properties":{"id":"LU_MEADOW_0051","class":"meadow","color":"#8fa55a","area_m2":312.0},"geometry":{"type":"Polygon","coordinates":[[[817.4,389.4],[808.4,389.9],[807.9,392.4],[811.4,397.4],[813.4,396.6],[814.9,392.9],[819.1,391.9],[817.4,389.4]]]}},{"type":"Feature","properties":{"id":"LU_MEADOW_0052","class":"meadow","color":"#8fa55a","area_m2":521.0},"geometry":{"type":"Polygon","coordinates":[[[1311.1,386.6],[1300.9,393.1],[1299.9,395.9],[1305.9,398.6],[1307.9,398.4],[1313.4,388.6],[1312.9,386.9],[1311.1,386.6]]]}},{"type":"Feature","properties":{"id":"LU_MEADOW_0053","class":"meadow","color":"#8fa55a","area_m2":447.0},"geometry":{"type":"Polygon","coordinates":[[[322.4,384.9],[320.4,386.1],[320.6,388.9],[327.9,396.1],[329.9,396.1],[331.1,392.9],[329.9,388.9],[327.1,386.1],[322.4,384.9]]]}},{"type":"Feature","properties":{"id":"LU_MEADOW_0054","class":"meadow","color":"#8fa55a","area_m2":585.0},"geometry":{"type":"Polygon","coordinates":[[[699.6,374.1],[697.1,375.9],[695.6,379.1],[696.4,380.6],[699.4,380.6],[705.6,377.9],[710.6,380.1],[716.1,385.4],[718.9,385.9],[718.4,383.1],[711.1,377.1],[704.6,374.1],[699.6,374.1]]]}},{"type":"Feature","properties":{"id":"LU_MEADOW_0055","class":"meadow","color":"#8fa55a","area_m2":786.0},"geometry":{"type":"Polygon","coordinates":[[[1309.4,352.4],[1308.4,353.4],[1309.1,358.6],[1307.1,363.4],[1306.6,368.9],[1304.9,370.6],[1300.1,371.1],[1298.1,373.1],[1302.1,373.9],[1306.4,377.4],[1309.9,376.4],[1312.9,372.4],[1310.9,367.4],[1310.9,361.4],[1312.6,355.6],[1309.4,352.4]]]}},{"type":"Feature","properties":{"id":"LU_MEADOW_0056","class":"meadow","color":"#8fa55a","area_m2":593.0},"geometry":{"type":"Polygon","coordinates":[[[661.9,352.4],[652.6,358.4],[653.9,362.1],[660.4,363.9],[663.4,361.9],[665.9,355.6],[663.9,352.6],[661.9,352.4]]]}},{"type":"Feature","properties":{"id":"LU_MEADOW_0057","class":"meadow","color":"#8fa55a","area_m2":260.0},"geometry":{"type":"Polygon","coordinates":[[[1223.4,347.1],[1221.6,350.9],[1217.6,354.6],[1218.1,356.9],[1222.1,356.4],[1225.4,353.9],[1226.1,350.6],[1223.4,347.1]]]}},{"type":"Feature","properties":{"id":"LU_MEADOW_0058","class":"meadow","color":"#8fa55a","area_m2":1328.0},"geometry":{"type":"Polygon","coordinates":[[[1468.1,334.1],[1466.4,338.6],[1461.6,343.4],[1464.6,351.9],[1466.4,353.4],[1470.1,353.6],[1475.1,359.4],[1478.9,360.4],[1483.6,367.9],[1488.1,373.1],[1489.4,373.1],[1490.9,370.4],[1490.4,368.1],[1470.9,349.1],[1468.9,344.6],[1469.9,336.1],[1468.1,334.1]]]}},{"type":"Feature","properties":{"id":"LU_MEADOW_0059","class":"meadow","color":"#8fa55a","area_m2":591.0},"geometry":{"type":"Polygon","coordinates":[[[1269.6,330.1],[1264.6,335.1],[1264.6,337.9],[1266.1,339.4],[1268.9,339.4],[1271.4,337.1],[1276.6,339.9],[1279.4,338.6],[1279.6,335.6],[1277.9,333.6],[1269.6,330.1]]]}},{"type":"Feature","properties":{"id":"LU_MEADOW_0060","class":"meadow","color":"#8fa55a","area_m2":352.0},"geometry":{"type":"Polygon","coordinates":[[[79.4,326.1],[70.9,328.6],[64.6,332.1],[78.6,330.9],[84.4,328.1],[83.9,326.4],[79.4,326.1]]]}},{"type":"Feature","properties":{"id":"LU_MEADOW_0061","class":"meadow","color":"#8fa55a","area_m2":276.0},"geometry":{"type":"Polygon","coordinates":[[[1437.1,323.6],[1435.4,325.1],[1435.4,328.4],[1438.9,332.1],[1440.9,332.4],[1442.6,330.9],[1442.4,327.9],[1439.1,323.9],[1437.1,323.6]]]}},{"type":"Feature","properties":{"id":"LU_MEADOW_0062","class":"meadow","color":"#8fa55a","area_m2":1410.0},"geometry":{"type":"Polygon","coordinates":[[[1937.4,314.4],[1926.9,315.9],[1923.1,323.6],[1923.6,325.9],[1927.6,329.1],[1931.1,337.1],[1932.9,338.6],[1936.9,337.4],[1945.4,328.6],[1943.4,326.1],[1938.4,326.1],[1931.4,328.1],[1929.1,326.9],[1931.9,319.9],[1937.4,314.4]]]}},{"type":"Feature","properties":{"id":"LU_MEADOW_0063","class":"meadow","color":"#8fa55a","area_m2":463.0},"geometry":{"type":"Polygon","coordinates":[[[59.9,312.1],[57.1,315.4],[57.6,318.6],[59.6,319.9],[72.4,316.4],[77.1,313.6],[76.1,312.4],[68.4,315.4],[59.9,312.1]]]}},{"type":"Feature","properties":{"id":"LU_MEADOW_0064","class":"meadow","color":"#8fa55a","area_m2":681.0},"geometry":{"type":"Polygon","coordinates":[[[1460.1,309.9],[1456.6,312.1],[1456.1,315.6],[1458.6,321.9],[1462.4,323.9],[1466.4,320.9],[1467.4,316.9],[1463.9,310.6],[1460.1,309.9]]]}},{"type":"Feature","properties":{"id":"LU_MEADOW_0065","class":"meadow","color":"#8fa55a","area_m2":611.0},"geometry":{"type":"Polygon","coordinates":[[[14.1,307.9],[4.1,307.4],[3.1,308.9],[3.1,314.6],[5.9,317.9],[13.1,314.9],[15.6,312.1],[14.1,307.9]]]}},{"type":"Feature","properties":{"id":"LU_MEADOW_0066","class":"meadow","color":"#8fa55a","area_m2":465.0},"geometry":{"type":"Polygon","coordinates":[[[899.6,305.1],[896.4,307.6],[896.1,313.4],[897.9,315.9],[900.6,316.4],[904.6,313.1],[905.1,309.6],[901.9,305.6],[899.6,305.1]]]}},{"type":"Feature","properties":{"id":"LU_MEADOW_0067","class":"meadow","color":"#8fa55a","area_m2":239.0},"geometry":{"type":"Polygon","coordinates":[[[45.1,304.6],[42.6,306.4],[42.9,308.1],[46.6,311.6],[50.1,311.1],[50.9,308.1],[47.1,304.9],[45.1,304.6]]]}},{"type":"Feature","properties":{"id":"LU_MEADOW_0068","class":"meadow","color":"#8fa55a","area_m2":506.0},"geometry":{"type":"Polygon","coordinates":[[[637.4,300.6],[631.6,305.1],[631.1,307.4],[632.4,309.6],[634.1,309.9],[646.4,304.4],[644.1,301.6],[637.4,300.6]]]}},{"type":"Feature","properties":{"id":"LU_MEADOW_0069","class":"meadow","color":"#8fa55a","area_m2":249.0},"geometry":{"type":"Polygon","coordinates":[[[1274.6,299.9],[1274.4,303.4],[1278.6,308.4],[1282.4,308.9],[1283.9,307.9],[1283.1,305.9],[1279.9,304.4],[1276.4,300.1],[1274.6,299.9]]]}},{"type":"Feature","properties":{"id":"LU_MEADOW_0070","class":"meadow","color":"#8fa55a","area_m2":870.0},"geometry":{"type":"Polygon","coordinates":[[[701.6,299.1],[698.1,300.6],[695.1,303.9],[697.6,309.1],[696.6,314.6],[697.9,315.6],[700.9,314.9],[706.9,308.4],[711.6,307.6],[706.1,303.1],[703.9,299.6],[701.6,299.1]]]}},{"type":"Feature","properties":{"id":"LU_MEADOW_0071","class":"meadow","color":"#8fa55a","area_m2":232.0},"geometry":{"type":"Polygon","coordinates":[[[607.9,295.4],[601.6,301.1],[600.6,303.4],[601.4,304.6],[603.9,304.4],[607.4,300.9],[609.9,297.1],[607.9,295.4]]]}},{"type":"Feature","properties":{"id":"LU_MEADOW_0072","class":"meadow","color":"#8fa55a","area_m2":309.0},"geometry":{"type":"Polygon","coordinates":[[[877.6,288.1],[875.6,289.4],[876.6,292.9],[880.6,296.1],[883.4,295.6],[884.9,293.4],[884.4,291.1],[881.1,288.6],[877.6,288.1]]]}},{"type":"Feature","properties":{"id":"LU_MEADOW_0073","class":"meadow","color":"#8fa55a","area_m2":250.0},"geometry":{"type":"Polygon","coordinates":[[[862.4,271.6],[860.6,273.4],[860.9,275.6],[862.9,279.1],[865.6,280.1],[867.6,278.4],[867.6,274.6],[862.4,271.6]]]}},{"type":"Feature","properties":{"id":"LU_MEADOW_0074","class":"meadow","color":"#8fa55a","area_m2":479.0},"geometry":{"type":"Polygon","coordinates":[[[837.9,267.4],[835.6,269.1],[835.6,271.9],[837.6,273.6],[842.1,274.6],[845.9,279.1],[848.1,279.1],[849.6,277.4],[849.4,274.1],[837.9,267.4]]]}},{"type":"Feature","properties":{"id":"LU_MEADOW_0075","class":"meadow","color":"#8fa55a","area_m2":1218.0},"geometry":{"type":"Polygon","coordinates":[[[1249.4,264.6],[1247.4,266.6],[1246.6,271.1],[1242.1,279.4],[1242.1,284.4],[1243.6,286.4],[1252.1,283.6],[1256.6,273.4],[1254.4,267.1],[1249.4,264.6]]]}},{"type":"Feature","properties":{"id":"LU_MEADOW_0076","class":"meadow","color":"#8fa55a","area_m2":1528.0},"geometry":{"type":"Polygon","coordinates":[[[607.6,262.4],[601.1,264.6],[595.6,272.6],[586.9,273.6],[574.1,280.6],[572.1,284.4],[572.4,287.6],[575.1,287.9],[585.9,280.9],[595.1,276.9],[610.1,266.9],[611.4,263.6],[607.6,262.4]]]}},{"type":"Feature","properties":{"id":"LU_MEADOW_0077","class":"meadow","color":"#8fa55a","area_m2":315.0},"geometry":{"type":"Polygon","coordinates":[[[1403.1,258.6],[1400.6,260.1],[1399.6,263.6],[1406.6,269.6],[1406.9,260.9],[1405.9,259.1],[1403.1,258.6]]]}},{"type":"Feature","properties":{"id":"LU_MEADOW_0078","class":"meadow","color":"#8fa55a","area_m2":395.0},"geometry":{"type":"Polygon","coordinates":[[[525.6,252.9],[520.1,257.9],[518.4,261.6],[518.9,263.4],[525.4,261.6],[529.1,257.1],[528.9,254.1],[525.6,252.9]]]}},{"type":"Feature","properties":{"id":"LU_MEADOW_0079","class":"meadow","color":"#8fa55a","area_m2":404.0},"geometry":{"type":"Polygon","coordinates":[[[1298.4,251.6],[1286.9,258.9],[1286.6,262.6],[1289.1,263.6],[1294.9,260.4],[1296.9,257.9],[1296.9,255.1],[1299.6,252.1],[1298.4,251.6]]]}},{"type":"Feature","properties":{"id":"LU_MEADOW_0080","class":"meadow","color":"#8fa55a","area_m2":2154.0},"geometry":{"type":"Polygon","coordinates":[[[788.6,233.1],[784.6,236.1],[782.6,239.9],[782.1,246.6],[790.1,264.4],[789.4,271.4],[790.4,274.4],[794.9,276.4],[797.4,274.1],[797.6,271.6],[793.6,258.6],[787.9,248.6],[792.6,244.1],[799.9,243.4],[801.4,240.4],[792.1,234.1],[788.6,233.1]]]}},{"type":"Feature","properties":{"id":"LU_MEADOW_0081","class":"meadow","color":"#8fa55a","area_m2":286.0},"geometry":{"type":"Polygon","coordinates":[[[595.6,229.1],[590.1,231.6],[589.4,233.4],[590.4,234.4],[601.9,234.4],[599.9,230.6],[595.6,229.1]]]}},{"type":"Feature","properties":{"id":"LU_MEADOW_0082","class":"meadow","color":"#8fa55a","area_m2":1296.0},"geometry":{"type":"Polygon","coordinates":[[[9.9,224.6],[0.1,225.4],[0.1,226.9],[2.6,228.1],[4.6,231.9],[6.6,243.9],[8.9,245.6],[13.4,244.9],[19.6,248.1],[21.9,247.9],[23.1,246.1],[21.9,242.6],[9.4,236.6],[13.1,228.4],[9.9,224.6]]]}},{"type":"Feature","properties":{"id":"LU_MEADOW_0083","class":"meadow","color":"#8fa55a","area_m2":1609.0},"geometry":{"type":"Polygon","coordinates":[[[1486.9,215.6],[1481.1,217.6],[1475.4,222.6],[1475.1,224.1],[1485.6,232.6],[1492.4,232.6],[1496.9,227.1],[1497.6,223.9],[1491.9,216.6],[1486.9,215.6]]]}},{"type":"Feature","properties":{"id":"LU_MEADOW_0084","class":"meadow","color":"#8fa55a","area_m2":831.0},"geometry":{"type":"Polygon","coordinates":[[[782.4,211.6],[780.6,213.4],[781.9,221.4],[776.6,228.1],[778.4,231.1],[781.4,229.9],[786.1,222.4],[791.1,221.6],[792.6,220.1],[792.4,218.1],[787.9,213.6],[782.4,211.6]]]}},{"type":"Feature","properties":{"id":"LU_MEADOW_0085","class":"meadow","color":"#8fa55a","area_m2":619.0},"geometry":{"type":"Polygon","coordinates":[[[764.1,208.6],[761.6,210.1],[760.1,213.4],[759.1,220.1],[760.4,221.6],[768.9,218.4],[770.6,216.1],[768.4,210.1],[764.1,208.6]]]}},{"type":"Feature","properties":{"id":"LU_MEADOW_0086","class":"meadow","color":"#8fa55a","area_m2":888.0},"geometry":{"type":"Polygon","coordinates":[[[1456.6,208.4],[1451.1,211.9],[1450.6,214.9],[1451.9,217.6],[1455.4,219.9],[1462.6,221.9],[1464.6,221.4],[1465.6,218.6],[1463.4,211.1],[1461.4,209.4],[1456.6,208.4]]]}},{"type":"Feature","properties":{"id":"LU_MEADOW_0087","class":"meadow","color":"#8fa55a","area_m2":323.0},"geometry":{"type":"Polygon","coordinates":[[[882.4,205.6],[880.4,207.6],[880.4,211.9],[884.4,213.6],[887.6,213.4],[889.1,211.4],[888.1,207.9],[882.4,205.6]]]}},{"type":"Feature","properties":{"id":"LU_MEADOW_0088","class":"meadow","color":"#8fa55a","area_m2":609.0},"geometry":{"type":"Polygon","coordinates":[[[742.1,199.6],[739.1,201.9],[737.9,204.6],[738.4,206.6],[742.9,208.4],[746.4,212.6],[748.9,212.9],[750.9,209.4],[749.9,205.9],[744.1,199.9],[742.1,199.6]]]}},{"type":"Feature","properties":{"id":"LU_MEADOW_0089","class":"meadow","color":"#8fa55a","area_m2":2003.0},"geometry":{"type":"Polygon","coordinates":[[[571.6,194.4],[560.4,197.9],[557.4,203.6],[558.4,204.6],[563.9,204.4],[575.9,220.6],[581.6,222.4],[584.4,220.4],[584.4,216.9],[574.6,203.6],[575.4,196.1],[571.6,194.4]]]}},{"type":"Feature","properties":{"id":"LU_MEADOW_0090","class":"meadow","color":"#8fa55a","area_m2":387.0},"geometry":{"type":"Polygon","coordinates":[[[1040.9,194.1],[1032.4,201.4],[1033.4,203.4],[1039.1,202.4],[1045.1,198.1],[1044.4,194.6],[1040.9,194.1]]]}},{"type":"Feature","properties":{"id":"LU_MEADOW_0091","class":"meadow","color":"#8fa55a","area_m2":1395.0},"geometry":{"type":"Polygon","coordinates":[[[996.6,192.1],[989.9,196.4],[975.6,197.4],[962.6,205.4],[961.9,207.1],[966.6,206.9],[978.4,202.9],[985.6,202.9],[995.6,200.9],[1003.1,197.9],[1002.1,195.6],[996.6,192.1]]]}},{"type":"Feature","properties":{"id":"LU_MEADOW_0092","class":"meadow","color":"#8fa55a","area_m2":2840.0},"geometry":{"type":"Polygon","coordinates":[[[483.6,191.1],[480.4,194.6],[482.6,201.6],[476.1,203.6],[473.6,206.9],[471.1,217.4],[472.1,220.6],[474.6,220.6],[479.9,217.9],[487.1,220.6],[492.6,215.4],[494.6,207.6],[490.9,202.1],[494.6,201.6],[495.6,197.6],[493.1,195.1],[483.6,191.1]]]}},{"type":"Feature","properties":{"id":"LU_MEADOW_0093","class":"meadow","color":"#8fa55a","area_m2":403.0},"geometry":{"type":"Polygon","coordinates":[[[1856.4,181.4],[1853.1,185.6],[1853.1,193.4],[1854.6,195.4],[1857.4,193.9],[1859.6,189.1],[1858.4,182.9],[1856.4,181.4]]]}},{"type":"Feature","properties":{"id":"LU_MEADOW_0094","class":"meadow","color":"#8fa55a","area_m2":339.0},"geometry":{"type":"Polygon","coordinates":[[[1073.6,167.1],[1071.1,169.6],[1071.6,174.1],[1073.9,175.9],[1077.4,175.6],[1079.1,173.6],[1079.1,170.4],[1077.1,168.1],[1073.6,167.1]]]}},{"type":"Feature","properties":{"id":"LU_MEADOW_0095","class":"meadow","color":"#8fa55a","area_m2":940.0},"geometry":{"type":"Polygon","coordinates":[[[685.6,166.1],[680.6,169.4],[680.6,177.6],[682.6,178.9],[693.9,178.4],[695.9,175.4],[695.1,170.9],[685.6,166.1]]]}},{"type":"Feature","properties":{"id":"LU_MEADOW_0096","class":"meadow","color":"#8fa55a","area_m2":262.0},"geometry":{"type":"Polygon","coordinates":[[[1265.1,165.4],[1263.9,168.9],[1266.1,172.4],[1270.4,172.9],[1272.4,171.6],[1269.9,166.6],[1265.1,165.4]]]}},{"type":"Feature","properties":{"id":"LU_MEADOW_0097","class":"meadow","color":"#8fa55a","area_m2":2334.0},"geometry":{"type":"Polygon","coordinates":[[[949.6,159.4],[943.4,163.6],[944.1,173.4],[941.9,176.6],[939.1,178.1],[940.1,180.4],[944.6,182.6],[950.9,180.4],[956.9,173.4],[956.6,169.9],[957.9,168.4],[959.1,168.4],[960.1,171.6],[964.9,174.4],[968.4,178.6],[970.6,178.4],[972.1,173.6],[968.1,166.9],[962.4,166.6],[958.6,162.9],[949.6,159.4]]]}},{"type":"Feature","properties":{"id":"LU_MEADOW_0098","class":"meadow","color":"#8fa55a","area_m2":359.0},"geometry":{"type":"Polygon","coordinates":[[[537.1,158.6],[532.1,162.6],[526.4,163.6],[526.1,166.9],[528.4,167.9],[535.9,165.4],[539.4,161.6],[539.1,159.9],[537.1,158.6]]]}},{"type":"Feature","properties":{"id":"LU_MEADOW_0099","class":"meadow","color":"#8fa55a","area_m2":3304.0},"geometry":{"type":"Polygon","coordinates":[[[919.6,156.1],[910.6,161.1],[901.9,161.6],[894.6,166.9],[890.9,166.4],[889.1,169.4],[889.4,171.9],[899.1,175.6],[900.1,174.4],[899.4,169.4],[903.4,166.9],[907.1,166.9],[909.6,168.9],[910.4,172.4],[913.4,176.6],[918.6,176.1],[921.1,180.4],[929.9,177.6],[929.9,172.1],[935.9,169.4],[938.4,166.9],[938.4,164.1],[933.1,160.1],[929.9,159.4],[927.6,161.1],[926.9,165.4],[924.9,167.6],[918.9,167.9],[917.4,165.6],[923.1,159.4],[922.4,156.6],[919.6,156.1]]]}},{"type":"Feature","properties":{"id":"LU_MEADOW_0100","class":"meadow","color":"#8fa55a","area_m2":480.0},"geometry":{"type":"Polygon","coordinates":[[[1043.6,148.1],[1041.1,150.6],[1042.9,153.9],[1051.6,157.6],[1056.4,155.6],[1054.9,152.6],[1043.6,148.1]]]}},{"type":"Feature","properties":{"id":"LU_MEADOW_0101","class":"meadow","color":"#8fa55a","area_m2":1110.0},"geometry":{"type":"Polygon","coordinates":[[[668.9,135.6],[660.4,135.9],[659.6,140.9],[656.1,146.4],[655.4,153.4],[657.9,155.9],[663.4,151.9],[664.4,146.4],[669.6,144.4],[670.9,142.4],[670.6,137.6],[668.9,135.6]]]}},{"type":"Feature","properties":{"id":"LU_MEADOW_0102","class":"meadow","color":"#8fa55a","area_m2":4129.0},"geometry":{"type":"Polygon","coordinates":[[[795.6,128.1],[795.9,130.1],[800.1,134.4],[813.9,142.4],[816.6,146.4],[813.6,147.9],[802.1,142.6],[792.4,140.6],[787.4,146.4],[787.4,148.6],[801.9,158.4],[816.6,163.6],[818.6,163.4],[820.4,161.1],[821.4,155.1],[826.9,149.9],[827.1,147.4],[811.1,133.1],[795.6,128.1]]]}},{"type":"Feature","properties":{"id":"LU_MEADOW_0103","class":"meadow","color":"#8fa55a","area_m2":762.0},"geometry":{"type":"Polygon","coordinates":[[[1957.6,124.4],[1951.4,128.4],[1945.4,127.6],[1944.1,129.6],[1944.6,131.9],[1946.6,133.6],[1952.4,134.9],[1961.9,131.4],[1963.4,129.6],[1963.1,127.9],[1959.9,124.6],[1957.6,124.4]]]}},{"type":"Feature","properties":{"id":"LU_MEADOW_0104","class":"meadow","color":"#8fa55a","area_m2":1307.0},"geometry":{"type":"Polygon","coordinates":[[[1453.6,109.1],[1450.4,110.9],[1445.6,111.4],[1441.1,114.9],[1439.1,126.4],[1442.1,130.4],[1444.9,130.9],[1446.4,129.9],[1445.1,126.4],[1446.4,122.1],[1448.4,120.4],[1452.9,121.4],[1458.4,112.9],[1457.6,109.6],[1453.6,109.1]]]}},{"type":"Feature","properties":{"id":"LU_MEADOW_0105","class":"meadow","color":"#8fa55a","area_m2":716.0},"geometry":{"type":"Polygon","coordinates":[[[446.6,108.6],[445.1,110.6],[444.1,121.6],[445.9,125.6],[449.9,127.4],[457.4,120.9],[458.1,118.6],[455.9,117.4],[452.1,120.4],[450.1,120.4],[448.9,118.4],[448.9,110.6],[446.6,108.6]]]}},{"type":"Feature","properties":{"id":"LU_MEADOW_0106","class":"meadow","color":"#8fa55a","area_m2":713.0},"geometry":{"type":"Polygon","coordinates":[[[781.6,106.1],[774.9,110.4],[774.4,112.4],[788.9,124.1],[791.4,124.9],[791.1,122.9],[788.1,119.4],[782.4,115.6],[782.9,113.1],[787.4,109.6],[787.4,107.4],[781.6,106.1]]]}},{"type":"Feature","properties":{"id":"LU_MEADOW_0107","class":"meadow","color":"#8fa55a","area_m2":7577.0},"geometry":{"type":"Polygon","coordinates":[[[807.4,105.1],[801.4,107.9],[797.6,108.1],[793.6,113.1],[793.6,115.6],[794.9,116.6],[798.6,116.4],[805.6,120.9],[813.6,115.9],[816.6,115.9],[821.9,118.4],[827.1,122.9],[828.6,130.9],[835.1,137.4],[839.4,146.4],[842.6,149.6],[840.4,152.1],[831.6,152.1],[828.9,153.9],[829.4,160.4],[827.1,164.6],[828.1,166.9],[835.4,168.9],[841.6,168.4],[841.9,157.6],[844.6,154.9],[846.9,155.4],[848.9,157.6],[849.1,161.4],[847.4,165.4],[850.6,167.6],[859.1,164.9],[869.1,158.1],[869.1,155.9],[861.4,149.9],[859.6,143.6],[857.9,141.6],[854.4,141.1],[845.6,145.1],[840.6,141.1],[840.4,139.4],[842.9,135.4],[842.9,129.6],[838.1,126.6],[829.4,117.9],[825.9,111.6],[812.4,105.4],[807.4,105.1]]]}},{"type":"Feature","properties":{"id":"LU_MEADOW_0108","class":"meadow","color":"#8fa55a","area_m2":1151.0},"geometry":{"type":"Polygon","coordinates":[[[624.4,101.9],[620.4,105.6],[619.4,110.4],[620.6,112.9],[622.9,114.6],[629.4,113.9],[632.4,115.4],[634.9,114.9],[637.9,109.9],[637.9,106.9],[630.1,102.6],[624.4,101.9]]]}},{"type":"Feature","properties":{"id":"LU_MEADOW_0109","class":"meadow","color":"#8fa55a","area_m2":593.0},"geometry":{"type":"Polygon","coordinates":[[[56.6,101.1],[53.1,103.1],[52.6,105.6],[58.6,109.1],[59.9,111.6],[59.4,117.1],[61.1,117.9],[64.4,112.1],[64.9,108.4],[60.9,102.6],[56.6,101.1]]]}},{"type":"Feature","properties":{"id":"LU_MEADOW_0110","class":"meadow","color":"#8fa55a","area_m2":381.0},"geometry":{"type":"Polygon","coordinates":[[[1011.9,94.1],[1010.9,95.9],[1013.4,98.9],[1013.6,101.1],[1011.6,108.1],[1013.1,108.9],[1015.4,106.9],[1017.4,102.1],[1017.9,96.6],[1016.4,94.4],[1011.9,94.1]]]}},{"type":"Feature","properties":{"id":"LU_MEADOW_0111","class":"meadow","color":"#8fa55a","area_m2":271.0},"geometry":{"type":"Polygon","coordinates":[[[1636.4,92.6],[1631.9,101.1],[1632.4,102.6],[1634.4,102.6],[1639.4,99.1],[1639.4,94.9],[1636.4,92.6]]]}},{"type":"Feature","properties":{"id":"LU_MEADOW_0112","class":"meadow","color":"#8fa55a","area_m2":259.0},"geometry":{"type":"Polygon","coordinates":[[[29.6,85.1],[24.6,88.1],[24.4,90.1],[26.4,92.4],[31.1,90.9],[33.4,88.6],[31.9,85.6],[29.6,85.1]]]}},{"type":"Feature","properties":{"id":"LU_MEADOW_0113","class":"meadow","color":"#8fa55a","area_m2":479.0},"geometry":{"type":"Polygon","coordinates":[[[1889.4,80.1],[1886.9,81.6],[1886.9,83.1],[1892.4,90.6],[1895.4,90.6],[1897.6,86.4],[1896.9,82.9],[1894.1,80.6],[1889.4,80.1]]]}},{"type":"Feature","properties":{"id":"LU_MEADOW_0114","class":"meadow","color":"#8fa55a","area_m2":559.0},"geometry":{"type":"Polygon","coordinates":[[[1018.6,78.1],[1013.6,80.6],[1013.4,84.4],[1010.1,88.9],[1010.9,90.6],[1016.1,90.4],[1022.6,82.9],[1022.6,80.4],[1018.6,78.1]]]}},{"type":"Feature","properties":{"id":"LU_MEADOW_0115","class":"meadow","color":"#8fa55a","area_m2":308.0},"geometry":{"type":"Polygon","coordinates":[[[887.9,74.1],[886.4,75.9],[886.6,78.1],[889.6,83.9],[893.1,85.6],[894.4,83.4],[892.6,79.4],[890.4,75.1],[887.9,74.1]]]}},{"type":"Feature","properties":{"id":"LU_MEADOW_0116","class":"meadow","color":"#8fa55a","area_m2":449.0},"geometry":{"type":"Polygon","coordinates":[[[1295.1,71.6],[1292.6,73.9],[1291.4,78.6],[1294.6,84.6],[1300.4,80.6],[1298.9,74.9],[1295.1,71.6]]]}},{"type":"Feature","properties":{"id":"LU_MEADOW_0117","class":"meadow","color":"#8fa55a","area_m2":677.0},"geometry":{"type":"Polygon","coordinates":[[[1208.9,71.4],[1201.4,76.9],[1203.1,82.6],[1201.6,89.9],[1204.6,93.1],[1206.1,92.6],[1205.1,88.6],[1207.4,81.9],[1212.4,74.9],[1212.1,72.9],[1208.9,71.4]]]}},{"type":"Feature","properties":{"id":"LU_MEADOW_0118","class":"meadow","color":"#8fa55a","area_m2":2336.0},"geometry":{"type":"Polygon","coordinates":[[[1309.4,71.1],[1306.9,72.6],[1306.9,74.1],[1319.9,82.4],[1321.4,84.6],[1322.1,94.4],[1319.4,98.1],[1320.4,99.4],[1326.6,96.6],[1331.9,96.4],[1334.4,93.1],[1335.4,87.1],[1341.6,81.6],[1340.9,79.4],[1337.4,77.9],[1332.9,80.9],[1329.1,80.1],[1315.4,71.4],[1309.4,71.1]]]}},{"type":"Feature","properties":{"id":"LU_MEADOW_0119","class":"meadow","color":"#8fa55a","area_m2":266.0},"geometry":{"type":"Polygon","coordinates":[[[710.1,66.4],[708.4,68.6],[708.6,71.4],[716.4,76.9],[716.4,73.1],[712.9,67.9],[710.1,66.4]]]}},{"type":"Feature","properties":{"id":"LU_MEADOW_0120","class":"meadow","color":"#8fa55a","area_m2":2090.0},"geometry":{"type":"Polygon","coordinates":[[[1956.4,62.1],[1950.1,65.6],[1942.9,67.1],[1941.6,69.9],[1944.1,72.4],[1954.1,73.1],[1955.4,74.4],[1955.1,80.1],[1957.9,84.6],[1960.1,85.6],[1964.4,82.9],[1965.4,74.9],[1970.9,70.9],[1971.6,68.9],[1968.1,65.6],[1956.4,62.1]]]}},{"type":"Feature","properties":{"id":"LU_MEADOW_0121","class":"meadow","color":"#8fa55a","area_m2":879.0},"geometry":{"type":"Polygon","coordinates":[[[1686.4,62.1],[1683.4,64.1],[1683.6,68.1],[1689.1,76.1],[1690.9,77.6],[1692.9,77.4],[1696.9,71.1],[1696.9,68.6],[1693.1,63.1],[1686.4,62.1]]]}},{"type":"Feature","properties":{"id":"LU_MEADOW_0122","class":"meadow","color":"#8fa55a","area_m2":596.0},"geometry":{"type":"Polygon","coordinates":[[[1274.4,61.4],[1267.1,61.6],[1267.6,66.9],[1261.1,71.9],[1262.9,74.6],[1271.4,71.4],[1275.6,65.4],[1274.4,61.4]]]}},{"type":"Feature","properties":{"id":"LU_MEADOW_0123","class":"meadow","color":"#8fa55a","area_m2":503.0},"geometry":{"type":"Polygon","coordinates":[[[1989.6,60.4],[1987.4,62.1],[1986.6,66.9],[1988.6,75.1],[1990.6,74.6],[1994.9,68.4],[1992.9,61.9],[1989.6,60.4]]]}},{"type":"Feature","properties":{"id":"LU_MEADOW_0124","class":"meadow","color":"#8fa55a","area_m2":291.0},"geometry":{"type":"Polygon","coordinates":[[[1003.4,58.1],[1002.1,59.6],[1003.1,63.9],[1005.1,69.1],[1007.4,70.4],[1009.4,68.1],[1009.6,65.6],[1003.4,58.1]]]}},{"type":"Feature","properties":{"id":"LU_MEADOW_0125","class":"meadow","color":"#8fa55a","area_m2":1143.0},"geometry":{"type":"Polygon","coordinates":[[[1162.4,43.9],[1161.1,46.1],[1163.9,48.9],[1176.1,52.4],[1182.9,55.9],[1184.1,57.9],[1183.1,61.4],[1184.1,66.1],[1187.4,69.1],[1190.4,68.6],[1189.9,58.4],[1186.9,52.6],[1179.6,50.9],[1170.1,45.6],[1162.4,43.9]]]}},{"type":"Feature","properties":{"id":"LU_MEADOW_0126","class":"meadow","color":"#8fa55a","area_m2":664.0},"geometry":{"type":"Polygon","coordinates":[[[1437.9,43.1],[1435.1,45.6],[1433.1,58.4],[1437.1,63.4],[1439.1,63.9],[1441.4,61.9],[1438.9,54.6],[1440.6,45.6],[1437.9,43.1]]]}},{"type":"Feature","properties":{"id":"LU_MEADOW_0127","class":"meadow","color":"#8fa55a","area_m2":432.0},"geometry":{"type":"Polygon","coordinates":[[[543.6,40.6],[539.4,43.9],[533.6,45.1],[535.9,50.1],[540.4,50.9],[543.4,48.9],[545.4,44.1],[545.4,42.1],[543.6,40.6]]]}},{"type":"Feature","properties":{"id":"LU_MEADOW_0128","class":"meadow","color":"#8fa55a","area_m2":682.0},"geometry":{"type":"Polygon","coordinates":[[[1660.9,39.6],[1661.4,46.4],[1666.1,52.4],[1671.4,54.9],[1676.6,50.6],[1676.1,48.4],[1668.9,46.1],[1662.4,39.6],[1660.9,39.6]]]}},{"type":"Feature","properties":{"id":"LU_MEADOW_0129","class":"meadow","color":"#8fa55a","area_m2":320.0},"geometry":{"type":"Polygon","coordinates":[[[1295.1,39.4],[1293.4,41.6],[1293.6,44.1],[1297.9,50.6],[1300.1,51.4],[1300.4,44.9],[1298.4,41.1],[1295.1,39.4]]]}},{"type":"Feature","properties":{"id":"LU_MEADOW_0130","class":"meadow","color":"#8fa55a","area_m2":310.0},"geometry":{"type":"Polygon","coordinates":[[[117.1,36.1],[110.4,43.4],[111.6,45.6],[114.4,45.6],[119.4,41.9],[120.1,38.6],[117.1,36.1]]]}},{"type":"Feature","properties":{"id":"LU_MEADOW_0131","class":"meadow","color":"#8fa55a","area_m2":340.0},"geometry":{"type":"Polygon","coordinates":[[[554.9,34.6],[556.4,47.4],[559.4,49.4],[560.9,47.4],[560.9,42.4],[556.9,35.1],[554.9,34.6]]]}},{"type":"Feature","properties":{"id":"LU_MEADOW_0132","class":"meadow","color":"#8fa55a","area_m2":268.0},"geometry":{"type":"Polygon","coordinates":[[[1640.1,25.6],[1637.4,27.4],[1637.4,29.6],[1642.6,32.6],[1646.1,32.1],[1646.6,29.6],[1642.1,25.9],[1640.1,25.6]]]}},{"type":"Feature","properties":{"id":"LU_MEADOW_0133","class":"meadow","color":"#8fa55a","area_m2":290.0},"geometry":{"type":"Polygon","coordinates":[[[525.1,24.4],[522.1,30.4],[523.4,32.4],[526.4,32.9],[529.4,30.9],[530.4,27.4],[528.1,25.1],[525.1,24.4]]]}},{"type":"Feature","properties":{"id":"LU_MEADOW_0134","class":"meadow","color":"#8fa55a","area_m2":1029.0},"geometry":{"type":"Polygon","coordinates":[[[1469.6,24.1],[1461.1,28.1],[1460.1,31.6],[1461.6,34.9],[1471.1,44.4],[1473.4,44.9],[1474.9,43.4],[1470.4,38.9],[1469.9,34.4],[1476.4,25.6],[1469.6,24.1]]]}},{"type":"Feature","properties":{"id":"LU_MEADOW_0135","class":"meadow","color":"#8fa55a","area_m2":268.0},"geometry":{"type":"Polygon","coordinates":[[[635.4,21.4],[634.1,22.9],[634.1,29.4],[635.9,32.1],[637.6,32.4],[639.6,28.6],[637.6,22.6],[635.4,21.4]]]}},{"type":"Feature","properties":{"id":"LU_MEADOW_0136","class":"meadow","color":"#8fa55a","area_m2":425.0},"geometry":{"type":"Polygon","coordinates":[[[116.6,14.9],[114.4,16.6],[114.1,20.4],[117.4,24.6],[119.1,24.9],[123.4,20.9],[124.1,18.4],[122.4,16.4],[116.6,14.9]]]}},{"type":"Feature","properties":{"id":"LU_MEADOW_0137","class":"meadow","color":"#8fa55a","area_m2":521.0},"geometry":{"type":"Polygon","coordinates":[[[511.9,14.1],[505.1,14.6],[503.1,16.6],[503.4,19.1],[507.6,19.1],[510.4,23.4],[518.1,25.4],[518.1,21.9],[513.4,18.9],[511.9,14.1]]]}},{"type":"Feature","properties":{"id":"LU_MEADOW_0138","class":"meadow","color":"#8fa55a","area_m2":386.0},"geometry":{"type":"Polygon","coordinates":[[[642.9,12.1],[640.9,13.9],[640.4,20.1],[641.9,21.6],[643.9,21.4],[649.9,16.1],[647.9,12.6],[642.9,12.1]]]}},{"type":"Feature","properties":{"id":"LU_MEADOW_0139","class":"meadow","color":"#8fa55a","area_m2":346.0},"geometry":{"type":"Polygon","coordinates":[[[783.9,8.9],[782.1,11.1],[783.9,13.9],[790.4,16.9],[794.6,15.6],[793.9,12.6],[783.9,8.9]]]}},{"type":"Feature","properties":{"id":"LU_MEADOW_0140","class":"meadow","color":"#8fa55a","area_m2":926.0},"geometry":{"type":"Polygon","coordinates":[[[1318.6,0.9],[1307.6,12.1],[1306.4,16.1],[1309.6,19.4],[1313.4,20.1],[1318.9,23.9],[1320.4,22.4],[1316.9,16.6],[1316.9,11.4],[1319.6,3.4],[1318.6,0.9]]]}},{"type":"Feature","properties":{"id":"LU_MEADOW_0141","class":"meadow","color":"#8fa55a","area_m2":477.0},"geometry":{"type":"Polygon","coordinates":[[[1153.1,0.1],[1153.1,4.6],[1155.9,9.6],[1157.9,10.9],[1161.9,9.9],[1162.9,8.1],[1162.6,2.4],[1161.6,1.6],[1158.1,2.9],[1156.4,0.1],[1153.1,0.1]]]}},{"type":"Feature","properties":{"id":"LU_MEADOW_0142","class":"meadow","color":"#8fa55a","area_m2":1772.0},"geometry":{"type":"Polygon","coordinates":[[[1130.1,0.1],[1132.4,3.4],[1139.9,2.4],[1142.1,5.6],[1142.1,12.9],[1147.9,16.4],[1157.1,26.4],[1161.9,28.9],[1169.6,30.6],[1173.1,29.1],[1172.9,26.1],[1170.4,25.1],[1166.4,25.6],[1164.1,20.9],[1156.1,16.6],[1146.9,8.9],[1145.9,0.1],[1130.1,0.1]]]}},{"type":"Feature","properties":{"id":"LU_MEADOW_0143","class":"meadow","color":"#8fa55a","area_m2":1342.0},"geometry":{"type":"Polygon","coordinates":[[[954.1,0.1],[957.1,10.1],[965.1,18.4],[974.4,18.1],[974.1,15.9],[971.4,12.6],[971.4,7.6],[967.1,5.6],[963.4,0.1],[954.1,0.1]]]}},{"type":"Feature","properties":{"id":"LU_MEADOW_0144","class":"meadow","color":"#8fa55a","area_m2":410.0},"geometry":{"type":"Polygon","coordinates":[[[893.1,0.1],[892.6,7.1],[894.9,10.1],[896.6,10.4],[900.4,6.9],[900.4,2.9],[899.4,0.1],[893.1,0.1]]]}},{"type":"Feature","properties":{"id":"LU_MEADOW_0145","class":"meadow","color":"#8fa55a","area_m2":758.0},"geometry":{"type":"Polygon","coordinates":[[[758.1,0.1],[759.6,7.1],[761.1,8.9],[768.9,11.4],[772.4,9.9],[772.6,7.6],[769.4,0.1],[758.1,0.1]]]}},{"type":"Feature","properties":{"id":"LU_MEADOW_0146","class":"meadow","color":"#8fa55a","area_m2":988.0},"geometry":{"type":"Polygon","coordinates":[[[615.1,0.1],[614.6,5.6],[620.6,9.6],[623.4,9.6],[627.1,7.6],[632.9,8.4],[634.9,6.1],[633.9,0.1],[615.1,0.1]]]}},{"type":"Feature","properties":{"id":"LU_MEADOW_0147","class":"meadow","color":"#8fa55a","area_m2":249.0},"geometry":{"type":"Polygon","coordinates":[[[532.1,0.1],[532.6,2.9],[536.9,7.1],[540.4,6.4],[538.9,0.1],[532.1,0.1]]]}},{"type":"Feature","properties":{"id":"LU_MEADOW_0148","class":"meadow","color":"#8fa55a","area_m2":515.0},"geometry":{"type":"Polygon","coordinates":[[[37.1,0.1],[38.4,17.4],[40.9,20.1],[42.6,20.4],[44.6,16.6],[40.9,8.6],[40.9,0.1],[37.1,0.1]]]}},{"type":"Feature","properties":{"id":"LU_ROCK_0001","class":"rock","color":"#9a968a","area_m2":2313.0},"geometry":{"type":"Polygon","coordinates":[[[1203.6,652.4],[1195.1,656.6],[1186.1,663.6],[1184.1,666.9],[1215.9,666.9],[1216.1,663.6],[1218.4,661.6],[1221.6,663.1],[1223.1,666.9],[1225.9,666.9],[1224.9,661.9],[1220.9,657.6],[1216.4,657.1],[1203.6,652.4]]]}},{"type":"Feature","properties":{"id":"LU_ROCK_0002","class":"rock","color":"#9a968a","area_m2":572.0},"geometry":{"type":"Polygon","coordinates":[[[1624.9,647.4],[1623.1,649.6],[1624.6,654.9],[1631.9,659.4],[1635.1,659.1],[1636.1,656.6],[1634.4,653.1],[1630.1,649.1],[1624.9,647.4]]]}},{"type":"Feature","properties":{"id":"LU_ROCK_0003","class":"rock","color":"#9a968a","area_m2":324.0},"geometry":{"type":"Polygon","coordinates":[[[1621.6,631.1],[1618.1,634.6],[1618.4,639.1],[1620.6,640.9],[1624.4,638.9],[1625.9,635.4],[1625.4,633.1],[1621.6,631.1]]]}},{"type":"Feature","properties":{"id":"LU_ROCK_0004","class":"rock","color":"#9a968a","area_m2":565.0},"geometry":{"type":"Polygon","coordinates":[[[1836.6,615.1],[1834.1,617.6],[1835.1,621.1],[1841.1,628.4],[1845.1,629.1],[1846.4,626.1],[1842.9,619.9],[1838.9,615.6],[1836.6,615.1]]]}},{"type":"Feature","properties":{"id":"LU_ROCK_0005","class":"rock","color":"#9a968a","area_m2":2554.0},"geometry":{"type":"Polygon","coordinates":[[[1813.4,613.1],[1810.1,614.6],[1804.4,620.9],[1799.4,621.1],[1792.6,619.1],[1788.1,620.1],[1782.1,635.4],[1782.6,638.6],[1786.4,639.6],[1794.9,631.9],[1801.1,630.4],[1807.9,625.4],[1817.9,623.4],[1820.6,620.4],[1820.4,616.9],[1818.1,614.1],[1813.4,613.1]]]}},{"type":"Feature","properties":{"id":"LU_ROCK_0006","class":"rock","color":"#9a968a","area_m2":5237.0},"geometry":{"type":"Polygon","coordinates":[[[1124.6,609.1],[1117.1,614.6],[1115.6,617.1],[1117.1,618.1],[1122.4,615.9],[1125.6,615.9],[1130.1,617.9],[1134.6,623.1],[1133.6,629.1],[1116.6,651.9],[1110.9,657.6],[1105.1,660.6],[1101.6,664.1],[1101.1,666.9],[1116.9,666.9],[1121.1,659.4],[1129.9,655.4],[1137.9,647.4],[1141.1,647.4],[1145.9,651.6],[1148.4,650.6],[1146.6,638.4],[1140.1,626.4],[1138.4,620.1],[1127.9,609.6],[1124.6,609.1]]]}},{"type":"Feature","properties":{"id":"LU_ROCK_0007","class":"rock","color":"#9a968a","area_m2":738.0},"geometry":{"type":"Polygon","coordinates":[[[693.4,596.1],[688.6,599.1],[688.9,604.1],[693.4,607.1],[700.9,606.4],[702.9,603.4],[701.4,599.1],[697.1,596.6],[693.4,596.1]]]}},{"type":"Feature","properties":{"id":"LU_ROCK_0008","class":"rock","color":"#9a968a","area_m2":1486.0},"geometry":{"type":"Polygon","coordinates":[[[42.6,594.1],[40.4,595.9],[40.6,599.9],[42.6,601.6],[49.9,602.4],[58.1,612.4],[61.1,612.4],[66.4,608.9],[66.4,604.9],[62.1,599.1],[42.6,594.1]]]}},{"type":"Feature","properties":{"id":"LU_ROCK_0009","class":"rock","color":"#9a968a","area_m2":487.0},"geometry":{"type":"Polygon","coordinates":[[[657.6,587.9],[655.1,589.9],[654.6,593.9],[658.6,597.6],[663.9,597.4],[665.6,595.1],[664.9,591.9],[662.1,589.1],[657.6,587.9]]]}},{"type":"Feature","properties":{"id":"LU_ROCK_0010","class":"rock","color":"#9a968a","area_m2":236.0},"geometry":{"type":"Polygon","coordinates":[[[1415.6,584.1],[1412.1,587.6],[1412.6,589.9],[1414.9,591.6],[1416.9,591.4],[1419.6,588.1],[1418.9,585.1],[1415.6,584.1]]]}},{"type":"Feature","properties":{"id":"LU_ROCK_0011","class":"rock","color":"#9a968a","area_m2":730.0},"geometry":{"type":"Polygon","coordinates":[[[56.6,581.1],[51.9,584.9],[52.6,588.9],[58.4,592.6],[64.9,592.4],[66.4,589.1],[64.4,585.1],[61.1,582.1],[56.6,581.1]]]}},{"type":"Feature","properties":{"id":"LU_ROCK_0012","class":"rock","color":"#9a968a","area_m2":13118.0},"geometry":{"type":"Polygon","coordinates":[[[1535.4,574.1],[1529.6,576.1],[1522.4,576.1],[1517.1,578.6],[1507.9,589.6],[1500.1,593.6],[1487.6,604.1],[1486.1,607.4],[1486.1,611.6],[1487.6,614.9],[1491.4,616.9],[1494.4,616.9],[1504.6,610.9],[1513.4,612.9],[1524.4,611.6],[1527.1,609.1],[1531.4,608.9],[1539.9,597.9],[1551.4,593.9],[1557.9,599.6],[1558.1,609.6],[1561.6,619.9],[1563.9,621.6],[1567.9,620.4],[1570.6,617.4],[1571.9,605.4],[1566.4,595.1],[1562.4,584.1],[1556.9,578.6],[1551.1,575.6],[1544.6,574.1],[1535.4,574.1]],[[1537.1,582.6],[1539.1,582.6],[1540.9,584.9],[1539.1,587.9],[1535.4,585.6],[1537.1,582.6]]]}},{"type":"Feature","properties":{"id":"LU_ROCK_0013","class":"rock","color":"#9a968a","area_m2":687.0},"geometry":{"type":"Polygon","coordinates":[[[660.6,566.1],[655.1,571.6],[656.1,577.1],[659.1,579.4],[662.9,578.4],[667.6,572.4],[667.4,570.1],[664.9,567.6],[660.6,566.1]]]}},{"type":"Feature","properties":{"id":"LU_ROCK_0014","class":"rock","color":"#9a968a","area_m2":7982.0},"geometry":{"type":"Polygon","coordinates":[[[1100.6,551.1],[1091.9,557.4],[1084.4,555.4],[1076.4,556.1],[1065.6,560.4],[1061.1,563.6],[1055.6,569.1],[1053.6,572.9],[1049.1,586.6],[1050.6,590.9],[1054.4,592.9],[1064.4,591.9],[1082.9,578.9],[1093.4,575.6],[1096.9,573.4],[1106.9,560.4],[1106.9,556.4],[1105.4,553.1],[1100.6,551.1]]]}},{"type":"Feature","properties":{"id":"LU_ROCK_0015","class":"rock","color":"#9a968a","area_m2":297.0},"geometry":{"type":"Polygon","coordinates":[[[733.6,529.4],[731.4,531.1],[731.6,533.9],[735.1,537.4],[737.9,537.4],[739.6,535.1],[738.9,531.9],[736.1,529.6],[733.6,529.4]]]}},{"type":"Feature","properties":{"id":"LU_ROCK_0016","class":"rock","color":"#9a968a","area_m2":5172.0},"geometry":{"type":"Polygon","coordinates":[[[1463.6,524.4],[1460.6,526.1],[1454.6,534.1],[1453.6,537.9],[1457.9,547.6],[1457.4,561.4],[1461.6,564.6],[1465.6,564.9],[1476.9,558.4],[1486.9,555.4],[1489.6,549.9],[1487.4,547.4],[1482.1,546.6],[1479.4,543.9],[1476.4,535.1],[1465.9,524.6],[1463.6,524.4]]]}},{"type":"Feature","properties":{"id":"LU_ROCK_0017","class":"rock","color":"#9a968a","area_m2":1661.0},"geometry":{"type":"Polygon","coordinates":[[[1062.4,523.1],[1055.6,528.1],[1056.1,531.9],[1071.1,536.4],[1078.6,542.6],[1082.4,541.6],[1081.9,536.9],[1072.9,524.6],[1068.6,523.1],[1062.4,523.1]]]}},{"type":"Feature","properties":{"id":"LU_ROCK_0018","class":"rock","color":"#9a968a","area_m2":963.0},"geometry":{"type":"Polygon","coordinates":[[[866.6,515.4],[862.6,518.9],[862.1,526.4],[865.1,530.4],[870.4,531.6],[874.4,528.9],[874.9,523.4],[870.9,516.6],[866.6,515.4]]]}},{"type":"Feature","properties":{"id":"LU_ROCK_0019","class":"rock","color":"#9a968a","area_m2":1730.0},"geometry":{"type":"Polygon","coordinates":[[[754.4,511.1],[748.6,513.9],[749.6,518.9],[754.9,522.4],[764.1,525.9],[772.1,533.4],[775.6,533.6],[776.1,530.4],[770.4,519.1],[760.1,512.1],[754.4,511.1]]]}},{"type":"Feature","properties":{"id":"LU_ROCK_0020","class":"rock","color":"#9a968a","area_m2":7468.0},"geometry":{"type":"Polygon","coordinates":[[[1446.6,507.1],[1441.1,508.6],[1428.9,521.6],[1419.9,526.1],[1414.6,531.1],[1406.6,543.1],[1406.6,546.1],[1408.4,548.1],[1414.1,550.1],[1423.4,549.1],[1430.1,556.4],[1432.9,556.4],[1434.4,554.9],[1434.9,546.4],[1436.4,543.1],[1447.9,538.1],[1449.4,528.9],[1455.6,515.4],[1455.4,512.1],[1451.9,508.6],[1446.6,507.1]]]}},{"type":"Feature","properties":{"id":"LU_ROCK_0021","class":"rock","color":"#9a968a","area_m2":3254.0},"geometry":{"type":"Polygon","coordinates":[[[1024.9,506.6],[1013.9,508.6],[1004.6,515.1],[993.6,529.9],[993.4,533.4],[995.9,537.1],[997.6,537.4],[1010.1,530.9],[1017.9,525.4],[1025.4,517.9],[1027.9,510.6],[1024.9,506.6]]]}},{"type":"Feature","properties":{"id":"LU_ROCK_0022","class":"rock","color":"#9a968a","area_m2":582.0},"geometry":{"type":"Polygon","coordinates":[[[1383.4,485.1],[1380.1,486.6],[1376.6,490.9],[1376.6,493.9],[1378.6,495.6],[1384.1,495.4],[1388.4,491.1],[1388.4,487.1],[1386.4,485.4],[1383.4,485.1]]]}},{"type":"Feature","properties":{"id":"LU_ROCK_0023","class":"rock","color":"#9a968a","area_m2":4393.0},"geometry":{"type":"Polygon","coordinates":[[[669.4,474.1],[664.1,476.6],[660.1,482.4],[660.6,487.1],[665.1,494.4],[671.4,496.6],[678.9,491.9],[681.9,491.4],[684.6,493.1],[689.1,499.4],[692.4,500.9],[697.6,500.9],[702.4,497.9],[701.6,490.6],[695.9,482.6],[690.6,480.1],[685.9,479.6],[675.6,474.1],[669.4,474.1]]]}},{"type":"Feature","properties":{"id":"LU_ROCK_0024","class":"rock","color":"#9a968a","area_m2":2635.0},"geometry":{"type":"Polygon","coordinates":[[[1328.4,473.1],[1325.1,474.6],[1320.6,479.1],[1319.1,482.4],[1320.1,494.4],[1322.9,497.6],[1330.4,493.9],[1340.6,493.9],[1344.6,491.1],[1343.9,487.9],[1336.4,476.1],[1333.1,473.6],[1328.4,473.1]]]}},{"type":"Feature","properties":{"id":"LU_ROCK_0025","class":"rock","color":"#9a968a","area_m2":2908.0},"geometry":{"type":"Polygon","coordinates":[[[951.4,462.1],[942.9,465.1],[937.6,470.1],[936.1,476.4],[938.1,479.4],[941.1,479.4],[953.1,472.4],[955.1,472.6],[961.1,479.4],[964.4,480.9],[971.1,481.4],[978.4,477.9],[977.9,473.9],[974.1,470.1],[965.4,467.1],[961.1,468.1],[955.9,462.6],[951.4,462.1]]]}},{"type":"Feature","properties":{"id":"LU_ROCK_0026","class":"rock","color":"#9a968a","area_m2":5685.0},"geometry":{"type":"Polygon","coordinates":[[[1366.4,451.1],[1363.1,452.6],[1361.1,456.4],[1362.1,465.6],[1366.1,471.4],[1373.9,472.1],[1378.1,471.1],[1392.1,479.4],[1401.6,475.1],[1411.6,479.6],[1415.6,478.1],[1417.9,470.6],[1414.9,466.6],[1403.9,465.6],[1378.6,452.1],[1366.4,451.1]]]}},{"type":"Feature","properties":{"id":"LU_ROCK_0027","class":"rock","color":"#9a968a","area_m2":337.0},"geometry":{"type":"Polygon","coordinates":[[[214.4,332.1],[212.9,333.1],[214.6,334.6],[230.6,339.6],[232.9,338.9],[231.4,336.4],[214.4,332.1]]]}},{"type":"Feature","properties":{"id":"LU_ROCK_0028","class":"rock","color":"#9a968a","area_m2":2636.0},"geometry":{"type":"Polygon","coordinates":[[[882.6,309.1],[877.6,313.1],[874.1,320.4],[873.1,331.6],[875.1,334.9],[877.6,335.9],[881.9,334.4],[896.6,322.1],[895.6,315.6],[890.9,310.6],[887.6,309.1],[882.6,309.1]]]}},{"type":"Feature","properties":{"id":"LU_ROCK_0029","class":"rock","color":"#9a968a","area_m2":307.0},"geometry":{"type":"Polygon","coordinates":[[[1880.1,292.6],[1878.1,294.9],[1878.1,300.4],[1879.9,303.1],[1881.6,303.4],[1883.9,299.6],[1883.9,295.6],[1882.1,292.9],[1880.1,292.6]]]}},{"type":"Feature","properties":{"id":"LU_ROCK_0030","class":"rock","color":"#9a968a","area_m2":8363.0},"geometry":{"type":"Polygon","coordinates":[[[825.6,277.1],[817.1,280.6],[807.9,291.6],[799.9,297.4],[792.9,307.4],[792.6,309.9],[794.1,312.4],[799.4,314.9],[812.4,312.9],[831.6,312.9],[843.1,310.4],[846.4,307.9],[847.9,303.6],[842.4,288.1],[836.1,284.6],[829.1,278.1],[825.6,277.1]]]}},{"type":"Feature","properties":{"id":"LU_ROCK_0031","class":"rock","color":"#9a968a","area_m2":1143.0},"geometry":{"type":"Polygon","coordinates":[[[777.4,254.6],[773.4,260.6],[773.1,264.6],[775.6,269.9],[779.1,273.4],[782.6,273.9],[787.4,270.9],[787.9,267.4],[781.1,256.4],[777.4,254.6]]]}},{"type":"Feature","properties":{"id":"LU_ROCK_0032","class":"rock","color":"#9a968a","area_m2":292.0},"geometry":{"type":"Polygon","coordinates":[[[1558.9,240.9],[1548.6,241.1],[1547.4,242.4],[1550.9,245.9],[1554.4,246.6],[1559.4,242.9],[1558.9,240.9]]]}},{"type":"Feature","properties":{"id":"LU_ROCK_0033","class":"rock","color":"#9a968a","area_m2":727.0},"geometry":{"type":"Polygon","coordinates":[[[1945.4,227.4],[1939.1,230.6],[1937.4,232.9],[1940.1,239.1],[1942.9,241.6],[1946.9,240.4],[1949.6,235.4],[1948.4,229.1],[1945.4,227.4]]]}},{"type":"Feature","properties":{"id":"LU_ROCK_0034","class":"rock","color":"#9a968a","area_m2":379.0},"geometry":{"type":"Polygon","coordinates":[[[1864.6,202.6],[1858.9,209.6],[1855.9,211.1],[1856.4,212.6],[1860.6,212.9],[1866.1,211.1],[1867.4,206.9],[1866.4,203.4],[1864.6,202.6]]]}},{"type":"Feature","properties":{"id":"LU_ROCK_0035","class":"rock","color":"#9a968a","area_m2":894.0},"geometry":{"type":"Polygon","coordinates":[[[1295.6,199.1],[1292.4,201.9],[1294.1,208.1],[1299.9,213.9],[1304.1,213.9],[1306.9,210.4],[1305.9,204.9],[1302.1,201.1],[1295.6,199.1]]]}},{"type":"Feature","properties":{"id":"LU_ROCK_0036","class":"rock","color":"#9a968a","area_m2":7237.0},"geometry":{"type":"Polygon","coordinates":[[[691.6,198.4],[688.1,199.6],[685.9,202.4],[688.6,214.9],[679.6,223.1],[674.1,233.1],[673.4,239.4],[676.6,242.6],[683.6,242.9],[690.1,240.9],[696.4,233.1],[702.6,228.1],[704.9,228.4],[710.6,232.9],[714.6,230.4],[713.9,221.4],[716.4,211.9],[714.4,204.1],[711.4,201.4],[704.4,201.1],[691.6,198.4]]]}},{"type":"Feature","properties":{"id":"LU_ROCK_0037","class":"rock","color":"#9a968a","area_m2":267.0},"geometry":{"type":"Polygon","coordinates":[[[629.4,173.6],[620.9,176.6],[618.6,180.6],[619.9,181.6],[623.1,180.9],[630.4,175.6],[629.4,173.6]]]}},{"type":"Feature","properties":{"id":"LU_ROCK_0038","class":"rock","color":"#9a968a","area_m2":4600.0},"geometry":{"type":"Polygon","coordinates":[[[1240.9,171.4],[1232.4,175.9],[1230.6,178.1],[1233.4,190.4],[1236.6,195.9],[1242.1,201.4],[1250.6,206.6],[1256.4,207.9],[1260.9,202.4],[1259.6,185.6],[1252.4,178.9],[1248.4,172.1],[1240.9,171.4]]]}},{"type":"Feature","properties":{"id":"LU_ROCK_0039","class":"rock","color":"#9a968a","area_m2":1133.0},"geometry":{"type":"Polygon","coordinates":[[[1156.6,138.1],[1146.1,148.9],[1144.6,152.1],[1145.9,155.1],[1148.6,155.1],[1160.4,149.6],[1163.4,146.9],[1163.9,143.4],[1162.4,140.1],[1156.6,138.1]]]}},{"type":"Feature","properties":{"id":"LU_ROCK_0040","class":"rock","color":"#9a968a","area_m2":497.0},"geometry":{"type":"Polygon","coordinates":[[[603.1,129.6],[597.6,134.1],[596.4,136.6],[596.6,138.9],[599.9,141.6],[603.9,140.4],[605.9,136.6],[606.4,131.4],[603.1,129.6]]]}},{"type":"Feature","properties":{"id":"LU_ROCK_0041","class":"rock","color":"#9a968a","area_m2":9810.0},"geometry":{"type":"Polygon","coordinates":[[[1176.6,123.4],[1173.1,124.6],[1170.1,128.6],[1170.1,132.6],[1173.6,139.9],[1174.1,143.6],[1171.1,152.4],[1171.1,158.6],[1169.6,163.1],[1160.4,177.6],[1160.6,179.9],[1163.6,181.9],[1172.4,178.9],[1188.1,179.4],[1192.9,178.4],[1194.9,175.4],[1194.9,160.4],[1195.9,157.9],[1198.9,155.4],[1207.1,153.9],[1209.4,150.9],[1207.4,145.1],[1198.4,137.9],[1188.9,125.6],[1185.6,124.1],[1176.6,123.4]]]}},{"type":"Feature","properties":{"id":"LU_ROCK_0042","class":"rock","color":"#9a968a","area_m2":224.0},"geometry":{"type":"Polygon","coordinates":[[[1034.4,115.9],[1031.9,118.4],[1033.1,120.9],[1037.6,121.9],[1040.4,120.4],[1039.9,117.1],[1034.4,115.9]]]}},{"type":"Feature","properties":{"id":"LU_ROCK_0043","class":"rock","color":"#9a968a","area_m2":848.0},"geometry":{"type":"Polygon","coordinates":[[[568.1,104.1],[564.6,108.9],[564.1,115.6],[566.1,119.4],[570.4,120.9],[574.4,118.9],[575.9,114.6],[573.4,108.1],[568.1,104.1]]]}},{"type":"Feature","properties":{"id":"LU_ROCK_0044","class":"rock","color":"#9a968a","area_m2":1357.0},"geometry":{"type":"Polygon","coordinates":[[[1113.6,89.1],[1109.1,91.6],[1105.1,97.4],[1104.1,103.6],[1108.4,109.4],[1113.4,106.9],[1120.9,96.6],[1120.4,92.1],[1117.4,89.4],[1113.6,89.1]]]}},{"type":"Feature","properties":{"id":"LU_ROCK_0045","class":"rock","color":"#9a968a","area_m2":517.0},"geometry":{"type":"Polygon","coordinates":[[[502.6,76.4],[496.1,78.6],[492.6,82.1],[492.6,84.9],[496.4,86.6],[502.9,83.4],[506.1,78.4],[505.1,76.9],[502.6,76.4]]]}},{"type":"Feature","properties":{"id":"LU_ROCK_0046","class":"rock","color":"#9a968a","area_m2":4652.0},"geometry":{"type":"Polygon","coordinates":[[[555.6,68.4],[549.6,72.1],[546.1,81.1],[540.1,88.9],[536.6,95.9],[536.6,102.1],[540.4,105.4],[549.1,101.9],[557.9,96.4],[566.4,96.6],[569.4,93.1],[569.9,84.4],[566.9,76.9],[561.9,70.6],[555.6,68.4]]]}},{"type":"Feature","properties":{"id":"LU_ROCK_0047","class":"rock","color":"#9a968a","area_m2":1896.0},"geometry":{"type":"Polygon","coordinates":[[[1174.1,64.6],[1171.1,68.4],[1172.1,73.1],[1174.9,75.4],[1179.9,76.4],[1183.1,79.9],[1187.6,90.9],[1189.4,92.4],[1191.1,92.1],[1193.9,89.1],[1195.9,83.6],[1194.9,76.9],[1179.1,66.1],[1174.1,64.6]]]}},{"type":"Feature","properties":{"id":"LU_ROCK_0048","class":"rock","color":"#9a968a","area_m2":5499.0},"geometry":{"type":"Polygon","coordinates":[[[1149.6,53.1],[1141.1,57.6],[1121.6,75.1],[1119.4,81.1],[1122.1,84.4],[1133.4,85.1],[1146.6,93.6],[1153.1,91.9],[1158.4,86.9],[1159.4,83.1],[1157.9,79.9],[1151.1,73.4],[1152.9,55.6],[1151.6,53.6],[1149.6,53.1]]]}},{"type":"Feature","properties":{"id":"LU_ROCK_0049","class":"rock","color":"#9a968a","area_m2":1444.0},"geometry":{"type":"Polygon","coordinates":[[[522.4,39.6],[520.4,41.6],[520.1,45.6],[523.6,52.9],[531.9,60.9],[539.9,63.6],[540.4,60.9],[533.9,46.9],[522.4,39.6]]]}},{"type":"Feature","properties":{"id":"LU_ROCK_0050","class":"rock","color":"#9a968a","area_m2":4717.0},"geometry":{"type":"Polygon","coordinates":[[[462.6,32.4],[458.1,34.6],[453.6,41.1],[453.9,43.1],[456.1,45.4],[459.9,46.4],[462.1,49.6],[454.6,68.9],[457.6,72.6],[469.6,72.9],[472.9,71.4],[477.4,66.9],[480.1,56.6],[482.6,53.4],[483.9,48.6],[480.4,43.4],[470.1,42.6],[468.4,40.6],[467.1,34.4],[462.6,32.4]]]}},{"type":"Feature","properties":{"id":"LU_ROCK_0051","class":"rock","color":"#9a968a","area_m2":4857.0},"geometry":{"type":"Polygon","coordinates":[[[1105.6,23.1],[1095.1,32.1],[1085.9,33.6],[1080.6,38.1],[1080.1,49.6],[1078.6,53.1],[1079.4,55.4],[1086.6,54.1],[1095.6,54.6],[1107.9,48.4],[1112.9,47.4],[1116.4,43.9],[1117.9,39.6],[1115.9,34.9],[1108.1,23.9],[1105.6,23.1]]]}},{"type":"Feature","properties":{"id":"LU_ROCK_0052","class":"rock","color":"#9a968a","area_m2":814.0},"geometry":{"type":"Polygon","coordinates":[[[627.6,18.4],[624.1,20.9],[622.9,27.9],[624.1,31.9],[628.4,33.9],[633.6,30.4],[633.9,22.6],[631.9,19.6],[627.6,18.4]]]}},{"type":"Feature","properties":{"id":"LU_ROCK_0053","class":"rock","color":"#9a968a","area_m2":1691.0},"geometry":{"type":"Polygon","coordinates":[[[1879.9,5.6],[1876.6,7.4],[1876.6,10.1],[1878.6,13.9],[1884.4,18.1],[1886.9,18.4],[1895.6,14.9],[1898.1,15.4],[1903.1,19.4],[1905.1,19.1],[1906.6,17.1],[1906.4,15.1],[1897.4,6.4],[1879.9,5.6]]]}},{"type":"Feature","properties":{"id":"LU_ROCK_0054","class":"rock","color":"#9a968a","area_m2":293.0},"geometry":{"type":"Polygon","coordinates":[[[479.6,5.6],[477.4,7.6],[477.6,11.1],[480.1,14.4],[483.6,15.4],[485.4,13.6],[485.1,11.4],[479.6,5.6]]]}},{"type":"Feature","properties":{"id":"LU_ROCK_0055","class":"rock","color":"#9a968a","area_m2":4923.0},"geometry":{"type":"Polygon","coordinates":[[[1067.1,0.1],[1061.6,11.6],[1064.6,14.6],[1075.9,18.1],[1079.1,17.9],[1085.1,14.9],[1096.6,7.1],[1100.1,7.9],[1105.1,13.4],[1108.9,14.4],[1124.1,7.9],[1127.9,2.6],[1127.9,0.1],[1067.1,0.1]]]}},{"type":"Feature","properties":{"id":"LU_ROCK_0056","class":"rock","color":"#9a968a","area_m2":2912.0},"geometry":{"type":"Polygon","coordinates":[[[734.1,0.1],[733.6,4.1],[728.6,12.9],[728.1,17.6],[731.9,22.9],[736.4,24.9],[741.6,24.6],[745.1,22.6],[752.4,13.1],[752.1,0.6],[734.1,0.1]]]}},{"type":"Feature","properties":{"id":"LU_ROCK_0057","class":"rock","color":"#9a968a","area_m2":3621.0},"geometry":{"type":"Polygon","coordinates":[[[420.1,0.1],[421.1,7.6],[416.1,18.1],[415.1,23.6],[417.1,27.4],[422.6,28.9],[442.4,13.9],[446.6,3.6],[446.9,0.1],[432.4,0.1],[431.6,1.4],[430.1,0.1],[420.1,0.1]]]}},{"type":"Feature","properties":{"id":"LU_ROCK_0058","class":"rock","color":"#9a968a","area_m2":3211.0},"geometry":{"type":"Polygon","coordinates":[[[383.1,0.1],[382.6,15.1],[384.4,17.1],[391.4,19.9],[398.1,19.4],[409.9,12.4],[415.9,2.6],[415.9,0.1],[383.1,0.1]]]}},{"type":"Feature","properties":{"id":"LU_RESIDENTIAL_0001","class":"residential","color":"#a8a37e","area_m2":412.0},"geometry":{"type":"Polygon","coordinates":[[[1725.4,656.4],[1722.1,666.9],[1732.9,666.9],[1732.4,663.6],[1725.4,656.4]]]}},{"type":"Feature","properties":{"id":"LU_RESIDENTIAL_0002","class":"residential","color":"#a8a37e","area_m2":3486.0},"geometry":{"type":"Polygon","coordinates":[[[138.1,625.9],[133.1,628.6],[130.9,631.6],[132.1,636.1],[137.9,642.6],[152.6,647.6],[159.1,647.1],[161.9,648.6],[167.9,645.1],[168.9,639.4],[164.1,633.1],[157.4,631.9],[143.6,626.4],[138.1,625.9]]]}},{"type":"Feature","properties":{"id":"LU_RESIDENTIAL_0003","class":"residential","color":"#a8a37e","area_m2":3091.0},"geometry":{"type":"Polygon","coordinates":[[[1680.9,622.9],[1680.9,625.1],[1686.6,629.4],[1688.6,636.9],[1693.4,641.4],[1695.6,645.9],[1717.1,663.9],[1718.9,664.1],[1720.9,660.6],[1720.9,655.4],[1719.4,651.1],[1715.4,646.1],[1699.9,632.6],[1687.1,627.9],[1680.9,622.9]]]}},{"type":"Feature","properties":{"id":"LU_RESIDENTIAL_0004","class":"residential","color":"#a8a37e","area_m2":2989.0},"geometry":{"type":"Polygon","coordinates":[[[299.1,380.6],[296.1,382.9],[295.1,387.6],[300.1,394.6],[309.1,403.4],[315.1,404.6],[317.6,407.6],[324.1,406.1],[325.9,402.6],[325.9,398.6],[321.4,391.1],[313.4,384.4],[299.1,380.6]]]}},{"type":"Feature","properties":{"id":"LU_RESIDENTIAL_0005","class":"residential","color":"#a8a37e","area_m2":6596.0},"geometry":{"type":"Polygon","coordinates":[[[1757.1,367.4],[1754.9,371.6],[1749.6,370.1],[1745.6,372.9],[1740.1,393.4],[1739.9,407.6],[1741.1,409.4],[1758.1,417.6],[1759.6,416.4],[1762.4,405.9],[1769.9,390.9],[1771.4,382.1],[1769.1,376.9],[1760.1,372.6],[1757.1,367.4]]]}},{"type":"Feature","properties":{"id":"LU_RESIDENTIAL_0006","class":"residential","color":"#a8a37e","area_m2":13092.0},"geometry":{"type":"Polygon","coordinates":[[[1930.6,338.9],[1924.9,341.1],[1919.9,345.6],[1911.1,349.4],[1908.9,351.9],[1903.9,352.9],[1904.4,354.4],[1912.6,358.6],[1911.4,362.1],[1911.9,364.6],[1916.1,366.1],[1922.9,365.6],[1925.4,367.9],[1925.6,369.6],[1922.1,374.1],[1921.6,376.6],[1929.1,384.4],[1939.6,385.9],[1949.4,381.9],[1959.6,382.9],[1965.4,385.1],[1971.6,383.6],[1982.4,388.6],[1990.4,388.9],[1995.6,392.6],[1999.9,392.9],[1999.9,381.1],[1991.4,382.1],[1969.9,371.1],[1960.4,362.9],[1958.9,357.9],[1954.9,353.6],[1949.4,353.6],[1947.4,351.9],[1944.9,344.6],[1937.6,342.9],[1934.4,339.4],[1930.6,338.9]]]}},{"type":"Feature","properties":{"id":"LU_RESIDENTIAL_0007","class":"residential","color":"#a8a37e","area_m2":5152.0},"geometry":{"type":"Polygon","coordinates":[[[1639.4,337.9],[1628.1,350.9],[1625.4,356.6],[1625.4,359.4],[1628.1,362.4],[1633.9,365.4],[1644.6,367.4],[1649.9,362.9],[1655.6,361.1],[1656.4,363.6],[1652.9,367.6],[1646.4,368.1],[1645.6,369.1],[1646.9,371.9],[1652.9,374.6],[1662.4,360.1],[1663.6,356.4],[1663.6,347.9],[1657.1,345.6],[1652.1,341.6],[1644.4,341.1],[1639.4,337.9]]]}},{"type":"Feature","properties":{"id":"LU_RESIDENTIAL_0008","class":"residential","color":"#a8a37e","area_m2":262323.0},"geometry":{"type":"Polygon","coordinates":[[[1434.4,239.1],[1416.9,245.1],[1410.6,251.1],[1407.1,259.4],[1407.6,273.1],[1412.1,282.9],[1417.4,285.1],[1423.4,282.4],[1423.9,275.6],[1425.4,273.4],[1429.4,277.1],[1438.6,277.4],[1440.1,279.4],[1440.6,284.6],[1444.1,291.1],[1456.1,304.4],[1465.1,311.4],[1470.4,312.1],[1483.9,321.1],[1488.1,321.6],[1497.1,331.9],[1503.1,345.4],[1500.6,351.9],[1495.6,357.9],[1489.1,375.4],[1490.1,381.4],[1488.9,388.9],[1492.9,402.6],[1492.9,406.4],[1496.6,415.1],[1504.1,423.4],[1509.9,428.6],[1516.6,425.9],[1523.9,427.4],[1532.6,434.1],[1533.6,439.9],[1537.6,444.1],[1539.1,447.9],[1542.9,450.4],[1546.6,450.9],[1562.1,447.1],[1565.9,452.9],[1574.1,454.4],[1578.6,457.6],[1585.6,458.9],[1593.6,458.1],[1594.4,459.9],[1590.1,461.6],[1587.9,463.9],[1587.6,466.4],[1598.6,476.1],[1601.6,475.6],[1605.4,472.4],[1608.1,473.9],[1606.9,476.6],[1601.6,479.9],[1601.6,490.9],[1607.1,495.6],[1607.6,499.9],[1611.1,503.4],[1622.6,503.1],[1623.4,504.9],[1621.4,507.1],[1621.9,509.1],[1629.6,516.9],[1629.9,519.1],[1628.1,521.1],[1619.9,523.6],[1617.4,525.6],[1617.1,531.6],[1618.6,534.9],[1620.9,536.4],[1627.1,536.4],[1637.9,528.1],[1640.9,522.4],[1640.9,505.6],[1644.1,501.4],[1652.6,496.1],[1660.4,496.9],[1664.1,495.6],[1673.4,487.9],[1678.4,480.4],[1682.9,481.4],[1685.6,485.9],[1697.1,497.9],[1699.1,508.6],[1697.6,511.6],[1694.4,511.9],[1683.6,508.4],[1677.1,511.1],[1673.9,515.1],[1670.1,516.4],[1668.4,519.4],[1667.6,526.1],[1669.6,530.9],[1674.1,535.4],[1680.9,538.4],[1684.6,542.1],[1685.9,545.4],[1683.1,558.6],[1679.6,564.9],[1672.9,571.6],[1670.9,571.9],[1663.9,563.6],[1656.1,557.6],[1649.6,557.4],[1647.1,561.4],[1647.6,571.9],[1651.1,576.4],[1668.4,588.9],[1673.1,609.1],[1689.9,624.9],[1694.6,626.9],[1697.4,626.4],[1693.9,621.4],[1695.9,616.6],[1693.9,611.1],[1696.1,610.1],[1700.6,612.6],[1703.9,612.4],[1709.1,607.1],[1710.1,602.1],[1716.6,602.9],[1726.4,599.1],[1732.1,598.4],[1743.1,591.1],[1744.1,587.1],[1746.1,585.9],[1753.1,588.1],[1756.9,583.6],[1758.4,583.4],[1761.4,587.4],[1763.4,587.9],[1773.6,581.9],[1780.4,584.9],[1783.6,584.6],[1792.9,580.4],[1798.6,573.1],[1794.4,558.9],[1791.4,553.1],[1779.9,542.6],[1768.1,535.6],[1758.1,525.6],[1753.4,525.1],[1740.9,530.1],[1733.9,530.9],[1730.4,529.4],[1725.6,524.6],[1719.4,512.9],[1719.6,510.9],[1723.1,506.6],[1722.9,495.4],[1721.4,490.1],[1723.9,487.4],[1734.6,485.9],[1741.6,481.9],[1751.6,483.6],[1757.6,483.1],[1764.1,485.4],[1768.1,488.4],[1778.1,502.4],[1781.4,503.9],[1785.6,503.9],[1791.4,499.9],[1795.6,493.1],[1794.6,490.6],[1789.9,489.6],[1784.9,486.1],[1784.4,481.4],[1788.6,479.9],[1814.4,492.1],[1815.9,493.9],[1816.4,497.6],[1818.9,497.9],[1825.6,501.9],[1829.1,499.9],[1831.9,504.9],[1847.9,512.4],[1853.4,513.6],[1856.6,511.4],[1864.9,515.4],[1871.1,522.4],[1874.9,524.4],[1888.6,528.9],[1892.4,527.4],[1892.9,524.9],[1891.4,522.6],[1880.1,516.6],[1871.1,507.1],[1810.9,480.6],[1789.9,470.1],[1785.4,465.1],[1784.6,455.6],[1781.9,452.6],[1778.6,451.1],[1766.9,452.4],[1764.4,449.9],[1763.6,444.6],[1761.9,442.6],[1742.1,431.1],[1673.6,404.1],[1664.4,402.9],[1657.6,407.6],[1656.1,404.9],[1659.4,401.6],[1658.4,399.4],[1649.9,396.6],[1639.1,389.1],[1616.1,377.6],[1572.9,358.6],[1537.1,339.6],[1532.4,334.1],[1531.9,328.4],[1535.9,322.9],[1543.4,320.9],[1553.1,321.9],[1559.4,328.9],[1573.9,337.4],[1584.4,337.1],[1587.6,340.1],[1588.9,344.1],[1599.6,348.9],[1601.9,348.4],[1607.4,342.9],[1612.9,333.4],[1612.6,329.4],[1608.9,319.6],[1601.1,317.1],[1599.4,313.1],[1591.1,306.1],[1583.4,304.9],[1573.1,300.6],[1572.9,298.9],[1575.9,294.1],[1572.1,292.6],[1561.4,281.9],[1556.9,272.9],[1547.6,260.6],[1548.4,254.4],[1545.9,249.9],[1540.1,245.1],[1531.6,242.1],[1526.9,244.1],[1523.6,247.1],[1520.6,253.9],[1522.1,266.6],[1520.6,269.9],[1515.9,274.6],[1503.9,277.9],[1500.1,272.4],[1496.4,272.1],[1492.6,274.1],[1491.1,279.6],[1495.1,291.6],[1495.1,297.1],[1499.9,300.6],[1500.6,303.9],[1500.4,306.1],[1494.9,310.1],[1492.4,307.9],[1493.6,304.1],[1492.9,302.4],[1484.4,302.1],[1481.1,300.6],[1472.9,293.1],[1469.9,286.6],[1470.4,281.9],[1463.1,278.6],[1466.9,273.6],[1471.4,271.9],[1470.9,268.6],[1472.4,264.1],[1471.4,260.1],[1465.1,255.1],[1450.1,246.6],[1445.1,242.1],[1438.6,239.1],[1434.4,239.1]],[[1769.1,470.9],[1772.1,469.1],[1774.1,470.9],[1778.4,476.1],[1778.1,477.9],[1776.4,477.9],[1769.4,472.6],[1769.1,470.9]],[[1770.1,480.6],[1774.1,481.4],[1775.4,483.9],[1773.4,485.1],[1770.4,484.6],[1769.1,483.1],[1770.1,480.6]],[[1714.1,549.1],[1720.1,549.4],[1725.9,553.9],[1729.9,555.4],[1744.6,552.1],[1755.1,553.4],[1762.6,558.1],[1769.9,573.1],[1765.6,576.1],[1757.1,573.6],[1724.4,584.1],[1703.9,580.6],[1698.1,576.4],[1698.1,568.4],[1701.4,561.1],[1711.1,550.4],[1714.1,549.1]],[[1741.9,458.4],[1744.6,458.4],[1745.4,460.9],[1742.4,461.6],[1741.1,460.1],[1741.9,458.4]],[[1738.1,444.6],[1741.6,443.1],[1742.6,446.1],[1740.1,453.1],[1737.6,454.6],[1736.1,451.6],[1738.1,444.6]],[[1732.1,533.6],[1733.6,533.4],[1734.9,534.9],[1733.4,537.6],[1731.1,536.1],[1732.1,533.6]],[[1724.4,462.1],[1727.9,463.9],[1725.9,466.6],[1722.4,464.6],[1724.4,462.1]],[[1692.6,425.4],[1694.9,426.4],[1693.4,428.6],[1691.4,427.4],[1692.6,425.4]],[[1678.1,460.4],[1680.9,461.9],[1682.4,468.6],[1681.6,469.9],[1678.1,468.4],[1676.9,464.6],[1678.1,460.4]],[[1644.6,438.4],[1653.1,440.9],[1668.6,450.6],[1671.1,454.4],[1670.1,458.9],[1668.1,460.6],[1663.4,461.1],[1651.6,458.9],[1645.6,455.9],[1637.4,445.6],[1637.4,444.1],[1641.4,442.6],[1644.6,438.4]],[[1639.4,466.1],[1643.1,466.9],[1645.1,470.4],[1642.9,473.6],[1638.6,475.1],[1635.4,472.9],[1634.9,470.6],[1639.4,466.1]],[[1633.1,492.4],[1637.9,491.1],[1639.4,492.9],[1636.4,495.9],[1632.9,494.1],[1633.1,492.4]],[[1634.4,437.6],[1636.6,438.6],[1636.1,442.9],[1633.1,440.9],[1634.4,437.6]],[[1618.4,464.9],[1618.6,463.6],[1619.1,464.4],[1618.4,464.9]],[[1612.4,486.9],[1613.4,486.6],[1613.9,487.9],[1612.6,488.4],[1612.4,486.9]],[[1596.4,395.1],[1602.1,395.4],[1609.6,400.1],[1611.1,406.6],[1608.9,410.6],[1605.4,412.1],[1603.6,411.6],[1593.4,401.9],[1592.4,398.4],[1596.4,395.1]],[[1593.9,442.1],[1595.6,442.1],[1600.6,446.6],[1604.6,447.4],[1605.4,449.9],[1601.6,452.1],[1591.1,451.1],[1589.6,448.4],[1593.9,442.1]],[[1598.6,419.4],[1601.9,420.6],[1602.4,425.1],[1600.9,426.9],[1594.9,427.9],[1593.4,426.6],[1593.6,424.4],[1598.6,419.4]],[[1566.6,438.1],[1569.1,436.1],[1571.6,438.1],[1574.4,443.6],[1577.4,446.4],[1577.1,448.4],[1574.1,447.6],[1569.4,442.9],[1566.6,438.1]],[[1558.6,414.4],[1561.1,414.4],[1564.6,416.6],[1569.4,421.9],[1569.6,424.1],[1568.1,425.1],[1557.1,424.9],[1555.9,423.1],[1555.4,417.4],[1558.6,414.4]],[[1564.9,379.9],[1566.4,380.6],[1565.6,381.6],[1564.4,380.9],[1564.9,379.9]],[[1525.6,390.4],[1529.4,392.1],[1532.9,397.6],[1542.6,391.1],[1548.1,393.4],[1551.9,393.4],[1553.9,396.1],[1550.6,400.9],[1549.6,405.6],[1543.4,407.6],[1540.4,414.9],[1529.4,418.1],[1524.6,416.1],[1519.1,415.6],[1514.4,410.9],[1512.9,407.6],[1513.1,404.6],[1517.4,398.4],[1526.1,395.9],[1524.6,391.9],[1525.6,390.4]],[[1528.4,281.1],[1533.4,282.1],[1536.6,285.1],[1537.1,287.4],[1535.6,289.6],[1530.6,289.1],[1525.6,291.6],[1523.6,290.9],[1526.1,282.6],[1528.4,281.1]],[[1525.4,327.6],[1527.6,328.6],[1526.4,330.6],[1524.4,329.4],[1525.4,327.6]],[[1511.4,334.6],[1514.1,335.9],[1516.1,341.1],[1519.1,344.4],[1525.4,344.4],[1526.6,346.6],[1517.9,354.6],[1510.9,358.1],[1507.9,354.6],[1507.9,348.4],[1509.1,338.4],[1511.4,334.6]],[[1514.1,379.6],[1516.6,380.4],[1516.9,383.4],[1509.1,390.6],[1495.9,388.9],[1494.1,387.1],[1494.4,384.4],[1496.6,382.6],[1510.4,381.9],[1514.1,379.6]],[[1514.6,321.4],[1516.6,321.1],[1515.9,322.4],[1514.6,321.4]],[[1505.6,398.1],[1507.9,398.9],[1510.1,405.4],[1509.9,409.4],[1507.4,411.6],[1505.6,410.4],[1503.9,405.6],[1503.9,400.6],[1505.6,398.1]],[[1504.1,314.1],[1507.1,310.6],[1508.1,312.1],[1506.4,315.6],[1504.1,314.1]],[[1432.1,245.6],[1435.6,246.6],[1434.9,249.9],[1431.4,248.6],[1432.1,245.6]]]}},{"type":"Feature","properties":{"id":"LU_RESIDENTIAL_0009","class":"residential","color":"#a8a37e","area_m2":1516.0},"geometry":{"type":"Polygon","coordinates":[[[0.1,193.6],[0.1,203.9],[7.1,205.9],[15.1,212.4],[20.9,215.4],[24.4,214.6],[20.9,204.6],[10.1,197.1],[0.1,193.6]]]}},{"type":"Feature","properties":{"id":"LU_RESIDENTIAL_0010","class":"residential","color":"#a8a37e","area_m2":2804.0},"geometry":{"type":"Polygon","coordinates":[[[1962.6,139.1],[1948.1,151.9],[1943.4,162.6],[1943.6,165.1],[1946.6,169.6],[1951.9,169.4],[1958.6,164.1],[1965.9,156.1],[1967.4,149.9],[1970.4,146.1],[1970.6,143.9],[1968.1,140.4],[1962.6,139.1]]]}},{"type":"Feature","properties":{"id":"LU_RESIDENTIAL_0011","class":"residential","color":"#a8a37e","area_m2":339699.0},"geometry":{"type":"Polygon","coordinates":[[[1563.1,57.6],[1562.4,59.9],[1563.6,62.9],[1561.1,65.9],[1557.1,66.6],[1553.1,70.6],[1547.4,70.1],[1543.1,71.6],[1528.4,84.9],[1525.9,93.1],[1523.6,94.1],[1500.9,94.6],[1497.1,97.9],[1496.1,103.6],[1499.1,108.4],[1506.1,107.1],[1509.4,112.4],[1514.6,112.9],[1533.1,106.9],[1541.4,98.6],[1543.9,98.4],[1550.1,101.1],[1559.9,93.4],[1565.1,93.9],[1568.1,96.9],[1570.1,102.4],[1571.1,122.4],[1570.1,139.4],[1586.1,146.1],[1592.1,154.4],[1595.1,154.4],[1600.1,151.6],[1608.6,160.6],[1611.6,174.1],[1617.1,180.9],[1619.1,188.4],[1619.1,199.6],[1623.9,207.6],[1624.1,210.4],[1619.1,217.4],[1612.1,218.6],[1606.6,225.9],[1597.9,233.4],[1592.6,246.1],[1592.1,256.6],[1593.1,263.6],[1597.6,274.9],[1608.6,286.1],[1613.6,293.9],[1613.6,297.9],[1617.1,302.6],[1620.1,302.4],[1627.1,298.1],[1633.1,290.4],[1637.6,289.9],[1640.9,291.4],[1645.1,295.9],[1648.6,310.6],[1655.6,314.6],[1659.1,318.4],[1664.6,319.1],[1666.1,321.9],[1669.6,321.9],[1676.4,324.6],[1699.1,330.1],[1704.6,328.9],[1709.6,329.9],[1712.9,334.1],[1716.6,335.9],[1721.4,334.9],[1725.6,337.6],[1731.4,338.9],[1738.9,339.1],[1740.4,336.1],[1749.9,338.1],[1758.9,345.1],[1760.1,354.6],[1762.6,353.9],[1765.6,341.9],[1774.6,346.6],[1795.6,346.9],[1808.4,350.9],[1817.6,350.9],[1826.6,353.1],[1835.1,353.6],[1840.6,350.1],[1846.6,349.9],[1850.9,351.9],[1853.1,355.9],[1857.9,358.4],[1862.9,363.9],[1869.4,366.9],[1873.4,367.1],[1880.4,363.9],[1885.1,363.4],[1891.9,358.1],[1897.6,359.1],[1897.4,357.1],[1894.1,353.4],[1892.6,345.6],[1888.4,340.9],[1886.9,336.6],[1886.9,330.4],[1889.1,321.6],[1892.4,318.1],[1894.9,309.6],[1894.6,304.6],[1899.4,297.1],[1906.1,289.4],[1913.9,284.4],[1919.6,278.6],[1922.4,272.4],[1926.4,272.1],[1932.4,265.9],[1936.6,265.4],[1940.1,268.4],[1943.6,268.9],[1959.9,264.9],[1968.9,260.4],[1976.9,252.9],[1981.6,251.1],[1999.9,249.9],[1999.9,237.1],[1987.6,238.1],[1981.4,233.4],[1974.6,232.1],[1969.1,232.9],[1964.1,237.9],[1960.9,236.1],[1962.1,233.4],[1967.9,231.6],[1977.6,224.4],[1979.9,203.4],[1976.9,196.9],[1973.9,193.6],[1966.4,192.1],[1959.9,195.1],[1956.1,198.9],[1953.6,206.6],[1949.6,206.4],[1942.9,209.9],[1942.4,213.4],[1945.9,217.9],[1944.6,219.9],[1938.1,214.4],[1937.9,207.6],[1936.6,205.4],[1934.6,204.9],[1930.6,206.4],[1929.1,205.1],[1931.1,195.9],[1928.9,194.4],[1922.6,194.4],[1916.6,200.1],[1908.9,201.6],[1900.4,206.9],[1892.1,209.1],[1875.6,216.4],[1869.1,220.6],[1856.9,225.1],[1851.6,229.1],[1847.1,239.4],[1848.4,248.6],[1844.1,262.4],[1844.6,269.1],[1850.6,278.6],[1835.4,295.6],[1833.1,304.4],[1833.1,317.6],[1830.1,326.1],[1825.1,331.1],[1821.1,331.6],[1817.9,327.4],[1818.9,323.6],[1818.9,296.4],[1820.9,290.9],[1828.9,281.1],[1832.6,272.4],[1826.1,256.6],[1833.6,248.4],[1833.6,242.1],[1815.6,230.1],[1801.9,231.6],[1792.4,230.4],[1788.4,228.4],[1779.6,228.1],[1776.1,226.4],[1771.6,227.1],[1767.6,223.4],[1763.6,225.6],[1761.1,225.1],[1759.9,223.1],[1758.9,199.4],[1754.1,186.4],[1756.1,177.6],[1758.9,173.1],[1754.1,170.6],[1745.4,161.9],[1743.6,155.6],[1740.9,152.6],[1738.6,152.4],[1731.9,155.1],[1724.4,161.1],[1716.4,161.1],[1712.9,159.6],[1703.4,159.1],[1687.6,155.6],[1685.4,152.6],[1686.1,148.6],[1692.1,143.4],[1698.4,139.9],[1703.9,140.4],[1706.4,137.4],[1711.9,139.6],[1714.1,139.4],[1722.1,133.9],[1723.4,131.4],[1719.1,127.1],[1712.1,124.6],[1708.1,120.4],[1704.6,121.4],[1701.4,119.6],[1689.6,123.1],[1681.9,120.4],[1679.1,115.6],[1675.6,104.1],[1674.4,103.4],[1670.9,104.9],[1669.1,103.1],[1669.6,93.6],[1668.4,89.4],[1670.6,83.9],[1666.9,79.1],[1657.9,78.6],[1655.9,79.9],[1653.9,84.6],[1655.6,92.6],[1662.9,106.6],[1661.6,112.6],[1666.9,116.4],[1666.9,118.6],[1664.4,120.1],[1658.1,119.6],[1654.4,125.1],[1652.4,126.1],[1645.4,124.9],[1636.4,121.1],[1630.6,122.1],[1627.4,119.9],[1626.6,117.4],[1629.9,111.6],[1630.9,100.4],[1627.4,84.9],[1623.9,79.6],[1610.9,76.6],[1603.4,72.1],[1586.4,72.1],[1579.1,70.1],[1573.1,66.6],[1566.1,58.4],[1563.1,57.6]],[[1967.4,244.1],[1970.4,243.9],[1972.9,245.4],[1973.4,247.4],[1971.9,249.6],[1967.6,250.9],[1964.4,248.6],[1964.4,246.1],[1967.4,244.1]],[[1945.1,227.4],[1948.6,229.1],[1949.9,235.4],[1946.9,240.6],[1942.9,241.9],[1939.9,239.1],[1937.1,232.9],[1939.1,230.4],[1945.1,227.4]],[[1941.1,252.1],[1946.1,251.9],[1947.6,254.1],[1940.6,257.1],[1936.6,257.1],[1934.9,255.9],[1935.9,254.1],[1941.1,252.1]],[[1932.4,238.4],[1935.6,239.4],[1936.1,240.9],[1934.9,242.9],[1931.1,241.4],[1930.9,239.6],[1932.4,238.4]],[[1921.1,209.4],[1927.6,213.4],[1926.9,216.1],[1920.4,212.4],[1921.1,209.4]],[[1917.1,237.4],[1920.1,238.9],[1918.6,241.6],[1916.1,240.1],[1917.1,237.4]],[[1908.6,247.9],[1910.6,248.9],[1909.1,250.9],[1906.9,249.9],[1908.6,247.9]],[[1888.9,237.4],[1890.9,237.1],[1896.6,244.1],[1896.9,246.1],[1895.4,247.9],[1890.6,249.1],[1887.4,246.9],[1886.9,242.4],[1888.9,237.4]],[[1892.1,299.1],[1894.1,300.4],[1894.4,303.9],[1892.9,304.9],[1890.9,303.1],[1892.1,299.1]],[[1879.9,292.6],[1882.1,292.6],[1884.1,295.6],[1884.1,299.6],[1881.6,303.6],[1879.9,303.4],[1877.9,300.4],[1877.9,294.9],[1879.9,292.6]],[[1871.4,264.1],[1874.6,265.4],[1872.6,269.6],[1868.4,267.6],[1868.6,265.9],[1871.4,264.1]],[[1852.4,321.1],[1855.9,321.4],[1860.1,325.9],[1865.1,326.6],[1865.9,329.6],[1859.9,331.6],[1855.1,335.6],[1852.1,335.6],[1850.1,333.4],[1848.4,324.4],[1852.4,321.1]],[[1771.6,281.4],[1773.9,281.4],[1779.1,288.4],[1778.6,292.9],[1774.1,296.9],[1770.1,295.6],[1766.9,290.6],[1767.4,285.1],[1771.6,281.4]],[[1771.4,319.1],[1774.6,320.4],[1775.1,321.9],[1773.9,323.9],[1771.6,323.9],[1769.6,322.1],[1769.6,320.1],[1771.4,319.1]],[[1712.9,131.4],[1713.9,131.1],[1714.4,132.4],[1713.1,132.9],[1712.9,131.4]],[[1673.6,117.6],[1676.1,118.1],[1680.6,125.1],[1681.1,126.9],[1679.9,128.9],[1677.6,128.9],[1675.4,126.9],[1673.1,119.4],[1673.6,117.6]],[[1613.1,142.4],[1619.9,141.4],[1622.9,144.6],[1621.6,150.9],[1631.9,156.6],[1632.1,162.6],[1630.6,167.1],[1625.9,171.4],[1622.1,170.6],[1619.4,167.9],[1616.9,158.4],[1617.4,153.1],[1611.4,145.6],[1613.1,142.4]],[[1625.6,132.4],[1628.6,132.9],[1631.1,136.1],[1628.6,137.1],[1625.9,135.6],[1624.6,134.4],[1625.6,132.4]],[[1599.1,115.1],[1603.1,115.4],[1614.6,122.6],[1614.1,131.1],[1617.9,132.1],[1617.9,134.9],[1608.4,134.1],[1596.9,129.1],[1593.6,126.1],[1594.1,118.6],[1599.1,115.1]],[[1556.1,73.4],[1557.9,73.4],[1558.4,74.6],[1556.4,75.4],[1556.1,73.4]]]}},{"type":"Feature","properties":{"id":"LU_RESIDENTIAL_0012","class":"residential","color":"#a8a37e","area_m2":77509.0},"geometry":{"type":"Polygon","coordinates":[[[1780.6,32.9],[1775.9,36.9],[1770.1,34.6],[1760.9,39.4],[1757.4,45.6],[1755.1,54.1],[1746.6,64.9],[1747.1,76.6],[1745.9,81.6],[1739.9,97.4],[1737.4,100.9],[1739.9,106.1],[1734.9,109.6],[1733.4,112.4],[1736.1,116.4],[1742.1,120.4],[1744.1,120.1],[1746.9,117.4],[1753.1,116.4],[1764.9,109.4],[1770.4,107.9],[1777.1,108.4],[1780.9,110.4],[1785.1,114.9],[1794.1,138.4],[1791.6,146.1],[1792.1,151.1],[1789.9,152.6],[1786.1,148.9],[1779.1,150.6],[1770.4,160.6],[1770.4,170.1],[1773.9,173.6],[1774.4,182.1],[1778.9,188.9],[1779.1,202.6],[1782.9,211.4],[1783.1,217.6],[1784.6,220.9],[1786.9,222.6],[1791.4,222.1],[1800.4,225.9],[1807.6,225.9],[1818.4,222.6],[1821.1,219.4],[1824.4,217.9],[1830.6,218.9],[1838.6,217.9],[1845.4,213.9],[1847.9,208.6],[1847.9,204.4],[1844.4,195.4],[1855.9,179.6],[1855.9,174.9],[1853.1,170.4],[1853.6,164.6],[1850.4,159.6],[1851.4,156.1],[1856.6,152.6],[1854.4,143.1],[1863.4,133.9],[1872.1,122.4],[1886.1,115.9],[1889.4,112.9],[1892.6,106.6],[1893.6,96.9],[1892.4,91.1],[1885.9,82.6],[1881.4,81.6],[1876.4,84.6],[1874.4,82.1],[1873.4,77.1],[1870.9,74.6],[1858.4,72.1],[1850.1,75.6],[1846.6,79.1],[1845.9,83.9],[1837.1,87.6],[1832.1,94.1],[1820.4,99.9],[1814.1,98.6],[1805.6,101.4],[1801.1,104.9],[1797.1,103.6],[1791.9,97.6],[1786.1,94.1],[1769.9,89.1],[1767.9,87.1],[1767.4,84.1],[1782.4,60.1],[1784.9,54.4],[1783.6,47.4],[1785.9,45.1],[1790.1,45.6],[1791.9,43.4],[1791.9,39.4],[1789.9,35.6],[1780.6,32.9]],[[1847.1,135.1],[1849.6,135.1],[1850.1,137.1],[1847.1,137.6],[1845.9,136.6],[1847.1,135.1]],[[1844.1,157.9],[1846.9,159.6],[1846.6,161.9],[1844.1,160.4],[1844.1,157.9]],[[1821.1,112.4],[1828.6,117.1],[1835.1,132.1],[1841.6,139.9],[1841.6,142.9],[1835.1,151.9],[1831.4,152.1],[1816.9,148.1],[1813.4,144.9],[1808.4,136.1],[1806.9,130.6],[1807.9,124.9],[1821.1,112.4]]]}},{"type":"Feature","properties":{"id":"LU_RESIDENTIAL_0013","class":"residential","color":"#a8a37e","area_m2":14082.0},"geometry":{"type":"Polygon","coordinates":[[[337.9,17.1],[330.6,21.1],[324.4,34.4],[324.1,55.6],[320.6,71.1],[321.6,74.9],[336.9,90.6],[337.1,97.6],[333.9,102.6],[336.9,111.6],[340.6,113.9],[353.4,112.9],[355.6,111.4],[361.9,95.9],[372.4,82.9],[372.6,80.9],[354.9,64.6],[351.6,64.4],[347.4,66.6],[339.9,59.1],[338.1,54.4],[337.9,45.4],[342.9,29.6],[339.9,18.6],[337.9,17.1]]]}},{"type":"Feature","properties":{"id":"LU_RESIDENTIAL_0014","class":"residential","color":"#a8a37e","area_m2":9417.0},"geometry":{"type":"Polygon","coordinates":[[[1513.1,0.1],[1512.1,4.4],[1513.9,8.6],[1519.9,13.9],[1525.6,14.6],[1526.9,15.9],[1527.6,18.9],[1536.1,27.9],[1542.6,43.9],[1544.4,45.4],[1547.6,43.6],[1549.4,44.1],[1549.6,45.9],[1546.1,49.4],[1545.4,53.4],[1546.6,59.6],[1548.6,60.9],[1550.9,60.4],[1555.4,56.9],[1558.1,52.4],[1554.9,43.6],[1559.9,37.6],[1560.4,9.1],[1556.9,0.1],[1513.1,0.1]]]}},{"type":"Feature","properties":{"id":"LU_RESIDENTIAL_0015","class":"residential","color":"#a8a37e","area_m2":38786.0},"geometry":{"type":"Polygon","coordinates":[[[1376.1,0.1],[1375.6,3.9],[1370.6,9.4],[1371.1,14.6],[1369.9,18.4],[1364.1,25.9],[1362.1,30.9],[1359.9,31.9],[1356.4,30.6],[1345.9,35.1],[1341.6,39.1],[1338.9,44.4],[1339.1,48.1],[1344.9,54.6],[1342.9,61.1],[1346.9,64.9],[1346.1,70.4],[1349.1,73.9],[1347.6,80.1],[1352.9,85.6],[1355.1,100.4],[1352.4,103.9],[1335.4,109.9],[1333.1,113.4],[1333.1,117.6],[1335.4,121.1],[1342.1,125.4],[1348.6,126.9],[1353.4,129.9],[1356.9,130.1],[1358.1,131.9],[1357.6,134.9],[1349.6,142.1],[1345.1,147.9],[1343.6,152.9],[1338.1,158.6],[1338.9,169.1],[1348.9,180.9],[1351.6,185.9],[1357.6,191.1],[1362.1,199.4],[1361.6,202.6],[1356.6,204.4],[1354.6,206.9],[1352.6,218.9],[1361.9,230.9],[1364.4,231.9],[1378.4,231.1],[1386.6,239.9],[1388.9,240.1],[1395.1,238.9],[1400.4,234.1],[1401.6,228.4],[1400.9,224.9],[1399.4,223.4],[1394.1,222.1],[1392.4,218.4],[1396.9,214.1],[1401.6,216.4],[1403.1,215.4],[1406.9,206.6],[1406.6,201.6],[1403.1,198.1],[1386.6,188.9],[1382.1,183.1],[1371.4,182.1],[1362.1,178.6],[1358.4,174.1],[1355.6,162.6],[1352.1,157.6],[1353.1,156.1],[1356.9,155.4],[1359.1,152.4],[1357.4,145.1],[1360.1,142.4],[1365.4,142.6],[1367.9,141.4],[1370.6,137.4],[1372.9,130.6],[1371.4,123.1],[1372.9,112.4],[1370.9,102.9],[1369.9,101.4],[1366.1,103.1],[1364.9,102.1],[1362.9,98.4],[1363.4,94.9],[1365.1,93.1],[1370.9,94.9],[1376.1,88.6],[1379.1,82.4],[1378.4,79.1],[1374.1,75.1],[1370.1,74.9],[1364.1,78.9],[1362.1,77.9],[1361.1,62.9],[1363.1,61.6],[1364.9,64.4],[1366.6,63.9],[1366.9,61.9],[1364.9,58.4],[1366.4,54.1],[1371.4,54.1],[1379.4,50.1],[1386.1,49.4],[1391.4,43.9],[1389.9,38.9],[1385.4,33.1],[1384.1,28.4],[1388.1,12.9],[1388.9,0.1],[1376.1,0.1]],[[1373.6,202.4],[1381.6,204.4],[1383.1,206.6],[1382.9,209.9],[1378.4,211.1],[1375.1,209.6],[1372.4,205.1],[1373.6,202.4]],[[1367.4,46.1],[1371.1,43.9],[1372.4,46.4],[1370.6,48.6],[1368.9,48.9],[1367.4,46.1]],[[1363.6,128.6],[1365.6,129.6],[1364.9,131.9],[1362.9,132.6],[1362.1,130.9],[1363.6,128.6]]]}},{"type":"Feature","properties":{"id":"LU_RESIDENTIAL_0016","class":"residential","color":"#a8a37e","area_m2":840022.0},"geometry":{"type":"Polygon","coordinates":[[[94.1,0.1],[94.1,5.6],[91.4,10.6],[90.1,18.1],[86.9,21.6],[80.6,24.9],[80.9,29.1],[79.9,30.1],[76.1,30.4],[75.1,31.9],[77.1,38.1],[84.1,47.1],[88.6,66.1],[93.9,70.9],[89.1,81.1],[81.6,90.1],[82.1,98.6],[81.1,102.4],[83.4,113.6],[88.1,124.1],[92.4,129.6],[90.4,134.6],[92.1,141.4],[91.6,149.1],[87.9,153.6],[80.6,159.1],[79.1,162.4],[82.1,170.9],[86.6,173.1],[85.1,181.6],[82.6,186.9],[79.1,189.6],[68.6,193.1],[58.4,194.4],[50.4,198.1],[41.4,198.4],[37.1,200.1],[36.4,202.1],[43.4,209.4],[45.9,214.1],[47.6,214.9],[64.9,211.6],[66.9,205.6],[68.9,204.1],[70.9,204.4],[74.6,208.6],[80.9,211.4],[84.1,214.9],[86.1,220.4],[85.1,235.6],[87.4,241.4],[86.1,246.1],[89.6,249.6],[100.6,249.9],[113.4,252.9],[119.6,252.9],[126.9,251.4],[129.4,248.9],[130.6,243.9],[132.9,242.9],[134.1,244.6],[133.6,250.6],[139.6,254.6],[157.4,259.9],[165.6,258.4],[170.4,260.9],[179.9,262.1],[180.9,264.1],[179.1,266.1],[165.6,276.1],[161.4,292.1],[168.4,300.9],[179.9,306.4],[184.9,312.6],[182.6,313.9],[178.9,312.1],[165.1,303.6],[161.9,299.6],[154.9,297.1],[149.1,292.6],[132.4,291.1],[115.6,285.9],[109.1,282.6],[102.4,275.9],[99.4,264.9],[95.9,260.6],[92.6,259.1],[86.6,259.9],[82.4,257.9],[79.6,259.1],[72.6,269.1],[73.1,274.4],[71.6,276.6],[65.4,275.9],[27.9,296.1],[17.6,304.1],[15.4,309.4],[17.4,311.9],[23.9,313.1],[36.9,307.4],[41.4,306.6],[48.1,301.9],[51.1,301.4],[69.4,306.9],[76.6,306.9],[82.9,308.9],[97.1,316.9],[104.9,322.9],[112.6,325.9],[119.1,322.6],[121.4,313.1],[123.6,311.1],[126.4,310.9],[131.6,315.1],[134.6,323.9],[140.4,326.9],[175.6,330.9],[180.1,326.9],[182.4,326.4],[184.9,330.9],[196.1,330.9],[199.1,326.9],[201.9,326.4],[209.9,331.1],[209.6,332.6],[205.9,332.4],[204.6,333.6],[210.9,341.6],[209.1,348.1],[201.6,357.1],[171.6,403.9],[165.9,409.6],[162.6,411.1],[157.4,411.1],[152.9,409.1],[148.4,404.9],[145.9,398.9],[141.9,394.6],[138.6,393.1],[131.6,392.9],[128.1,389.4],[128.4,382.9],[138.9,362.6],[138.4,357.9],[134.9,353.6],[130.4,353.1],[127.1,354.6],[120.6,361.1],[110.9,374.6],[108.4,375.4],[106.6,374.1],[106.4,369.9],[111.9,361.1],[115.9,351.6],[115.4,344.9],[112.1,341.6],[98.4,342.1],[86.6,338.1],[81.1,340.6],[69.1,353.6],[65.4,354.1],[57.6,350.1],[38.4,352.1],[31.6,357.1],[29.1,362.4],[29.1,371.6],[31.9,377.4],[37.9,380.4],[64.1,388.4],[104.9,413.4],[183.9,446.4],[187.1,451.4],[186.1,456.1],[181.6,459.1],[176.1,459.4],[175.4,462.4],[178.1,466.4],[191.6,476.1],[193.9,482.4],[190.9,487.6],[183.6,490.1],[178.1,487.6],[171.1,480.1],[155.9,476.1],[152.9,473.1],[151.9,468.4],[155.9,458.6],[156.9,454.4],[156.1,451.9],[113.9,434.1],[106.6,441.1],[97.6,453.9],[90.9,460.6],[74.1,472.1],[55.9,481.1],[43.6,484.1],[31.6,485.1],[0.1,484.1],[0.1,498.9],[12.4,500.9],[38.6,500.9],[71.4,493.1],[81.9,499.4],[91.6,499.9],[96.9,497.4],[100.4,493.9],[105.9,481.9],[109.6,478.1],[118.6,476.9],[131.1,480.9],[134.1,483.9],[139.9,497.4],[141.1,504.6],[139.1,510.1],[136.9,512.6],[131.6,515.1],[123.4,514.1],[115.9,509.9],[107.9,511.4],[105.6,514.9],[104.9,520.4],[97.4,533.6],[95.9,541.9],[98.1,549.1],[101.9,552.9],[108.4,554.9],[117.9,550.4],[127.9,537.9],[136.1,536.4],[149.9,527.9],[167.4,519.9],[171.4,520.1],[174.6,523.1],[180.1,535.1],[187.1,543.4],[194.6,544.4],[198.4,541.9],[199.9,538.6],[198.9,524.4],[203.9,513.6],[202.9,506.4],[204.6,502.4],[206.9,500.4],[210.6,499.9],[219.4,504.9],[232.6,506.1],[235.4,503.1],[237.4,496.1],[240.6,494.4],[244.1,499.4],[244.1,504.6],[240.1,512.6],[241.6,516.4],[241.1,518.9],[236.6,524.9],[226.6,534.1],[221.6,545.9],[216.1,551.1],[205.9,555.1],[202.6,558.1],[201.4,562.4],[204.1,566.4],[207.4,567.9],[214.9,568.4],[226.6,566.9],[232.1,569.4],[233.6,570.9],[231.6,576.1],[232.1,579.9],[233.6,582.9],[238.1,586.1],[244.9,585.4],[250.1,576.4],[255.6,575.6],[256.9,578.1],[254.4,583.6],[254.9,585.6],[266.9,586.4],[271.1,584.6],[277.4,584.9],[288.9,593.4],[294.6,599.1],[303.6,613.9],[304.1,621.6],[301.9,630.4],[315.6,650.9],[318.1,657.6],[319.1,666.9],[335.9,666.9],[336.9,658.4],[343.6,640.6],[344.9,632.1],[346.4,629.1],[351.6,624.9],[362.4,627.9],[381.1,628.4],[390.9,633.4],[400.6,642.1],[401.6,645.4],[406.1,649.4],[411.4,651.9],[417.1,652.4],[422.9,647.1],[423.6,641.6],[412.6,632.6],[407.1,624.9],[400.1,622.6],[389.9,613.1],[388.1,608.4],[387.9,599.4],[383.1,584.4],[383.6,577.4],[396.4,555.1],[396.9,548.1],[400.9,537.9],[408.1,531.6],[409.4,529.1],[410.9,524.6],[411.1,512.1],[420.9,506.9],[431.1,508.4],[445.9,518.9],[459.4,524.9],[472.4,528.1],[478.6,524.4],[483.1,529.9],[484.9,535.1],[498.6,544.6],[503.4,545.6],[507.4,544.6],[509.9,542.4],[508.6,533.6],[504.9,529.6],[490.4,520.4],[481.1,518.6],[473.6,509.1],[475.4,502.9],[478.9,497.4],[482.1,485.6],[485.4,480.1],[489.9,475.9],[501.9,471.4],[507.9,466.1],[509.1,452.6],[513.1,446.4],[521.4,445.1],[531.4,448.9],[538.4,448.9],[543.4,444.9],[544.9,441.6],[542.9,431.1],[534.4,412.1],[526.9,402.6],[520.9,400.1],[517.4,396.9],[514.4,390.9],[515.4,385.9],[523.6,371.6],[523.9,368.4],[521.9,363.4],[518.4,360.4],[508.4,358.1],[503.1,355.6],[499.4,351.9],[495.4,344.1],[488.1,338.1],[477.4,337.1],[454.4,343.9],[449.6,342.1],[449.1,338.6],[453.1,334.4],[467.9,326.4],[474.4,317.9],[474.9,311.4],[472.6,302.6],[467.4,295.1],[446.9,276.6],[429.1,270.6],[425.9,267.1],[423.4,261.1],[418.9,256.6],[408.1,250.6],[397.4,241.9],[394.9,236.6],[392.4,223.9],[382.9,208.4],[383.1,203.6],[385.4,199.1],[394.4,189.1],[394.9,183.4],[386.4,170.1],[374.9,158.6],[370.1,155.6],[361.4,153.1],[355.4,156.6],[352.4,154.4],[342.1,152.6],[330.4,140.9],[328.4,137.1],[328.1,134.6],[330.4,130.6],[329.6,126.9],[326.6,125.1],[320.6,124.6],[317.1,120.4],[315.4,121.1],[313.1,124.9],[307.1,125.1],[301.9,131.6],[291.1,139.6],[288.4,142.6],[286.6,148.9],[282.4,151.9],[272.9,149.6],[265.6,145.1],[260.6,144.9],[253.9,138.6],[247.4,139.6],[246.4,136.9],[251.6,133.1],[253.9,133.4],[257.6,136.6],[271.4,139.9],[282.1,139.6],[283.9,137.4],[284.1,131.6],[287.4,127.6],[286.6,122.6],[280.6,118.1],[273.6,120.1],[257.6,119.4],[251.9,125.1],[249.4,126.1],[242.1,122.6],[240.6,118.6],[246.1,111.9],[241.1,110.9],[240.1,108.9],[241.9,107.1],[248.1,106.1],[249.9,101.6],[248.4,95.1],[242.6,92.1],[235.6,93.4],[225.1,100.1],[216.6,103.9],[211.6,105.1],[202.6,103.9],[201.4,101.4],[207.9,92.6],[207.9,88.4],[203.1,76.4],[202.9,71.6],[203.9,62.6],[207.6,56.4],[207.9,51.6],[205.4,47.1],[201.1,43.6],[184.6,41.1],[173.6,44.1],[162.4,44.1],[149.1,48.6],[136.1,57.6],[130.6,59.1],[121.4,59.1],[113.4,63.1],[107.6,62.6],[105.4,57.1],[97.9,51.1],[96.4,48.1],[100.4,42.6],[99.4,36.1],[101.9,35.1],[104.4,39.4],[105.6,39.1],[106.6,36.6],[109.9,21.4],[108.9,13.4],[107.1,9.4],[101.9,5.9],[100.9,0.1],[94.1,0.1]],[[469.1,508.9],[473.4,510.6],[472.6,513.9],[470.6,515.4],[466.1,512.9],[469.1,508.9]],[[459.9,470.6],[461.6,470.4],[462.9,471.9],[461.1,474.9],[458.1,473.1],[459.9,470.6]],[[424.1,338.1],[433.1,338.4],[436.1,340.9],[436.6,343.9],[427.1,354.9],[424.6,365.9],[421.1,367.6],[417.4,364.9],[414.4,359.1],[412.9,349.4],[415.4,344.1],[424.1,338.1]],[[420.6,450.4],[422.9,450.4],[426.6,455.9],[426.9,463.4],[423.6,466.6],[419.4,463.9],[417.9,460.6],[417.1,454.6],[420.6,450.4]],[[406.4,427.4],[408.1,428.1],[407.1,430.1],[405.1,428.9],[406.4,427.4]],[[226.4,347.1],[235.6,347.9],[262.4,355.9],[267.4,356.1],[273.6,353.9],[309.4,365.6],[338.6,370.1],[345.1,372.4],[350.6,376.1],[354.6,382.9],[356.1,389.4],[355.1,413.6],[357.1,420.9],[360.1,427.1],[363.4,430.6],[376.1,436.9],[380.6,442.1],[381.1,454.6],[379.6,460.1],[381.1,464.1],[385.9,468.9],[391.4,470.9],[395.4,470.6],[401.9,464.1],[403.6,464.4],[405.1,466.6],[401.1,475.6],[402.1,483.6],[398.4,504.6],[399.1,509.4],[394.6,516.9],[392.1,524.4],[391.6,532.1],[386.9,539.6],[381.1,539.4],[378.4,536.9],[377.9,530.4],[379.9,522.4],[379.4,519.9],[376.1,515.6],[370.4,515.1],[367.1,516.6],[355.9,529.6],[347.1,535.6],[333.6,549.1],[331.1,554.4],[330.6,562.1],[327.9,565.6],[312.9,570.6],[300.9,579.1],[299.1,578.6],[297.1,573.9],[288.4,567.4],[271.6,568.9],[253.4,563.4],[247.4,564.9],[244.6,563.9],[244.6,561.9],[255.9,551.1],[263.4,533.1],[267.1,529.4],[277.9,525.4],[283.9,518.1],[288.9,507.6],[285.6,494.6],[273.4,479.1],[269.9,478.4],[263.1,472.6],[250.9,471.1],[236.1,457.1],[188.1,430.6],[182.9,422.6],[185.9,412.9],[216.9,365.1],[222.9,349.9],[226.4,347.1]],[[388.4,351.1],[391.4,351.1],[393.9,353.6],[393.9,359.4],[391.6,361.4],[387.6,360.9],[385.1,356.6],[385.4,353.1],[388.4,351.1]],[[382.1,182.6],[384.6,183.4],[384.6,186.9],[379.1,190.6],[376.9,190.6],[376.6,187.9],[382.1,182.6]],[[373.4,395.1],[377.1,393.1],[379.1,394.9],[379.9,398.4],[378.1,405.1],[374.4,407.6],[372.1,405.1],[371.9,398.6],[373.4,395.1]],[[374.9,350.6],[376.4,351.1],[375.4,352.4],[374.4,351.6],[374.9,350.6]],[[373.4,194.1],[374.6,194.6],[373.9,196.1],[372.6,195.6],[373.4,194.1]],[[369.1,161.6],[371.6,163.4],[370.4,165.6],[367.6,163.6],[369.1,161.6]],[[363.4,177.4],[365.9,177.4],[368.6,180.1],[369.9,184.4],[366.6,192.9],[363.1,195.6],[359.6,196.1],[356.9,194.1],[354.9,188.6],[358.4,181.1],[363.4,177.4]],[[364.1,208.6],[366.6,209.6],[365.1,212.1],[362.9,211.1],[364.1,208.6]],[[330.4,585.1],[337.1,586.4],[341.9,589.4],[344.1,595.4],[337.1,604.1],[331.6,606.1],[326.4,606.1],[320.9,604.1],[316.4,599.9],[314.9,594.4],[318.1,589.4],[323.1,586.4],[330.4,585.1]],[[335.4,224.1],[338.1,225.1],[338.6,227.9],[335.6,231.9],[333.9,232.1],[332.1,230.4],[331.9,227.6],[335.4,224.1]],[[320.1,162.9],[322.9,161.6],[324.6,163.9],[325.6,166.9],[324.9,169.1],[322.9,168.9],[320.4,165.1],[320.1,162.9]],[[315.9,153.6],[321.9,153.9],[323.4,155.9],[321.4,157.1],[315.9,157.1],[314.4,156.1],[315.9,153.6]],[[306.6,180.4],[309.4,180.6],[310.4,182.9],[308.4,184.1],[306.4,183.6],[305.4,181.6],[306.6,180.4]],[[278.6,182.9],[281.4,180.4],[281.9,182.1],[279.4,184.4],[278.6,182.9]],[[260.4,486.6],[262.6,487.4],[262.1,489.4],[259.6,488.4],[260.4,486.6]],[[254.1,483.6],[256.4,483.6],[257.6,485.6],[252.4,489.6],[251.4,486.9],[254.1,483.6]],[[237.9,168.6],[239.6,169.1],[238.9,170.6],[237.4,169.9],[237.9,168.6]],[[214.1,332.1],[231.4,336.1],[233.1,338.9],[230.6,339.9],[214.6,334.9],[212.6,333.1],[214.1,332.1]],[[218.1,128.4],[223.9,127.4],[225.6,129.1],[228.1,135.4],[228.9,144.4],[226.1,147.9],[223.4,146.6],[221.9,138.9],[215.9,132.1],[218.1,128.4]],[[215.9,109.4],[218.6,109.9],[217.9,112.4],[215.4,111.6],[215.9,109.4]],[[213.4,160.4],[215.6,160.4],[217.1,163.4],[215.4,165.9],[211.6,167.9],[213.1,175.6],[211.1,181.1],[207.9,184.6],[195.6,190.4],[185.4,182.9],[184.9,178.4],[186.4,174.9],[186.4,169.9],[193.1,161.4],[198.6,160.9],[207.4,163.9],[213.4,160.4]],[[214.6,301.9],[216.6,301.4],[215.9,302.6],[214.6,301.9]],[[177.1,145.6],[180.9,146.4],[184.6,153.1],[184.1,155.9],[179.1,160.9],[177.1,159.9],[176.9,156.4],[174.1,150.4],[174.4,148.1],[177.1,145.6]],[[169.6,77.1],[174.1,77.4],[175.6,80.1],[174.1,81.1],[169.9,80.6],[168.4,79.1],[169.6,77.1]],[[111.9,70.4],[114.9,71.6],[120.6,87.9],[124.6,90.6],[130.9,91.4],[134.1,94.9],[135.6,98.9],[140.1,103.4],[151.9,110.4],[161.6,121.9],[171.6,130.1],[173.1,134.4],[170.9,137.6],[161.4,138.1],[155.4,139.9],[151.1,139.1],[150.4,141.1],[154.6,145.6],[154.6,147.4],[143.1,153.9],[139.9,152.1],[137.9,145.6],[146.1,137.4],[150.6,135.4],[152.4,121.9],[147.9,116.6],[134.1,108.6],[128.9,108.4],[126.9,111.9],[124.9,112.9],[121.4,109.4],[117.6,109.1],[115.1,107.4],[111.9,91.6],[111.9,86.6],[114.1,82.4],[110.4,73.9],[111.9,70.4]],[[161.9,317.9],[163.4,317.6],[164.9,319.6],[165.6,324.1],[164.6,325.1],[161.4,322.1],[161.9,317.9]],[[159.6,212.4],[162.9,213.4],[162.4,215.9],[160.4,216.4],[158.6,215.1],[159.6,212.4]],[[153.4,154.6],[155.9,155.4],[155.1,158.1],[152.4,156.6],[153.4,154.6]],[[150.1,249.1],[153.9,249.4],[155.6,251.4],[155.4,252.9],[153.4,254.1],[147.4,253.6],[146.6,251.1],[150.1,249.1]],[[151.4,172.6],[153.9,173.9],[152.4,176.6],[150.1,175.1],[151.4,172.6]],[[149.9,213.6],[151.9,214.6],[150.6,216.1],[149.1,214.6],[149.9,213.6]],[[148.6,318.4],[151.1,319.1],[149.6,321.6],[147.4,320.4],[148.6,318.4]],[[138.6,308.1],[141.6,308.4],[142.4,310.9],[140.4,312.4],[137.6,311.9],[136.6,309.9],[138.6,308.1]],[[138.6,232.4],[140.1,232.4],[140.9,234.4],[137.6,237.6],[136.4,235.1],[138.6,232.4]],[[132.9,117.6],[137.1,118.9],[138.9,120.9],[138.6,122.9],[129.4,128.9],[123.9,128.9],[123.1,126.4],[132.9,117.6]],[[134.6,171.6],[136.9,172.4],[135.6,174.4],[134.1,173.6],[134.6,171.6]],[[124.4,148.1],[130.4,147.9],[132.6,149.4],[133.1,159.1],[128.1,165.9],[126.9,173.1],[119.4,185.6],[119.4,195.1],[117.6,196.6],[111.9,195.1],[109.6,197.1],[106.4,197.6],[105.1,196.1],[106.4,193.4],[111.6,193.4],[104.9,183.6],[106.4,164.9],[116.1,153.4],[124.4,148.1]],[[115.1,299.6],[118.1,299.9],[119.4,302.9],[118.1,303.9],[115.1,303.1],[114.1,301.9],[115.1,299.6]],[[107.4,295.1],[110.6,296.4],[110.9,299.4],[106.1,305.4],[104.4,305.6],[102.1,301.6],[104.4,297.1],[107.4,295.1]],[[90.6,90.1],[98.1,91.4],[101.9,94.9],[100.9,96.9],[94.6,94.9],[91.1,97.9],[90.9,100.4],[94.9,110.6],[94.1,112.6],[92.1,111.9],[87.9,104.4],[87.1,97.9],[89.1,91.1],[90.6,90.1]],[[95.6,19.4],[98.6,20.4],[98.9,23.6],[97.1,27.9],[93.4,29.6],[91.4,26.1],[95.6,19.4]],[[91.9,290.9],[95.6,289.4],[97.1,291.6],[96.6,294.1],[94.1,296.4],[91.1,294.1],[91.9,290.9]]]}},{"type":"Feature","properties":{"id":"LU_COMMERCIAL_0001","class":"commercial","color":"#9d8f80","area_m2":375.0},"geometry":{"type":"Polygon","coordinates":[[[1007.6,380.6],[1000.1,381.6],[997.9,383.9],[997.9,385.9],[1005.4,388.1],[1007.6,387.6],[1008.9,382.6],[1007.6,380.6]]]}},{"type":"Feature","properties":{"id":"LU_COMMERCIAL_0002","class":"commercial","color":"#9d8f80","area_m2":328.0},"geometry":{"type":"Polygon","coordinates":[[[1022.9,363.4],[1019.6,366.1],[1019.6,368.9],[1022.6,371.6],[1026.1,371.4],[1028.4,369.1],[1028.4,366.1],[1022.9,363.4]]]}},{"type":"Feature","properties":{"id":"LU_COMMERCIAL_0003","class":"commercial","color":"#9d8f80","area_m2":21939.0},"geometry":{"type":"Polygon","coordinates":[[[1131.6,340.1],[1064.4,353.4],[1055.1,357.6],[1051.4,364.6],[1054.1,371.4],[1059.4,373.9],[1063.6,373.9],[1071.1,371.4],[1090.1,361.9],[1096.4,359.9],[1105.6,359.9],[1111.6,364.1],[1113.1,368.4],[1109.9,373.6],[1104.1,376.6],[1093.9,379.6],[1079.1,387.6],[1067.6,392.1],[1062.6,393.1],[1039.4,392.1],[1029.6,394.1],[1012.6,393.1],[1010.6,395.6],[1015.9,399.4],[1024.1,402.1],[1031.6,401.9],[1054.4,404.9],[1122.1,399.6],[1132.9,378.6],[1134.9,342.6],[1133.6,340.6],[1131.6,340.1]]]}},{"type":"Feature","properties":{"id":"LU_COMMERCIAL_0004","class":"commercial","color":"#9d8f80","area_m2":2517.0},"geometry":{"type":"Polygon","coordinates":[[[1069.4,318.1],[1062.9,319.6],[1057.6,323.1],[1056.1,326.4],[1056.1,330.6],[1058.4,334.1],[1062.6,335.9],[1069.6,334.9],[1081.1,331.4],[1084.4,328.9],[1085.9,324.6],[1082.9,319.6],[1079.6,318.1],[1069.4,318.1]]]}},{"type":"Feature","properties":{"id":"LU_COMMERCIAL_0005","class":"commercial","color":"#9d8f80","area_m2":2052.0},"geometry":{"type":"Polygon","coordinates":[[[1111.6,304.1],[1108.1,305.6],[1105.4,308.6],[1105.1,313.6],[1107.6,318.9],[1111.9,322.9],[1117.6,324.9],[1125.9,322.4],[1127.9,319.4],[1126.4,313.1],[1120.1,307.1],[1111.6,304.1]]]}},{"type":"Feature","properties":{"id":"LU_COMMERCIAL_0006","class":"commercial","color":"#9d8f80","area_m2":10845.0},"geometry":{"type":"Polygon","coordinates":[[[1025.6,298.1],[1003.1,304.1],[994.4,308.6],[994.4,331.9],[1006.1,343.4],[1011.4,345.6],[1021.6,344.6],[1030.1,340.9],[1032.9,338.1],[1036.6,329.6],[1039.9,313.6],[1039.4,301.9],[1036.6,298.6],[1029.4,299.1],[1025.6,298.1]]]}},{"type":"Feature","properties":{"id":"LU_COMMERCIAL_0007","class":"commercial","color":"#9d8f80","area_m2":1484.0},"geometry":{"type":"Polygon","coordinates":[[[1634.6,290.1],[1629.1,294.9],[1627.9,297.6],[1628.4,299.6],[1641.9,308.9],[1647.1,310.4],[1647.9,307.4],[1644.9,295.9],[1640.1,291.1],[1634.6,290.1]]]}},{"type":"Feature","properties":{"id":"LU_COMMERCIAL_0008","class":"commercial","color":"#9d8f80","area_m2":802.0},"geometry":{"type":"Polygon","coordinates":[[[1771.9,281.4],[1767.6,285.1],[1767.1,290.6],[1770.1,295.4],[1774.1,296.6],[1778.4,292.9],[1778.9,288.4],[1777.4,285.1],[1773.9,281.6],[1771.9,281.4]]]}},{"type":"Feature","properties":{"id":"LU_COMMERCIAL_0009","class":"commercial","color":"#9d8f80","area_m2":3955.0},"geometry":{"type":"Polygon","coordinates":[[[1832.9,273.9],[1826.6,284.9],[1821.1,290.9],[1819.1,296.4],[1819.1,323.6],[1818.1,327.4],[1821.9,331.6],[1825.1,330.9],[1829.4,326.9],[1832.9,317.6],[1832.9,304.4],[1834.6,297.4],[1833.9,275.4],[1832.9,273.9]]]}},{"type":"Feature","properties":{"id":"LU_COMMERCIAL_0010","class":"commercial","color":"#9d8f80","area_m2":565.0},"geometry":{"type":"Polygon","coordinates":[[[1831.4,250.6],[1827.1,254.9],[1826.4,258.4],[1833.9,270.4],[1834.1,253.1],[1832.9,250.9],[1831.4,250.6]]]}},{"type":"Feature","properties":{"id":"LU_COMMERCIAL_0011","class":"commercial","color":"#9d8f80","area_m2":585.0},"geometry":{"type":"Polygon","coordinates":[[[1832.1,229.6],[1825.4,230.1],[1820.1,232.4],[1823.9,235.9],[1832.6,240.6],[1833.9,239.1],[1833.9,231.1],[1832.1,229.6]]]}},{"type":"Feature","properties":{"id":"LU_COMMERCIAL_0012","class":"commercial","color":"#9d8f80","area_m2":1405.0},"geometry":{"type":"Polygon","coordinates":[[[1595.1,199.1],[1594.1,201.4],[1596.1,215.4],[1596.1,225.6],[1597.4,230.9],[1599.4,231.6],[1606.4,225.9],[1611.6,217.1],[1608.4,215.6],[1605.6,219.1],[1600.4,217.1],[1600.9,208.4],[1597.9,200.9],[1595.1,199.1]]]}},{"type":"Feature","properties":{"id":"LU_INDUSTRIAL_0001","class":"industrial","color":"#8c8a86","area_m2":39556.0},"geometry":{"type":"Polygon","coordinates":[[[1786.6,480.1],[1784.1,482.6],[1785.6,486.9],[1794.6,490.4],[1795.9,493.1],[1791.6,499.9],[1785.6,504.1],[1781.4,504.1],[1778.1,502.6],[1768.1,488.6],[1765.1,486.1],[1757.6,483.4],[1751.6,483.9],[1741.6,482.1],[1736.1,485.6],[1731.4,486.4],[1730.9,487.9],[1735.9,491.4],[1762.1,501.4],[1833.6,537.6],[1840.1,540.4],[1844.9,538.9],[1847.1,543.9],[1854.9,547.4],[1855.9,545.9],[1854.9,539.9],[1845.9,530.6],[1839.1,526.6],[1833.4,526.1],[1826.9,523.1],[1822.6,518.9],[1824.1,516.9],[1834.1,518.4],[1842.9,522.4],[1857.9,532.4],[1864.1,539.4],[1878.9,540.9],[1879.9,541.9],[1879.6,547.9],[1882.6,549.9],[1890.9,550.4],[1893.6,553.9],[1896.6,562.9],[1902.9,568.4],[1974.9,593.4],[1999.9,600.9],[1999.9,582.1],[1996.4,582.1],[1977.9,576.6],[1959.9,568.1],[1945.9,556.6],[1917.1,537.6],[1899.9,523.6],[1890.6,520.1],[1877.9,510.6],[1875.6,510.1],[1875.4,511.1],[1880.1,516.4],[1892.6,523.6],[1893.1,526.1],[1891.9,528.1],[1887.4,528.9],[1874.9,524.6],[1871.1,522.6],[1864.9,515.6],[1856.6,511.6],[1853.4,513.9],[1847.9,512.6],[1831.9,505.1],[1829.1,500.1],[1826.9,501.9],[1823.9,501.6],[1819.9,498.6],[1816.4,497.9],[1814.4,492.4],[1790.1,480.6],[1786.6,480.1]]]}},{"type":"Feature","properties":{"id":"LU_INDUSTRIAL_0002","class":"industrial","color":"#8c8a86","area_m2":2288.0},"geometry":{"type":"Polygon","coordinates":[[[1961.1,475.1],[1960.4,477.1],[1963.6,480.6],[1964.6,484.9],[1973.1,491.6],[1976.1,496.4],[1982.6,500.9],[1989.1,500.9],[1993.1,505.4],[1999.9,509.4],[1999.9,499.1],[1997.1,498.6],[1964.1,476.1],[1961.1,475.1]]]}},{"type":"Feature","properties":{"id":"LU_INDUSTRIAL_0003","class":"industrial","color":"#8c8a86","area_m2":4879.0},"geometry":{"type":"Polygon","coordinates":[[[159.1,453.1],[156.9,455.1],[152.4,467.4],[152.1,470.6],[153.6,473.9],[156.9,476.4],[166.6,477.9],[171.1,479.9],[178.1,487.4],[181.9,489.4],[185.6,489.6],[190.9,487.4],[193.6,482.4],[191.4,476.1],[178.1,466.6],[173.1,458.1],[159.1,453.1]]]}},{"type":"Feature","properties":{"id":"LU_INDUSTRIAL_0004","class":"industrial","color":"#8c8a86","area_m2":5003.0},"geometry":{"type":"Polygon","coordinates":[[[1782.9,451.6],[1785.1,456.6],[1785.6,465.1],[1789.9,469.9],[1841.9,494.4],[1849.6,497.6],[1851.6,497.1],[1848.9,493.6],[1843.1,490.6],[1811.1,463.1],[1792.1,453.6],[1782.9,451.6]]]}},{"type":"Feature","properties":{"id":"LU_INDUSTRIAL_0005","class":"industrial","color":"#8c8a86","area_m2":331.0},"geometry":{"type":"Polygon","coordinates":[[[1765.1,445.1],[1764.4,449.4],[1767.4,452.4],[1777.4,450.4],[1775.4,448.4],[1765.1,445.1]]]}},{"type":"Feature","properties":{"id":"LU_INDUSTRIAL_0006","class":"industrial","color":"#8c8a86","area_m2":255.0},"geometry":{"type":"Polygon","coordinates":[[[1739.9,443.1],[1738.4,444.6],[1736.4,451.6],[1737.6,454.4],[1739.9,453.1],[1741.9,448.6],[1742.4,444.4],[1739.9,443.1]]]}},{"type":"Feature","properties":{"id":"LU_INDUSTRIAL_0007","class":"industrial","color":"#8c8a86","area_m2":2460.0},"geometry":{"type":"Polygon","coordinates":[[[1644.9,438.4],[1641.4,442.9],[1637.6,444.1],[1637.9,446.1],[1644.1,452.4],[1663.4,460.9],[1666.6,460.9],[1669.9,458.9],[1670.9,454.4],[1668.6,450.9],[1653.1,441.1],[1644.9,438.4]]]}},{"type":"Feature","properties":{"id":"LU_INDUSTRIAL_0008","class":"industrial","color":"#8c8a86","area_m2":266.0},"geometry":{"type":"Polygon","coordinates":[[[1598.9,419.4],[1594.1,423.9],[1594.4,427.4],[1601.6,426.1],[1601.6,420.6],[1598.9,419.4]]]}},{"type":"Feature","properties":{"id":"LU_INDUSTRIAL_0009","class":"industrial","color":"#8c8a86","area_m2":1196.0},"geometry":{"type":"Polygon","coordinates":[[[1596.6,395.1],[1592.6,398.4],[1593.6,401.9],[1603.6,411.4],[1605.4,411.9],[1608.9,410.4],[1610.9,406.6],[1609.4,400.1],[1602.1,395.6],[1596.6,395.1]]]}},{"type":"Feature","properties":{"id":"LU_INDUSTRIAL_0010","class":"industrial","color":"#8c8a86","area_m2":711.0},"geometry":{"type":"Polygon","coordinates":[[[1543.4,391.4],[1542.1,392.9],[1543.1,404.4],[1544.4,406.4],[1547.4,406.9],[1549.4,405.6],[1550.4,400.9],[1553.6,395.1],[1551.9,393.6],[1548.1,393.6],[1543.4,391.4]]]}},{"type":"Feature","properties":{"id":"LU_INDUSTRIAL_0011","class":"industrial","color":"#8c8a86","area_m2":19923.0},"geometry":{"type":"Polygon","coordinates":[[[19.6,391.1],[17.9,392.4],[17.6,396.9],[18.1,422.4],[21.1,426.4],[27.6,429.6],[91.6,457.6],[93.9,457.4],[97.4,453.9],[111.4,435.9],[111.6,433.9],[110.1,432.1],[87.9,421.1],[61.1,403.6],[26.6,392.1],[19.6,391.1]]]}},{"type":"Feature","properties":{"id":"LU_INDUSTRIAL_0012","class":"industrial","color":"#8c8a86","area_m2":74649.0},"geometry":{"type":"Polygon","coordinates":[[[1773.9,382.1],[1771.6,383.9],[1769.6,392.1],[1762.6,405.9],[1759.6,416.9],[1760.9,419.9],[1775.9,428.4],[1798.1,435.4],[1816.1,443.9],[1861.1,480.4],[1898.1,499.9],[1935.1,527.4],[1953.9,539.4],[1964.9,548.9],[1985.1,558.9],[1999.9,561.9],[1999.9,537.1],[1996.4,535.1],[1994.4,525.9],[1988.9,519.6],[1984.1,516.6],[1975.4,515.1],[1966.1,510.6],[1962.6,510.4],[1960.1,513.6],[1959.9,521.4],[1962.9,525.1],[1962.1,530.9],[1960.4,531.6],[1944.6,519.1],[1946.1,512.6],[1944.1,501.9],[1948.6,496.4],[1948.4,491.9],[1942.4,484.9],[1940.4,478.1],[1929.9,466.6],[1924.6,464.6],[1920.4,459.9],[1918.9,450.9],[1912.4,444.9],[1909.9,439.6],[1879.4,419.1],[1773.9,382.1]]]}},{"type":"Feature","properties":{"id":"LU_INDUSTRIAL_0013","class":"industrial","color":"#8c8a86","area_m2":278.0},"geometry":{"type":"Polygon","coordinates":[[[1655.6,361.4],[1649.1,363.6],[1645.1,367.6],[1641.6,366.6],[1640.1,367.4],[1643.6,369.4],[1646.1,367.9],[1652.4,367.6],[1656.4,362.9],[1655.6,361.4]]]}},{"type":"Feature","properties":{"id":"LU_INDUSTRIAL_0014","class":"industrial","color":"#8c8a86","area_m2":17690.0},"geometry":{"type":"Polygon","coordinates":[[[1665.4,347.9],[1663.1,350.6],[1663.9,356.4],[1662.6,360.1],[1654.4,373.6],[1656.1,377.4],[1670.1,383.9],[1696.9,391.9],[1702.9,395.4],[1730.1,405.9],[1736.6,407.6],[1739.4,406.6],[1739.9,393.4],[1744.9,376.6],[1743.9,372.4],[1728.6,367.1],[1720.4,365.9],[1704.6,359.4],[1696.4,359.1],[1686.6,356.1],[1681.4,356.4],[1665.4,347.9]]]}},{"type":"Feature","properties":{"id":"LU_INDUSTRIAL_0015","class":"industrial","color":"#8c8a86","area_m2":56291.0},"geometry":{"type":"Polygon","coordinates":[[[226.6,347.1],[223.1,349.9],[217.1,365.1],[186.1,412.9],[183.1,422.6],[188.1,430.4],[236.1,456.9],[250.9,470.9],[253.4,471.9],[263.4,471.6],[291.1,451.4],[296.9,448.4],[300.4,444.1],[299.1,412.6],[297.9,409.6],[296.6,395.6],[276.9,379.6],[268.1,374.6],[230.9,347.6],[226.6,347.1]]]}},{"type":"Feature","properties":{"id":"LU_INDUSTRIAL_0016","class":"industrial","color":"#8c8a86","area_m2":2978.0},"geometry":{"type":"Polygon","coordinates":[[[1613.4,334.9],[1602.9,347.9],[1602.6,349.6],[1618.9,358.4],[1623.6,359.6],[1627.9,350.9],[1635.6,340.4],[1631.6,338.1],[1613.4,334.9]]]}},{"type":"Feature","properties":{"id":"LU_INDUSTRIAL_0017","class":"industrial","color":"#8c8a86","area_m2":39031.0},"geometry":{"type":"Polygon","coordinates":[[[176.9,330.6],[166.6,332.1],[78.4,335.1],[75.4,336.1],[57.4,335.1],[51.6,337.1],[20.6,338.1],[18.1,340.6],[17.4,371.1],[22.9,375.4],[29.1,376.4],[29.4,360.9],[31.4,357.1],[38.4,351.9],[57.6,349.9],[63.9,353.4],[67.6,353.9],[70.9,352.4],[81.1,340.4],[86.4,337.9],[98.4,341.9],[110.6,340.9],[115.1,343.9],[116.1,351.6],[112.1,361.1],[106.6,369.9],[106.9,374.1],[108.4,375.1],[110.9,374.4],[120.4,361.1],[127.1,354.4],[130.4,352.9],[134.9,353.4],[138.6,357.9],[139.1,362.6],[128.6,382.9],[128.4,389.4],[131.6,392.6],[138.6,392.9],[141.9,394.4],[146.1,398.9],[148.6,404.9],[152.9,408.9],[157.4,410.9],[162.6,410.9],[165.9,409.4],[171.4,403.9],[201.4,357.1],[208.9,348.1],[210.9,343.4],[209.4,339.1],[204.6,335.1],[204.1,331.4],[176.9,330.6]]]}},{"type":"Feature","properties":{"id":"LU_RAIL_YARD_0001","class":"rail_yard","color":"#6f6258","area_m2":18759.0},"geometry":{"type":"Polygon","coordinates":[[[0.1,368.1],[0.1,382.9],[5.9,386.4],[11.6,386.9],[18.6,390.6],[26.6,391.9],[61.1,403.4],[94.9,424.9],[112.6,433.6],[131.1,440.4],[157.6,452.6],[175.4,458.9],[183.1,458.4],[186.4,455.1],[186.4,449.9],[183.1,446.1],[104.9,413.6],[64.1,388.6],[37.9,380.6],[30.6,377.1],[22.9,375.6],[17.4,372.4],[0.1,368.1]]]}},{"type":"Feature","properties":{"id":"LU_RAIL_YARD_0002","class":"rail_yard","color":"#6f6258","area_m2":61800.0},"geometry":{"type":"Polygon","coordinates":[[[1542.6,321.4],[1535.9,323.1],[1532.1,328.4],[1532.6,334.1],[1537.9,339.9],[1549.1,344.9],[1572.9,358.4],[1616.1,377.4],[1639.1,388.9],[1649.9,396.4],[1666.4,402.9],[1675.1,404.4],[1710.1,418.9],[1730.1,425.4],[1742.1,430.9],[1768.9,446.4],[1790.9,452.9],[1804.1,458.9],[1814.9,465.4],[1831.1,480.4],[1843.1,490.4],[1848.9,493.4],[1855.1,499.4],[1877.1,509.9],[1899.1,522.9],[1917.1,537.4],[1945.9,556.4],[1959.9,567.9],[1977.9,576.4],[1996.4,581.9],[1999.9,581.9],[1999.9,562.1],[1985.1,559.1],[1964.9,549.1],[1953.9,539.6],[1935.1,527.6],[1898.1,500.1],[1861.1,480.6],[1839.1,463.6],[1822.9,448.6],[1809.1,440.1],[1775.9,428.6],[1739.4,408.4],[1719.1,402.1],[1685.9,388.1],[1672.4,384.9],[1661.9,380.6],[1637.9,366.4],[1633.9,365.6],[1625.9,360.6],[1618.9,358.6],[1601.4,349.4],[1579.6,340.9],[1558.1,328.1],[1542.6,321.4]]]}},{"type":"Feature","properties":{"id":"LU_TOWN_0001","class":"town","color":"#a3a07a","area_m2":657.0},"geometry":{"type":"Polygon","coordinates":[[[1100.4,462.1],[1091.9,465.1],[1090.9,467.9],[1101.6,470.9],[1108.6,467.6],[1109.1,465.9],[1107.9,464.1],[1103.6,462.1],[1100.4,462.1]]]}},{"type":"Feature","properties":{"id":"LU_TOWN_0002","class":"town","color":"#a3a07a","area_m2":7187.0},"geometry":{"type":"Polygon","coordinates":[[[992.6,398.1],[969.4,399.1],[961.1,402.1],[962.1,403.6],[966.9,403.4],[970.1,409.4],[965.9,414.6],[961.1,416.6],[958.1,420.6],[959.9,425.9],[959.1,430.1],[961.1,432.4],[978.9,440.6],[984.4,440.1],[996.1,434.9],[1000.4,430.9],[1002.4,426.9],[1000.9,424.6],[994.1,424.6],[991.1,421.1],[992.9,417.9],[997.9,416.6],[990.9,409.4],[991.1,405.6],[995.6,401.4],[995.6,399.6],[992.6,398.1]],[[978.6,402.4],[986.1,404.6],[987.4,406.4],[986.9,408.1],[980.4,411.1],[975.4,410.6],[974.4,408.4],[978.6,402.4]],[[974.6,419.9],[976.6,419.4],[975.9,420.6],[974.6,419.9]],[[964.6,426.1],[971.9,424.1],[972.4,427.1],[969.1,429.9],[965.9,429.1],[964.6,426.1]]]}},{"type":"Feature","properties":{"id":"LU_TOWN_0003","class":"town","color":"#a3a07a","area_m2":6839.0},"geometry":{"type":"Polygon","coordinates":[[[1188.6,265.4],[1184.1,266.6],[1179.6,271.1],[1176.4,277.6],[1177.6,281.9],[1182.6,286.4],[1182.4,287.9],[1178.4,290.9],[1178.6,296.1],[1181.1,299.4],[1186.6,301.9],[1188.6,301.4],[1192.4,296.6],[1199.1,297.9],[1200.9,299.6],[1201.6,303.9],[1206.6,308.1],[1211.1,318.1],[1212.6,318.6],[1213.9,317.1],[1213.6,311.6],[1214.9,308.6],[1214.9,299.4],[1206.6,276.6],[1202.1,271.1],[1194.1,266.6],[1188.6,265.4]]]}},{"type":"Feature","properties":{"id":"LU_TOWN_0004","class":"town","color":"#a3a07a","area_m2":158511.0},"geometry":{"type":"Polygon","coordinates":[[[1034.9,219.6],[1027.1,222.6],[1012.4,238.9],[1008.6,238.9],[1002.1,234.1],[995.6,232.1],[986.4,234.1],[971.4,240.1],[955.4,241.4],[950.9,243.1],[948.4,245.6],[946.9,249.6],[947.1,254.6],[951.1,264.1],[953.9,268.1],[959.6,268.4],[960.6,269.4],[961.6,273.1],[968.6,281.9],[969.1,297.4],[966.1,305.1],[962.6,309.9],[950.1,320.4],[940.1,332.6],[940.9,338.6],[938.4,340.9],[933.1,342.1],[931.4,352.4],[933.4,360.4],[934.9,361.9],[945.4,366.9],[956.1,368.4],[959.1,370.9],[959.6,378.9],[955.4,385.6],[953.4,394.9],[958.6,395.9],[966.4,393.9],[986.4,391.9],[1003.6,392.9],[1009.1,394.6],[1012.6,392.9],[1029.6,393.9],[1039.4,391.9],[1062.6,392.9],[1068.6,391.6],[1093.9,379.4],[1109.1,373.9],[1112.4,370.1],[1112.4,365.9],[1107.1,360.6],[1096.4,360.1],[1083.9,364.6],[1069.9,372.1],[1059.4,374.1],[1054.1,371.6],[1051.1,366.4],[1052.4,360.9],[1055.1,357.4],[1064.4,353.1],[1088.4,347.9],[1131.6,339.9],[1138.4,339.9],[1141.1,336.1],[1144.4,335.9],[1146.4,337.4],[1147.1,345.1],[1142.6,348.1],[1142.1,363.6],[1137.1,374.1],[1129.1,384.9],[1125.6,391.9],[1123.6,401.1],[1125.6,405.9],[1129.6,409.1],[1140.6,407.9],[1154.9,417.4],[1161.4,418.6],[1165.1,416.9],[1167.4,414.1],[1167.9,409.4],[1164.1,400.4],[1164.4,398.1],[1168.1,393.4],[1171.6,391.1],[1181.9,390.1],[1187.1,386.9],[1188.6,385.4],[1189.9,379.6],[1187.1,373.4],[1182.4,368.1],[1181.4,355.1],[1177.1,351.1],[1166.1,345.6],[1161.4,340.9],[1158.9,334.6],[1157.9,325.4],[1153.9,315.9],[1132.1,292.4],[1130.9,284.6],[1133.1,277.1],[1136.9,271.6],[1138.4,259.9],[1134.6,257.1],[1129.9,257.6],[1114.1,272.1],[1105.6,275.1],[1099.9,274.6],[1097.4,272.9],[1095.9,269.6],[1098.4,257.1],[1094.9,249.9],[1091.9,246.6],[1086.4,242.4],[1066.9,235.6],[1046.9,226.1],[1041.9,221.6],[1034.9,219.6]],[[1145.4,396.4],[1145.6,395.1],[1146.1,395.9],[1145.4,396.4]],[[1111.4,304.1],[1120.1,306.9],[1126.6,313.1],[1128.1,319.4],[1125.9,322.6],[1116.4,324.9],[1111.9,323.1],[1107.4,318.9],[1104.9,313.6],[1105.1,308.6],[1108.1,305.4],[1111.4,304.1]],[[1062.9,319.4],[1079.6,317.9],[1082.1,318.9],[1085.9,323.6],[1085.1,328.1],[1081.1,331.6],[1069.6,335.1],[1062.6,336.1],[1058.4,334.4],[1055.9,330.6],[1056.9,323.9],[1062.9,319.4]],[[1056.6,260.1],[1058.6,260.1],[1061.6,263.9],[1062.1,267.1],[1060.9,268.9],[1058.1,268.6],[1055.4,265.1],[1054.9,262.6],[1056.6,260.1]],[[1029.1,297.1],[1036.1,297.9],[1040.1,303.4],[1040.1,313.6],[1036.9,329.6],[1033.1,338.1],[1030.1,341.1],[1021.6,344.9],[1012.4,346.1],[1006.1,343.6],[997.9,334.6],[994.1,332.6],[981.4,332.1],[975.1,328.4],[974.9,325.4],[976.4,322.1],[991.1,309.4],[1005.4,303.1],[1029.1,297.1]],[[1022.6,363.4],[1025.1,363.4],[1028.6,366.1],[1028.6,369.1],[1026.1,371.6],[1022.6,371.9],[1019.4,368.9],[1019.4,366.1],[1022.6,363.4]],[[1000.1,381.4],[1007.6,380.4],[1009.1,382.6],[1007.6,387.9],[1005.4,388.4],[997.6,385.9],[997.6,383.9],[1000.1,381.4]],[[974.4,270.1],[979.6,269.9],[983.9,271.4],[989.6,279.9],[996.4,284.9],[996.9,288.4],[992.9,293.6],[987.4,295.1],[981.9,293.1],[979.4,290.9],[977.9,287.6],[978.4,280.9],[972.1,273.4],[972.4,271.4],[974.4,270.1]],[[991.4,251.4],[993.4,251.9],[992.1,253.6],[990.6,252.6],[991.4,251.4]]]}}]}
