{"type":"FeatureCollection","name":"clear_zones","features":[{"type":"Feature","geometry":{"type":"MultiPolygon","coordinates":[[[[291.12034712009756,382.5929622614454],[291.2204702807773,382.3689839828266],[291.3420650314381,382.15589800672944],[291.48396034816056,381.95575646758834],[291.6447897014769,381.7704868378338],[291.8230042167963,381.60187336527895],[292.01688759091434,381.45153988983805],[292.2245726209508,381.3209342050602],[292.4440591865343,381.21131411508617],[292.6732335120546,381.1237353213068],[292.90988852347755,381.05904125538166],[293.15174510367444,381.017854956531],[293.3964740415656,381.00057307132744],[293.6417184636968,381.0073620337727],[293.8851165322186,381.03815646244726],[298.1851165322186,381.79815646244725],[298.37430970164553,381.8392072793336],[300.2743097016455,382.3292072793336],[300.5727916940345,382.4265423418059],[303.39279169403454,383.5465423418059],[303.7078313261671,383.6979563521974],[306.49783132616705,385.2879563521974],[306.68444905442647,385.40550617150024],[308.18444905442647,386.44550617150026],[308.43167283593243,386.64109980644315],[309.8216728359324,387.89109980644315],[310.02367681329764,388.0949062868494],[310.20099541692485,388.3205183457794],[310.4309954169249,388.6505183457794],[310.56427552162074,388.8638830460649],[310.67543744911234,389.0895622597999],[310.7633555633769,389.32527073826395],[311.02742801287417,390.1591837366764],[311.2918638815727,390.5363299756399],[314.0722412404154,393.3167073344826],[318.75390297802215,396.9965319924369],[323.51522787950086,400.28261525777464],[323.5331596927499,400.26854218914883],[323.55206656651956,400.25382391401723],[324.3420665665195,399.6438239140172],[324.3567183223533,399.63258140636503],[324.98285257382366,399.1551540396189],[324.5755765101265,398.58302814061574],[324.18444599084245,398.0392613211233],[323.7799999999999,397.4999999999999],[323.76215666760106,397.47592101122075],[323.3564377177738,396.9217682992616],[322.96992239182896,396.399972609236],[322.56923957749075,395.87224402449795],[322.5647082091335,395.86625795537077],[322.1792666347379,395.3555478692965],[321.7941811148747,394.86456383147095],[321.779177628328,394.84524797820916],[321.3942738589726,394.34487307804716],[321.0097410954481,393.86420712364145],[321.00569702913845,393.85913909925733],[320.6156970291383,393.36913909925715],[320.2422084983067,392.89988427846873],[319.8691395952617,392.450288420953],[319.48792990660786,391.9908818730881],[319.1068318949856,391.5413816542516],[319.10352221879805,391.53747012634835],[318.73428398794624,391.1002143266554],[318.35520838474633,390.66281939988625],[318.35226017980017,390.6594116628998],[317.9819387692105,390.2306184506381],[317.611744377749,389.81171427082637],[317.6090666134289,389.8086794119795],[317.26076642628396,389.41331163197714],[316.9030812287881,389.0273881294158],[316.8797778943736,389.0019077538581],[316.53207706354107,388.6166176440167],[316.1737943838761,388.23947712298946],[315.4454057247893,387.471716103952],[315.08651257963635,387.10312289548904],[314.73893064706056,386.7458859092306],[314.381522368915,386.38847763108504],[314.047051856737,386.05400711890707],[313.70328037992215,385.72881788408216],[313.67759617744144,385.70418678891764],[313.3310932020702,385.3673088961956],[312.9988492569228,385.0535229480009],[312.653115965855,384.736600764522],[312.3077829698631,384.4200455181961],[311.96265401904225,384.1132642285776],[311.9356000811832,384.088874911206],[311.61413830990244,383.79496700603505],[311.29937033386125,383.52391680444396],[310.95552056087234,383.2373753269532],[310.92794242901454,383.2140671661498],[310.57794242901434,382.91406716614966],[310.2580561629184,382.6398789380674],[309.93236339474646,382.3775153192623],[309.5857928763585,382.1002589045519],[309.25372662628445,381.83460590449266],[308.9358830032508,381.5894122524381],[308.5947706171077,381.3335779628308],[308.2495575965224,381.0771340046817],[307.8995575965222,380.8171340046816],[307.56903581727687,380.5716035400993],[307.25906643284605,380.35019683693446],[306.92962627556585,380.1242950147995],[306.5796262755659,379.8842950147995],[306.55062368624357,379.86411644448845],[306.2459751872048,379.64907044516696],[305.9321374946821,379.44283424722346],[305.58213749468166,379.2128342472232],[305.25410208955606,378.9972681238549],[304.9263539824325,378.7912550279487],[304.5991861214948,378.5856066582165],[304.2723110358883,378.3894816068526],[303.9223110358884,378.1794816068526],[303.5960262416959,377.9837107303371],[303.2700387602721,377.7974321695235],[302.9200387602722,377.59743216952353],[302.5700387602724,377.39743216952365],[302.2446495811669,377.21149549574915],[301.9195611564491,377.03501892233083],[301.6080617781292,376.86591925981435],[301.2872446517001,376.7055106965998],[301.2095611564489,376.6650189223308],[300.8850766925548,376.4888702133597],[300.57403194927537,376.3289043453874],[300.24060921429646,376.162192977898],[299.90404969688416,375.9987212122977],[299.87724465170015,375.9855106965998],[299.5433706874594,375.81857371447944],[298.8497836059397,375.4910464815396],[298.48978360593964,375.32104648153955],[298.15676910422917,375.16378963350957],[297.82403998826095,375.0159100264126],[297.7697836059399,374.9910464815397],[297.4367691042286,374.8337896335094],[297.1160090045337,374.69122958920053],[296.7580310082177,374.5364282934963],[296.73403998826126,374.52591002641276],[296.3860090045318,374.3712295891997],[296.02803100821797,374.21642829349645],[295.6580310082177,374.0564282934963],[295.31546611604017,373.908292123906],[294.97316671727816,373.7695220973809],[294.91803100821767,373.7464282934963],[294.5864416804421,373.60303831391764],[294.2453670096864,373.4684035754615],[294.16803100821767,373.4364282934963],[293.8364416804421,373.29303831391763],[293.4953670096864,373.1584035754615],[293.4410517998487,373.1362519753589],[293.0880844561813,372.9876341464463],[292.74599247933463,372.8525978397963],[292.36665439379675,372.70669857612785],[292.291051799849,372.67625197535904],[291.9486144626121,372.5320678333646],[291.5966543937971,372.3966985761281],[291.5431534737334,372.3754384077743],[291.17978623857414,372.22636467027303],[290.81665439379674,372.0866985761279],[290.42665439379675,371.93669857612787],[290.37315347373374,371.9154384077744],[289.9937499130638,371.75978566493546],[289.63062070073136,371.6145339800025],[289.2570790518703,371.4744558616796],[289.20438424147926,371.45403939630165],[288.80438424147945,371.29403939630174],[288.4145698803768,371.1381136518607],[288.01478953730276,370.9821018106611],[287.6047895373032,370.8221018106612],[287.19478953730277,370.6621018106611],[286.7847895373028,370.5021018106611],[286.754498829894,370.4900617143803],[286.3344988298937,370.32006171438024],[285.9393543862917,370.1601222967318],[285.5444121482607,370.0096681108152],[285.494498829894,369.9900617143803],[285.07449882989397,369.82006171438036],[285.0258098236942,369.799777078047],[284.63974867439543,369.6343222997761],[284.2440868876351,369.4778978724522],[284.21555460112666,369.46642208613474],[283.7897868089864,369.2922443529864],[283.3740868876351,369.1278978724522],[283.34555460112665,369.1164220861347],[282.90555460112665,368.9364220861347],[282.8592663576207,368.91696211919407],[282.4423165199029,368.73691559836135],[282.0255546011269,368.5664220861349],[281.99867270369504,368.55524885966963],[281.54867270369476,368.3652488596695],[281.09867270369506,368.1752488596696],[280.64867270369507,367.9852488596696],[280.6040399882612,367.9659100264127],[280.1636588995346,367.7701850980898],[279.25331211032244,367.3743821462584],[279.22935583830576,367.3638226476011],[278.7593558383059,367.15382264760115],[278.28935583830605,366.9438226476012],[277.82859749941935,366.7379519004391],[277.3578710315486,366.53200907074563],[277.3166977527177,366.5135685395251],[276.8366977527177,366.29356853952515],[276.79648753088054,366.27472167468403],[276.34560746819403,366.05867497798005],[275.88506495263215,365.85190078731966],[275.8452414437639,365.83361605458987],[275.3552414437639,365.60361605458985],[275.3163446330937,365.5849630407667],[274.8356040897549,365.3494982848456],[273.8448992242796,364.87395994941744],[273.80724465170016,364.85551069659977],[273.316400063713,364.61008840260615],[272.8155912357402,364.36459387909014],[272.7972446517001,364.35551069659977],[272.27724465170013,364.0955106965998],[272.2591126366554,364.08635598194513],[271.7491126366554,363.82635598194514],[271.7318802963177,363.81748979968455],[271.22081878838645,363.5521309397972],[270.6997929683107,363.2867026918341],[270.16979296831073,363.01670269183404],[270.13548531395173,362.99890279859176],[270.1136897599281,362.98738816627736],[270.46011827810696,363.262754424317],[270.49302037827323,363.28911762689995],[271.2730203782732,363.91911762689995],[271.29948406738924,363.9406305843021],[272.0694840673892,364.5706305843021],[272.10168808316166,364.5971877749458],[272.8716880831617,365.23718777494577],[272.898333027227,365.2594795301679],[273.658333027227,365.89947953016787],[273.6632812090172,365.9036514908568],[274.4332812090172,366.55365149085685],[274.48662490745625,366.5992789529349],[275.23662490745625,367.2492789529349],[275.2407079394098,367.2528211606798],[276.0007079394098,367.9128211606798],[276.0543201735752,367.96000465386993],[276.7975520646985,368.62288947981517],[277.5475520646985,369.2928894798152],[277.574348168812,369.31698858967036],[278.314348168812,369.9869885896704],[278.37065973755887,370.03870351703233],[279.10065973755906,370.71870351703245],[279.830659737559,371.39870351703246],[279.8593453350514,371.4256201527716],[280.5893453350514,372.1156201527716],[280.61628896147226,372.14126369237664],[281.3362889614723,372.83126369237664],[281.36422332377583,372.85822743840214],[282.08422332377563,373.55822743840196],[282.80422332377566,374.25822743840195],[282.85837661840736,374.31162338159265],[283.5583766184075,375.01162338159276],[284.2683766184075,375.7216233815928],[284.32177256159787,375.7757766762242],[285.02177256159786,376.4957766762242],[285.04873630762336,376.5237110385277],[285.7387363076232,377.24371103852764],[286.4287363076232,377.9637110385276],[286.4543798472282,377.9906546649484],[287.14437984722827,378.7206546649484],[287.1712964829679,378.74934026244125],[287.8512964829678,379.47934026244127],[287.87616861207897,379.5062234375488],[288.556168612079,380.24622343754874],[288.5830114103296,380.275651831188],[289.92301141032965,381.755651831188],[289.97385299138296,381.81260936758315],[290.6338529913828,382.562609367583],[291.00619310046585,382.9857231279046],[291.04265979016907,382.82567580932374],[291.12034712009756,382.5929622614454]]],[[[312.5122923828765,408.57179423360515],[313.31442394245505,408.0209328011235],[314.1001505735111,407.4583137319723],[314.11450724929455,407.44809645589913],[314.90989451769633,406.8855054611759],[315.6856318786409,406.3133991574793],[315.7001547367104,406.30275480802595],[316.4929891908504,405.72525810686227],[317.25894272288474,405.1507929578365],[318.0320665665197,404.5538239140171],[318.8220665665197,403.9438239140171],[318.8367183223533,403.93258140636505],[319.38997310903295,403.51072463152184],[315.8499616554385,401.0675449205242],[315.72508892310003,400.97551513972087],[310.8650889231001,397.1555151397209],[310.64223304703364,396.9577669529664],[307.6022330470336,393.91776695296636],[307.45539657787316,393.7575738664149],[307.3230261701592,393.5852345243711],[306.7130261701592,392.7152345243711],[306.5780046043159,392.50020329995175],[306.46549049578937,392.272585580737],[306.3766444366231,392.034729261736],[306.14762330556835,391.3115046373525],[305.2057608629751,390.46450603789816],[303.92626467357127,389.5773886799115],[301.3843830288519,388.12878946302845],[298.8733874102851,387.13151460742745],[297.219491561264,386.7049835726799],[293.62483218106337,386.0696484264119],[293.97281222505404,386.48831191683814],[293.9993694156979,386.52051593261075],[294.6293694156979,387.29051593261073],[294.65088237310016,387.31697962172694],[295.28088237310004,388.0969796217268],[295.91088237310004,388.8769796217268],[295.937245575683,388.90988172189304],[296.557245575683,389.6898817218931],[296.60412857378515,389.74972350631754],[297.2141285737853,390.53972350631767],[297.8241285737853,391.3297235063177],[297.84409881764105,391.35574965154865],[298.45409881764107,392.15574965154866],[298.48000000000013,392.19000000000017],[299.07999999999987,392.98999999999984],[299.6799999999999,393.7899999999998],[299.7059357071093,393.82487241600705],[300.29593570710927,394.62487241600707],[300.31484343311166,394.65066959810366],[300.9048434331118,395.4606695981039],[301.4948434331118,396.2706695981039],[301.5386444533371,396.3316905086153],[302.1186444533371,397.1516905086153],[302.12615466422415,397.1623356066571],[302.69615466422414,397.9723356066571],[302.71398993234567,397.9978362665399],[303.2839899323457,398.81783626653987],[303.301390644989,398.8430208823571],[303.86272598015114,399.6604039142599],[304.4239899323459,400.4678362665401],[304.491397805902,400.5671460322335],[305.0289806833708,401.37840746550455],[305.57640798285047,402.1897729272333],[305.61774005459307,402.25195591663584],[306.1596030538194,403.0795284972725],[306.701397805902,403.8971460322335],[306.7177400545929,403.9219559166356],[307.26774005459293,404.76195591663566],[307.2923637670333,404.799909006907],[307.8323637670333,405.639909006907],[307.87221684144066,405.7028530282784],[308.382507407357,406.5212435585217],[308.9023637670333,407.329909006907],[308.94221684144065,407.3928530282784],[309.4722168414404,408.2428530282781],[310.00221684144043,409.09285302827806],[310.02638178480106,409.1319782022395],[310.50167214451216,409.9088951363827],[310.9084400589475,409.6442509510874],[311.71998367618704,409.11288310646626],[312.5122923828765,408.57179423360515]]],[[[286.602516124172,423.34353275239636],[287.4415320751788,422.82038163000385],[287.499367387661,422.7852077517419],[288.3593673876609,422.27520775174196],[289.21936738766084,421.76520775174197],[289.2781605599984,421.73122385142574],[290.1366604511562,421.24770092422193],[290.9952170174055,420.75427761028556],[291.05428952273115,420.7211974583402],[291.9278587105708,420.2447051740641],[292.7914448775495,419.76824384055857],[292.8278304376295,419.7484910321576],[293.69603202658425,419.2847924562385],[294.56428952273114,418.81119745834025],[294.62417988302786,418.779391512815],[295.4959406636915,418.32881852505625],[296.3578304376297,417.86849103215746],[296.39417988302785,417.849391512815],[297.26594066369313,417.39881852505533],[298.12783043762965,416.93849103215746],[298.164179883028,416.9193915128149],[299.03594066369266,416.46881852505567],[299.89783043762947,416.00849103215756],[299.93417988302804,415.98939151281485],[300.79405732126986,415.5449604773191],[301.1651065277905,415.3425700010351],[300.8256173891257,414.7876358320638],[300.30778315855935,413.9571469717216],[299.797492592643,413.13875644147834],[299.2776362329667,412.33009099309305],[299.23778315855935,412.2671469717216],[298.727492592643,411.44875644147834],[298.2198685957813,410.65911911302686],[297.69039694617766,409.8504715027231],[297.148602194098,409.0328539677665],[297.13225994540693,409.00804408336415],[296.6027110234988,408.19927845717706],[296.0635920171496,407.40022707276665],[296.038602194098,407.3628539677665],[295.5217542561374,406.5828834432078],[294.98601006765415,405.81216373345995],[294.96860935501104,405.7869791176429],[294.4072740198447,404.969596085734],[293.85489096312807,404.17493975852767],[293.2975940207831,403.3829914720374],[292.7430438520302,402.5989722679385],[292.17515656688835,401.8193304018963],[291.5945722303958,401.02225699077945],[291.0269619817576,400.2526159756768],[290.4399999999999,399.46999999999986],[289.8528825001125,398.68717666681664],[289.26584677684184,397.91729375105183],[288.66587142621484,397.14027649368245],[288.0791023099527,396.3803623922938],[287.4958718032691,395.6466207871112],[286.8791176268998,394.88302037827305],[286.25983232124787,394.11628619032297],[285.6538469451038,393.375637397258],[285.0271877749458,392.6216880831617],[284.411491804633,391.8809288688791],[283.7862051846112,391.1498245131613],[283.1609729830362,390.4187837851659],[282.52614700861704,389.69739063241684],[281.8913664701418,388.97604911142224],[280.590355720667,387.5391118657337],[279.93622187011835,386.82726032248956],[279.2821095940857,386.12505155557204],[278.6183955242452,385.42286130776984],[277.9412636923766,384.7162889614723],[277.2646953544795,384.010304608884],[276.6047347388389,383.33148797565366],[275.92162338159267,382.6483766184073],[275.2485120243486,381.97526526116326],[274.5557766762242,381.3017725615979],[273.84969539111603,380.6153046455205],[273.1571386922263,379.9516044757512],[272.4549484444257,379.2878904059123],[271.73934026244115,378.6212964829677],[271.0373129920036,377.9673532721492],[270.3390096744945,377.33510567386384],[269.6040633023065,376.6785535813759],[268.8923299327678,376.0437643598955],[268.16133269012545,375.4089509649692],[267.4398986587783,374.78370813780174],[267.3580712835274,374.71463308077176],[267.475340462366,374.86216527350416],[267.5264020864599,374.92857280750405],[267.8164020864599,375.31857280750404],[267.8231451771188,375.32768250107046],[268.1031451771188,375.70768250107045],[268.12204170733804,375.7336623639622],[268.40204170733807,376.1236623639622],[268.42769969827384,376.1600540550412],[268.6976996982738,376.5500540550412],[268.7233307652785,376.5877794898145],[268.9833307652785,376.97777948981457],[268.9920844138342,376.99099709616166],[269.2420844138342,377.37099709616166],[269.2843116234318,377.4373466932727],[269.7643116234318,378.21734669327265],[269.7743002054475,378.23371303354514],[270.00430020544746,378.61371303354514],[270.04454401613157,378.682564913977],[270.2645440161316,379.07256491397703],[270.2892248597977,379.11734046010906],[270.49249447013966,379.4948411650299],[270.695627992142,379.86241610960553],[270.73352540331314,379.9335767162497],[271.1335254033131,380.7135767162497],[271.1806943997012,380.8104487385995],[271.34367431552204,381.1635718895447],[271.5155106965998,381.50724465170015],[271.57340950824187,381.6310779066637],[271.743409508242,382.02107790666395],[271.91340950824195,382.41107790666393],[271.93543840777426,382.4631534737334],[272.09543840777434,382.8531534737335],[272.2554384077744,383.24315347373374],[272.4154384077744,383.6331534737337],[272.45710614398047,383.74155164062245],[272.5872115340861,384.10398808448826],[272.7266985761279,384.4666543937967],[272.7665765749314,384.5778078083563],[272.8904411539803,384.9494015455032],[273.02403172655164,385.33108889570696],[273.0365765749313,385.36780780835625],[273.1665765749313,385.75780780835623],[273.1850254226771,385.8153767930225],[273.3050254226771,386.20537679302254],[273.310348341575,386.2228954975275],[273.42771772453426,386.6141267740583],[273.54502542267704,386.9953767930224],[273.56693402128985,387.0705931441453],[273.6769340212899,387.47059314414554],[273.7869340212898,387.8705931441452],[273.89693402128984,388.27059314414515],[273.91237050037785,388.32940737490543],[274.0123705003779,388.7294073749057],[274.1123705003779,389.1294073749056],[274.21237050037786,389.5294073749055],[274.2265853658537,389.5892682926831],[274.31658536585365,389.98926829268305],[274.3195352922468,390.00254103340905],[274.40807768143975,390.4059008063989],[274.49658536585366,390.79926829268305],[274.49953529224683,390.812541033409],[274.5895352922469,391.22254103340936],[274.6795352922469,391.6325410334094],[274.6918755392668,391.6920730655087],[274.77187553926683,392.102073065509],[274.85187553926687,392.512073065509],[274.93187553926685,392.92207306550904],[274.93408027269845,392.93350851948605],[275.0140802726984,393.3535085194858],[275.0929907115773,393.76778832359975],[275.17187553926686,394.17207306550904],[275.1846242019636,394.24256263300606],[275.2506072882665,394.6384611508238],[275.3261381286573,395.0444394179243],[275.33462420196355,395.0925626330061],[275.39969288879263,395.4829747539808],[275.4740802726984,395.8735085194858],[275.47613812865734,395.88443941792434],[275.5561381286573,396.31443941792435],[275.56621890181935,396.37224343458763],[275.6315046643455,396.7732845472483],[275.7061381286573,397.17443941792425],[275.7162189018193,397.23224343458725],[275.78235905775097,397.6385329638816],[276.0180617662597,398.93489786067977],[276.0980617662598,399.3748978606801],[276.17806176625976,399.8148978606801],[276.1798625202434,399.8249133297346],[276.2549801780691,400.24745015500434],[276.3395097567964,400.67009804864085],[276.42950975679634,401.12009804864067],[276.51950975679637,401.57009804864055],[276.52162090263613,401.5807698233975],[276.6116209026361,402.04076982339745],[276.6964164392796,402.47416923290876],[276.79065854619927,402.90768292473916],[276.8906585461993,403.3676829247392],[276.8930754153606,403.3789201243915],[276.9875928489158,403.8231520621011],[277.09158926487066,404.2675003848174],[277.2015892648708,404.73750038481774],[277.3071234410884,405.18841913774776],[277.42237050037784,405.6494073749055],[277.65784494908564,406.5913051697368],[277.9067366199371,407.5294353137153],[278.0399622638661,407.99572506746654],[278.0437064512569,408.00896219364813],[278.17723986309676,408.4858672359332],[278.3203483415749,408.9628954975273],[278.4635322620391,409.44017523240785],[278.61630278271826,409.9175831095303],[278.62078086772806,409.9317158062029],[278.77612304092844,410.426868983279],[278.93186611294215,410.9032595564974],[279.10177486731556,411.38466769388884],[279.10696379094463,411.3995125339037],[279.27970474195155,411.8985419479236],[279.46208880185594,412.39769832239887],[279.46748245080596,412.41260063084314],[279.6501919277749,412.92226390870394],[279.8350314849081,413.41208873510664],[280.0371719012102,413.92225264291676],[280.0432121460074,413.93763972099725],[280.2456804401951,414.45827247747997],[280.45010062843966,414.9600311213528],[280.672062345373,415.48115863067466],[280.67870768057713,415.4969040608495],[280.893386179094,416.0102656877377],[281.1269528414028,416.52411234481696],[281.1341584943375,416.5401078150279],[281.37632031204794,417.08255028669925],[281.62822331614586,417.62511060321793],[281.8762144946208,418.15924544916385],[282.1436412487373,418.7036499129011],[282.41175322351046,419.2494492901179],[282.995523312192,420.3780714615688],[283.2893053712988,420.93720505793334],[283.59650197846963,421.4939989084305],[283.5981613625593,421.4970112505925],[283.92020114541646,422.08253812851456],[284.24402981842377,422.6540004926451],[284.5858251423358,423.2399353336373],[284.92929457348083,423.82874007274296],[285.1766829061501,424.24328268424284],[285.6707636922204,423.91587975371436],[285.7635580990385,423.8567776618898],[286.602516124172,423.34353275239636]]],[[[339.3094586252565,460.54652540296706],[339.13247381111495,460.0647334089151],[338.9555441383205,459.5929209481298],[338.93363280901406,459.5322090254439],[338.7636328090141,459.04220902544387],[338.7534234250687,459.01219219164386],[338.5934234250687,458.53219219164384],[338.5830860508314,458.50050445186224],[338.43308605083143,458.03050445186227],[338.428352057109,458.0155149821536],[338.278352057109,457.5355149821536],[338.26819722267567,457.5022391251604],[338.1281972226757,457.0322391251604],[338.1140910873391,456.9831237417998],[337.9840910873391,456.51312374179975],[337.97419509176825,456.4762969325823],[337.85419509176825,456.0162969325823],[337.85081395237637,456.00319643769114],[337.7324874790438,455.5397510838053],[337.61419509176824,455.0862969325823],[337.5893414538007,454.9823170752609],[337.48934145380065,454.5223170752605],[337.39061406703297,454.06817109612894],[337.29191364352175,453.6240191903286],[337.2804902432036,453.56990195135916],[337.1904902432036,453.11990195135917],[337.18013747975664,453.06508667026543],[337.1001374797567,452.61508667026567],[337.0201374797566,452.1650866702654],[336.94013747975663,451.7150866702654],[336.9228074582252,451.60362567223666],[336.867140327398,451.1861221910325],[336.8022912035287,450.7784991267113],[336.7938415630848,450.7212943323066],[336.7338415630848,450.28129433230663],[336.7259022898486,450.2171219677947],[336.67663473908146,449.7737140108905],[336.6274008112167,449.3503022312539],[336.62662633754667,449.3435651889149],[336.5766263375467,448.9035651889149],[336.57067766318403,448.8453929397107],[336.530677663184,448.4053929397107],[336.52630473782585,448.3509554834077],[336.4982053210349,447.94819717607106],[336.46067766318396,447.53539293971033],[336.45630473782586,447.4809554834077],[336.42630473782583,447.0509554834077],[336.42280777619703,446.99079963831633],[336.40420769178945,446.59089782355335],[336.3763047378258,446.1909554834073],[336.3728077761971,446.13079963831666],[336.35280777619704,445.70079963831665],[336.3507027976882,445.6404487721467],[336.34140483621053,445.24063642860574],[336.32280777619707,444.84079963831635],[336.32073664826527,444.7818872226603],[336.31070279768824,444.3604487721471],[336.3007027976882,443.9304487721471],[336.29999999999995,443.87],[336.29999999999995,443.4709479955187],[336.29073664826524,443.08188722266027],[336.28999999999996,443.02],[336.28999999999996,442.17],[336.29073664826524,442.1081127773397],[336.29999999999995,441.7190520044813],[336.29999999999995,440.9],[336.30073664826523,440.83811277733935],[336.3107366482653,440.41811277733973],[336.33073664826526,439.5781127773397],[336.3407195239661,439.1588319979052],[336.35073664826524,438.72811277733973],[336.36073664826523,438.3081127773394],[336.3707366482653,437.8881127773397],[336.38073664826527,437.4681127773397],[336.39073664826526,437.0481127773397],[336.39280777619706,436.9892003616837],[336.41143826607606,436.58864482928425],[336.4307195239657,435.7788319979193],[336.4407366482653,435.34811277733974],[336.4507195239661,434.9288319979052],[336.46073664826525,434.4981127773397],[336.46999999999997,434.10905200448127],[336.46999999999997,433.71],[336.4707027976882,433.64955122785324],[336.47999999999996,433.2497715284473],[336.47999999999996,432.85],[336.48073664826524,432.78811277733973],[336.48999999999995,432.3990520044813],[336.48999999999995,431.5902284715527],[336.4807027976882,431.19044877214674],[336.47999999999996,431.13],[336.47999999999996,430.7295416402597],[336.47068683129294,430.3197622171502],[336.46067122758313,429.8890756539185],[336.4513417626435,429.47857919657395],[336.43268179545316,429.06805991838837],[336.39393002362164,428.215520938094],[336.3657585895728,427.792949427362],[336.36268179545317,427.7380599183884],[336.34523421177494,427.3542130774674],[336.310211134199,426.960203454738],[336.3057585895728,426.90294942736165],[336.27766869632796,426.4816010286885],[336.2427436285148,426.08869401579085],[336.19590228984856,425.6671219677947],[336.19522439601934,425.6609538699976],[336.14522439601944,425.20095386999793],[336.0982352053928,424.76865331623287],[335.98183893091584,423.8762818785762],[335.92837949683167,423.46642621726437],[335.8568649585613,423.0462783049257],[335.8483655375073,422.99300938803077],[335.78628531935345,422.5761850661407],[335.70639650108046,422.1589879040486],[335.69686495856126,422.10627830492564],[335.6248930471055,421.683443325123],[335.5346509086822,421.25028106069107],[335.4346509086823,420.77028106069133],[335.3399224446182,420.31558443318374],[335.24002117199547,419.8796516071938],[335.13055223310874,419.4326534400731],[334.8814994414539,418.4939159946048],[334.6127601369029,417.5341327640655],[334.4743376134257,417.0727243524748],[334.3284568528117,416.60772942801765],[334.16839086346874,416.13694710642073],[334.1587121545433,416.1079210263993],[333.9981338870579,415.6167404435028],[333.83299385326984,415.14884368110336],[333.65543331063475,414.6628885117862],[333.463301423872,414.16334560620305],[333.45743553072805,414.147948856329],[333.2649685150925,413.6379112648948],[333.0782434875138,413.166652861958],[332.86490297115023,412.67504210685934],[332.85793765462716,412.6588413693256],[332.63586932987994,412.1374635633974],[332.4040899735873,411.615960011739],[332.3969976162388,411.59985558564097],[332.17266740796066,411.08576552500335],[331.9376106525972,410.58853008096537],[331.6760642125394,410.0557502956625],[331.66800142844085,410.039177882716],[331.4141333639409,409.5126367119012],[331.1412145358791,408.9856210439199],[331.1326771200211,408.96898883367334],[330.8588752102939,408.4308264593818],[330.5659418538046,407.89220706196596],[330.2678491895153,407.34410119536955],[329.95017403673745,406.78576304806313],[329.63183118781075,406.226251374192],[329.2938578999283,405.65652497461866],[328.95524295294473,405.0857169211321],[328.6051338946462,404.5179725022695],[328.4005740012416,404.1949831968939],[328.05062463022017,404.4618195922977],[327.27741587180253,405.05885420322784],[326.5052924111885,405.6648245140894],[325.97369741657985,406.0881316394259],[325.9379164489595,406.113859618777],[325.904,406.142],[325.69064222063685,406.30201833452236],[324.92684030725025,406.9014578108511],[324.1368403072502,407.52145781085113],[324.13274919739644,407.5246629081461],[323.35274919739646,408.13466290814614],[323.3232816776467,408.157418593635],[322.53062463021826,408.7618195922992],[321.74793343348045,409.3661760859828],[320.9579334334805,409.9761760859828],[320.92400000000004,410.00199999999995],[320.124,410.602],[320.08984526328965,410.62724519197405],[319.287122454076,411.211944522142],[318.4943681213591,411.7966008425207],[318.44549275070545,411.8319035441009],[317.6326858946413,412.40681571058525],[316.8298494264889,412.9816862680277],[316.7809660217842,413.01596806680857],[315.9509660217842,413.58596806680856],[315.9444434043189,413.5904349848955],[315.1244434043189,414.1504349848955],[315.07526926174586,414.18332032703006],[314.2352692617458,414.73332032703007],[314.22784355179357,414.7381669407196],[313.6261229370665,415.12964782259024],[313.6716626485936,415.20733321284234],[314.1746967567742,416.05558680702933],[314.2118752975191,416.11926707039134],[314.7051363773379,416.9775413492761],[315.1983388080946,417.8258495301776],[315.2350628954937,417.8900220473656],[315.7135575688147,418.73959422244576],[316.201875297519,419.5892670703912],[316.2250628954937,419.63002204736557],[318.18506289549373,423.1100220473656],[318.22063609373777,423.174198494325],[318.6830675100503,424.02198942423144],[319.1550628954937,424.8600220473656],[319.1906360937376,424.9241984943248],[320.14440528291647,426.67277534115266],[320.61811949374476,427.53138234827895],[320.6306360937376,427.5541984943248],[321.59063609373777,429.314198494325],[322.0644052829145,430.1827753411491],[322.53811949374466,431.0413823482787],[322.573206719194,431.1060145931579],[323.03201340010276,431.96505688932757],[323.5006360937376,432.82419849432483],[323.98063609373764,433.7041984943248],[324.003206719194,433.74601459315795],[324.4620134001025,434.6050568893271],[324.93063609373763,435.4641984943248],[324.9532067191938,435.5060145931577],[325.41201340010065,436.3650568893237],[325.8806360937376,437.2241984943248],[326.36063609373764,438.1041984943248],[326.383206719194,438.14601459315793],[326.8358831667114,438.99357900553105],[327.29811949374465,439.83138234827874],[327.3106360937376,439.8541984943248],[327.79063609373776,440.734198494325],[328.2706360937376,441.6141984943248],[328.74440528291535,442.48277534115067],[329.21811949374467,443.3413823482787],[329.23063609373764,443.3641984943248],[329.69306751005115,444.2119894242328],[330.1650628954938,445.0500220473658],[330.2006360937376,445.1141984943248],[330.6630675100506,445.9619894242319],[332.11506289549385,448.5400220473658],[332.5935575688117,449.38959422244045],[334.0751363773343,451.9675413492697],[334.5566048156495,452.7956670631719],[335.05469675677415,453.6355868070291],[335.0783388080947,453.6758495301776],[335.56660481565143,454.51566706317516],[336.05290957541644,455.3357103835632],[336.5609527113352,456.1759355698903],[337.07369834889374,457.02393797046795],[337.586381784801,457.8619782022394],[338.0943826108743,458.6923641679361],[338.61221684144044,459.5228530282782],[339.13460664366886,460.36064799411616],[339.40009796988846,460.7814266998227],[339.3258605967296,460.58997242167624],[339.3094586252565,460.54652540296706]]],[[[302.7440593363057,421.3811814749452],[301.8821695623705,421.84150896784246],[301.845820116972,421.8606084871851],[300.9740593363086,422.31118147494374],[300.11216956237035,422.7715089678425],[300.0758201169722,422.790608487185],[299.2040593363069,423.24118147494465],[298.3421695623704,423.7015089678425],[298.30582011697214,423.720608487185],[297.44594267872975,424.16503952268107],[296.5957104772688,424.62880254165975],[296.5721695623705,424.6415089678424],[295.71042959688725,425.1017564494074],[294.85855512245047,425.57175615944146],[294.8457104772688,425.5788025416598],[293.9954309243198,426.0425913887229],[293.1547829825945,426.5257223897144],[293.13183944000156,426.53877614857424],[292.29142582339074,427.0121125533321],[291.46063261233905,427.50479224825807],[290.6297460840823,427.9975272824568],[289.8084679248212,428.50961836999613],[289.7864419009615,428.5232223381102],[288.9833739178201,429.0145109866203],[288.49997012872984,429.334838798668],[288.8303532433798,429.81389431491056],[289.22433579065085,430.38516900845354],[289.61201417447046,430.9376107053964],[290.00570702513755,431.4887806963304],[290.0109055167958,431.4960851789994],[290.39437561563125,432.0368763440238],[290.77776599383975,432.5677245600047],[291.16350791403516,433.1018287571984],[291.52968906721645,433.60291875628855],[291.90503189752127,434.1033758633617],[292.6523456898722,435.0866834848762],[293.0245714831063,435.5666588498358],[293.0449075592206,435.5932330675275],[293.3991220222073,436.0623278968883],[293.7529184836129,436.51174502353865],[294.11449257016454,436.9710418361853],[294.4671889869671,437.4095292732912],[294.82830626357645,437.8487259610593],[294.8322889779286,437.8535817453311],[295.5429933117163,438.72222037551603],[295.88388535145384,439.1293969785359],[296.23406716614966,439.5379424290144],[296.5854344440709,439.9478709199225],[296.9266994062379,440.3378880195419],[296.947467705725,440.36191781218605],[297.2765492199217,440.7474133002451],[297.60502993760616,441.1134346713792],[297.94380399623884,441.4909257652842],[298.6324172734136,442.2385630376453],[298.63445155396414,442.2407742477088],[298.96243168191603,442.5976937987153],[299.2902341966293,442.9447788142942],[299.61767324559236,443.29147898378443],[299.94492639023395,443.6283572209155],[300.2717992332791,443.9648439711091],[300.598477631085,444.29152236891497],[300.62570979823374,444.3191640193616],[300.9286823955375,444.6313176044625],[301.2408359806384,444.93429020176626],[301.26847763108503,444.961522368915],[301.58433633217504,445.277381070005],[301.8712903126847,445.5556394753477],[302.1817600299827,445.83871480582525],[302.23906756115025,445.8925754207482],[302.5447178477874,446.18867413592795],[302.84467056670337,446.47044790218234],[303.1589492643905,446.75615580917065],[303.4889492643905,447.05615580917066],[303.5182469350913,447.0832032692357],[303.8077248825132,447.35458884494363],[304.1042069453044,447.61513368800263],[304.40722491198846,447.8802744088512],[304.72214136530704,448.14747624803056],[304.75211198045827,448.17330059376224],[305.0721119804581,448.4533005937621],[305.3745250920566,448.7179120664108],[305.6766644419456,448.9728421428796],[305.9782450943254,449.2273008183251],[306.9195408252454,449.99210359969754],[307.23585405972364,450.2491081027111],[307.52651202419474,450.48350968696195],[308.14617012022643,450.96761757448667],[308.4516503017777,451.20411836020384],[308.46067450912807,451.2111366283161],[308.760490622086,451.4453679665645],[309.06000000000006,451.6700000000001],[309.0916503017777,451.69411836020384],[309.38591743512836,451.92193807634635],[309.68461143512667,452.14595857634504],[309.98920200285085,452.371945126592],[310.00000000000006,452.38],[310.31461143513405,452.6159585763505],[310.6034155081122,452.8302325659795],[310.9074537251968,453.04876003450903],[310.93920200285083,453.071945126592],[311.23341550811216,453.29023256597947],[311.53745372519677,453.508760034509],[311.56920200285106,453.5319451265922],[311.8634155081118,453.7502325659792],[312.145377812711,453.95289297240987],[312.44297493950637,454.15749099708165],[312.51920200285105,454.2119451265921],[312.8134155081131,454.43023256598013],[313.0953778127106,454.63289297240954],[313.39297493950653,454.8374909970818],[313.46920200285086,454.891945126592],[313.7415790533447,455.0940313253455],[314.0229749395065,455.28749099708176],[314.0674537251968,455.318760034509],[314.3653778127116,455.5328929724103],[314.6629749395062,455.7374909970816],[314.7074537251968,455.768760034509],[315.02745372519655,455.99876003450885],[315.325377812711,456.2128929724098],[315.6229749395065,456.41749099708176],[315.6674537251966,456.4487600345089],[315.9874537251966,456.67876003450885],[316.3074537251968,456.908760034509],[316.612136386637,457.1277506974191],[316.9266609203894,457.3469647663981],[316.95745372519656,457.36876003450885],[317.2774537251968,457.598760034509],[317.5974537251968,457.828760034509],[317.609246413955,457.83728618081165],[317.9181060903176,458.06191139998447],[318.2266609203894,458.2769647663981],[318.29999999999984,458.32999999999987],[318.6047067091521,458.558530031864],[318.919246413955,458.78728618081163],[319.24924641395523,459.02728618081176],[319.5792464139552,459.26728618081177],[319.59021517124165,459.27530736711157],[319.9302151712416,459.52530736711157],[319.96002998878805,459.5475604147995],[320.27520218758656,459.7863272320711],[320.60021517124164,460.02530736711157],[320.63002998878824,460.0475604147996],[320.94520218758777,460.286327232072],[321.2702151712415,460.52530736711145],[321.3093702796841,460.5546696342593],[321.6493702796839,460.8146696342592],[321.98937027968395,461.0746696342592],[322.02689357336436,461.1039117965046],[322.3668935733641,461.37391179650444],[322.69257057672985,461.6325376521184],[323.0280889811586,461.89136613553484],[323.05689357336433,461.9139117965046],[323.3968935733643,462.1839117965046],[323.4042071236413,462.189741095448],[324.10420712364134,462.749741095448],[324.13884644835105,462.7779439416457],[324.47164792330284,463.0536937351772],[324.80420712364156,463.3197410954482],[324.84447943912744,463.3526246730467],[325.2044794391278,463.65262467304694],[325.5644794391278,463.95262467304696],[325.59205757098545,463.9759328338502],[325.92834943226495,464.2641830006612],[326.2744794391277,464.5526246730468],[326.27977164278707,464.55704674893155],[326.6497716427871,464.86704674893156],[326.7073459809579,464.91673577142257],[327.0541495489473,465.2250056096354],[327.41079502562206,465.5334557516244],[327.44059860209177,465.5596318703818],[327.81059860209194,465.88963187038195],[328.1805986020918,466.2196318703818],[328.5505986020918,466.5496318703818],[328.57922575229117,466.5755484460359],[328.94922575229117,466.91554844603587],[328.9514369623547,466.91758272658643],[329.3314369623546,467.2675827265863],[329.7114369623546,467.61758272658625],[329.73813608456805,467.64252302184485],[330.10590672554997,467.99093731330146],[330.48352826710595,468.33951104396846],[330.5338033762022,468.38717491092757],[330.91444828996714,468.75780307082323],[331.6950603539368,469.5183996369879],[332.0950603539368,469.9083996369879],[332.118477631085,469.93152236891495],[332.908477631085,470.721522368915],[332.9310330657807,470.7443579846041],[333.1094728245188,470.92725873731064],[332.7686021940978,470.4128539677663],[332.21860219409785,469.5828539677663],[332.2022599454071,469.5580440833644],[331.6522599454071,468.71804408336436],[331.6276362329667,468.680090993093],[331.0876362329667,467.84009099309304],[331.07202127017166,467.8156570754204],[330.53202127017164,466.9656570754204],[330.5230684634645,466.9515163266235],[329.9930684634645,466.11151632662353],[329.97778315855953,466.08714697172184],[329.44778315855933,465.2371469717216],[328.91778315855936,464.38714697172156],[328.893618215199,464.34802179776057],[328.3736182151991,463.4980217977607],[327.85361821519905,462.6480217977607],[327.8390472886648,462.6240644301097],[327.31904728866476,461.76406443010956],[326.7990472886648,460.90406443010954],[326.7753032432258,460.8644131929707],[326.2653032432258,460.0044131929707],[326.24166119190534,459.9641504698224],[325.75339518434976,459.12433293682676],[325.25530324322585,458.2844131929709],[325.2316611919054,458.24415046982256],[324.7316611919054,457.3841504698226],[324.71812470248085,457.3607329296087],[323.21812470248085,454.75073292960866],[323.19493710450615,454.7099779526342],[322.7049371045063,453.8399779526344],[321.2349371045063,451.2299779526344],[321.19936390626236,451.1658015056752],[320.73693248994886,450.3180105757672],[320.2649371045062,449.47997795263416],[320.2293639062624,449.4158015056752],[319.75559471708465,448.5472246588493],[319.28188050625533,447.68861765172124],[319.26936390626236,447.6658015056752],[318.7893639062622,446.78580150567495],[318.3093639062624,445.9058015056752],[317.83559471708463,445.0372246588493],[317.3618805062553,444.17861765172125],[317.326793280806,444.11398540684206],[316.8679865998975,443.2549431106729],[316.39936390626224,442.39580150567497],[315.9193639062623,441.515801505675],[315.8967932808062,441.4739854068423],[315.4379865998999,440.61494311067736],[314.96936390626234,439.7558015056752],[314.946793280806,439.7139854068421],[314.4879865998975,438.85494311067293],[314.0193639062623,437.9958015056751],[313.5393639062623,437.11580150567505],[313.516793280806,437.07398540684204],[313.06411683328855,436.2264209944689],[312.6018805062553,435.38861765172123],[312.58936390626224,435.36580150567494],[312.1093639062624,434.48580150567517],[311.15559471708355,432.7372246588473],[310.68188050625525,431.878617651721],[310.6693639062624,431.8558015056752],[309.7269324899494,430.1280105757681],[309.25493710450627,429.2899779526344],[309.21936390626223,429.22580150567495],[308.7569324899497,428.37801057576854],[306.8264424311853,424.95040577755424],[306.33812470248097,424.1007329296088],[306.31493710450627,424.0599779526344],[305.8430794781159,423.2221899221046],[305.36166119190534,422.3941504698224],[305.34812470248085,422.37073292960866],[304.86649657379553,421.53269998569624],[304.37530324322574,420.70441319297066],[304.3614309614726,420.68088529844704],[304.2920890020712,420.5625960735858],[303.67571047726904,420.89880254165973],[303.615820116972,420.93060848718517],[302.7440593363057,421.3811814749452]]],[[[332.76534755179716,400.9690794164994],[332.5906257574685,401.0926631246831],[332.62055758678355,401.1394795756631],[332.62652959644095,401.1488645889207],[333.00652959644094,401.74886458892064],[333.0230442612824,401.7752893722092],[333.3930442612824,402.37528937220924],[333.4161421000717,402.41347502538133],[333.7661421000716,403.0034750253812],[334.1161421000716,403.5934750253812],[334.1398259632625,403.6342369519369],[334.4698259632624,404.2142369519367],[334.79982596326244,404.7942369519367],[334.82405814619545,404.837792938034],[335.1340581461955,405.4077929380341],[335.4440581461955,405.97779293803416],[335.4773228799789,406.0410111663267],[335.7630840708756,406.6026797139514],[336.0487854641209,407.15437895608017],[336.08199857155915,407.22082211728406],[336.34799654742454,407.77252162278273],[336.61393578746055,408.3142497043375],[336.6305878929137,408.34881299607696],[336.89058789291374,408.89881299607697],[336.9230023837612,408.970144414359],[337.1594834542267,409.5120802008426],[337.39591002641265,410.04403998826103],[337.4120623453728,410.0811586306744],[337.6386071578196,410.61304645120157],[337.8650970288498,411.13495789314067],[337.8971719012102,411.2122526429168],[338.10717190121017,411.74225264291675],[338.12256446927194,411.782051143671],[338.3196559152758,412.3043434755814],[338.51669857612796,412.81665439379697],[338.5320888018559,412.8576983223988],[338.7220888018559,413.37769832239877],[338.7317748673155,413.4046676938886],[338.9117748673155,413.9146676938886],[338.93128784545667,413.9720789736007],[339.0965338884104,414.4775374579298],[339.26160913653126,414.9630528935793],[339.28078086772814,415.0217158062031],[339.4407808677281,415.53171580620307],[339.4503483415749,415.56289549752734],[339.60034834157494,416.06289549752734],[339.6137064512569,416.10896219364815],[339.8937064512569,417.10896219364815],[339.9030600504406,417.1432697825362],[340.1630600504406,418.1232697825362],[340.1753730102431,418.1715413036139],[340.2953730102431,418.66154130361383],[340.3043040281735,418.6992219935435],[340.4143040281735,419.17922199354354],[340.42534909131774,419.22971893930867],[340.5253490913178,419.70971893930897],[340.62534909131773,420.18971893930865],[340.72534909131775,420.6697189393086],[340.74313504143873,420.76372169507437],[340.81864076165925,421.20731780136987],[340.90360349891955,421.6510120959514],[340.92163446249276,421.75699061196923],[340.98766106208114,422.2003120663485],[341.0631350414387,422.6437216950743],[341.07816106908416,422.7437181214238],[341.13816106908416,423.2037181214238],[341.25816106908417,424.12371812142374],[341.2647756039806,424.17904613000206],[341.31477560398065,424.6390461300024],[341.3644403373102,425.09596167663483],[341.4140977101514,425.5428780322053],[341.41978886580097,425.599796545262],[341.459788865801,426.049796545262],[341.4642414104272,426.10705057263834],[341.492331303672,426.5283989713115],[341.529788865801,426.949796545262],[341.5373182045468,427.0619400816116],[341.55606997637835,427.474479061906],[341.5842414104272,427.897050572638],[341.5873182045468,427.9519400816116],[341.6273182045467,428.83194008161126],[341.64731820454676,429.27194008161126],[341.6493287724169,429.3309243460815],[341.65931316870706,429.7702377828498],[341.66932877241686,430.2009243460815],[341.67932877241685,430.6409243460815],[341.68,430.7],[341.68,431.0997715284473],[341.68929720231176,431.49955122785326],[341.69,431.56],[341.69,432.43],[341.6892633517347,432.4918872226603],[341.68,432.88094799551874],[341.68,433.28],[341.6792972023118,433.3404487721467],[341.67,433.74022847155265],[341.67,434.14],[341.66926335173474,434.2018872226603],[341.6592804760339,434.6211680020948],[341.64926335173476,435.0518872226603],[341.6392804760343,435.4711680020807],[341.6292633517347,435.90188722266026],[341.60926335173474,436.7418872226603],[341.60719222380294,436.80079963831633],[341.58856173392394,437.2013551707158],[341.57926335173477,437.59188722266026],[341.5692633517348,438.0118872226606],[341.5592633517347,438.4318872226603],[341.5492804760339,438.8511680020948],[341.53926335173475,439.2818872226603],[341.52926335173476,439.7018872226603],[341.5092633517348,440.54188722266065],[341.5,440.93094799551926],[341.5,441.75],[341.4992633517347,441.8118872226603],[341.49,442.20094799551873],[341.49,442.98905200448127],[341.4992633517347,443.3781127773397],[341.5,443.44],[341.5,443.8397715284468],[341.5092804760343,444.23883199791936],[341.51856173392395,444.62864482928427],[341.53719222380295,445.02920036168365],[341.5392972023118,445.08955122785324],[341.54859516378946,445.48936357139337],[341.5657923082106,445.85910217644715],[341.5936952621742,446.25904451659267],[341.59719222380295,446.31920036168367],[341.6157923082106,446.7191021764479],[341.6417946789651,447.09180282392896],[341.679322336816,447.5046070602897],[341.6836952621741,447.55904451659234],[341.71179467896513,447.96180282393004],[341.7466751028103,448.3454874862264],[341.79299081857033,448.7530657849152],[341.84259918878325,449.1796977687461],[341.8440977101514,449.19287803220533],[341.8905270936836,449.61074248399507],[341.9422517031012,449.9900562863908],[342.0077087964713,450.4015008732887],[342.0171925417748,450.46637432776333],[342.06973674075385,450.860455820106],[342.1398625202433,451.25491332973434],[342.2198625202434,451.7049133297346],[342.29498017806924,452.1274501550049],[342.37408588172093,452.5229786732636],[342.46808635647824,452.94598080967137],[342.47065854619933,452.9576829247395],[342.57065854619924,453.41768292473915],[342.65930083518276,453.8254374540633],[342.76580490823176,454.2337030674177],[342.76918604762363,454.24680356230886],[342.8875125209562,454.7102489161947],[343.0009919454091,455.14525337659757],[343.1190971875337,455.57224925197124],[343.24683667946397,456.0010889748798],[343.389303602215,456.45698312768315],[343.5318468211454,456.90361854699836],[343.6815633942931,457.3527682664415],[343.83578834813966,457.797299015764],[344.0044558616795,458.24707905187023],[344.01054137474347,458.26347459703294],[344.1825344041463,458.7316778437405],[344.3558590950173,459.17867309914476],[344.54223998748677,459.6353062856949],[344.7471534745792,460.1231955406768],[344.94028250988725,460.58302657712466],[345.1520751769643,461.0434454185964],[345.16012556791156,461.0611198419224],[345.3814815268491,461.55195262043617],[345.60370995899444,462.02418803874497],[345.8356179860461,462.4972804139304],[346.0819550019158,462.98047994505936],[346.3432254754877,463.4836675237904],[346.60511874340284,463.9793940666299],[346.8767297477934,464.4664206951922],[347.17266782318575,464.9892446283853],[347.18280891791613,465.0073283789357],[347.4652209307453,465.5156700020283],[347.7577483010721,466.00930993945485],[348.0694678457019,466.5193964670308],[348.4002053842334,467.04468549881614],[348.41154588081963,467.0628625464023],[348.739476370083,467.59333833785774],[349.0724068331068,468.1112301692281],[349.4272774865199,468.6387405999773],[349.43333076527847,468.64777948981447],[349.79007519241054,469.18289613051263],[350.16570702513746,469.7087806963303],[350.1782474004023,469.7264930523493],[350.5756807260055,470.2928355413339],[350.9661254814564,470.84517202465463],[351.3700672726643,471.39002374302805],[351.7993610556438,471.95591100241006],[352.2389385856061,472.5322459861385],[352.69044302485526,473.11134950604503],[352.6937700126812,473.115625911208],[353.28377001268126,473.87562591120803],[353.3420417073381,473.95366236396234],[354.46204170733813,475.5136623639623],[354.4964651030408,475.56279600551653],[355.03646510304077,476.35279600551655],[355.0656476973263,476.3964280498975],[355.5956476973264,477.2064280498976],[356.1256476973264,478.0164280498976],[356.1379412437564,478.0353957447489],[356.65794124375645,478.8453957447489],[356.67781551080674,478.87684645059585],[357.1855651594785,479.6932282386563],[357.70330296107653,480.51961742197625],[358.21952907266956,481.34359371548055],[358.7357223039691,482.15759073406826],[358.7433029610765,482.1696174219762],[359.2476547017312,482.9746403926367],[359.77144424853174,483.77002451925966],[360.3013284072339,484.57466342691856],[360.83060791106163,485.3541477871012],[361.3737854113342,486.13011564463346],[361.9159744602488,486.8910827308294],[362.46604976438596,487.61830092951914],[363.04117519535384,488.3442789325442],[363.61990122325244,489.04435074048615],[364.2160575365285,489.72434153531657],[364.818425665989,490.381470403819],[365.4418386218164,491.0048833596463],[366.1244389749734,491.649027354879],[366.18441764525954,491.7114682127401],[366.24633734979,491.7719847543657],[366.2727487510279,491.80342540341604],[366.3011941446883,491.8330385104402],[366.35476372695575,491.90105763624587],[366.41045361283193,491.967351966551],[366.433656113444,492.0012299903042],[366.4590619426921,492.0334886382659],[366.5057065325796,492.1064309706517],[366.5546302757572,492.1778646389953],[366.5744004229786,492.2138537735628],[366.59652201579064,492.248447294048],[366.6357924003991,492.3256103584787],[366.6774788384868,492.40149541958493],[366.6936262349924,492.43924906992714],[366.7122505483367,492.4758443084229],[366.7437685323953,492.5564849824071],[366.77781620220594,492.636090621654],[366.79018533974016,492.67524519947966],[366.80513301129827,492.71348972383436],[366.82859505939064,492.79683139359815],[366.85467606325193,492.87939096516357],[366.8631478202589,492.9195693904848],[366.8742748957822,492.9590948850218],[366.8894550555595,493.0443349247257],[366.90731821914704,493.12905333480427],[366.91181100797553,493.1698686674211],[366.91901032764423,493.2102944800215],[366.9257624058697,493.29661198148733],[366.93523569715285,493.3826733454771],[366.9357062497904,493.4237325114243],[366.93890848022056,493.464669319414],[366.9371674506898,493.5512329979167],[366.93815963669493,493.6378084978365],[366.9346034214625,493.6787160749007],[366.9337777234245,493.71976963444047],[366.92676319372663,493.77879486256955],[367.52408755882465,494.30444030385587],[368.2686673098679,494.951049035025],[368.99010134122204,495.5762918621986],[369.73080836821805,496.20156402784454],[370.44603695182656,496.8038617824623],[371.18302037827306,497.39911762689985],[371.2416880831619,497.447187774946],[371.966309851303,498.0494708030113],[372.7001182781069,498.632754424317],[373.4670218004871,499.2423444036448],[374.227120298602,499.8388774021654],[374.98729375105313,500.42584677684283],[375.75717666681675,501.01288250011254],[376.52261597567446,501.5869619817559],[377.30512758399294,502.1640642928907],[377.31422877337906,502.17079115593845],[378.08922697605027,502.7448638986579],[378.8638114812634,503.29950465547716],[379.6738114812634,503.8795046554772],[380.471086786525,504.4503931456646],[381.2296423041166,504.98693241420494],[382.01022707276667,505.51359201714956],[382.07216373345994,505.55601006765414],[382.86134282820353,506.10458577985395],[383.6415925344922,506.63101931662703],[384.440471502733,507.16039694618416],[385.26804408336426,507.7022599454071],[386.10145515845346,508.2479457683822],[386.90034102214565,508.7677028363264],[387.71859363805845,509.2875339099652],[388.5393520058788,509.805393356328],[389.377146971722,510.3277831585596],[390.207635832065,510.8456173891265],[391.02606202952836,511.346301651104],[391.8542896164409,511.84709042458604],[392.69441319297067,512.3453032432258],[392.7340644301095,512.3690472886648],[393.5543112766333,512.8650104981907],[394.37415046982244,513.3416611919054],[394.4144131929708,513.3653032432259],[395.2426999856937,513.8564965737942],[396.08073292960864,514.3381247024809],[396.1041504698224,514.3516611919054],[396.93218992210456,514.8330794781159],[398.6285159503659,515.7884814940332],[399.4970226313019,516.272081805009],[399.5199779526344,516.2849371045063],[399.8685038066816,516.4812332751766],[399.9174703435505,516.3311745331589],[399.9211826985847,516.3198581240013],[400.22185726490306,515.4081352454875],[400.51297608346687,514.4765550260834],[400.5163858724902,514.465700801839],[400.8108929003401,513.5330952136478],[401.09395216417914,512.6058321079682],[401.377092823087,511.668538892273],[401.64687857834593,510.74355915995693],[401.91192642741515,509.80116680771056],[402.17694731503536,508.85887031839417],[402.42124352438765,507.95685354540126],[402.65123238604474,507.02731522953707],[402.660250266329,506.9916108933837],[402.901037018981,506.05735829309384],[403.11823153817176,505.14136401650694],[403.3291033183914,504.2116111673568],[403.5304588288886,503.2719521183698],[403.7230154442772,502.3284247029654],[403.9094658428259,501.3667331736091],[404.095902680313,500.40511159078113],[404.2691265714707,499.4620037389224],[404.43217113144095,498.5220998049763],[404.58867608136967,497.5537254272922],[404.5896550530524,497.54769878417176],[404.7431170187165,496.6077442444794],[404.87743557300075,495.6579201820406],[404.8828810839459,495.6207395581735],[405.03006640978975,494.6493164076044],[405.1674355730008,493.67792018204057],[405.1681919240876,493.67259884629823],[405.3078118668864,492.6952592467063],[405.44479735768647,491.72657613319177],[405.5723442714245,490.7552573285709],[405.57743557300074,490.71792018204036],[405.7147973576869,489.74657613318846],[405.97234427142456,487.7852573285709],[406.10234427142456,486.7952573285709],[406.3598847799104,484.8339873024098],[406.4776116282719,483.8627408034269],[406.48234427142455,483.8252573285709],[406.6098847799104,482.8539873024098],[406.7222682038212,481.92682405514506],[406.7579563910827,481.5610201357152],[406.7642930041537,481.5180292294561],[406.76737667056216,481.47468339127477],[406.8349750333033,480.9145826714196],[406.9427834474454,479.93450617921894],[406.94324180824026,479.9303602009158],[407.0490458298053,478.97812400682983],[407.1337428601136,478.04645667343914],[407.2076519306493,477.12259329174213],[407.25478891148776,476.1892810711415],[407.30094926467603,475.2660740073766],[407.31,474.36100047497814],[407.31,473.51417594061513],[407.24946356072627,472.6580177280294],[407.24682158723004,472.6175907047662],[407.19599327204446,471.77045211834],[407.07743557300074,470.9320798179596],[407.0723442714245,470.89474267142907],[406.9627982904492,470.0605078932323],[406.78604005444896,469.2440531840883],[406.78435082650583,469.2362105371772],[406.59561272872844,468.3554327475493],[406.36694731503536,467.51112968160584],[406.12803232597327,466.66165416494056],[405.8388121286187,465.8030317040442],[405.5400686864271,464.9161371100379],[405.21352316950924,464.0484590222275],[404.8909661597946,463.1913789678428],[404.531375046558,462.3431127520028],[404.51231936027057,462.29733187429804],[404.15777055412804,461.4296203224229],[403.7754110154362,460.5809686633751],[403.3933806187314,459.73304753898157],[402.9835562258618,458.9040845624953],[402.976139428507,458.88899850161874],[402.56299589614713,458.04393218542805],[402.41688399408207,457.767943037083],[402.1424058832407,457.25684586517144],[401.72180665638103,456.4945097664883],[401.2454770375049,455.7305849060265],[400.77971216775677,454.98360351114746],[400.2703921649655,454.2723117831113],[399.7615570815225,453.5616972700272],[399.218262665075,452.8976707610358],[398.64803534574224,452.21161601746354],[398.04067464934104,451.55066467137993],[397.43521162041117,450.9006823020876],[395.2018032654199,448.7346612681521],[394.6795956742857,448.2409377274434],[393.9599061106067,447.5705419694958],[393.2299061106067,446.8905419694958],[393.1907596197046,446.85355517943856],[392.4707596197047,446.1635551794387],[391.7507596197047,445.4735551794387],[391.67400550692355,445.39788189458227],[390.97400550692356,444.68788189458223],[390.9554193085052,444.66889789450886],[390.2554193085052,443.9488978945089],[390.1440773490197,443.829336418442],[389.48509192424723,443.090473972485],[388.81610741172176,442.3416107121953],[388.6752716319267,442.17452767718635],[388.0552716319267,441.3945276771863],[388.0222798925214,441.35241679185043],[387.41227989252144,440.56241679185047],[387.2819562688806,440.38305425539863],[386.7219562688806,439.56305425539864],[386.70993512317926,439.545344977132],[386.14993512317926,438.71534497713196],[386.0148726906001,438.4999577380233],[385.5148726906001,437.6399577380233],[385.46399682292537,437.54963809658625],[384.98399682292535,436.66963809658625],[384.8912454997687,436.4881827056661],[384.46124549976867,435.58818270566604],[384.42541101543605,435.51096866337485],[384.0154110154361,434.6009686633749],[383.9362412265585,434.41177758971935],[383.57624122655847,433.48177758971934],[383.52273035700944,433.3346024316563],[383.20273035700944,432.3946024316563],[383.1729760834669,432.3034449739166],[382.8729760834669,431.3434449739166],[382.8112323860448,431.1226847704632],[382.5712323860448,430.1526847704632],[382.5541202217612,430.0805088156829],[382.3341202217612,429.11050881568286],[382.29591527559387,428.91948408484603],[382.12591527559385,427.9394840848461],[382.11288108394587,427.85926044182634],[381.9628810839459,426.8692604418263],[381.9392386817145,426.6818950826552],[381.8392386817145,425.6918950826552],[381.8321019415627,425.61303184467494],[381.7521019415627,424.61303184467494],[381.744837192317,424.50167488927696],[381.694837192317,423.51167488927695],[381.690759772076,423.3959848045584],[381.670759772076,422.3959848045584],[381.6701899857512,422.28200189985756],[381.6801899857512,421.28200189985756],[381.68170884661504,421.20605126539857],[381.71,420.263012819233],[381.71,420.23],[381.715174560894,420.12466939324827],[381.71585065781943,420.01921392543437],[381.76585065781944,419.11921392543434],[381.7692759248618,419.06464931474034],[381.8392759248618,418.06464931474034],[381.8492386817145,417.9481049173448],[381.9492386817145,416.95810491734477],[381.95278344744537,416.9245061792191],[382.0627834474453,415.9245061792191],[382.0676116282719,415.8827408034268],[382.1876116282719,414.8927408034269],[382.1929991090155,414.85029580017556],[382.3229991090155,413.87029580017554],[382.3328810839459,413.8007395581735],[382.4828810839459,412.8107395581735],[382.4886760813697,412.77372542729216],[382.6486760813697,411.78372542729215],[382.6496550530524,411.7776987841717],[382.80965505305244,410.79769878417176],[382.81481557958574,410.7668875237672],[382.98481557958576,409.7768875237672],[382.9859152755938,409.7705159151542],[383.15591527559377,408.790515915154],[383.3253627172202,407.81370125166063],[383.49481557958575,406.8268875237672],[383.4959152755938,406.82051591515403],[383.66217113144097,405.86209980497637],[383.8186760813697,404.89372542729217],[383.81965505305243,404.88769878417173],[383.97916314638803,403.9107117124913],[384.13268951473964,402.9607673083156],[384.2651477366813,402.02409845315674],[384.3926700566472,401.0627763487985],[384.51958922663033,400.09623805431147],[384.6350822982704,399.1337957906444],[384.74114599026717,398.17922256267303],[384.8392386817145,397.20810491734477],[384.9371553321055,396.2387300784743],[385.02529713239574,395.25937674191573],[385.0292386817145,395.2181049173448],[385.1271553321055,394.2487300784743],[385.21529713239573,393.2693767419157],[385.22324180824023,393.19036020091556],[385.33324180824025,392.20036020091555],[385.33761162827193,392.1627408034269],[385.45761162827193,391.1727408034269],[385.46234427142457,391.1352573285709],[385.59234427142457,390.1452573285709],[385.6028810839459,390.07073955817367],[385.75288108394585,389.08073955817366],[385.76591527559384,389.0005159151539],[385.93591527559386,388.02051591515396],[385.9425207683183,387.98352422275235],[386.1225207683183,387.00352422275233],[386.1541202217612,386.84949118431706],[386.37319473770077,385.8835717276744],[386.5922782420445,384.90765429923437],[386.6321397867042,384.74662119223245],[386.89084684490905,383.79139513116843],[387.1495663346114,382.82617241958656],[387.1855671740492,382.70054155839387],[387.47395216417584,381.75583210797913],[387.76235256375236,380.801127336967],[387.77638587249027,380.75570080183894],[388.06447512288037,379.8434181756037],[387.8319365502675,378.83367014553306],[387.02063261233917,379.314792248258],[386.98478298259454,379.3357223897144],[386.11478298259453,379.8357223897144],[386.0918394400016,379.8487761485742],[385.2218394400016,380.3387761485742],[385.16216956237054,380.37150896784243],[384.28216956237037,380.84150896784257],[383.4021695623704,381.31150896784254],[383.34170862671544,381.342934839504],[382.4517086267154,381.79293483950397],[382.41519880129505,381.81108845719433],[381.51519880129507,382.2510884571943],[381.4905461645329,382.2630036001851],[380.59054616453284,382.6930036001851],[380.55393685948377,382.71019652888134],[379.6439368594838,383.13019652888136],[379.5884892554198,383.1551182981027],[379.1084892554198,383.3651182981027],[379.1016920542972,383.3677026040363],[379.0951654895511,383.37090955475],[378.6551654895511,383.56090955475],[378.63649020160216,383.56889996275356],[377.71649020160214,383.9588999627536],[377.69055086943615,383.9697547365297],[376.7705508694362,384.3497547365297],[376.7337890445853,384.36465894990357],[375.8037890445853,384.7346589499036],[375.7507672177821,384.75518146439265],[374.8207672177821,385.1051814643926],[374.8107695717195,385.1089239926179],[373.8707695717195,385.45892399261794],[373.8169832943816,385.4783766567235],[372.8769832943816,385.8083766567235],[372.8675301910739,385.8116778227886],[371.9175301910739,386.1416778227886],[371.8630603734731,386.1600237251595],[370.9130603734731,386.4700237251595],[370.8854393585288,386.47889130200775],[369.93543935852875,386.77889130200776],[369.9267559791333,386.78161913322646],[368.9667559791333,387.08161913322647],[368.9194472923234,387.095981884669],[368.3142921137836,387.27434341097546],[368.1076702240484,387.5285588636134],[367.84523193866903,387.79349515798265],[367.5580890674219,388.0314322614342],[367.2490069531254,388.2400787095921],[367.1422883412768,388.2977725588525],[365.27063781777684,397.24683842222703],[364.52230137677236,402.0964473061395],[364.31715911145,404.30638898256666],[364.21145398322045,408.611470568642],[364.3018292540952,410.5183887840991],[364.8208156231591,414.255090641359],[365.825642427841,418.5936886204529],[366.49535097115427,420.326559476276],[366.7206370927811,420.7234921667614],[366.8949188869405,420.93738345959343],[368.33626151967127,422.19855826323277],[368.5088807562644,422.3648694526389],[368.66477885834735,422.5469479915462],[369.2547788583473,423.30694799154617],[369.38902696251284,423.4976121009955],[369.5049264119392,423.699955061651],[369.9328798942495,424.53515459970816],[369.9771264548702,424.5775048791594],[370.445329207969,424.7639924164106],[371.63599188292136,424.9516119894334],[377.5205923821196,425.00008481067886],[377.76552776209496,425.0141409920197],[378.00790596456903,425.05213735451616],[378.2453927549547,425.1137079724265],[378.475701005637,425.19825988704224],[378.6966127222626,425.30497881720487],[378.9060004042378,425.43283700127853],[379.10184753372215,425.58060309505606],[379.28226799579784,425.74685403027735],[379.44552424278714,425.9299887195541],[379.59004402778675,426.128243475717],[379.71443554626444,426.33970899708714],[379.817500839898,426.56234875509494],[379.8982473335685,426.7940186071635],[379.95589739440146,427.0324874459737],[379.98989582079616,427.27545868624753],[379.99991518932114,427.5205923821196],[379.9858590079803,427.76552776209496],[379.94786264548384,428.00790596456903],[379.8862920275735,428.2453927549547],[379.80174011295776,428.475701005637],[379.69502118279513,428.6966127222626],[379.56716299872147,428.9060004042378],[379.41939690494394,429.10184753372215],[379.25314596972265,429.2822679957978],[379.07001128044595,429.44552424278714],[378.871756524283,429.59004402778675],[378.66029100291286,429.71443554626444],[378.43765124490506,429.817500839898],[378.2059813928365,429.8982473335685],[377.9675125540263,429.95589739440146],[377.72454131375247,429.98989582079616],[377.4794076178804,429.99991518932114],[371.4094076178804,429.94991518932113],[371.22457227371547,429.9415455944601],[371.0408621526761,429.9195286464789],[369.39086215267605,429.6595286464789],[369.1187931685244,429.6009760525584],[368.8549178529108,429.51254666716017],[367.6749178529108,429.0425466671602],[367.45629983475817,428.9430496917581],[367.24823926451637,428.82303183856186],[367.05265674052015,428.68360098730426],[366.8713576767862,428.5260442182832],[366.17135767678616,427.85604421828316],[365.98152145140415,427.65294730374325],[365.81540871710575,427.43002868929653],[365.67507358806074,427.190044938349],[365.1617586271701,426.18825283725596],[364.8627200692973,425.8030506271147],[363.4437384803287,424.5614417367672],[363.2914645989526,424.4164534002326],[363.15191253620674,424.2591823779056],[362.71191253620674,423.71918237790555],[362.58661860293853,423.5515442643647],[362.47578521190945,423.3740137986458],[362.0557852119095,422.6340137986458],[361.9708018597045,422.47052499404987],[361.89809074629216,422.30122096761653],[361.09809074629214,420.23122096761654],[360.9944670171832,419.8940736561935],[359.9244670171832,415.2740736561935],[359.8837693170556,415.0539209281867],[359.3337693170556,411.0939209281867],[359.31280294284926,410.86835057142895],[359.21280294284924,408.75835057142893],[359.2107532567631,408.5786345665723],[359.3207532567631,404.09863456657234],[359.33070195248024,403.92892591963954],[359.55070195248027,401.55892591963953],[359.56924273345044,401.4087408626767],[360.3392427334504,396.4187408626767],[360.3629461666384,396.2882114336661],[361.8775775937955,389.046188294101],[361.1261150189986,389.2418816729544],[361.118711285293,389.2437997869368],[360.148711285293,389.4937997869368],[359.178711285293,389.7437997869368],[358.2267362857534,389.9891541682614],[357.2847030462141,390.24428817063665],[357.248711285293,390.2537997869368],[356.299332338453,390.4984850825141],[355.6598769136081,390.6728820165627],[355.619629177826,390.6835630640765],[355.3414402884763,390.755353745199],[354.4130665538317,391.0164588580678],[353.46715267203484,391.2824971373232],[352.535168886182,391.55432574153025],[351.5933343136281,391.83883826865593],[350.67539742514646,392.1190505819819],[349.7667643806878,392.41555189122624],[348.8487443044692,392.7247797063736],[347.94052122366315,393.04362397942253],[347.04072327595156,393.36908281157355],[346.1455643881751,393.7119096196582],[345.2522185783999,394.0673267697838],[344.3820756889766,394.4267336154151],[343.5103885410605,394.8098928013123],[342.6342267858849,395.2003561922058],[341.78289931290254,395.60710154040845],[340.9319948011299,396.0230993017195],[340.0939538312796,396.4611661723231],[339.2459876024164,396.9089685628464],[337.58964196089516,397.8418528896802],[336.7864419009615,398.3332223381102],[335.96537353053503,398.83552298825344],[335.1646152043666,399.3502961979332],[334.35285305737494,399.8818071275111],[333.55779299958004,400.4182331906016],[332.76534755179716,400.9690794164994]]]]},"properties":{"kind":"interchange_infield","interchange":"IC_LC_SR400_US19","margin_m":4.0,"area_m2":46841}},{"type":"Feature","geometry":{"type":"MultiPolygon","coordinates":[[[[1862.9827977889283,145.7489302230342],[1863.8132602376256,145.9184123554214],[1865.7586134611129,146.29557267426074],[1865.787878436468,146.30139566130757],[1866.767878436468,146.50139566130755],[1866.7738909230884,146.50262902302217],[1867.740885302328,146.70200930740148],[1868.7178784364678,146.90139566130756],[1869.6978784364678,147.10139566130758],[1869.7332425472705,147.10883204355918],[1870.7032425472705,147.31883204355915],[1870.7258765606123,147.32382259363553],[1871.6945690662853,147.54128417654172],[1872.6532425472708,147.7488320435592],[1872.7045961924182,147.7604162236088],[1873.6845961924182,147.99041622360878],[1873.6913776513268,147.99201599223062],[1874.6613776513268,148.22201599223064],[1874.6901478163704,148.22898590883585],[1875.6601478163707,148.46898590883583],[1876.6301478163707,148.70898590883584],[1876.6373083001108,148.71076679955823],[1877.5973083001106,148.95076679955824],[1877.6187112852929,148.95620021306323],[1877.6720211003824,148.96993985612755],[1877.8020938011591,148.6946697219259],[1878.216611044025,147.80641848721262],[1878.2276329110853,147.7829474195235],[1878.6520938011583,146.884669721927],[1879.0666110440256,145.99641848721163],[1879.0875593944083,145.95205615510582],[1879.5020730583894,145.08446941654074],[1879.907019323697,144.20708584170725],[1879.9375593944083,144.14205615510582],[1880.3625737819812,143.25249115786042],[1880.7820938011591,142.36466972192588],[1881.196611044025,141.4764184872126],[1881.2175593944082,141.43205615510576],[1881.6320730583907,140.56446941653803],[1882.0370193236977,139.68708584170628],[1882.067559394408,139.62205615510675],[1882.4925737819838,138.73249115785455],[1882.9120938011724,137.8446697218973],[1883.3266110440259,136.95641848721158],[1883.3475593944083,136.91205615510583],[1883.7725737819824,136.022491157858],[1884.1976329110848,135.1229474195245],[1884.2075593944082,135.10205615510583],[1885.067559394408,133.30205615510684],[1885.4975593944082,132.40205615510575],[1885.9225737819859,131.51249115785015],[1886.3476329110854,130.61294741952355],[1886.3575593944083,130.59205615510575],[1886.787559394408,129.69205615510685],[1887.2175593944078,128.79205615510685],[1887.2387244510364,128.7482652871731],[1887.668043316382,127.87011306260287],[1888.0875593944083,126.99205615510583],[1888.1087244510366,126.94826528717307],[1888.538043316382,126.0701130626027],[1888.9575593944078,125.1920561551068],[1888.9892641104352,125.12682720066434],[1889.423970570929,124.24753458739293],[1889.8587244510366,123.35826528717308],[1890.2987244510362,122.45826528717404],[1890.738724451036,121.55826528717405],[1890.7492641104352,121.53682720066435],[1891.1892641104353,120.64682720066435],[1891.2000931686005,120.62504658430005],[1891.644654111927,119.73592469764736],[1892.0792641104354,118.85682720066434],[1892.1009710087756,118.81341230780882],[1892.5455078351306,117.93421725123969],[1892.9900931686004,117.04504658430004],[1893.0009710087759,117.02341230780783],[1893.450971008776,116.13341230780783],[1893.4728665030266,116.09058268695732],[1893.921823376042,115.2219487369926],[1894.360971008776,114.35341230780784],[1894.3828665030267,114.31058268695737],[1894.8428665030267,113.42058268695737],[1894.8543826026057,113.39842726954492],[1895.3085989410458,112.52949166557195],[1895.7628665030265,111.65058268695736],[1895.774382602606,111.62842726954392],[1896.234382602606,110.74842726954392],[1896.2449376822701,110.72833787715379],[1896.7149376822701,109.83833787715379],[1896.726793280806,109.81601459315767],[1897.196793280806,108.93601459315771],[1897.6667932808061,108.05601459315767],[1898.1367932808062,107.17601459315767],[1898.1593639062626,107.13419849432482],[1898.639363906262,106.25419849432579],[1899.1193639062617,105.37419849432578],[1899.1318805062554,105.35138234827869],[1899.2533365177387,105.13124332746521],[1899.2440671661495,105.14205757098586],[1899.2237445851315,105.16548305035899],[1898.8637445851316,105.57548305035898],[1898.8425647802424,105.59930830221869],[1898.4825647802422,105.9993083022187],[1898.458658542925,106.02550915220506],[1898.0895742632076,106.42451918433208],[1897.7304889560312,106.8135282671063],[1897.7062056161242,106.83947712298912],[1897.3368415354134,107.22880682968443],[1896.9774769781548,107.60813608456837],[1896.9528250890726,107.63380337620181],[1896.595238867857,108.00105408988286],[1896.2474769781547,108.36813608456838],[1896.198477631085,108.41847763108474],[1895.8284776310852,108.78847763108475],[1895.8031228954887,108.81348742036397],[1895.4458859092265,109.16106935294329],[1895.0884776310852,109.51847763108475],[1895.062403822559,109.54418678891729],[1894.7027634265264,109.89383717394894],[1894.3331228954887,110.25348742036397],[1894.306719620078,110.27881788408202],[1893.9367196200776,110.62881788408252],[1893.5667196200775,110.97881788408253],[1893.5392257522915,111.00445155396376],[1893.169225752291,111.34445155396433],[1892.7992257522915,111.68445155396375],[1892.4292257522911,112.02445155396428],[1892.059225752291,112.36445155396429],[1892.0305986020921,112.39036812961788],[1891.6605986020916,112.72036812961841],[1891.2905986020914,113.0503681296184],[1891.2607950256224,113.07654424837531],[1890.9057966550947,113.38356986612918],[1890.5505986020914,113.70036812961841],[1890.4947529390354,113.7487691151041],[1890.1278471474438,114.05774241328646],[1889.7707950256217,114.36654424837583],[1889.7397716427872,114.39295325106822],[1889.3853867938735,114.68987028664465],[1889.0307950256217,114.99654424837583],[1888.9997716427872,115.02295325106817],[1888.6297716427869,115.33295325106869],[1888.2597716427872,115.64295325106822],[1887.9032428002256,115.94166660564689],[1887.5565601519352,116.24019888611915],[1887.4974850918954,116.28956494667048],[1887.1437354322588,116.57638899502464],[1886.7897716427867,116.87295325106868],[1886.7574850918954,116.89956494667044],[1886.3874850918955,117.19956494667049],[1886.031056824034,117.48856083953129],[1885.6844794391272,117.77737532695348],[1885.6574850918955,117.79956494667049],[1885.287485091895,118.09956494667097],[1884.9310568240376,118.38856083952815],[1884.584479439128,118.67737532695293],[1884.5510567984686,118.70476016361684],[1884.1942750739872,118.99216766389331],[1883.841056824034,119.27856083953128],[1883.4944794391272,119.56737532695347],[1883.4610567984691,119.59476016361629],[1883.1178818983492,119.87120661093529],[1882.7744794391272,120.15737532695347],[1882.7410567984691,120.18476016361629],[1882.3978818983514,120.46120661093339],[1882.054479439128,120.74737532695296],[1882.0210567984686,120.7747601636168],[1881.6778818983526,121.05120661093251],[1881.334479439128,121.33737532695297],[1881.3288464483505,121.3420560583548],[1880.9816662400162,121.62971965954597],[1880.6383494322663,121.91581699933762],[1880.302057570985,122.20406716615011],[1880.2744794391278,122.22737532695297],[1879.9283494322667,122.51581699933735],[1879.5920575709852,122.8040671661501],[1879.2420575709857,123.10406716614952],[1878.9062247874429,123.39192383775779],[1878.5802162564253,123.67957842394962],[1878.5520575709857,123.70406716614957],[1878.232313284241,123.97813369764506],[1877.921760029983,124.26128519417445],[1877.8620575709851,124.31406716615011],[1877.5423132842413,124.5881336976446],[1876.8917600299824,125.18128519417508],[1876.5660558877546,125.47825073561788],[1876.2510526073993,125.77416290807304],[1875.9260635184191,126.08003499181903],[1875.609979173792,126.38654102297252],[1875.279979173792,126.70654102297257],[1874.9643363321688,127.01261893000132],[1874.6484776310845,127.32847763108545],[1874.619979173792,127.35654102297252],[1874.3186951895307,127.64869518952894],[1874.0400349918166,127.93606351842165],[1873.7333199810007,128.26194821741345],[1873.706541022973,128.28997917379158],[1873.4000349918192,128.60606351841898],[1873.1061969830882,128.91826640269568],[1872.8000809601044,129.25308080283432],[1872.5039076352277,129.57791606237626],[1872.2183594436506,129.90030918189896],[1871.9201988861191,130.24656015193548],[1871.8963292684505,130.27389163777005],[1871.5983594436505,130.61030918189925],[1871.3253192684372,130.92738809504988],[1870.4736615510633,131.97776594647794],[1870.2068732397174,132.32735063031038],[1870.1806951903866,132.36107515030608],[1869.9039796773145,132.7115814668639],[1869.6493685318226,133.05398955907702],[1869.3820417073382,133.42633763603757],[1869.35640208646,133.4614271924957],[1869.0886355144755,133.82152706516467],[1868.8386141043577,134.17870050819022],[1868.5670825528714,134.57630028000952],[1868.307493189584,134.9564132762517],[1868.057064035979,135.34596973741498],[1867.787064035979,135.76596973741508],[1867.531793184866,136.16305772803543],[1867.2804949674082,136.57258074907762],[1867.0382980556808,136.97313718001158],[1866.7912491904358,137.40072175447395],[1866.54218906678,137.83178735310867],[1866.3086653393448,138.25213006249254],[1866.069992031577,138.69128894878534],[1865.5958614865265,139.58265437348027],[1865.3798857085428,140.02360492019687],[1865.1539599494174,140.49510077572043],[1864.923175425283,140.9759018676671],[1864.488862739758,141.92005987967792],[1864.2845148527783,142.4030639761755],[1864.067954227863,142.91493454415678],[1863.8625821779194,143.4096944826573],[1863.6632121460073,143.92236027900296],[1863.4561129637138,144.45490103347186],[1863.2590357930396,144.97105552809424],[1863.0709634574907,145.49765806763136],[1862.9827977889283,145.7489302230342]]],[[[1896.9181592874738,154.02344235529435],[1897.8701478163707,154.25898590883585],[1897.8987112852933,154.26620021306326],[1898.8687112852929,154.51620021306323],[1899.838711285293,154.76620021306323],[1899.8461150189985,154.7681183270456],[1900.8061150189985,155.0181183270456],[1900.8270620643307,155.02365306768914],[1901.786598403175,155.28084837500822],[1901.8366121440863,155.29387278670387],[1901.883158941667,155.14130272796697],[1901.8868332442908,155.1293620413314],[1902.0545972822363,154.5887890301736],[1902.2036191926643,154.04858460487256],[1902.21845182199,153.99690668375106],[1902.376367028423,153.46742628571081],[1902.515606203117,152.93831742187348],[1902.5267501864375,152.8973333856663],[1902.6825531725397,152.34228524767792],[1902.8229060558817,151.81830114986693],[1902.957629499622,151.27940737490607],[1903.097629499622,150.71940737490607],[1903.1003473478004,150.70863387034873],[1903.2348480425753,150.1802382837332],[1903.355702469023,149.66893109491662],[1903.4719136435217,149.14598080967198],[1903.4797200067815,149.1119338197842],[1903.605702469023,148.5789310949166],[1903.7179577917002,148.07378214286848],[1903.8232778404029,147.56633099911966],[1903.9323209733593,147.03102834642445],[1903.9342520225864,147.0216372122354],[1904.0442520225865,146.49163721223434],[1904.1503807654708,145.9802896328838],[1904.2459236410068,145.4834666800956],[1904.3414382006367,144.9772395140573],[1904.4280886847757,144.47659227236542],[1904.4295627470733,144.46815813183684],[1904.5188187723586,143.96237398855274],[1904.608088684776,143.44659227236434],[1904.6095627470734,143.43815813183684],[1904.6952526388682,142.95258207833274],[1904.7714092313906,142.46708380100168],[1904.8514092313908,141.9570838010017],[1904.8526543570165,141.94922469712301],[1904.9286369859963,141.47433326599938],[1904.9951114586465,140.99951560421087],[1905.0026543570166,140.94922469712188],[1905.0786369859961,140.47433326600108],[1905.1420015719348,140.02172908072347],[1905.199275389392,139.5539929048238],[1905.2051114586466,139.50951560421086],[1905.2720015719337,139.031729080731],[1905.329275389392,138.5639929048226],[1905.336131316481,138.51230447378333],[1905.4029061652748,138.0448805322267],[1905.4596723826012,137.5907507936145],[1905.5164233326661,137.12728470141806],[1905.5639921368843,136.67062418092445],[1905.5700775205446,136.61750969006835],[1905.626761775367,136.16403565148826],[1905.673992136884,135.71062418092566],[1905.6800775205445,135.65750969006834],[1905.7371152610958,135.20120776565818],[1905.7842873752704,134.7577898924152],[1905.8339921368843,134.28062418092446],[1905.8345888257343,134.2749562580571],[1905.9316894046208,133.36221081652377],[1905.9693651812645,132.91952044095888],[1905.9752243960193,132.85904613000233],[1906.0249032328973,132.40200083072526],[1906.0716894046204,131.9622108165277],[1906.1093651812646,131.51952044095887],[1906.1152243960194,131.45904613000238],[1906.1621994943569,131.02687522529786],[1906.1997744706912,130.59476299745162],[1906.2052243960193,130.53904613000233],[1906.2521994943563,130.10687522530222],[1906.2897744706913,129.67476299745036],[1906.2952243960194,129.61904613000237],[1906.342199494357,129.18687522529785],[1906.3797744706912,128.75476299745162],[1906.3859022898487,128.69287803220564],[1906.4324683078228,128.27378387043785],[1906.4697744706912,127.84476299745161],[1906.4759022898486,127.78287803220564],[1906.5255596626869,127.33596167665993],[1906.5724688934736,126.90439675342544],[1906.610211134199,126.47979654526233],[1906.6159022898487,126.42287803220565],[1906.6659022898486,125.97287803220567],[1906.7659022898486,125.07287803220437],[1906.8159022898487,124.62287803220566],[1906.8659022898487,124.17287803220565],[1906.9159022898486,123.72287803220566],[1906.9228074582252,123.66637432776366],[1906.9790455842606,123.24458838249792],[1907.0259022898485,122.82287803220567],[1907.033841563085,122.75870566769238],[1907.0933188048193,122.32253922830803],[1907.2128074582251,121.42637432776365],[1907.2138415630848,121.41870566769369],[1907.2733188048137,120.98253922834812],[1907.3328074582253,120.53637432776237],[1907.3408971807173,120.48036178366748],[1907.4108971807173,120.03036178366749],[1907.4122912035286,120.02150087328904],[1907.477140327398,119.61387780896611],[1907.532807458225,119.19637432776366],[1907.5519382337402,119.07489786067919],[1907.625999783722,118.66755933578025],[1907.6908971807172,118.25036178366749],[1907.7001374797564,118.19491332973493],[1907.7801374797564,117.74491332973493],[1907.7819382337402,117.73489786067917],[1907.8610280569135,117.29990383322684],[1907.9401374797565,116.85491332973493],[1907.9504902432036,116.80009804864117],[1908.0360177631833,116.37246044874259],[1908.1119382337404,115.95489786067917],[1908.1204902432037,115.91009804864117],[1908.2104902432036,115.46009804864117],[1908.2219136435217,115.40598080967199],[1908.3159141182787,114.98297867326495],[1908.4004902432039,114.56009804863993],[1908.4243625831084,114.45262196476034],[1908.527856979661,114.02923579704496],[1908.621913643522,113.60598080967077],[1908.6343625831084,113.55262196476036],[1908.7443625831086,113.10262196475915],[1908.8543625831085,112.65262196476036],[1908.9643625831084,112.20262196476035],[1908.9777891570366,112.15007710854368],[1909.0959736611865,111.70688521798138],[1909.2141950917685,111.25370306741719],[1909.2321431246128,111.1883969026666],[1909.3600482694978,110.74564832421817],[1909.4879955519214,110.29291178641198],[1909.4921431246128,110.2783969026666],[1909.6221431246126,109.8283969026666],[1909.632647910885,109.79297979896448],[1909.772647910885,109.33297979896452],[1909.9126479108852,108.87297979896451],[1909.928102417348,108.82394644044027],[1910.0781024173482,108.3639464404392],[1910.2281024173483,107.90394644043919],[1910.2443083285639,107.85584637515336],[1910.404308328564,107.39584637515229],[1910.4925107486197,107.14226441749247],[1910.0266818678574,107.96934834864145],[1909.5581194937445,108.8186176517213],[1909.547918194991,108.83702263130186],[1909.0630367747895,109.70783007982735],[1908.5944052829263,110.55722465882911],[1908.1206360937376,111.42580150567518],[1907.652013400112,112.2849431106553],[1907.193206719194,113.14398540684229],[1906.723206719194,114.02398540684233],[1906.2591606410742,114.8928376382153],[1905.800360963995,115.76162851608892],[1905.3514010589479,116.62050833443965],[1904.8971334969733,117.49941731304263],[1904.8856173973943,117.52157273045508],[1904.4314010589542,118.39050833442805],[1903.988176623959,119.24805126300544],[1903.549028991224,120.11658769219217],[1903.5271334969734,120.15941731304268],[1903.078176623958,121.0280512630074],[1902.6444921648654,121.8857827487681],[1902.1999068313994,122.77495341569995],[1902.1890289912244,122.79658769219118],[1901.7499800024445,123.66492902555625],[1901.3207358895647,124.53317279933566],[1901.3099068313995,124.55495341569996],[1900.865345888073,125.44407530235264],[1900.4360294290684,126.31246541261233],[1900.0012755489636,127.20173471282692],[1899.5612755489635,128.10173471282695],[1899.1212755489635,129.00173471282693],[1899.1107358895647,129.02317279933567],[1898.6868072704933,129.88066477882077],[1898.2724406055922,130.74794384489317],[1898.2512755489636,130.7917347128269],[1897.8219566836187,131.66988693739592],[1897.4024406055917,132.54794384489418],[1897.3812755489635,132.5917347128269],[1896.9519566836173,133.46988693739848],[1896.5324406055918,134.34794384489425],[1896.107426218014,135.23750884214985],[1895.6823670889146,136.13705258047645],[1895.6724406055916,136.15794384489425],[1895.242440605592,137.05794384489315],[1894.8124406055917,137.95794384489417],[1893.9574262180176,139.747508842142],[1893.5323670889152,140.6470525804755],[1893.5224406055918,140.66794384489418],[1893.1030155411156,141.54581025891378],[1892.6933889559741,142.42358151278842],[1892.6823670889146,142.44705258047642],[1892.2523670889145,143.35705258047645],[1892.242440605592,143.37794384489325],[1891.8279269416103,144.2455305834602],[1891.4229806763024,145.12291415829372],[1891.3924406055917,145.18794384489425],[1890.973015541123,146.0658102588985],[1890.563388955975,146.94358151278738],[1890.5523670889147,146.9670525804765],[1890.1223670889146,147.8770525804765],[1890.1124406055917,147.89794384489417],[1889.6979269416106,148.76553058345925],[1889.292980676303,149.64291415829274],[1889.2624406055918,149.70794384489417],[1888.8430155411243,150.58581025889566],[1888.4333889559744,151.46358151278838],[1888.4223670889146,151.4870525804765],[1888.2710417500516,151.80729922783772],[1889.0957878862655,152.02433768473614],[1889.2061150189986,152.04811832704561],[1890.1624143585652,152.29715461339111],[1891.1287112852929,152.54620021306323],[1891.358548523567,152.60543661468023],[1892.0098183982682,145.2786505242905],[1892.043505345939,145.035635903014],[1892.1008496799848,144.79709336183868],[1892.1812991431214,144.5653201958367],[1892.2840789630407,144.3425485072968],[1892.4081993138914,144.13092370935897],[1892.5524648488438,143.93248386451324],[1892.715486211933,143.74914005694373],[1892.895693418316,143.58265798774326],[1893.0913509740833,143.43464097024656],[1893.3005745900164,143.3065144892465],[1893.5213493283202,143.19951247279616],[1893.751549007577,143.11466540880718],[1893.988956679036,143.0527904208879],[1894.2312859770404,143.01448339899633],[1894.47620313798,143.000113260694],[1894.7213494757095,143.0098183982683],[1894.964364096986,143.04350534593897],[1895.2029066381613,143.10084967998486],[1895.4346798041634,143.18129914312146],[1895.657451492703,143.28407896304063],[1895.869076290641,143.40819931389134],[1896.0675161354868,143.5524648488439],[1896.2508599430562,143.71548621193307],[1896.4173420122568,143.8956934183158],[1896.5653590297534,144.09135097408333],[1896.6934855107536,144.30057459001634],[1896.8004875272038,144.5213493283201],[1896.8853345911928,144.751549007577],[1896.947209579112,144.9889566790359],[1896.9855166010036,145.23128597704036],[1896.999886739306,145.47620313797995],[1896.9901816017318,145.7213494757095],[1896.267284339925,153.85394367103686],[1896.9181592874738,154.02344235529435]]],[[[1875.0311483800515,154.57669562429945],[1874.1998521836297,154.37101409116417],[1873.244220298332,154.1345690886163],[1872.2920121614666,153.90878777781313],[1871.3410304771662,153.6855981988447],[1870.3967574527292,153.4811679564408],[1870.3741234393876,153.47617740636446],[1869.405430933712,153.2587158234577],[1868.4644174080386,153.0549912457346],[1867.502121563532,152.8586043386924],[1866.5221215635322,152.6586043386924],[1866.5161090769118,152.65737097697783],[1865.5491146976856,152.4579906926013],[1864.5867397623745,152.2615876445786],[1862.6413865388872,151.88442732573927],[1862.6121215635321,151.87860433869244],[1861.6467397623744,151.6815876445786],[1861.2829793717817,151.61106267089227],[1861.2626910330016,151.70314051612513],[1861.1460770907186,152.26677457049303],[1861.0340706605145,152.80813898314628],[1860.9447227979517,153.3174217997543],[1860.8581837098554,153.86550269103046],[1860.8570589653195,153.8725630479974],[1860.7701346927197,154.41342518861865],[1860.6996207423479,154.89820859742449],[1860.6446656591806,155.40196352645586],[1860.5846656591807,155.95196352645584],[1860.5840977101514,155.9571219677943],[1860.5291700075838,156.45147129090267],[1860.4926267132653,156.93566994062473],[1860.4544646416377,157.4413173896877],[1860.4258447989073,157.94693461125877],[1860.4256838483566,157.94975099125122],[1860.397120441512,158.4448500432227],[1860.379039083327,158.91496535603767],[1860.3695003363075,159.41097059482954],[1860.36,159.89548774651809],[1860.36,160.85347214963065],[1860.368939526406,161.29150894352617],[1860.3879224926766,161.76608310029303],[1860.389458728005,161.8169498218775],[1860.398939526406,162.28150894352618],[1860.4167564897477,162.72693302707523],[1860.4449367040554,163.1778164559967],[1860.4451406872695,163.18111383547225],[1860.4750397431187,163.66946508100685],[1860.5332562260082,164.60092880723928],[1860.570828902704,165.05180092758889],[1860.6106348187354,165.51952044095887],[1860.6110189714366,165.52408175238048],[1860.650828902704,166.00180092758887],[1860.6883105953796,166.44221081652768],[1860.7354111742657,166.88495625805584],[1860.7406348187355,166.93952044095886],[1860.7783105953793,167.38221081652387],[1860.8250967671074,167.822000830768],[1860.8747756039807,168.27904613000237],[1860.8754111742658,168.2849562580571],[1860.9254111742657,168.7549562580571],[1860.9302255293087,168.80476299745035],[1860.9678005056437,169.2368752253022],[1861.0147756039808,169.66904613000233],[1861.0154111742659,169.67495625805708],[1861.0650967671074,170.14200083076798],[1861.1147756039807,170.59904613000236],[1861.1202255293088,170.65476299745163],[1861.157800505643,171.08687522529786],[1861.2047756039806,171.51904613000238],[1861.2102255293087,171.57476299745034],[1861.2502255293089,172.03476299745031],[1861.2506348187355,172.03952044095885],[1861.2904323583334,172.50714153123462],[1861.3702255293088,173.42476299745164],[1861.374488275511,173.48079424290162],[1861.404488275511,173.94079424290163],[1861.4047196154454,173.9443795990143],[1861.434605184086,174.41258684104864],[1861.464488275511,174.87079424290033],[1861.4944882755112,175.33079424290034],[1861.4976491857763,175.3894617367756],[1861.5176491857762,175.8594617367756],[1861.5194116981484,175.91469336812455],[1861.5288239283354,176.35706818691656],[1861.5476491857762,176.79946173677558],[1861.55,176.91],[1861.55,177.35234355515078],[1861.5594116981483,177.79469336812454],[1861.5594116981483,177.90530663187545],[1861.55,178.3476564448492],[1861.55,178.8],[1861.54774599004,178.90823941625158],[1861.5077459900401,179.86823941625155],[1861.4877459900401,180.34823941625157],[1861.4810189714367,180.45591824762076],[1861.4433934196313,180.9074248692826],[1861.4151406872695,181.36888616452657],[1861.4065687705813,181.4739355888346],[1861.3565687705814,181.96393558883457],[1861.3065687705814,182.45393558883458],[1861.2948885413534,182.55048439578914],[1861.2284334817089,183.02516339325055],[1861.1714797800657,183.4997775736088],[1861.1573456429835,183.600775302877],[1861.0867996941056,184.04168748336417],[1861.1420938011584,183.924669721927],[1861.5566110440257,183.03641848721162],[1861.5676329110854,183.0129474195235],[1861.9920938011592,182.11466972192588],[1862.406611044025,181.2264184872126],[1862.4275593944083,181.18205615510576],[1862.852573781986,180.29249115785015],[1863.2720938011548,179.404669721935],[1863.686611044025,178.51641848721258],[1863.7075593944082,178.47205615510583],[1864.1325737819811,177.58249115786043],[1864.5576329110854,176.68294741952352],[1864.567559394408,176.66205615510685],[1864.9869844588738,175.7841897411079],[1865.3966110440256,174.90641848721162],[1865.4076329110853,174.8829474195235],[1865.8376329110854,173.9729474195235],[1865.8475593944083,173.95205615510582],[1866.277559394408,173.05205615510684],[1866.7075593944082,172.15205615510575],[1867.132573781986,171.26249115785015],[1867.5576329110854,170.36294741952355],[1867.567559394408,170.34205615510677],[1867.9975593944082,169.44205615510583],[1868.4169844588757,168.56418974110434],[1868.8266110440256,167.68641848721163],[1868.8376329110854,167.6629474195235],[1869.2676329110855,166.7529474195235],[1869.277559394408,166.73205615510685],[1869.7075593944082,165.83205615510582],[1870.1325737819811,164.94249115786042],[1870.5520938011591,164.05466972192588],[1870.966611044025,163.1664184872126],[1870.9875593944082,163.12205615510575],[1871.4175593944083,162.22205615510583],[1871.8425737819812,161.33249115786043],[1872.2620938011592,160.4446697219259],[1872.676611044025,159.55641848721262],[1872.6975593944082,159.51205615510582],[1873.1225737819811,158.62249115786042],[1873.5476329110854,157.7229474195235],[1873.557559394408,157.70205615510685],[1873.9720730583879,156.83446941654393],[1874.3770193236976,155.95708584170623],[1874.4075593944083,155.89205615510582],[1874.8269844588758,155.01418974110433],[1875.0311483800515,154.57669562429945]]],[[[1875.6357514065323,178.5172933312976],[1875.9015223689153,178.2515223689147],[1875.9261966237975,178.22717491092786],[1876.3061966237974,177.85717491092785],[1876.3834346713793,177.78497006239365],[1876.7734346713794,177.43497006239366],[1876.801448478876,177.41019090223955],[1877.191448478876,177.07019090223955],[1877.2205501721876,177.0451956580406],[1877.6105501721875,176.71519565804059],[1877.6657928763586,176.6697410954479],[1878.0657928763587,176.3497410954479],[1878.1219184853333,176.3060857386671],[1878.5319184853336,175.9960857386667],[1878.9419184853336,175.6860857386667],[1879.0085917263705,175.63731933728198],[1879.4185917263706,175.347319337282],[1879.477779489814,175.30666923472185],[1879.8977794898144,175.02666923472148],[1880.3177794898145,174.74666923472148],[1880.354030262585,174.72293596402088],[1880.774030262585,174.45293596402087],[1880.797402855407,174.4380860289822],[1881.2274028554068,174.16808602898223],[1881.2647097188362,174.14509684269035],[1881.6947097188363,173.88509684269036],[1881.7331868108263,173.86228131462101],[1882.1631868108263,173.61228131462101],[1882.2249844602306,173.57747151042258],[1882.6338482131541,173.35445491791893],[1883.0331868108258,173.12228131462132],[1883.1355390557064,173.0658138456992],[1883.5551660121093,172.84646339121588],[1883.9749844602306,172.6174715104225],[1884.0155390557065,172.5958138456992],[1884.4555390557066,172.3658138456992],[1884.4972446517,172.3444893034004],[1884.9269549828118,172.12963413784442],[1885.3667112445485,171.9048698262901],[1885.3872446517003,171.89448930340015],[1886.2672446517004,171.45448930340015],[1886.2880536567873,171.44420066161004],[1886.7276261889892,171.2292985347558],[1887.1572446516998,171.0144893034004],[1887.200103075841,170.99354930176239],[1887.6185778168046,170.7938227208479],[1888.4772446517,170.3644893034004],[1888.9172446517002,170.14448930340015],[1889.7652482691863,169.72048749465725],[1890.1637041491238,169.50735993096973],[1890.1855390557062,169.49581384569947],[1890.6145941804855,169.27153503047376],[1891.0224130479214,169.05339935719417],[1891.4219945648672,168.83458090743824],[1891.811243338742,168.6173257778335],[1892.6082432740943,168.14292105440967],[1892.986899539886,167.91203308746339],[1893.3587032071707,167.67625515211216],[1893.737650713669,167.42670435515006],[1894.076188843925,167.1981911172271],[1894.4185728075045,166.94359791353983],[1894.4438843142013,166.92501284717483],[1894.8180328019666,166.65375519354495],[1895.139136550887,166.40870233252673],[1895.470757863395,166.13816915653348],[1895.8221528525548,165.84225758671454],[1896.1361566681576,165.57068671916642],[1896.7744660743579,164.9678389466436],[1897.06030663197,164.6738315159571],[1897.3638757211618,164.3434769188954],[1897.6445470458098,164.02978543840652],[1898.2205224005904,163.3098162449305],[1898.4803811437005,162.9687516445986],[1898.7418089087005,162.58532425593222],[1898.9970240849543,162.2110086640933],[1899.2363359858373,161.80930654475418],[1899.488286502774,161.3863896056103],[1899.6896926748316,161.0134152129111],[1899.263401596825,160.8991516249918],[1898.3175856414236,160.652845386606],[1897.3512887147067,160.40379978693676],[1896.395552970623,160.1574761415543],[1895.4398521836295,159.92101409116415],[1895.4038849810015,159.9118816729544],[1894.4618407125263,159.66655764470565],[1893.5098521836294,159.43101409116414],[1893.482915238976,159.42421851509445],[1892.7829152389759,159.24421851509447],[1892.7800314286658,159.24332399117662],[1892.7770750372972,159.24271057042398],[1892.5234405210147,159.17695347360998],[1891.5698521836296,158.94101409116416],[1891.5338849810014,158.9318816729544],[1890.5775856414236,158.682845386606],[1889.6112887147067,158.43379978693676],[1888.644920877495,158.18473591136666],[1887.668555339289,157.9356630699876],[1887.64634037019,157.92990659327847],[1886.69634037019,157.67990659327847],[1886.6752969537858,157.67428817063663],[1885.719116104919,157.41532252406856],[1885.643981704029,157.39518340630423],[1885.4374262180152,157.82750884214718],[1885.017906198843,158.71533027806987],[1884.6033889559744,159.60358151278837],[1884.5824406055917,159.64794384489417],[1884.1679269416109,160.51553058345868],[1883.7629806763023,161.39291415829376],[1883.732440605592,161.45794384489315],[1883.3074262180223,162.34750884213258],[1882.8823670889146,163.2470525804765],[1882.8724406055917,163.26794384489418],[1882.4530155411242,164.145810258896],[1882.043388955975,165.0235815127874],[1882.0323670889147,165.0470525804765],[1881.6023670889147,165.9570525804765],[1881.5924406055917,165.97794384489418],[1881.1624406055917,166.87794384489425],[1880.743015541123,167.7558102588985],[1880.333388955975,168.63358151278737],[1880.3223670889147,168.6570525804765],[1879.8923670889146,169.56705258047648],[1879.8824406055917,169.58794384489417],[1879.452440605592,170.48794384489315],[1879.0274262180224,171.37750884213258],[1878.6079061988416,172.265330278073],[1878.1933889559743,173.15358151278838],[1878.1724406055916,173.19794384489418],[1877.742440605592,174.09794384489322],[1877.3174262180173,174.98750884214286],[1876.8923670889146,175.88705258047645],[1876.8824406055917,175.90794384489425],[1876.452440605592,176.80794384489315],[1876.0224406055918,177.70794384489417],[1875.6357514065323,178.5172933312976]]]]},"properties":{"kind":"interchange_infield","interchange":"IC_TV_SR60_US76","margin_m":4.0,"area_m2":7335}}]}
