{"type":"FeatureCollection","name":"road_nodes","crs_note":"coordinates are source-image pixels of assets/maps/source/base_map.webp (x right, y down); see docs/COORDINATES.md","features":[{"type":"Feature","properties":{"id":"LC_JCT_0001","kind":"end","degree":1,"road_types":["residential"]},"geometry":{"type":"Point","coordinates":[38.5,0.5]}},{"type":"Feature","properties":{"id":"LC_JCT_0002","kind":"T","degree":3,"road_types":["residential"]},"geometry":{"type":"Point","coordinates":[40.5,21.5]}},{"type":"Feature","properties":{"id":"LC_JCT_0003","kind":"end","degree":1,"road_types":["freeway"]},"geometry":{"type":"Point","coordinates":[47.0,0.5]}},{"type":"Feature","properties":{"id":"LC_JCT_0004","kind":"end","degree":1,"road_types":["residential"]},"geometry":{"type":"Point","coordinates":[122.5,23.5]}},{"type":"Feature","properties":{"id":"RU_JCT_0001","kind":"end","degree":1,"road_types":["residential"]},"geometry":{"type":"Point","coordinates":[340.5,14.5]}},{"type":"Feature","properties":{"id":"TV_JCT_0001","kind":"end","degree":1,"road_types":["residential"]},"geometry":{"type":"Point","coordinates":[1396.5,0.5]}},{"type":"Feature","properties":{"id":"TV_JCT_0002","kind":"end","degree":1,"road_types":["residential"]},"geometry":{"type":"Point","coordinates":[1515.5,0.5]}},{"type":"Feature","properties":{"id":"TV_JCT_0003","kind":"T","degree":3,"road_types":["residential"]},"geometry":{"type":"Point","coordinates":[1535.5,15.5]}},{"type":"Feature","properties":{"id":"TV_JCT_0004","kind":"T","degree":3,"road_types":["residential"]},"geometry":{"type":"Point","coordinates":[1560.5,23.5]}},{"type":"Feature","properties":{"id":"TV_JCT_0005","kind":"T","degree":3,"road_types":["residential"]},"geometry":{"type":"Point","coordinates":[1563.41,19.24]}},{"type":"Feature","properties":{"id":"TV_JCT_0006","kind":"angled","degree":3,"road_types":["residential"]},"geometry":{"type":"Point","coordinates":[1563.5,24.5]}},{"type":"Feature","properties":{"id":"TV_JCT_0007","kind":"T","degree":3,"road_types":["residential"]},"geometry":{"type":"Point","coordinates":[1568.5,22.5]}},{"type":"Feature","properties":{"id":"TV_JCT_0008","kind":"end","degree":1,"road_types":["residential"]},"geometry":{"type":"Point","coordinates":[1607.5,17.5]}},{"type":"Feature","properties":{"id":"TV_JCT_0009","kind":"end","degree":1,"road_types":["highway"]},"geometry":{"type":"Point","coordinates":[1756.0,0.5]}},{"type":"Feature","properties":{"id":"TV_JCT_0010","kind":"end","degree":1,"road_types":["freeway"]},"geometry":{"type":"Point","coordinates":[1999.5,20.0]}},{"type":"Feature","properties":{"id":"LC_JCT_0005","kind":"end","degree":1,"road_types":["freeway"]},"geometry":{"type":"Point","coordinates":[0.5,55.0]}},{"type":"Feature","properties":{"id":"LC_JCT_0006","kind":"end","degree":1,"road_types":["residential"]},"geometry":{"type":"Point","coordinates":[27.5,56.5]}},{"type":"Feature","properties":{"id":"LC_JCT_0007","kind":"T","degree":3,"road_types":["residential"]},"geometry":{"type":"Point","coordinates":[32.02,49.19]}},{"type":"Feature","properties":{"id":"LC_JCT_0008","kind":"angled","degree":3,"road_types":["residential"]},"geometry":{"type":"Point","coordinates":[33.5,37.5]}},{"type":"Feature","properties":{"id":"LC_JCT_0009","kind":"end","degree":1,"road_types":["residential"]},"geometry":{"type":"Point","coordinates":[37.5,55.5]}},{"type":"Feature","properties":{"id":"LC_JCT_0010","kind":"end","degree":1,"road_types":["residential"]},"geometry":{"type":"Point","coordinates":[77.32,34.68]}},{"type":"Feature","properties":{"id":"LC_JCT_0011","kind":"end","degree":1,"road_types":["residential"]},"geometry":{"type":"Point","coordinates":[85.5,59.03]}},{"type":"Feature","properties":{"id":"LC_JCT_0012","kind":"end","degree":1,"road_types":["residential"]},"geometry":{"type":"Point","coordinates":[85.5,74.98]}},{"type":"Feature","properties":{"id":"LC_JCT_0013","kind":"end","degree":1,"road_types":["residential"]},"geometry":{"type":"Point","coordinates":[89.22,43.78]}},{"type":"Feature","properties":{"id":"LC_JCT_0014","kind":"angled","degree":3,"road_types":["residential"]},"geometry":{"type":"Point","coordinates":[92.5,35.5]}},{"type":"Feature","properties":{"id":"LC_JCT_0015","kind":"T","degree":3,"road_types":["residential"]},"geometry":{"type":"Point","coordinates":[106.5,25.5]}},{"type":"Feature","properties":{"id":"LC_JCT_0016","kind":"end","degree":1,"road_types":["residential"]},"geometry":{"type":"Point","coordinates":[111.5,65.5]}},{"type":"Feature","properties":{"id":"LC_JCT_0017","kind":"end","degree":1,"road_types":["residential"]},"geometry":{"type":"Point","coordinates":[113.5,29.5]}},{"type":"Feature","properties":{"id":"LC_JCT_0018","kind":"T","degree":3,"road_types":["residential"]},"geometry":{"type":"Point","coordinates":[124.0,68.1]}},{"type":"Feature","properties":{"id":"LC_JCT_0019","kind":"T","degree":3,"road_types":["residential"]},"geometry":{"type":"Point","coordinates":[131.5,67.5]}},{"type":"Feature","properties":{"id":"LC_JCT_0020","kind":"end","degree":1,"road_types":["residential"]},"geometry":{"type":"Point","coordinates":[147.5,51.5]}},{"type":"Feature","properties":{"id":"LC_JCT_0021","kind":"end","degree":1,"road_types":["residential"]},"geometry":{"type":"Point","coordinates":[158.5,45.5]}},{"type":"Feature","properties":{"id":"LC_JCT_0022","kind":"T","degree":3,"road_types":["residential"]},"geometry":{"type":"Point","coordinates":[162.5,74.5]}},{"type":"Feature","properties":{"id":"LC_JCT_0023","kind":"angled","degree":4,"road_types":["residential"]},"geometry":{"type":"Point","coordinates":[166.5,61.5]}},{"type":"Feature","properties":{"id":"LC_JCT_0024","kind":"T","degree":3,"road_types":["residential"]},"geometry":{"type":"Point","coordinates":[167.5,68.5]}},{"type":"Feature","properties":{"id":"LC_JCT_0025","kind":"T","degree":3,"road_types":["residential"]},"geometry":{"type":"Point","coordinates":[167.5,70.5]}},{"type":"Feature","properties":{"id":"LC_JCT_0026","kind":"fork","degree":3,"road_types":["residential"]},"geometry":{"type":"Point","coordinates":[168.5,61.5]}},{"type":"Feature","properties":{"id":"LC_JCT_0027","kind":"T","degree":3,"road_types":["residential"]},"geometry":{"type":"Point","coordinates":[174.5,68.5]}},{"type":"Feature","properties":{"id":"LC_JCT_0028","kind":"angled","degree":3,"road_types":["residential"]},"geometry":{"type":"Point","coordinates":[185.5,51.5]}},{"type":"Feature","properties":{"id":"LC_JCT_0029","kind":"T","degree":3,"road_types":["residential"]},"geometry":{"type":"Point","coordinates":[185.5,65.5]}},{"type":"Feature","properties":{"id":"LC_JCT_0030","kind":"angled","degree":3,"road_types":["residential"]},"geometry":{"type":"Point","coordinates":[186.5,64.5]}},{"type":"Feature","properties":{"id":"LC_JCT_0031","kind":"end","degree":1,"road_types":["residential"]},"geometry":{"type":"Point","coordinates":[198.5,73.5]}},{"type":"Feature","properties":{"id":"LC_JCT_0032","kind":"end","degree":1,"road_types":["residential"]},"geometry":{"type":"Point","coordinates":[322.5,71.5]}},{"type":"Feature","properties":{"id":"LC_JCT_0033","kind":"angled","degree":3,"road_types":["residential"]},"geometry":{"type":"Point","coordinates":[331.5,68.5]}},{"type":"Feature","properties":{"id":"LC_JCT_0034","kind":"T","degree":3,"road_types":["residential"]},"geometry":{"type":"Point","coordinates":[338.5,73.5]}},{"type":"Feature","properties":{"id":"RU_JCT_0002","kind":"end","degree":1,"road_types":["rural"]},"geometry":{"type":"Point","coordinates":[354.5,59.5]}},{"type":"Feature","properties":{"id":"RU_JCT_0003","kind":"end","degree":1,"road_types":["rural"]},"geometry":{"type":"Point","coordinates":[358.5,50.5]}},{"type":"Feature","properties":{"id":"RU_JCT_0004","kind":"T","degree":3,"road_types":["residential","rural"]},"geometry":{"type":"Point","coordinates":[366.5,58.5]}},{"type":"Feature","properties":{"id":"RU_JCT_0005","kind":"angled","degree":3,"road_types":["residential","rural"]},"geometry":{"type":"Point","coordinates":[373.5,68.5]}},{"type":"Feature","properties":{"id":"RU_JCT_0006","kind":"end","degree":1,"road_types":["rural"]},"geometry":{"type":"Point","coordinates":[377.5,42.5]}},{"type":"Feature","properties":{"id":"RU_JCT_0007","kind":"T","degree":3,"road_types":["rural"]},"geometry":{"type":"Point","coordinates":[383.5,67.5]}},{"type":"Feature","properties":{"id":"RU_JCT_0008","kind":"angled","degree":3,"road_types":["rural"]},"geometry":{"type":"Point","coordinates":[392.5,63.5]}},{"type":"Feature","properties":{"id":"RU_JCT_0009","kind":"angled","degree":3,"road_types":["rural"]},"geometry":{"type":"Point","coordinates":[392.5,66.5]}},{"type":"Feature","properties":{"id":"RU_JCT_0010","kind":"end","degree":1,"road_types":["rural"]},"geometry":{"type":"Point","coordinates":[400.5,58.5]}},{"type":"Feature","properties":{"id":"RU_JCT_0011","kind":"end","degree":1,"road_types":["rural"]},"geometry":{"type":"Point","coordinates":[407.5,74.5]}},{"type":"Feature","properties":{"id":"RU_JCT_0012","kind":"end","degree":1,"road_types":["rural"]},"geometry":{"type":"Point","coordinates":[562.5,59.5]}},{"type":"Feature","properties":{"id":"RU_JCT_0013","kind":"T","degree":3,"road_types":["rural"]},"geometry":{"type":"Point","coordinates":[569.5,71.5]}},{"type":"Feature","properties":{"id":"RU_JCT_0014","kind":"end","degree":1,"road_types":["rural"]},"geometry":{"type":"Point","coordinates":[703.5,58.5]}},{"type":"Feature","properties":{"id":"RU_JCT_0015","kind":"T","degree":3,"road_types":["rural"]},"geometry":{"type":"Point","coordinates":[978.5,74.5]}},{"type":"Feature","properties":{"id":"RU_JCT_0016","kind":"end","degree":1,"road_types":["rural"]},"geometry":{"type":"Point","coordinates":[989.5,67.5]}},{"type":"Feature","properties":{"id":"RU_JCT_0017","kind":"end","degree":1,"road_types":["rural"]},"geometry":{"type":"Point","coordinates":[1001.5,28.5]}},{"type":"Feature","properties":{"id":"RU_JCT_0018","kind":"T","degree":3,"road_types":["rural"]},"geometry":{"type":"Point","coordinates":[1005.5,41.5]}},{"type":"Feature","properties":{"id":"RU_JCT_0019","kind":"angled","degree":3,"road_types":["rural"]},"geometry":{"type":"Point","coordinates":[1006.5,36.5]}},{"type":"Feature","properties":{"id":"RU_JCT_0020","kind":"T","degree":3,"road_types":["rural"]},"geometry":{"type":"Point","coordinates":[1011.5,39.5]}},{"type":"Feature","properties":{"id":"RU_JCT_0021","kind":"end","degree":1,"road_types":["rural"]},"geometry":{"type":"Point","coordinates":[1020.5,34.5]}},{"type":"Feature","properties":{"id":"RU_JCT_0022","kind":"type_change","degree":2,"road_types":["rural"]},"geometry":{"type":"Point","coordinates":[1041.5,62.5]}},{"type":"Feature","properties":{"id":"RU_JCT_0023","kind":"end","degree":1,"road_types":["rural"]},"geometry":{"type":"Point","coordinates":[1164.5,58.5]}},{"type":"Feature","properties":{"id":"RU_JCT_0024","kind":"fork","degree":3,"road_types":["rural"]},"geometry":{"type":"Point","coordinates":[1194.5,68.5]}},{"type":"Feature","properties":{"id":"RU_JCT_0025","kind":"fork","degree":3,"road_types":["rural"]},"geometry":{"type":"Point","coordinates":[1196.5,73.5]}},{"type":"Feature","properties":{"id":"RU_JCT_0026","kind":"end","degree":1,"road_types":["rural"]},"geometry":{"type":"Point","coordinates":[1235.5,68.5]}},{"type":"Feature","properties":{"id":"RU_JCT_0027","kind":"end","degree":1,"road_types":["rural"]},"geometry":{"type":"Point","coordinates":[1272.5,65.5]}},{"type":"Feature","properties":{"id":"RU_JCT_0028","kind":"end","degree":1,"road_types":["rural"]},"geometry":{"type":"Point","coordinates":[1286.5,53.5]}},{"type":"Feature","properties":{"id":"RU_JCT_0029","kind":"T","degree":3,"road_types":["rural"]},"geometry":{"type":"Point","coordinates":[1292.5,71.5]}},{"type":"Feature","properties":{"id":"RU_JCT_0030","kind":"angled","degree":3,"road_types":["rural"]},"geometry":{"type":"Point","coordinates":[1293.5,58.5]}},{"type":"Feature","properties":{"id":"RU_JCT_0031","kind":"end","degree":1,"road_types":["rural"]},"geometry":{"type":"Point","coordinates":[1307.5,50.5]}},{"type":"Feature","properties":{"id":"TV_JCT_0011","kind":"T","degree":3,"road_types":["residential"]},"geometry":{"type":"Point","coordinates":[1356.5,61.5]}},{"type":"Feature","properties":{"id":"TV_JCT_0012","kind":"T","degree":3,"road_types":["residential"]},"geometry":{"type":"Point","coordinates":[1361.5,45.5]}},{"type":"Feature","properties":{"id":"TV_JCT_0013","kind":"T","degree":3,"road_types":["residential"]},"geometry":{"type":"Point","coordinates":[1366.5,36.5]}},{"type":"Feature","properties":{"id":"TV_JCT_0014","kind":"T","degree":3,"road_types":["residential"]},"geometry":{"type":"Point","coordinates":[1391.5,42.5]}},{"type":"Feature","properties":{"id":"TV_JCT_0015","kind":"end","degree":1,"road_types":["residential"]},"geometry":{"type":"Point","coordinates":[1393.5,34.5]}},{"type":"Feature","properties":{"id":"TV_JCT_0016","kind":"end","degree":1,"road_types":["residential"]},"geometry":{"type":"Point","coordinates":[1399.5,40.5]}},{"type":"Feature","properties":{"id":"TV_JCT_0017","kind":"end","degree":1,"road_types":["residential"]},"geometry":{"type":"Point","coordinates":[1510.5,35.5]}},{"type":"Feature","properties":{"id":"TV_JCT_0018","kind":"T","degree":3,"road_types":["residential"]},"geometry":{"type":"Point","coordinates":[1518.5,31.5]}},{"type":"Feature","properties":{"id":"TV_JCT_0019","kind":"T","degree":3,"road_types":["residential"]},"geometry":{"type":"Point","coordinates":[1549.5,32.5]}},{"type":"Feature","properties":{"id":"TV_JCT_0020","kind":"fork","degree":3,"road_types":["residential"]},"geometry":{"type":"Point","coordinates":[1555.5,58.5]}},{"type":"Feature","properties":{"id":"TV_JCT_0021","kind":"angled","degree":3,"road_types":["residential"]},"geometry":{"type":"Point","coordinates":[1557.5,31.5]}},{"type":"Feature","properties":{"id":"TV_JCT_0022","kind":"angled","degree":4,"road_types":["residential"]},"geometry":{"type":"Point","coordinates":[1558.5,65.5]}},{"type":"Feature","properties":{"id":"TV_JCT_0023","kind":"T","degree":3,"road_types":["residential"]},"geometry":{"type":"Point","coordinates":[1567.5,29.5]}},{"type":"Feature","properties":{"id":"TV_JCT_0024","kind":"end","degree":1,"road_types":["residential"]},"geometry":{"type":"Point","coordinates":[1578.5,74.5]}},{"type":"Feature","properties":{"id":"TV_JCT_0025","kind":"end","degree":1,"road_types":["residential"]},"geometry":{"type":"Point","coordinates":[1598.5,29.5]}},{"type":"Feature","properties":{"id":"TV_JCT_0026","kind":"end","degree":1,"road_types":["residential"]},"geometry":{"type":"Point","coordinates":[1604.5,74.5]}},{"type":"Feature","properties":{"id":"TV_JCT_0027","kind":"angled","degree":4,"road_types":["residential"]},"geometry":{"type":"Point","coordinates":[1742.45,35.56]}},{"type":"Feature","properties":{"id":"TV_JCT_0028","kind":"T","degree":3,"road_types":["residential"]},"geometry":{"type":"Point","coordinates":[1743.5,38.5]}},{"type":"Feature","properties":{"id":"TV_JCT_0029","kind":"end","degree":1,"road_types":["residential"]},"geometry":{"type":"Point","coordinates":[1745.5,45.5]}},{"type":"Feature","properties":{"id":"TV_JCT_0030","kind":"angled","degree":4,"road_types":["residential"]},"geometry":{"type":"Point","coordinates":[1745.9,38.09]}},{"type":"Feature","properties":{"id":"TV_JCT_0031","kind":"end","degree":1,"road_types":["residential"]},"geometry":{"type":"Point","coordinates":[1748.5,64.5]}},{"type":"Feature","properties":{"id":"TV_JCT_0032","kind":"T","degree":3,"road_types":["highway","residential"]},"geometry":{"type":"Point","coordinates":[1758.67,66.9]}},{"type":"Feature","properties":{"id":"TV_JCT_0033","kind":"T","degree":3,"road_types":["highway","residential"]},"geometry":{"type":"Point","coordinates":[1760.05,53.99]}},{"type":"Feature","properties":{"id":"TV_JCT_0034","kind":"T","degree":3,"road_types":["highway","residential"]},"geometry":{"type":"Point","coordinates":[1760.88,42.23]}},{"type":"Feature","properties":{"id":"TV_JCT_0035","kind":"angled","degree":3,"road_types":["residential"]},"geometry":{"type":"Point","coordinates":[1772.5,55.5]}},{"type":"Feature","properties":{"id":"TV_JCT_0036","kind":"angled","degree":3,"road_types":["residential"]},"geometry":{"type":"Point","coordinates":[1777.5,43.5]}},{"type":"Feature","properties":{"id":"TV_JCT_0037","kind":"end","degree":1,"road_types":["residential"]},"geometry":{"type":"Point","coordinates":[1791.5,39.5]}},{"type":"Feature","properties":{"id":"LC_JCT_0035","kind":"end","degree":1,"road_types":["residential"]},"geometry":{"type":"Point","coordinates":[84.5,87.79]}},{"type":"Feature","properties":{"id":"LC_JCT_0036","kind":"fork","degree":3,"road_types":["residential"]},"geometry":{"type":"Point","coordinates":[84.5,97.5]}},{"type":"Feature","properties":{"id":"LC_JCT_0037","kind":"fork","degree":3,"road_types":["residential"]},"geometry":{"type":"Point","coordinates":[86.5,110.5]}},{"type":"Feature","properties":{"id":"LC_JCT_0038","kind":"T","degree":3,"road_types":["residential"]},"geometry":{"type":"Point","coordinates":[90.5,117.5]}},{"type":"Feature","properties":{"id":"LC_JCT_0039","kind":"end","degree":1,"road_types":["residential"]},"geometry":{"type":"Point","coordinates":[95.5,96.5]}},{"type":"Feature","properties":{"id":"LC_JCT_0040","kind":"T","degree":3,"road_types":["residential"]},"geometry":{"type":"Point","coordinates":[96.5,103.5]}},{"type":"Feature","properties":{"id":"LC_JCT_0041","kind":"T","degree":3,"road_types":["residential"]},"geometry":{"type":"Point","coordinates":[97.5,115.5]}},{"type":"Feature","properties":{"id":"LC_JCT_0042","kind":"T","degree":3,"road_types":["residential"]},"geometry":{"type":"Point","coordinates":[103.5,103.5]}},{"type":"Feature","properties":{"id":"LC_JCT_0043","kind":"end","degree":1,"road_types":["residential"]},"geometry":{"type":"Point","coordinates":[105.5,94.54]}},{"type":"Feature","properties":{"id":"LC_JCT_0044","kind":"T","degree":3,"road_types":["residential"]},"geometry":{"type":"Point","coordinates":[109.5,118.5]}},{"type":"Feature","properties":{"id":"LC_JCT_0045","kind":"merge","degree":3,"road_types":["freeway"]},"geometry":{"type":"Point","coordinates":[112.0,89.0]}},{"type":"Feature","properties":{"id":"LC_JCT_0046","kind":"T","degree":3,"road_types":["residential"]},"geometry":{"type":"Point","coordinates":[112.5,118.5]}},{"type":"Feature","properties":{"id":"LC_JCT_0047","kind":"T","degree":3,"road_types":["residential"]},"geometry":{"type":"Point","coordinates":[115.5,124.5]}},{"type":"Feature","properties":{"id":"LC_JCT_0048","kind":"T","degree":3,"road_types":["residential"]},"geometry":{"type":"Point","coordinates":[125.5,81.5]}},{"type":"Feature","properties":{"id":"LC_JCT_0049","kind":"T","degree":3,"road_types":["residential"]},"geometry":{"type":"Point","coordinates":[130.5,80.5]}},{"type":"Feature","properties":{"id":"LC_JCT_0050","kind":"fork","degree":3,"road_types":["residential"]},"geometry":{"type":"Point","coordinates":[130.5,85.5]}},{"type":"Feature","properties":{"id":"LC_JCT_0051","kind":"T","degree":3,"road_types":["residential"]},"geometry":{"type":"Point","coordinates":[131.5,78.5]}},{"type":"Feature","properties":{"id":"LC_JCT_0052","kind":"end","degree":1,"road_types":["residential"]},"geometry":{"type":"Point","coordinates":[133.5,110.56]}},{"type":"Feature","properties":{"id":"LC_JCT_0053","kind":"T","degree":3,"road_types":["residential"]},"geometry":{"type":"Point","coordinates":[138.5,83.5]}},{"type":"Feature","properties":{"id":"LC_JCT_0054","kind":"end","degree":1,"road_types":["residential"]},"geometry":{"type":"Point","coordinates":[147.5,119.5]}},{"type":"Feature","properties":{"id":"LC_JCT_0055","kind":"angled","degree":3,"road_types":["residential"]},"geometry":{"type":"Point","coordinates":[149.5,96.5]}},{"type":"Feature","properties":{"id":"LC_JCT_0056","kind":"T","degree":3,"road_types":["residential"]},"geometry":{"type":"Point","coordinates":[155.5,84.5]}},{"type":"Feature","properties":{"id":"LC_JCT_0057","kind":"angled","degree":3,"road_types":["residential"]},"geometry":{"type":"Point","coordinates":[155.5,90.5]}},{"type":"Feature","properties":{"id":"LC_JCT_0058","kind":"T","degree":3,"road_types":["residential"]},"geometry":{"type":"Point","coordinates":[156.5,76.5]}},{"type":"Feature","properties":{"id":"LC_JCT_0059","kind":"angled","degree":3,"road_types":["residential"]},"geometry":{"type":"Point","coordinates":[158.5,78.5]}},{"type":"Feature","properties":{"id":"LC_JCT_0060","kind":"T","degree":3,"road_types":["residential"]},"geometry":{"type":"Point","coordinates":[159.5,98.5]}},{"type":"Feature","properties":{"id":"LC_JCT_0061","kind":"T","degree":3,"road_types":["residential"]},"geometry":{"type":"Point","coordinates":[161.5,90.5]}},{"type":"Feature","properties":{"id":"LC_JCT_0062","kind":"end","degree":1,"road_types":["residential"]},"geometry":{"type":"Point","coordinates":[165.18,119.82]}},{"type":"Feature","properties":{"id":"LC_JCT_0063","kind":"angled","degree":3,"road_types":["residential"]},"geometry":{"type":"Point","coordinates":[173.5,105.5]}},{"type":"Feature","properties":{"id":"LC_JCT_0064","kind":"angled","degree":4,"road_types":["residential"]},"geometry":{"type":"Point","coordinates":[176.5,111.5]}},{"type":"Feature","properties":{"id":"LC_JCT_0065","kind":"T","degree":3,"road_types":["residential"]},"geometry":{"type":"Point","coordinates":[178.5,98.5]}},{"type":"Feature","properties":{"id":"LC_JCT_0066","kind":"angled","degree":3,"road_types":["residential"]},"geometry":{"type":"Point","coordinates":[183.5,112.5]}},{"type":"Feature","properties":{"id":"LC_JCT_0067","kind":"T","degree":3,"road_types":["residential"]},"geometry":{"type":"Point","coordinates":[184.5,113.5]}},{"type":"Feature","properties":{"id":"LC_JCT_0068","kind":"angled","degree":3,"road_types":["residential"]},"geometry":{"type":"Point","coordinates":[190.5,77.5]}},{"type":"Feature","properties":{"id":"LC_JCT_0069","kind":"T","degree":3,"road_types":["residential"]},"geometry":{"type":"Point","coordinates":[191.5,118.5]}},{"type":"Feature","properties":{"id":"LC_JCT_0070","kind":"angled","degree":4,"road_types":["residential"]},"geometry":{"type":"Point","coordinates":[195.5,118.5]}},{"type":"Feature","properties":{"id":"LC_JCT_0071","kind":"end","degree":1,"road_types":["residential"]},"geometry":{"type":"Point","coordinates":[206.5,88.5]}},{"type":"Feature","properties":{"id":"LC_JCT_0072","kind":"T","degree":3,"road_types":["residential"]},"geometry":{"type":"Point","coordinates":[220.5,111.5]}},{"type":"Feature","properties":{"id":"LC_JCT_0073","kind":"T","degree":3,"road_types":["residential"]},"geometry":{"type":"Point","coordinates":[222.5,116.5]}},{"type":"Feature","properties":{"id":"LC_JCT_0074","kind":"T","degree":3,"road_types":["residential"]},"geometry":{"type":"Point","coordinates":[225.5,110.5]}},{"type":"Feature","properties":{"id":"LC_JCT_0075","kind":"angled","degree":3,"road_types":["residential"]},"geometry":{"type":"Point","coordinates":[225.5,114.5]}},{"type":"Feature","properties":{"id":"LC_JCT_0076","kind":"T","degree":3,"road_types":["residential"]},"geometry":{"type":"Point","coordinates":[232.5,114.5]}},{"type":"Feature","properties":{"id":"LC_JCT_0077","kind":"angled","degree":3,"road_types":["residential"]},"geometry":{"type":"Point","coordinates":[232.78,121.51]}},{"type":"Feature","properties":{"id":"LC_JCT_0078","kind":"T","degree":3,"road_types":["residential"]},"geometry":{"type":"Point","coordinates":[233.5,107.5]}},{"type":"Feature","properties":{"id":"LC_JCT_0079","kind":"end","degree":1,"road_types":["residential"]},"geometry":{"type":"Point","coordinates":[249.5,97.5]}},{"type":"Feature","properties":{"id":"LC_JCT_0080","kind":"end","degree":1,"road_types":["residential"]},"geometry":{"type":"Point","coordinates":[283.5,120.5]}},{"type":"Feature","properties":{"id":"LC_JCT_0081","kind":"angled","degree":3,"road_types":["residential"]},"geometry":{"type":"Point","coordinates":[345.5,105.5]}},{"type":"Feature","properties":{"id":"LC_JCT_0082","kind":"angled","degree":3,"road_types":["residential"]},"geometry":{"type":"Point","coordinates":[346.5,78.5]}},{"type":"Feature","properties":{"id":"LC_JCT_0083","kind":"angled","degree":3,"road_types":["residential"]},"geometry":{"type":"Point","coordinates":[349.5,78.5]}},{"type":"Feature","properties":{"id":"LC_JCT_0084","kind":"end","degree":1,"road_types":["residential"]},"geometry":{"type":"Point","coordinates":[352.5,111.5]}},{"type":"Feature","properties":{"id":"LC_JCT_0085","kind":"angled","degree":3,"road_types":["residential"]},"geometry":{"type":"Point","coordinates":[356.5,83.5]}},{"type":"Feature","properties":{"id":"RU_JCT_0032","kind":"angled","degree":3,"road_types":["rural"]},"geometry":{"type":"Point","coordinates":[400.5,75.5]}},{"type":"Feature","properties":{"id":"RU_JCT_0033","kind":"end","degree":1,"road_types":["rural"]},"geometry":{"type":"Point","coordinates":[403.5,83.5]}},{"type":"Feature","properties":{"id":"RU_JCT_0034","kind":"end","degree":1,"road_types":["rural"]},"geometry":{"type":"Point","coordinates":[444.5,114.5]}},{"type":"Feature","properties":{"id":"RU_JCT_0035","kind":"end","degree":1,"road_types":["rural"]},"geometry":{"type":"Point","coordinates":[449.5,104.5]}},{"type":"Feature","properties":{"id":"RU_JCT_0036","kind":"T","degree":3,"road_types":["rural"]},"geometry":{"type":"Point","coordinates":[454.5,110.5]}},{"type":"Feature","properties":{"id":"RU_JCT_0037","kind":"angled","degree":3,"road_types":["rural"]},"geometry":{"type":"Point","coordinates":[500.5,124.5]}},{"type":"Feature","properties":{"id":"RU_JCT_0038","kind":"angled","degree":3,"road_types":["rural"]},"geometry":{"type":"Point","coordinates":[514.5,114.5]}},{"type":"Feature","properties":{"id":"RU_JCT_0039","kind":"T","degree":3,"road_types":["rural"]},"geometry":{"type":"Point","coordinates":[518.5,122.5]}},{"type":"Feature","properties":{"id":"RU_JCT_0040","kind":"T","degree":3,"road_types":["rural"]},"geometry":{"type":"Point","coordinates":[528.5,119.5]}},{"type":"Feature","properties":{"id":"RU_JCT_0041","kind":"end","degree":1,"road_types":["rural"]},"geometry":{"type":"Point","coordinates":[538.5,116.5]}},{"type":"Feature","properties":{"id":"RU_JCT_0042","kind":"end","degree":1,"road_types":["rural"]},"geometry":{"type":"Point","coordinates":[564.5,75.5]}},{"type":"Feature","properties":{"id":"RU_JCT_0043","kind":"T","degree":3,"road_types":["rural"]},"geometry":{"type":"Point","coordinates":[574.5,104.5]}},{"type":"Feature","properties":{"id":"RU_JCT_0044","kind":"T","degree":3,"road_types":["rural"]},"geometry":{"type":"Point","coordinates":[576.5,113.5]}},{"type":"Feature","properties":{"id":"RU_JCT_0045","kind":"angled","degree":3,"road_types":["rural"]},"geometry":{"type":"Point","coordinates":[577.5,83.5]}},{"type":"Feature","properties":{"id":"RU_JCT_0046","kind":"end","degree":1,"road_types":["rural"]},"geometry":{"type":"Point","coordinates":[583.5,118.5]}},{"type":"Feature","properties":{"id":"RU_JCT_0047","kind":"end","degree":1,"road_types":["rural"]},"geometry":{"type":"Point","coordinates":[587.5,83.5]}},{"type":"Feature","properties":{"id":"RU_JCT_0048","kind":"end","degree":1,"road_types":["rural"]},"geometry":{"type":"Point","coordinates":[617.5,110.5]}},{"type":"Feature","properties":{"id":"RU_JCT_0049","kind":"end","degree":1,"road_types":["rural"]},"geometry":{"type":"Point","coordinates":[634.5,118.5]}},{"type":"Feature","properties":{"id":"RU_JCT_0050","kind":"T","degree":3,"road_types":["rural"]},"geometry":{"type":"Point","coordinates":[665.5,94.5]}},{"type":"Feature","properties":{"id":"RU_JCT_0051","kind":"end","degree":1,"road_types":["rural"]},"geometry":{"type":"Point","coordinates":[669.5,85.5]}},{"type":"Feature","properties":{"id":"RU_JCT_0052","kind":"end","degree":1,"road_types":["rural"]},"geometry":{"type":"Point","coordinates":[673.5,100.5]}},{"type":"Feature","properties":{"id":"RU_JCT_0053","kind":"fork","degree":3,"road_types":["rural"]},"geometry":{"type":"Point","coordinates":[686.5,88.5]}},{"type":"Feature","properties":{"id":"RU_JCT_0054","kind":"angled","degree":4,"road_types":["rural"]},"geometry":{"type":"Point","coordinates":[692.18,88.05]}},{"type":"Feature","properties":{"id":"RU_JCT_0055","kind":"fork","degree":3,"road_types":["rural"]},"geometry":{"type":"Point","coordinates":[694.5,85.5]}},{"type":"Feature","properties":{"id":"RU_JCT_0056","kind":"T","degree":3,"road_types":["rural"]},"geometry":{"type":"Point","coordinates":[711.5,84.5]}},{"type":"Feature","properties":{"id":"RU_JCT_0057","kind":"angled","degree":3,"road_types":["rural"]},"geometry":{"type":"Point","coordinates":[718.5,82.5]}},{"type":"Feature","properties":{"id":"RU_JCT_0058","kind":"angled","degree":4,"road_types":["rural"]},"geometry":{"type":"Point","coordinates":[728.57,88.09]}},{"type":"Feature","properties":{"id":"RU_JCT_0059","kind":"fork","degree":3,"road_types":["rural"]},"geometry":{"type":"Point","coordinates":[730.5,89.5]}},{"type":"Feature","properties":{"id":"RU_JCT_0060","kind":"angled","degree":4,"road_types":["rural"]},"geometry":{"type":"Point","coordinates":[736.5,90.5]}},{"type":"Feature","properties":{"id":"RU_JCT_0061","kind":"angled","degree":3,"road_types":["rural"]},"geometry":{"type":"Point","coordinates":[767.5,113.5]}},{"type":"Feature","properties":{"id":"RU_JCT_0062","kind":"angled","degree":3,"road_types":["rural"]},"geometry":{"type":"Point","coordinates":[777.5,116.5]}},{"type":"Feature","properties":{"id":"RU_JCT_0063","kind":"T","degree":3,"road_types":["rural"]},"geometry":{"type":"Point","coordinates":[783.5,124.5]}},{"type":"Feature","properties":{"id":"RU_JCT_0064","kind":"T","degree":3,"road_types":["rural"]},"geometry":{"type":"Point","coordinates":[800.59,109.57]}},{"type":"Feature","properties":{"id":"RU_JCT_0065","kind":"end","degree":1,"road_types":["rural"]},"geometry":{"type":"Point","coordinates":[807.5,106.5]}},{"type":"Feature","properties":{"id":"RU_JCT_0066","kind":"angled","degree":3,"road_types":["rural"]},"geometry":{"type":"Point","coordinates":[985.5,78.5]}},{"type":"Feature","properties":{"id":"RU_JCT_0067","kind":"T","degree":3,"road_types":["rural"]},"geometry":{"type":"Point","coordinates":[990.5,75.5]}},{"type":"Feature","properties":{"id":"RU_JCT_0068","kind":"angled","degree":4,"road_types":["rural"]},"geometry":{"type":"Point","coordinates":[1003.5,101.5]}},{"type":"Feature","properties":{"id":"RU_JCT_0069","kind":"T","degree":3,"road_types":["rural"]},"geometry":{"type":"Point","coordinates":[1003.5,106.5]}},{"type":"Feature","properties":{"id":"RU_JCT_0070","kind":"T","degree":3,"road_types":["rural"]},"geometry":{"type":"Point","coordinates":[1011.5,93.5]}},{"type":"Feature","properties":{"id":"RU_JCT_0071","kind":"angled","degree":3,"road_types":["rural"]},"geometry":{"type":"Point","coordinates":[1012.5,106.5]}},{"type":"Feature","properties":{"id":"RU_JCT_0072","kind":"angled","degree":3,"road_types":["rural"]},"geometry":{"type":"Point","coordinates":[1016.5,111.5]}},{"type":"Feature","properties":{"id":"RU_JCT_0073","kind":"angled","degree":4,"road_types":["rural"]},"geometry":{"type":"Point","coordinates":[1023.5,88.5]}},{"type":"Feature","properties":{"id":"RU_JCT_0074","kind":"end","degree":1,"road_types":["rural"]},"geometry":{"type":"Point","coordinates":[1034.5,87.5]}},{"type":"Feature","properties":{"id":"RU_JCT_0075","kind":"T","degree":3,"road_types":["rural"]},"geometry":{"type":"Point","coordinates":[1049.5,122.5]}},{"type":"Feature","properties":{"id":"RU_JCT_0076","kind":"type_change","degree":2,"road_types":["rural"]},"geometry":{"type":"Point","coordinates":[1204.5,111.5]}},{"type":"Feature","properties":{"id":"RU_JCT_0077","kind":"angled","degree":3,"road_types":["rural"]},"geometry":{"type":"Point","coordinates":[1228.5,76.5]}},{"type":"Feature","properties":{"id":"RU_JCT_0078","kind":"end","degree":1,"road_types":["rural"]},"geometry":{"type":"Point","coordinates":[1231.5,97.5]}},{"type":"Feature","properties":{"id":"RU_JCT_0079","kind":"end","degree":1,"road_types":["rural"]},"geometry":{"type":"Point","coordinates":[1284.5,85.5]}},{"type":"Feature","properties":{"id":"RU_JCT_0080","kind":"angled","degree":3,"road_types":["rural"]},"geometry":{"type":"Point","coordinates":[1286.5,78.5]}},{"type":"Feature","properties":{"id":"TV_JCT_0038","kind":"end","degree":1,"road_types":["residential"]},"geometry":{"type":"Point","coordinates":[1333.5,109.5]}},{"type":"Feature","properties":{"id":"TV_JCT_0039","kind":"angled","degree":3,"road_types":["residential"]},"geometry":{"type":"Point","coordinates":[1344.5,118.5]}},{"type":"Feature","properties":{"id":"TV_JCT_0040","kind":"T","degree":3,"road_types":["residential"]},"geometry":{"type":"Point","coordinates":[1350.5,115.5]}},{"type":"Feature","properties":{"id":"TV_JCT_0041","kind":"end","degree":1,"road_types":["residential"]},"geometry":{"type":"Point","coordinates":[1352.5,108.5]}},{"type":"Feature","properties":{"id":"TV_JCT_0042","kind":"T","degree":3,"road_types":["residential","rural"]},"geometry":{"type":"Point","coordinates":[1357.17,76.35]}},{"type":"Feature","properties":{"id":"TV_JCT_0043","kind":"T","degree":3,"road_types":["residential"]},"geometry":{"type":"Point","coordinates":[1357.5,83.5]}},{"type":"Feature","properties":{"id":"TV_JCT_0044","kind":"angled","degree":3,"road_types":["residential"]},"geometry":{"type":"Point","coordinates":[1361.5,113.5]}},{"type":"Feature","properties":{"id":"TV_JCT_0045","kind":"angled","degree":3,"road_types":["residential"]},"geometry":{"type":"Point","coordinates":[1364.5,115.5]}},{"type":"Feature","properties":{"id":"TV_JCT_0046","kind":"end","degree":1,"road_types":["residential"]},"geometry":{"type":"Point","coordinates":[1371.5,115.5]}},{"type":"Feature","properties":{"id":"TV_JCT_0047","kind":"end","degree":1,"road_types":["residential"]},"geometry":{"type":"Point","coordinates":[1379.5,78.5]}},{"type":"Feature","properties":{"id":"TV_JCT_0048","kind":"end","degree":1,"road_types":["residential"]},"geometry":{"type":"Point","coordinates":[1451.5,117.5]}},{"type":"Feature","properties":{"id":"TV_JCT_0049","kind":"end","degree":1,"road_types":["residential"]},"geometry":{"type":"Point","coordinates":[1498.5,97.5]}},{"type":"Feature","properties":{"id":"TV_JCT_0050","kind":"angled","degree":3,"road_types":["residential"]},"geometry":{"type":"Point","coordinates":[1506.5,105.5]}},{"type":"Feature","properties":{"id":"TV_JCT_0051","kind":"angled","degree":3,"road_types":["residential"]},"geometry":{"type":"Point","coordinates":[1506.5,107.5]}},{"type":"Feature","properties":{"id":"TV_JCT_0052","kind":"angled","degree":3,"road_types":["residential"]},"geometry":{"type":"Point","coordinates":[1515.5,107.5]}},{"type":"Feature","properties":{"id":"TV_JCT_0053","kind":"fork","degree":3,"road_types":["residential"]},"geometry":{"type":"Point","coordinates":[1527.5,99.5]}},{"type":"Feature","properties":{"id":"TV_JCT_0054","kind":"end","degree":1,"road_types":["residential"]},"geometry":{"type":"Point","coordinates":[1528.5,86.5]}},{"type":"Feature","properties":{"id":"TV_JCT_0055","kind":"end","degree":1,"road_types":["residential"]},"geometry":{"type":"Point","coordinates":[1531.5,113.5]}},{"type":"Feature","properties":{"id":"TV_JCT_0056","kind":"angled","degree":4,"road_types":["residential"]},"geometry":{"type":"Point","coordinates":[1535.5,88.5]}},{"type":"Feature","properties":{"id":"TV_JCT_0057","kind":"end","degree":1,"road_types":["residential"]},"geometry":{"type":"Point","coordinates":[1547.5,99.5]}},{"type":"Feature","properties":{"id":"TV_JCT_0058","kind":"angled","degree":3,"road_types":["residential"]},"geometry":{"type":"Point","coordinates":[1548.72,81.12]}},{"type":"Feature","properties":{"id":"TV_JCT_0059","kind":"T","degree":3,"road_types":["residential"]},"geometry":{"type":"Point","coordinates":[1565.5,80.5]}},{"type":"Feature","properties":{"id":"TV_JCT_0060","kind":"T","degree":3,"road_types":["residential"]},"geometry":{"type":"Point","coordinates":[1574.5,79.5]}},{"type":"Feature","properties":{"id":"TV_JCT_0061","kind":"fork","degree":3,"road_types":["residential"]},"geometry":{"type":"Point","coordinates":[1576.5,111.5]}},{"type":"Feature","properties":{"id":"TV_JCT_0062","kind":"T","degree":3,"road_types":["residential"]},"geometry":{"type":"Point","coordinates":[1577.5,80.5]}},{"type":"Feature","properties":{"id":"TV_JCT_0063","kind":"T","degree":3,"road_types":["residential"]},"geometry":{"type":"Point","coordinates":[1584.5,86.5]}},{"type":"Feature","properties":{"id":"TV_JCT_0064","kind":"T","degree":3,"road_types":["residential"]},"geometry":{"type":"Point","coordinates":[1589.57,84.18]}},{"type":"Feature","properties":{"id":"TV_JCT_0065","kind":"T","degree":3,"road_types":["residential"]},"geometry":{"type":"Point","coordinates":[1592.5,106.5]}},{"type":"Feature","properties":{"id":"TV_JCT_0066","kind":"angled","degree":3,"road_types":["residential"]},"geometry":{"type":"Point","coordinates":[1597.5,106.5]}},{"type":"Feature","properties":{"id":"TV_JCT_0067","kind":"T","degree":3,"road_types":["residential"]},"geometry":{"type":"Point","coordinates":[1597.5,109.5]}},{"type":"Feature","properties":{"id":"TV_JCT_0068","kind":"T","degree":3,"road_types":["residential"]},"geometry":{"type":"Point","coordinates":[1605.5,92.5]}},{"type":"Feature","properties":{"id":"TV_JCT_0069","kind":"T","degree":3,"road_types":["residential"]},"geometry":{"type":"Point","coordinates":[1605.5,95.5]}},{"type":"Feature","properties":{"id":"TV_JCT_0070","kind":"angled","degree":3,"road_types":["residential"]},"geometry":{"type":"Point","coordinates":[1605.5,102.5]}},{"type":"Feature","properties":{"id":"TV_JCT_0071","kind":"T","degree":3,"road_types":["residential"]},"geometry":{"type":"Point","coordinates":[1607.5,103.5]}},{"type":"Feature","properties":{"id":"TV_JCT_0072","kind":"end","degree":1,"road_types":["residential"]},"geometry":{"type":"Point","coordinates":[1609.5,86.5]}},{"type":"Feature","properties":{"id":"TV_JCT_0073","kind":"angled","degree":3,"road_types":["residential"]},"geometry":{"type":"Point","coordinates":[1609.5,103.5]}},{"type":"Feature","properties":{"id":"TV_JCT_0074","kind":"T","degree":3,"road_types":["residential"]},"geometry":{"type":"Point","coordinates":[1613.5,96.5]}},{"type":"Feature","properties":{"id":"TV_JCT_0075","kind":"angled","degree":3,"road_types":["residential"]},"geometry":{"type":"Point","coordinates":[1615.5,96.5]}},{"type":"Feature","properties":{"id":"TV_JCT_0076","kind":"end","degree":1,"road_types":["residential"]},"geometry":{"type":"Point","coordinates":[1621.5,80.5]}},{"type":"Feature","properties":{"id":"TV_JCT_0077","kind":"end","degree":1,"road_types":["residential"]},"geometry":{"type":"Point","coordinates":[1627.5,100.5]}},{"type":"Feature","properties":{"id":"TV_JCT_0078","kind":"end","degree":1,"road_types":["residential"]},"geometry":{"type":"Point","coordinates":[1655.5,80.5]}},{"type":"Feature","properties":{"id":"TV_JCT_0079","kind":"T","degree":3,"road_types":["residential"]},"geometry":{"type":"Point","coordinates":[1666.5,124.5]}},{"type":"Feature","properties":{"id":"TV_JCT_0080","kind":"end","degree":1,"road_types":["residential"]},"geometry":{"type":"Point","coordinates":[1733.5,112.5]}},{"type":"Feature","properties":{"id":"TV_JCT_0081","kind":"T","degree":3,"road_types":["residential"]},"geometry":{"type":"Point","coordinates":[1747.5,106.5]}},{"type":"Feature","properties":{"id":"TV_JCT_0082","kind":"T","degree":3,"road_types":["highway","residential"]},"geometry":{"type":"Point","coordinates":[1758.71,76.99]}},{"type":"Feature","properties":{"id":"TV_JCT_0083","kind":"T","degree":3,"road_types":["highway","residential"]},"geometry":{"type":"Point","coordinates":[1759.24,80.39]}},{"type":"Feature","properties":{"id":"TV_JCT_0084","kind":"T","degree":3,"road_types":["highway","residential"]},"geometry":{"type":"Point","coordinates":[1766.73,97.64]}},{"type":"Feature","properties":{"id":"TV_JCT_0085","kind":"end","degree":1,"road_types":["residential"]},"geometry":{"type":"Point","coordinates":[1774.5,88.5]}},{"type":"Feature","properties":{"id":"TV_JCT_0086","kind":"T","degree":3,"road_types":["highway","residential"]},"geometry":{"type":"Point","coordinates":[1792.22,124.03]}},{"type":"Feature","properties":{"id":"TV_JCT_0087","kind":"angled","degree":3,"road_types":["residential"]},"geometry":{"type":"Point","coordinates":[1800.5,113.5]}},{"type":"Feature","properties":{"id":"TV_JCT_0088","kind":"T","degree":3,"road_types":["residential"]},"geometry":{"type":"Point","coordinates":[1830.5,98.5]}},{"type":"Feature","properties":{"id":"TV_JCT_0089","kind":"T","degree":3,"road_types":["residential"]},"geometry":{"type":"Point","coordinates":[1830.5,113.5]}},{"type":"Feature","properties":{"id":"TV_JCT_0090","kind":"angled","degree":3,"road_types":["residential"]},"geometry":{"type":"Point","coordinates":[1834.5,103.5]}},{"type":"Feature","properties":{"id":"TV_JCT_0091","kind":"angled","degree":3,"road_types":["residential"]},"geometry":{"type":"Point","coordinates":[1834.5,106.5]}},{"type":"Feature","properties":{"id":"TV_JCT_0092","kind":"T","degree":3,"road_types":["residential"]},"geometry":{"type":"Point","coordinates":[1834.5,119.5]}},{"type":"Feature","properties":{"id":"TV_JCT_0093","kind":"angled","degree":3,"road_types":["residential"]},"geometry":{"type":"Point","coordinates":[1838.5,119.5]}},{"type":"Feature","properties":{"id":"TV_JCT_0094","kind":"T","degree":3,"road_types":["residential"]},"geometry":{"type":"Point","coordinates":[1840.5,95.5]}},{"type":"Feature","properties":{"id":"TV_JCT_0095","kind":"angled","degree":3,"road_types":["residential"]},"geometry":{"type":"Point","coordinates":[1840.5,117.5]}},{"type":"Feature","properties":{"id":"TV_JCT_0096","kind":"T","degree":3,"road_types":["residential"]},"geometry":{"type":"Point","coordinates":[1849.5,117.5]}},{"type":"Feature","properties":{"id":"TV_JCT_0097","kind":"angled","degree":3,"road_types":["residential"]},"geometry":{"type":"Point","coordinates":[1852.5,90.5]}},{"type":"Feature","properties":{"id":"TV_JCT_0098","kind":"T","degree":3,"road_types":["residential"]},"geometry":{"type":"Point","coordinates":[1855.5,116.5]}},{"type":"Feature","properties":{"id":"TV_JCT_0099","kind":"T","degree":3,"road_types":["residential"]},"geometry":{"type":"Point","coordinates":[1856.5,90.5]}},{"type":"Feature","properties":{"id":"TV_JCT_0100","kind":"angled","degree":3,"road_types":["residential"]},"geometry":{"type":"Point","coordinates":[1858.5,116.5]}},{"type":"Feature","properties":{"id":"TV_JCT_0101","kind":"angled","degree":3,"road_types":["residential"]},"geometry":{"type":"Point","coordinates":[1864.5,103.5]}},{"type":"Feature","properties":{"id":"TV_JCT_0102","kind":"T","degree":3,"road_types":["residential"]},"geometry":{"type":"Point","coordinates":[1864.5,109.5]}},{"type":"Feature","properties":{"id":"TV_JCT_0103","kind":"T","degree":3,"road_types":["residential"]},"geometry":{"type":"Point","coordinates":[1865.5,88.5]}},{"type":"Feature","properties":{"id":"TV_JCT_0104","kind":"angled","degree":3,"road_types":["residential"]},"geometry":{"type":"Point","coordinates":[1865.5,93.5]}},{"type":"Feature","properties":{"id":"TV_JCT_0105","kind":"angled","degree":3,"road_types":["residential"]},"geometry":{"type":"Point","coordinates":[1867.5,87.5]}},{"type":"Feature","properties":{"id":"TV_JCT_0106","kind":"angled","degree":3,"road_types":["residential"]},"geometry":{"type":"Point","coordinates":[1872.5,90.5]}},{"type":"Feature","properties":{"id":"TV_JCT_0107","kind":"T","degree":3,"road_types":["residential"]},"geometry":{"type":"Point","coordinates":[1872.5,93.5]}},{"type":"Feature","properties":{"id":"TV_JCT_0108","kind":"T","degree":3,"road_types":["residential"]},"geometry":{"type":"Point","coordinates":[1872.5,98.5]}},{"type":"Feature","properties":{"id":"TV_JCT_0109","kind":"T","degree":3,"road_types":["residential"]},"geometry":{"type":"Point","coordinates":[1872.5,109.5]}},{"type":"Feature","properties":{"id":"TV_JCT_0110","kind":"T","degree":3,"road_types":["residential"]},"geometry":{"type":"Point","coordinates":[1875.5,109.5]}},{"type":"Feature","properties":{"id":"TV_JCT_0111","kind":"angled","degree":3,"road_types":["residential"]},"geometry":{"type":"Point","coordinates":[1875.5,118.5]}},{"type":"Feature","properties":{"id":"TV_JCT_0112","kind":"T","degree":3,"road_types":["residential"]},"geometry":{"type":"Point","coordinates":[1882.5,111.5]}},{"type":"Feature","properties":{"id":"TV_JCT_0113","kind":"angled","degree":3,"road_types":["residential"]},"geometry":{"type":"Point","coordinates":[1882.5,113.5]}},{"type":"Feature","properties":{"id":"TV_JCT_0114","kind":"angled","degree":3,"road_types":["residential"]},"geometry":{"type":"Point","coordinates":[1883.5,87.5]}},{"type":"Feature","properties":{"id":"TV_JCT_0115","kind":"T","degree":3,"road_types":["residential"]},"geometry":{"type":"Point","coordinates":[1885.5,93.5]}},{"type":"Feature","properties":{"id":"TV_JCT_0116","kind":"T","degree":3,"road_types":["residential"]},"geometry":{"type":"Point","coordinates":[1894.5,93.5]}},{"type":"Feature","properties":{"id":"TV_JCT_0117","kind":"end","degree":1,"road_types":["residential"]},"geometry":{"type":"Point","coordinates":[1937.5,124.5]}},{"type":"Feature","properties":{"id":"LC_JCT_0086","kind":"end","degree":1,"road_types":["residential"]},"geometry":{"type":"Point","coordinates":[37.5,168.5]}},{"type":"Feature","properties":{"id":"LC_JCT_0087","kind":"angled","degree":3,"road_types":["residential"]},"geometry":{"type":"Point","coordinates":[43.5,170.5]}},{"type":"Feature","properties":{"id":"LC_JCT_0088","kind":"end","degree":1,"road_types":["residential"]},"geometry":{"type":"Point","coordinates":[51.5,160.5]}},{"type":"Feature","properties":{"id":"LC_JCT_0089","kind":"end","degree":1,"road_types":["residential"]},"geometry":{"type":"Point","coordinates":[81.5,158.5]}},{"type":"Feature","properties":{"id":"LC_JCT_0090","kind":"T","degree":3,"road_types":["residential"]},"geometry":{"type":"Point","coordinates":[95.5,126.5]}},{"type":"Feature","properties":{"id":"LC_JCT_0091","kind":"T","degree":3,"road_types":["residential"]},"geometry":{"type":"Point","coordinates":[96.5,165.5]}},{"type":"Feature","properties":{"id":"LC_JCT_0092","kind":"angled","degree":3,"road_types":["residential"]},"geometry":{"type":"Point","coordinates":[99.5,131.5]}},{"type":"Feature","properties":{"id":"LC_JCT_0093","kind":"T","degree":3,"road_types":["residential"]},"geometry":{"type":"Point","coordinates":[102.5,127.5]}},{"type":"Feature","properties":{"id":"LC_JCT_0094","kind":"T","degree":3,"road_types":["residential"]},"geometry":{"type":"Point","coordinates":[102.5,147.5]}},{"type":"Feature","properties":{"id":"LC_JCT_0095","kind":"T","degree":3,"road_types":["residential"]},"geometry":{"type":"Point","coordinates":[111.5,144.5]}},{"type":"Feature","properties":{"id":"LC_JCT_0096","kind":"T","degree":3,"road_types":["residential"]},"geometry":{"type":"Point","coordinates":[136.5,163.5]}},{"type":"Feature","properties":{"id":"LC_JCT_0097","kind":"fork","degree":3,"road_types":["residential"]},"geometry":{"type":"Point","coordinates":[141.5,157.5]}},{"type":"Feature","properties":{"id":"LC_JCT_0098","kind":"angled","degree":3,"road_types":["residential"]},"geometry":{"type":"Point","coordinates":[142.5,167.5]}},{"type":"Feature","properties":{"id":"LC_JCT_0099","kind":"fork","degree":3,"road_types":["residential"]},"geometry":{"type":"Point","coordinates":[151.5,150.5]}},{"type":"Feature","properties":{"id":"LC_JCT_0100","kind":"angled","degree":3,"road_types":["residential"]},"geometry":{"type":"Point","coordinates":[156.88,150.06]}},{"type":"Feature","properties":{"id":"LC_JCT_0101","kind":"angled","degree":3,"road_types":["residential"]},"geometry":{"type":"Point","coordinates":[157.5,165.5]}},{"type":"Feature","properties":{"id":"LC_JCT_0102","kind":"T","degree":3,"road_types":["residential"]},"geometry":{"type":"Point","coordinates":[160.5,163.5]}},{"type":"Feature","properties":{"id":"LC_JCT_0103","kind":"T","degree":3,"road_types":["residential"]},"geometry":{"type":"Point","coordinates":[161.5,158.5]}},{"type":"Feature","properties":{"id":"LC_JCT_0104","kind":"T","degree":3,"road_types":["residential"]},"geometry":{"type":"Point","coordinates":[166.5,162.5]}},{"type":"Feature","properties":{"id":"LC_JCT_0105","kind":"end","degree":1,"road_types":["residential"]},"geometry":{"type":"Point","coordinates":[169.69,142.31]}},{"type":"Feature","properties":{"id":"LC_JCT_0106","kind":"angled","degree":3,"road_types":["residential"]},"geometry":{"type":"Point","coordinates":[173.5,171.5]}},{"type":"Feature","properties":{"id":"LC_JCT_0107","kind":"angled","degree":3,"road_types":["residential"]},"geometry":{"type":"Point","coordinates":[185.5,131.5]}},{"type":"Feature","properties":{"id":"LC_JCT_0108","kind":"end","degree":1,"road_types":["residential"]},"geometry":{"type":"Point","coordinates":[186.04,163.96]}},{"type":"Feature","properties":{"id":"LC_JCT_0109","kind":"angled","degree":3,"road_types":["residential"]},"geometry":{"type":"Point","coordinates":[190.5,140.5]}},{"type":"Feature","properties":{"id":"LC_JCT_0110","kind":"angled","degree":3,"road_types":["residential"]},"geometry":{"type":"Point","coordinates":[191.5,130.5]}},{"type":"Feature","properties":{"id":"LC_JCT_0111","kind":"T","degree":3,"road_types":["residential"]},"geometry":{"type":"Point","coordinates":[192.5,127.5]}},{"type":"Feature","properties":{"id":"LC_JCT_0112","kind":"T","degree":3,"road_types":["residential"]},"geometry":{"type":"Point","coordinates":[195.5,139.5]}},{"type":"Feature","properties":{"id":"LC_JCT_0113","kind":"fork","degree":3,"road_types":["residential"]},"geometry":{"type":"Point","coordinates":[198.13,155.0]}},{"type":"Feature","properties":{"id":"LC_JCT_0114","kind":"T","degree":3,"road_types":["residential"]},"geometry":{"type":"Point","coordinates":[198.5,127.5]}},{"type":"Feature","properties":{"id":"LC_JCT_0115","kind":"angled","degree":4,"road_types":["residential"]},"geometry":{"type":"Point","coordinates":[200.5,157.5]}},{"type":"Feature","properties":{"id":"LC_JCT_0116","kind":"T","degree":3,"road_types":["residential"]},"geometry":{"type":"Point","coordinates":[207.5,128.5]}},{"type":"Feature","properties":{"id":"LC_JCT_0117","kind":"T","degree":3,"road_types":["residential"]},"geometry":{"type":"Point","coordinates":[210.5,150.5]}},{"type":"Feature","properties":{"id":"LC_JCT_0118","kind":"T","degree":3,"road_types":["residential"]},"geometry":{"type":"Point","coordinates":[210.5,158.5]}},{"type":"Feature","properties":{"id":"LC_JCT_0119","kind":"T","degree":3,"road_types":["residential"]},"geometry":{"type":"Point","coordinates":[212.5,147.5]}},{"type":"Feature","properties":{"id":"LC_JCT_0120","kind":"angled","degree":3,"road_types":["residential"]},"geometry":{"type":"Point","coordinates":[212.5,149.5]}},{"type":"Feature","properties":{"id":"LC_JCT_0121","kind":"T","degree":3,"road_types":["residential"]},"geometry":{"type":"Point","coordinates":[214.5,127.5]}},{"type":"Feature","properties":{"id":"LC_JCT_0122","kind":"T","degree":3,"road_types":["residential"]},"geometry":{"type":"Point","coordinates":[216.5,156.5]}},{"type":"Feature","properties":{"id":"LC_JCT_0123","kind":"angled","degree":3,"road_types":["residential"]},"geometry":{"type":"Point","coordinates":[217.5,132.5]}},{"type":"Feature","properties":{"id":"LC_JCT_0124","kind":"T","degree":3,"road_types":["residential"]},"geometry":{"type":"Point","coordinates":[220.5,156.5]}},{"type":"Feature","properties":{"id":"LC_JCT_0125","kind":"T","degree":3,"road_types":["residential"]},"geometry":{"type":"Point","coordinates":[221.5,132.5]}},{"type":"Feature","properties":{"id":"LC_JCT_0126","kind":"T","degree":3,"road_types":["residential"]},"geometry":{"type":"Point","coordinates":[221.5,147.5]}},{"type":"Feature","properties":{"id":"LC_JCT_0127","kind":"T","degree":3,"road_types":["residential"]},"geometry":{"type":"Point","coordinates":[221.5,163.5]}},{"type":"Feature","properties":{"id":"LC_JCT_0128","kind":"angled","degree":3,"road_types":["residential"]},"geometry":{"type":"Point","coordinates":[222.5,145.5]}},{"type":"Feature","properties":{"id":"LC_JCT_0129","kind":"angled","degree":3,"road_types":["residential"]},"geometry":{"type":"Point","coordinates":[223.5,132.5]}},{"type":"Feature","properties":{"id":"LC_JCT_0130","kind":"T","degree":3,"road_types":["residential"]},"geometry":{"type":"Point","coordinates":[227.5,145.5]}},{"type":"Feature","properties":{"id":"LC_JCT_0131","kind":"T","degree":3,"road_types":["residential"]},"geometry":{"type":"Point","coordinates":[229.5,145.5]}},{"type":"Feature","properties":{"id":"LC_JCT_0132","kind":"T","degree":3,"road_types":["residential"]},"geometry":{"type":"Point","coordinates":[230.5,171.5]}},{"type":"Feature","properties":{"id":"LC_JCT_0133","kind":"T","degree":3,"road_types":["residential"]},"geometry":{"type":"Point","coordinates":[238.5,164.5]}},{"type":"Feature","properties":{"id":"LC_JCT_0134","kind":"T","degree":3,"road_types":["residential"]},"geometry":{"type":"Point","coordinates":[238.5,169.5]}},{"type":"Feature","properties":{"id":"LC_JCT_0135","kind":"angled","degree":3,"road_types":["residential"]},"geometry":{"type":"Point","coordinates":[238.5,171.5]}},{"type":"Feature","properties":{"id":"LC_JCT_0136","kind":"T","degree":3,"road_types":["residential"]},"geometry":{"type":"Point","coordinates":[268.23,154.15]}},{"type":"Feature","properties":{"id":"LC_JCT_0137","kind":"T","degree":3,"road_types":["residential"]},"geometry":{"type":"Point","coordinates":[270.5,164.5]}},{"type":"Feature","properties":{"id":"LC_JCT_0138","kind":"T","degree":3,"road_types":["residential"]},"geometry":{"type":"Point","coordinates":[271.5,174.5]}},{"type":"Feature","properties":{"id":"LC_JCT_0139","kind":"angled","degree":3,"road_types":["residential"]},"geometry":{"type":"Point","coordinates":[272.5,157.5]}},{"type":"Feature","properties":{"id":"LC_JCT_0140","kind":"T","degree":3,"road_types":["residential"]},"geometry":{"type":"Point","coordinates":[274.5,131.5]}},{"type":"Feature","properties":{"id":"LC_JCT_0141","kind":"T","degree":3,"road_types":["residential"]},"geometry":{"type":"Point","coordinates":[276.5,131.5]}},{"type":"Feature","properties":{"id":"LC_JCT_0142","kind":"T","degree":3,"road_types":["residential"]},"geometry":{"type":"Point","coordinates":[285.5,169.5]}},{"type":"Feature","properties":{"id":"LC_JCT_0143","kind":"angled","degree":3,"road_types":["residential"]},"geometry":{"type":"Point","coordinates":[287.5,161.5]}},{"type":"Feature","properties":{"id":"LC_JCT_0144","kind":"T","degree":3,"road_types":["residential"]},"geometry":{"type":"Point","coordinates":[287.5,165.5]}},{"type":"Feature","properties":{"id":"LC_JCT_0145","kind":"angled","degree":3,"road_types":["residential"]},"geometry":{"type":"Point","coordinates":[295.5,156.5]}},{"type":"Feature","properties":{"id":"LC_JCT_0146","kind":"T","degree":3,"road_types":["residential"]},"geometry":{"type":"Point","coordinates":[295.5,172.5]}},{"type":"Feature","properties":{"id":"LC_JCT_0147","kind":"angled","degree":3,"road_types":["residential"]},"geometry":{"type":"Point","coordinates":[300.5,140.5]}},{"type":"Feature","properties":{"id":"LC_JCT_0148","kind":"T","degree":3,"road_types":["residential"]},"geometry":{"type":"Point","coordinates":[301.5,173.5]}},{"type":"Feature","properties":{"id":"LC_JCT_0149","kind":"angled","degree":3,"road_types":["residential"]},"geometry":{"type":"Point","coordinates":[304.5,156.5]}},{"type":"Feature","properties":{"id":"LC_JCT_0150","kind":"T","degree":3,"road_types":["residential"]},"geometry":{"type":"Point","coordinates":[304.5,173.5]}},{"type":"Feature","properties":{"id":"LC_JCT_0151","kind":"angled","degree":3,"road_types":["residential"]},"geometry":{"type":"Point","coordinates":[305.5,139.5]}},{"type":"Feature","properties":{"id":"LC_JCT_0152","kind":"angled","degree":3,"road_types":["residential"]},"geometry":{"type":"Point","coordinates":[307.5,163.5]}},{"type":"Feature","properties":{"id":"LC_JCT_0153","kind":"angled","degree":3,"road_types":["residential"]},"geometry":{"type":"Point","coordinates":[311.5,148.5]}},{"type":"Feature","properties":{"id":"LC_JCT_0154","kind":"angled","degree":3,"road_types":["residential"]},"geometry":{"type":"Point","coordinates":[322.43,128.77]}},{"type":"Feature","properties":{"id":"LC_JCT_0155","kind":"T","degree":3,"road_types":["residential"]},"geometry":{"type":"Point","coordinates":[324.5,146.5]}},{"type":"Feature","properties":{"id":"LC_JCT_0156","kind":"T","degree":3,"road_types":["residential"]},"geometry":{"type":"Point","coordinates":[332.5,168.5]}},{"type":"Feature","properties":{"id":"LC_JCT_0157","kind":"angled","degree":4,"road_types":["residential"]},"geometry":{"type":"Point","coordinates":[334.5,168.5]}},{"type":"Feature","properties":{"id":"LC_JCT_0158","kind":"end","degree":1,"road_types":["residential"]},"geometry":{"type":"Point","coordinates":[337.5,161.5]}},{"type":"Feature","properties":{"id":"LC_JCT_0159","kind":"angled","degree":3,"road_types":["residential"]},"geometry":{"type":"Point","coordinates":[349.5,165.5]}},{"type":"Feature","properties":{"id":"RU_JCT_0081","kind":"end","degree":1,"road_types":["rural"]},"geometry":{"type":"Point","coordinates":[493.5,170.5]}},{"type":"Feature","properties":{"id":"RU_JCT_0082","kind":"angled","degree":3,"road_types":["rural"]},"geometry":{"type":"Point","coordinates":[499.5,166.5]}},{"type":"Feature","properties":{"id":"RU_JCT_0083","kind":"T","degree":3,"road_types":["rural"]},"geometry":{"type":"Point","coordinates":[502.5,161.5]}},{"type":"Feature","properties":{"id":"RU_JCT_0084","kind":"T","degree":3,"road_types":["rural"]},"geometry":{"type":"Point","coordinates":[505.5,129.5]}},{"type":"Feature","properties":{"id":"RU_JCT_0085","kind":"T","degree":3,"road_types":["rural"]},"geometry":{"type":"Point","coordinates":[507.5,165.5]}},{"type":"Feature","properties":{"id":"RU_JCT_0086","kind":"angled","degree":3,"road_types":["rural"]},"geometry":{"type":"Point","coordinates":[508.5,134.5]}},{"type":"Feature","properties":{"id":"RU_JCT_0087","kind":"angled","degree":3,"road_types":["rural"]},"geometry":{"type":"Point","coordinates":[509.5,151.5]}},{"type":"Feature","properties":{"id":"RU_JCT_0088","kind":"T","degree":3,"road_types":["rural"]},"geometry":{"type":"Point","coordinates":[513.5,126.5]}},{"type":"Feature","properties":{"id":"RU_JCT_0089","kind":"angled","degree":3,"road_types":["rural"]},"geometry":{"type":"Point","coordinates":[515.5,155.5]}},{"type":"Feature","properties":{"id":"RU_JCT_0090","kind":"angled","degree":3,"road_types":["rural"]},"geometry":{"type":"Point","coordinates":[516.5,162.5]}},{"type":"Feature","properties":{"id":"RU_JCT_0091","kind":"end","degree":1,"road_types":["rural"]},"geometry":{"type":"Point","coordinates":[529.5,148.5]}},{"type":"Feature","properties":{"id":"RU_JCT_0092","kind":"angled","degree":3,"road_types":["rural"]},"geometry":{"type":"Point","coordinates":[533.5,171.5]}},{"type":"Feature","properties":{"id":"RU_JCT_0093","kind":"T","degree":3,"road_types":["rural"]},"geometry":{"type":"Point","coordinates":[549.5,172.5]}},{"type":"Feature","properties":{"id":"RU_JCT_0094","kind":"end","degree":1,"road_types":["rural"]},"geometry":{"type":"Point","coordinates":[561.5,158.5]}},{"type":"Feature","properties":{"id":"RU_JCT_0095","kind":"end","degree":1,"road_types":["rural"]},"geometry":{"type":"Point","coordinates":[751.5,145.5]}},{"type":"Feature","properties":{"id":"RU_JCT_0096","kind":"angled","degree":3,"road_types":["rural"]},"geometry":{"type":"Point","coordinates":[760.5,144.5]}},{"type":"Feature","properties":{"id":"RU_JCT_0097","kind":"fork","degree":3,"road_types":["rural"]},"geometry":{"type":"Point","coordinates":[763.52,139.1]}},{"type":"Feature","properties":{"id":"RU_JCT_0098","kind":"angled","degree":4,"road_types":["rural"]},"geometry":{"type":"Point","coordinates":[766.15,139.3]}},{"type":"Feature","properties":{"id":"RU_JCT_0099","kind":"angled","degree":3,"road_types":["rural"]},"geometry":{"type":"Point","coordinates":[772.5,144.5]}},{"type":"Feature","properties":{"id":"RU_JCT_0100","kind":"end","degree":1,"road_types":["rural"]},"geometry":{"type":"Point","coordinates":[772.5,160.5]}},{"type":"Feature","properties":{"id":"RU_JCT_0101","kind":"T","degree":3,"road_types":["rural"]},"geometry":{"type":"Point","coordinates":[782.5,146.5]}},{"type":"Feature","properties":{"id":"RU_JCT_0102","kind":"T","degree":3,"road_types":["rural"]},"geometry":{"type":"Point","coordinates":[798.5,135.5]}},{"type":"Feature","properties":{"id":"RU_JCT_0103","kind":"angled","degree":3,"road_types":["rural"]},"geometry":{"type":"Point","coordinates":[824.5,149.5]}},{"type":"Feature","properties":{"id":"RU_JCT_0104","kind":"end","degree":1,"road_types":["rural"]},"geometry":{"type":"Point","coordinates":[836.5,147.5]}},{"type":"Feature","properties":{"id":"RU_JCT_0105","kind":"fork","degree":3,"road_types":["rural"]},"geometry":{"type":"Point","coordinates":[850.5,168.5]}},{"type":"Feature","properties":{"id":"RU_JCT_0106","kind":"T","degree":3,"road_types":["rural"]},"geometry":{"type":"Point","coordinates":[850.5,141.5]}},{"type":"Feature","properties":{"id":"RU_JCT_0107","kind":"T","degree":3,"road_types":["rural"]},"geometry":{"type":"Point","coordinates":[850.5,146.5]}},{"type":"Feature","properties":{"id":"RU_JCT_0108","kind":"fork","degree":3,"road_types":["rural"]},"geometry":{"type":"Point","coordinates":[854.5,170.5]}},{"type":"Feature","properties":{"id":"RU_JCT_0109","kind":"T","degree":3,"road_types":["rural"]},"geometry":{"type":"Point","coordinates":[855.5,141.5]}},{"type":"Feature","properties":{"id":"RU_JCT_0110","kind":"end","degree":1,"road_types":["rural"]},"geometry":{"type":"Point","coordinates":[865.5,138.5]}},{"type":"Feature","properties":{"id":"RU_JCT_0111","kind":"angled","degree":3,"road_types":["rural"]},"geometry":{"type":"Point","coordinates":[1003.5,134.5]}},{"type":"Feature","properties":{"id":"RU_JCT_0112","kind":"T","degree":3,"road_types":["rural"]},"geometry":{"type":"Point","coordinates":[1007.5,133.5]}},{"type":"Feature","properties":{"id":"RU_JCT_0113","kind":"T","degree":3,"road_types":["rural"]},"geometry":{"type":"Point","coordinates":[1010.5,141.5]}},{"type":"Feature","properties":{"id":"RU_JCT_0114","kind":"angled","degree":3,"road_types":["rural"]},"geometry":{"type":"Point","coordinates":[1012.5,133.5]}},{"type":"Feature","properties":{"id":"RU_JCT_0115","kind":"angled","degree":3,"road_types":["rural"]},"geometry":{"type":"Point","coordinates":[1014.5,131.5]}},{"type":"Feature","properties":{"id":"RU_JCT_0116","kind":"end","degree":1,"road_types":["rural"]},"geometry":{"type":"Point","coordinates":[1026.5,138.5]}},{"type":"Feature","properties":{"id":"RU_JCT_0117","kind":"angled","degree":4,"road_types":["rural"]},"geometry":{"type":"Point","coordinates":[1268.5,171.5]}},{"type":"Feature","properties":{"id":"RU_JCT_0118","kind":"end","degree":1,"road_types":["rural"]},"geometry":{"type":"Point","coordinates":[1276.5,171.5]}},{"type":"Feature","properties":{"id":"TV_JCT_0118","kind":"end","degree":1,"road_types":["residential"]},"geometry":{"type":"Point","coordinates":[1344.5,159.5]}},{"type":"Feature","properties":{"id":"TV_JCT_0119","kind":"end","degree":1,"road_types":["residential"]},"geometry":{"type":"Point","coordinates":[1347.5,125.5]}},{"type":"Feature","properties":{"id":"TV_JCT_0120","kind":"end","degree":1,"road_types":["residential"]},"geometry":{"type":"Point","coordinates":[1360.5,136.5]}},{"type":"Feature","properties":{"id":"TV_JCT_0121","kind":"T","degree":3,"road_types":["residential"]},"geometry":{"type":"Point","coordinates":[1460.5,132.5]}},{"type":"Feature","properties":{"id":"TV_JCT_0122","kind":"T","degree":3,"road_types":["residential"]},"geometry":{"type":"Point","coordinates":[1467.5,130.5]}},{"type":"Feature","properties":{"id":"TV_JCT_0123","kind":"end","degree":1,"road_types":["residential"]},"geometry":{"type":"Point","coordinates":[1570.5,137.5]}},{"type":"Feature","properties":{"id":"TV_JCT_0124","kind":"angled","degree":4,"road_types":["residential"]},"geometry":{"type":"Point","coordinates":[1581.68,125.01]}},{"type":"Feature","properties":{"id":"TV_JCT_0125","kind":"cross","degree":4,"road_types":["residential"]},"geometry":{"type":"Point","coordinates":[1589.5,135.5]}},{"type":"Feature","properties":{"id":"TV_JCT_0126","kind":"angled","degree":4,"road_types":["residential"]},"geometry":{"type":"Point","coordinates":[1594.09,139.03]}},{"type":"Feature","properties":{"id":"TV_JCT_0127","kind":"end","degree":1,"road_types":["residential"]},"geometry":{"type":"Point","coordinates":[1598.5,147.5]}},{"type":"Feature","properties":{"id":"TV_JCT_0128","kind":"end","degree":1,"road_types":["residential"]},"geometry":{"type":"Point","coordinates":[1602.5,132.5]}},{"type":"Feature","properties":{"id":"TV_JCT_0129","kind":"end","degree":1,"road_types":["residential"]},"geometry":{"type":"Point","coordinates":[1625.5,162.5]}},{"type":"Feature","properties":{"id":"TV_JCT_0130","kind":"angled","degree":3,"road_types":["residential"]},"geometry":{"type":"Point","coordinates":[1638.5,133.5]}},{"type":"Feature","properties":{"id":"TV_JCT_0131","kind":"angled","degree":3,"road_types":["residential","urban_street"]},"geometry":{"type":"Point","coordinates":[1638.5,173.5]}},{"type":"Feature","properties":{"id":"TV_JCT_0132","kind":"angled","degree":3,"road_types":["residential"]},"geometry":{"type":"Point","coordinates":[1640.5,139.5]}},{"type":"Feature","properties":{"id":"TV_JCT_0133","kind":"T","degree":3,"road_types":["residential"]},"geometry":{"type":"Point","coordinates":[1647.5,137.5]}},{"type":"Feature","properties":{"id":"TV_JCT_0134","kind":"fork","degree":3,"road_types":["residential"]},"geometry":{"type":"Point","coordinates":[1648.89,161.65]}},{"type":"Feature","properties":{"id":"TV_JCT_0135","kind":"city","degree":3,"road_types":["residential","urban_street"]},"geometry":{"type":"Point","coordinates":[1649.5,171.5]}},{"type":"Feature","properties":{"id":"TV_JCT_0136","kind":"T","degree":3,"road_types":["residential"]},"geometry":{"type":"Point","coordinates":[1652.5,137.5]}},{"type":"Feature","properties":{"id":"TV_JCT_0137","kind":"angled","degree":3,"road_types":["residential"]},"geometry":{"type":"Point","coordinates":[1656.5,146.5]}},{"type":"Feature","properties":{"id":"TV_JCT_0138","kind":"angled","degree":3,"road_types":["residential"]},"geometry":{"type":"Point","coordinates":[1659.5,146.5]}},{"type":"Feature","properties":{"id":"TV_JCT_0139","kind":"T","degree":3,"road_types":["residential"]},"geometry":{"type":"Point","coordinates":[1662.5,133.5]}},{"type":"Feature","properties":{"id":"TV_JCT_0140","kind":"angled","degree":3,"road_types":["residential"]},"geometry":{"type":"Point","coordinates":[1663.5,151.5]}},{"type":"Feature","properties":{"id":"TV_JCT_0141","kind":"angled","degree":3,"road_types":["urban_street"]},"geometry":{"type":"Point","coordinates":[1664.5,171.5]}},{"type":"Feature","properties":{"id":"TV_JCT_0142","kind":"city","degree":3,"road_types":["urban_street"]},"geometry":{"type":"Point","coordinates":[1665.5,174.5]}},{"type":"Feature","properties":{"id":"TV_JCT_0143","kind":"T","degree":3,"road_types":["residential"]},"geometry":{"type":"Point","coordinates":[1666.5,133.5]}},{"type":"Feature","properties":{"id":"TV_JCT_0144","kind":"T","degree":3,"road_types":["residential"]},"geometry":{"type":"Point","coordinates":[1668.5,133.5]}},{"type":"Feature","properties":{"id":"TV_JCT_0145","kind":"angled","degree":3,"road_types":["residential"]},"geometry":{"type":"Point","coordinates":[1669.5,151.5]}},{"type":"Feature","properties":{"id":"TV_JCT_0146","kind":"city","degree":3,"road_types":["residential","urban_street"]},"geometry":{"type":"Point","coordinates":[1675.5,164.5]}},{"type":"Feature","properties":{"id":"TV_JCT_0147","kind":"city","degree":3,"road_types":["urban_street"]},"geometry":{"type":"Point","coordinates":[1677.5,169.5]}},{"type":"Feature","properties":{"id":"TV_JCT_0148","kind":"city","degree":3,"road_types":["urban_street"]},"geometry":{"type":"Point","coordinates":[1677.5,174.5]}},{"type":"Feature","properties":{"id":"TV_JCT_0149","kind":"angled","degree":3,"road_types":["residential"]},"geometry":{"type":"Point","coordinates":[1680.5,135.5]}},{"type":"Feature","properties":{"id":"TV_JCT_0150","kind":"angled","degree":3,"road_types":["residential"]},"geometry":{"type":"Point","coordinates":[1680.5,140.5]}},{"type":"Feature","properties":{"id":"TV_JCT_0151","kind":"T","degree":3,"road_types":["residential"]},"geometry":{"type":"Point","coordinates":[1687.5,140.5]}},{"type":"Feature","properties":{"id":"TV_JCT_0152","kind":"T","degree":3,"road_types":["residential"]},"geometry":{"type":"Point","coordinates":[1693.5,137.5]}},{"type":"Feature","properties":{"id":"TV_JCT_0153","kind":"city","degree":4,"road_types":["residential","urban_street"]},"geometry":{"type":"Point","coordinates":[1693.5,167.5]}},{"type":"Feature","properties":{"id":"TV_JCT_0154","kind":"T","degree":3,"road_types":["residential"]},"geometry":{"type":"Point","coordinates":[1698.5,129.5]}},{"type":"Feature","properties":{"id":"TV_JCT_0155","kind":"T","degree":3,"road_types":["residential"]},"geometry":{"type":"Point","coordinates":[1698.5,134.5]}},{"type":"Feature","properties":{"id":"TV_JCT_0156","kind":"T","degree":3,"road_types":["residential"]},"geometry":{"type":"Point","coordinates":[1706.5,129.5]}},{"type":"Feature","properties":{"id":"TV_JCT_0157","kind":"angled","degree":3,"road_types":["urban_street"]},"geometry":{"type":"Point","coordinates":[1707.5,170.5]}},{"type":"Feature","properties":{"id":"TV_JCT_0158","kind":"end","degree":1,"road_types":["residential"]},"geometry":{"type":"Point","coordinates":[1711.5,136.5]}},{"type":"Feature","properties":{"id":"TV_JCT_0159","kind":"city","degree":3,"road_types":["urban_street"]},"geometry":{"type":"Point","coordinates":[1715.5,172.5]}},{"type":"Feature","properties":{"id":"TV_JCT_0160","kind":"end","degree":1,"road_types":["residential"]},"geometry":{"type":"Point","coordinates":[1716.5,126.5]}},{"type":"Feature","properties":{"id":"TV_JCT_0161","kind":"end","degree":1,"road_types":["urban_street"]},"geometry":{"type":"Point","coordinates":[1720.5,159.5]}},{"type":"Feature","properties":{"id":"TV_JCT_0162","kind":"city","degree":3,"road_types":["urban_street"]},"geometry":{"type":"Point","coordinates":[1722.5,172.5]}},{"type":"Feature","properties":{"id":"TV_JCT_0163","kind":"angled","degree":3,"road_types":["urban_street"]},"geometry":{"type":"Point","coordinates":[1723.5,168.5]}},{"type":"Feature","properties":{"id":"TV_JCT_0164","kind":"end","degree":1,"road_types":["urban_street"]},"geometry":{"type":"Point","coordinates":[1739.5,161.5]}},{"type":"Feature","properties":{"id":"TV_JCT_0165","kind":"fork","degree":3,"road_types":["urban_street"]},"geometry":{"type":"Point","coordinates":[1757.5,172.5]}},{"type":"Feature","properties":{"id":"TV_JCT_0166","kind":"fork","degree":3,"road_types":["urban_street"]},"geometry":{"type":"Point","coordinates":[1771.5,166.5]}},{"type":"Feature","properties":{"id":"TV_JCT_0167","kind":"end","degree":1,"road_types":["urban_street"]},"geometry":{"type":"Point","coordinates":[1772.5,140.5]}},{"type":"Feature","properties":{"id":"TV_JCT_0168","kind":"city","degree":3,"road_types":["urban_street"]},"geometry":{"type":"Point","coordinates":[1783.5,164.5]}},{"type":"Feature","properties":{"id":"TV_JCT_0169","kind":"city","degree":3,"road_types":["urban_street"]},"geometry":{"type":"Point","coordinates":[1785.5,164.5]}},{"type":"Feature","properties":{"id":"TV_JCT_0170","kind":"city","degree":3,"road_types":["urban_street"]},"geometry":{"type":"Point","coordinates":[1785.5,170.5]}},{"type":"Feature","properties":{"id":"TV_JCT_0171","kind":"angled","degree":3,"road_types":["urban_street"]},"geometry":{"type":"Point","coordinates":[1795.5,170.5]}},{"type":"Feature","properties":{"id":"TV_JCT_0172","kind":"city","degree":3,"road_types":["residential","urban_street"]},"geometry":{"type":"Point","coordinates":[1797.5,162.5]}},{"type":"Feature","properties":{"id":"TV_JCT_0173","kind":"T","degree":3,"road_types":["highway","residential"]},"geometry":{"type":"Point","coordinates":[1797.61,127.72]}},{"type":"Feature","properties":{"id":"TV_JCT_0174","kind":"angled","degree":3,"road_types":["residential"]},"geometry":{"type":"Point","coordinates":[1802.5,151.5]}},{"type":"Feature","properties":{"id":"TV_JCT_0175","kind":"T","degree":3,"road_types":["residential"]},"geometry":{"type":"Point","coordinates":[1802.5,159.5]}},{"type":"Feature","properties":{"id":"TV_JCT_0176","kind":"T","degree":3,"road_types":["residential"]},"geometry":{"type":"Point","coordinates":[1802.5,162.5]}},{"type":"Feature","properties":{"id":"TV_JCT_0177","kind":"city","degree":3,"road_types":["residential","urban_street"]},"geometry":{"type":"Point","coordinates":[1805.5,173.5]}},{"type":"Feature","properties":{"id":"TV_JCT_0178","kind":"T","degree":3,"road_types":["residential"]},"geometry":{"type":"Point","coordinates":[1812.5,172.5]}},{"type":"Feature","properties":{"id":"TV_JCT_0179","kind":"T","degree":3,"road_types":["highway","residential"]},"geometry":{"type":"Point","coordinates":[1816.31,137.67]}},{"type":"Feature","properties":{"id":"TV_JCT_0180","kind":"T","degree":3,"road_types":["residential"]},"geometry":{"type":"Point","coordinates":[1826.5,172.5]}},{"type":"Feature","properties":{"id":"TV_JCT_0181","kind":"angled","degree":4,"road_types":["residential"]},"geometry":{"type":"Point","coordinates":[1827.5,158.5]}},{"type":"Feature","properties":{"id":"TV_JCT_0182","kind":"angled","degree":3,"road_types":["residential"]},"geometry":{"type":"Point","coordinates":[1829.5,172.5]}},{"type":"Feature","properties":{"id":"TV_JCT_0183","kind":"angled","degree":3,"road_types":["residential"]},"geometry":{"type":"Point","coordinates":[1830.5,169.5]}},{"type":"Feature","properties":{"id":"TV_JCT_0184","kind":"T","degree":3,"road_types":["residential"]},"geometry":{"type":"Point","coordinates":[1841.5,170.5]}},{"type":"Feature","properties":{"id":"TV_JCT_0185","kind":"angled","degree":3,"road_types":["residential"]},"geometry":{"type":"Point","coordinates":[1842.5,168.5]}},{"type":"Feature","properties":{"id":"TV_JCT_0186","kind":"T","degree":3,"road_types":["residential"]},"geometry":{"type":"Point","coordinates":[1849.5,130.5]}},{"type":"Feature","properties":{"id":"TV_JCT_0187","kind":"end","degree":1,"road_types":["residential"]},"geometry":{"type":"Point","coordinates":[1850.4,153.34]}},{"type":"Feature","properties":{"id":"TV_JCT_0188","kind":"angled","degree":3,"road_types":["residential"]},"geometry":{"type":"Point","coordinates":[1860.5,126.5]}},{"type":"Feature","properties":{"id":"TV_JCT_0189","kind":"T","degree":3,"road_types":["residential"]},"geometry":{"type":"Point","coordinates":[1862.5,126.5]}},{"type":"Feature","properties":{"id":"TV_JCT_0190","kind":"T","degree":3,"road_types":["residential"]},"geometry":{"type":"Point","coordinates":[1871.5,131.5]}},{"type":"Feature","properties":{"id":"TV_JCT_0191","kind":"end","degree":1,"road_types":["residential"]},"geometry":{"type":"Point","coordinates":[1881.5,126.5]}},{"type":"Feature","properties":{"id":"TV_JCT_0192","kind":"end","degree":1,"road_types":["residential"]},"geometry":{"type":"Point","coordinates":[1889.5,144.5]}},{"type":"Feature","properties":{"id":"TV_JCT_0193","kind":"T","degree":3,"road_types":["highway","residential"]},"geometry":{"type":"Point","coordinates":[1945.12,170.73]}},{"type":"Feature","properties":{"id":"TV_JCT_0194","kind":"end","degree":1,"road_types":["residential"]},"geometry":{"type":"Point","coordinates":[1946.5,138.5]}},{"type":"Feature","properties":{"id":"TV_JCT_0195","kind":"angled","degree":3,"road_types":["residential"]},"geometry":{"type":"Point","coordinates":[1952.5,132.5]}},{"type":"Feature","properties":{"id":"TV_JCT_0196","kind":"end","degree":1,"road_types":["residential"]},"geometry":{"type":"Point","coordinates":[1968.5,143.5]}},{"type":"Feature","properties":{"id":"TV_JCT_0197","kind":"end","degree":1,"road_types":["residential"]},"geometry":{"type":"Point","coordinates":[1969.5,127.5]}},{"type":"Feature","properties":{"id":"LC_JCT_0160","kind":"fork","degree":3,"road_types":["residential"]},"geometry":{"type":"Point","coordinates":[47.5,185.5]}},{"type":"Feature","properties":{"id":"LC_JCT_0161","kind":"fork","degree":3,"road_types":["residential"]},"geometry":{"type":"Point","coordinates":[57.5,194.5]}},{"type":"Feature","properties":{"id":"LC_JCT_0162","kind":"end","degree":1,"road_types":["residential"]},"geometry":{"type":"Point","coordinates":[61.5,203.5]}},{"type":"Feature","properties":{"id":"LC_JCT_0163","kind":"T","degree":3,"road_types":["residential"]},"geometry":{"type":"Point","coordinates":[65.5,196.5]}},{"type":"Feature","properties":{"id":"LC_JCT_0164","kind":"T","degree":3,"road_types":["residential"]},"geometry":{"type":"Point","coordinates":[68.5,196.5]}},{"type":"Feature","properties":{"id":"LC_JCT_0165","kind":"angled","degree":4,"road_types":["residential"]},"geometry":{"type":"Point","coordinates":[70.05,192.34]}},{"type":"Feature","properties":{"id":"LC_JCT_0166","kind":"T","degree":3,"road_types":["residential"]},"geometry":{"type":"Point","coordinates":[91.5,202.5]}},{"type":"Feature","properties":{"id":"LC_JCT_0167","kind":"T","degree":3,"road_types":["residential"]},"geometry":{"type":"Point","coordinates":[91.88,189.29]}},{"type":"Feature","properties":{"id":"LC_JCT_0168","kind":"fork","degree":3,"road_types":["residential"]},"geometry":{"type":"Point","coordinates":[116.5,205.5]}},{"type":"Feature","properties":{"id":"LC_JCT_0169","kind":"T","degree":3,"road_types":["residential"]},"geometry":{"type":"Point","coordinates":[124.5,219.5]}},{"type":"Feature","properties":{"id":"LC_JCT_0170","kind":"angled","degree":4,"road_types":["residential"]},"geometry":{"type":"Point","coordinates":[125.5,206.5]}},{"type":"Feature","properties":{"id":"LC_JCT_0171","kind":"fork","degree":3,"road_types":["residential"]},"geometry":{"type":"Point","coordinates":[126.54,201.63]}},{"type":"Feature","properties":{"id":"LC_JCT_0172","kind":"T","degree":3,"road_types":["residential"]},"geometry":{"type":"Point","coordinates":[128.5,192.5]}},{"type":"Feature","properties":{"id":"LC_JCT_0173","kind":"T","degree":3,"road_types":["residential"]},"geometry":{"type":"Point","coordinates":[129.5,180.5]}},{"type":"Feature","properties":{"id":"LC_JCT_0174","kind":"angled","degree":3,"road_types":["residential"]},"geometry":{"type":"Point","coordinates":[139.5,179.5]}},{"type":"Feature","properties":{"id":"LC_JCT_0175","kind":"angled","degree":3,"road_types":["residential"]},"geometry":{"type":"Point","coordinates":[142.5,207.5]}},{"type":"Feature","properties":{"id":"LC_JCT_0176","kind":"angled","degree":4,"road_types":["residential"]},"geometry":{"type":"Point","coordinates":[144.45,224.13]}},{"type":"Feature","properties":{"id":"LC_JCT_0177","kind":"angled","degree":3,"road_types":["residential"]},"geometry":{"type":"Point","coordinates":[145.5,221.5]}},{"type":"Feature","properties":{"id":"LC_JCT_0178","kind":"T","degree":3,"road_types":["residential"]},"geometry":{"type":"Point","coordinates":[146.5,183.5]}},{"type":"Feature","properties":{"id":"LC_JCT_0179","kind":"T","degree":3,"road_types":["residential"]},"geometry":{"type":"Point","coordinates":[146.5,198.5]}},{"type":"Feature","properties":{"id":"LC_JCT_0180","kind":"angled","degree":4,"road_types":["residential"]},"geometry":{"type":"Point","coordinates":[154.5,218.5]}},{"type":"Feature","properties":{"id":"LC_JCT_0181","kind":"T","degree":3,"road_types":["residential"]},"geometry":{"type":"Point","coordinates":[155.5,198.5]}},{"type":"Feature","properties":{"id":"LC_JCT_0182","kind":"T","degree":3,"road_types":["residential"]},"geometry":{"type":"Point","coordinates":[155.5,203.5]}},{"type":"Feature","properties":{"id":"LC_JCT_0183","kind":"T","degree":3,"road_types":["residential"]},"geometry":{"type":"Point","coordinates":[156.5,183.5]}},{"type":"Feature","properties":{"id":"LC_JCT_0184","kind":"T","degree":3,"road_types":["residential"]},"geometry":{"type":"Point","coordinates":[156.5,185.5]}},{"type":"Feature","properties":{"id":"LC_JCT_0185","kind":"T","degree":3,"road_types":["residential"]},"geometry":{"type":"Point","coordinates":[156.5,196.5]}},{"type":"Feature","properties":{"id":"LC_JCT_0186","kind":"angled","degree":3,"road_types":["residential"]},"geometry":{"type":"Point","coordinates":[162.5,203.5]}},{"type":"Feature","properties":{"id":"LC_JCT_0187","kind":"T","degree":3,"road_types":["residential"]},"geometry":{"type":"Point","coordinates":[163.5,197.5]}},{"type":"Feature","properties":{"id":"LC_JCT_0188","kind":"angled","degree":3,"road_types":["residential"]},"geometry":{"type":"Point","coordinates":[163.5,202.5]}},{"type":"Feature","properties":{"id":"LC_JCT_0189","kind":"angled","degree":3,"road_types":["residential"]},"geometry":{"type":"Point","coordinates":[167.5,221.5]}},{"type":"Feature","properties":{"id":"LC_JCT_0190","kind":"angled","degree":3,"road_types":["residential"]},"geometry":{"type":"Point","coordinates":[169.5,185.5]}},{"type":"Feature","properties":{"id":"LC_JCT_0191","kind":"T","degree":3,"road_types":["residential"]},"geometry":{"type":"Point","coordinates":[169.5,209.5]}},{"type":"Feature","properties":{"id":"LC_JCT_0192","kind":"T","degree":3,"road_types":["residential"]},"geometry":{"type":"Point","coordinates":[170.5,202.5]}},{"type":"Feature","properties":{"id":"LC_JCT_0193","kind":"angled","degree":3,"road_types":["residential"]},"geometry":{"type":"Point","coordinates":[171.5,195.5]}},{"type":"Feature","properties":{"id":"LC_JCT_0194","kind":"angled","degree":3,"road_types":["residential"]},"geometry":{"type":"Point","coordinates":[171.5,215.5]}},{"type":"Feature","properties":{"id":"LC_JCT_0195","kind":"T","degree":3,"road_types":["residential"]},"geometry":{"type":"Point","coordinates":[172.5,188.5]}},{"type":"Feature","properties":{"id":"LC_JCT_0196","kind":"angled","degree":3,"road_types":["residential"]},"geometry":{"type":"Point","coordinates":[173.5,197.5]}},{"type":"Feature","properties":{"id":"LC_JCT_0197","kind":"T","degree":3,"road_types":["residential"]},"geometry":{"type":"Point","coordinates":[173.5,215.5]}},{"type":"Feature","properties":{"id":"LC_JCT_0198","kind":"T","degree":3,"road_types":["residential"]},"geometry":{"type":"Point","coordinates":[179.5,197.5]}},{"type":"Feature","properties":{"id":"LC_JCT_0199","kind":"T","degree":3,"road_types":["residential"]},"geometry":{"type":"Point","coordinates":[185.5,197.5]}},{"type":"Feature","properties":{"id":"LC_JCT_0200","kind":"T","degree":3,"road_types":["residential"]},"geometry":{"type":"Point","coordinates":[189.5,217.5]}},{"type":"Feature","properties":{"id":"LC_JCT_0201","kind":"angled","degree":3,"road_types":["residential"]},"geometry":{"type":"Point","coordinates":[191.5,217.5]}},{"type":"Feature","properties":{"id":"LC_JCT_0202","kind":"angled","degree":3,"road_types":["residential"]},"geometry":{"type":"Point","coordinates":[194.5,209.5]}},{"type":"Feature","properties":{"id":"LC_JCT_0203","kind":"angled","degree":3,"road_types":["residential"]},"geometry":{"type":"Point","coordinates":[194.5,214.5]}},{"type":"Feature","properties":{"id":"LC_JCT_0204","kind":"angled","degree":3,"road_types":["residential"]},"geometry":{"type":"Point","coordinates":[200.5,201.5]}},{"type":"Feature","properties":{"id":"LC_JCT_0205","kind":"angled","degree":4,"road_types":["residential"]},"geometry":{"type":"Point","coordinates":[208.5,210.5]}},{"type":"Feature","properties":{"id":"LC_JCT_0206","kind":"angled","degree":3,"road_types":["residential"]},"geometry":{"type":"Point","coordinates":[208.5,214.5]}},{"type":"Feature","properties":{"id":"LC_JCT_0207","kind":"end","degree":1,"road_types":["residential"]},"geometry":{"type":"Point","coordinates":[213.22,183.5]}},{"type":"Feature","properties":{"id":"LC_JCT_0208","kind":"angled","degree":4,"road_types":["residential"]},"geometry":{"type":"Point","coordinates":[225.5,181.5]}},{"type":"Feature","properties":{"id":"LC_JCT_0209","kind":"T","degree":3,"road_types":["residential"]},"geometry":{"type":"Point","coordinates":[225.5,184.5]}},{"type":"Feature","properties":{"id":"LC_JCT_0210","kind":"end","degree":1,"road_types":["residential"]},"geometry":{"type":"Point","coordinates":[233.23,216.5]}},{"type":"Feature","properties":{"id":"LC_JCT_0211","kind":"T","degree":3,"road_types":["residential"]},"geometry":{"type":"Point","coordinates":[234.5,203.5]}},{"type":"Feature","properties":{"id":"LC_JCT_0212","kind":"angled","degree":3,"road_types":["residential"]},"geometry":{"type":"Point","coordinates":[242.5,191.5]}},{"type":"Feature","properties":{"id":"LC_JCT_0213","kind":"T","degree":3,"road_types":["residential"]},"geometry":{"type":"Point","coordinates":[245.5,175.5]}},{"type":"Feature","properties":{"id":"LC_JCT_0214","kind":"angled","degree":3,"road_types":["residential","urban_street"]},"geometry":{"type":"Point","coordinates":[245.5,203.5]}},{"type":"Feature","properties":{"id":"LC_JCT_0215","kind":"T","degree":3,"road_types":["residential"]},"geometry":{"type":"Point","coordinates":[246.5,199.5]}},{"type":"Feature","properties":{"id":"LC_JCT_0216","kind":"T","degree":3,"road_types":["residential"]},"geometry":{"type":"Point","coordinates":[248.5,177.5]}},{"type":"Feature","properties":{"id":"LC_JCT_0217","kind":"city","degree":3,"road_types":["urban_street"]},"geometry":{"type":"Point","coordinates":[249.5,214.5]}},{"type":"Feature","properties":{"id":"LC_JCT_0218","kind":"angled","degree":3,"road_types":["urban_street"]},"geometry":{"type":"Point","coordinates":[249.5,218.5]}},{"type":"Feature","properties":{"id":"LC_JCT_0219","kind":"city","degree":3,"road_types":["urban_street"]},"geometry":{"type":"Point","coordinates":[251.5,219.5]}},{"type":"Feature","properties":{"id":"LC_JCT_0220","kind":"T","degree":3,"road_types":["residential"]},"geometry":{"type":"Point","coordinates":[254.5,178.5]}},{"type":"Feature","properties":{"id":"LC_JCT_0221","kind":"angled","degree":3,"road_types":["residential"]},"geometry":{"type":"Point","coordinates":[254.5,197.5]}},{"type":"Feature","properties":{"id":"LC_JCT_0222","kind":"T","degree":3,"road_types":["residential"]},"geometry":{"type":"Point","coordinates":[255.5,191.5]}},{"type":"Feature","properties":{"id":"LC_JCT_0223","kind":"T","degree":3,"road_types":["residential"]},"geometry":{"type":"Point","coordinates":[260.5,178.5]}},{"type":"Feature","properties":{"id":"LC_JCT_0224","kind":"angled","degree":3,"road_types":["residential"]},"geometry":{"type":"Point","coordinates":[263.5,191.5]}},{"type":"Feature","properties":{"id":"LC_JCT_0225","kind":"angled","degree":3,"road_types":["urban_street"]},"geometry":{"type":"Point","coordinates":[264.5,219.5]}},{"type":"Feature","properties":{"id":"LC_JCT_0226","kind":"angled","degree":3,"road_types":["urban_street"]},"geometry":{"type":"Point","coordinates":[265.5,218.5]}},{"type":"Feature","properties":{"id":"LC_JCT_0227","kind":"angled","degree":3,"road_types":["residential"]},"geometry":{"type":"Point","coordinates":[270.5,197.5]}},{"type":"Feature","properties":{"id":"LC_JCT_0228","kind":"angled","degree":3,"road_types":["urban_street"]},"geometry":{"type":"Point","coordinates":[274.5,220.5]}},{"type":"Feature","properties":{"id":"LC_JCT_0229","kind":"T","degree":3,"road_types":["residential"]},"geometry":{"type":"Point","coordinates":[276.5,197.5]}},{"type":"Feature","properties":{"id":"LC_JCT_0230","kind":"T","degree":3,"road_types":["residential"]},"geometry":{"type":"Point","coordinates":[283.5,176.5]}},{"type":"Feature","properties":{"id":"LC_JCT_0231","kind":"angled","degree":3,"road_types":["residential"]},"geometry":{"type":"Point","coordinates":[283.5,181.5]}},{"type":"Feature","properties":{"id":"LC_JCT_0232","kind":"T","degree":3,"road_types":["residential"]},"geometry":{"type":"Point","coordinates":[286.5,181.5]}},{"type":"Feature","properties":{"id":"LC_JCT_0233","kind":"T","degree":3,"road_types":["residential"]},"geometry":{"type":"Point","coordinates":[291.5,199.5]}},{"type":"Feature","properties":{"id":"LC_JCT_0234","kind":"angled","degree":3,"road_types":["residential"]},"geometry":{"type":"Point","coordinates":[291.5,196.5]}},{"type":"Feature","properties":{"id":"LC_JCT_0235","kind":"T","degree":3,"road_types":["residential"]},"geometry":{"type":"Point","coordinates":[299.5,183.5]}},{"type":"Feature","properties":{"id":"LC_JCT_0236","kind":"T","degree":3,"road_types":["residential"]},"geometry":{"type":"Point","coordinates":[299.5,186.5]}},{"type":"Feature","properties":{"id":"LC_JCT_0237","kind":"city","degree":4,"road_types":["residential","urban_street"]},"geometry":{"type":"Point","coordinates":[304.5,208.5]}},{"type":"Feature","properties":{"id":"LC_JCT_0238","kind":"city","degree":3,"road_types":["residential","urban_street"]},"geometry":{"type":"Point","coordinates":[304.5,215.5]}},{"type":"Feature","properties":{"id":"LC_JCT_0239","kind":"angled","degree":3,"road_types":["residential"]},"geometry":{"type":"Point","coordinates":[308.5,191.5]}},{"type":"Feature","properties":{"id":"LC_JCT_0240","kind":"T","degree":3,"road_types":["residential"]},"geometry":{"type":"Point","coordinates":[316.5,206.5]}},{"type":"Feature","properties":{"id":"LC_JCT_0241","kind":"angled","degree":3,"road_types":["residential"]},"geometry":{"type":"Point","coordinates":[317.5,177.5]}},{"type":"Feature","properties":{"id":"LC_JCT_0242","kind":"T","degree":3,"road_types":["residential"]},"geometry":{"type":"Point","coordinates":[319.12,195.32]}},{"type":"Feature","properties":{"id":"LC_JCT_0243","kind":"angled","degree":3,"road_types":["residential"]},"geometry":{"type":"Point","coordinates":[319.5,200.5]}},{"type":"Feature","properties":{"id":"LC_JCT_0244","kind":"fork","degree":3,"road_types":["residential"]},"geometry":{"type":"Point","coordinates":[327.5,196.5]}},{"type":"Feature","properties":{"id":"LC_JCT_0245","kind":"angled","degree":4,"road_types":["residential"]},"geometry":{"type":"Point","coordinates":[334.64,199.24]}},{"type":"Feature","properties":{"id":"LC_JCT_0246","kind":"angled","degree":4,"road_types":["residential"]},"geometry":{"type":"Point","coordinates":[337.5,223.5]}},{"type":"Feature","properties":{"id":"LC_JCT_0247","kind":"angled","degree":3,"road_types":["residential"]},"geometry":{"type":"Point","coordinates":[338.5,222.5]}},{"type":"Feature","properties":{"id":"LC_JCT_0248","kind":"T","degree":3,"road_types":["residential"]},"geometry":{"type":"Point","coordinates":[344.5,201.5]}},{"type":"Feature","properties":{"id":"LC_JCT_0249","kind":"T","degree":3,"road_types":["residential"]},"geometry":{"type":"Point","coordinates":[348.33,176.82]}},{"type":"Feature","properties":{"id":"LC_JCT_0250","kind":"city","degree":4,"road_types":["residential","urban_street"]},"geometry":{"type":"Point","coordinates":[351.5,224.5]}},{"type":"Feature","properties":{"id":"LC_JCT_0251","kind":"angled","degree":3,"road_types":["residential"]},"geometry":{"type":"Point","coordinates":[367.5,210.5]}},{"type":"Feature","properties":{"id":"LC_JCT_0252","kind":"T","degree":3,"road_types":["residential"]},"geometry":{"type":"Point","coordinates":[377.5,216.5]}},{"type":"Feature","properties":{"id":"LC_JCT_0253","kind":"end","degree":1,"road_types":["residential"]},"geometry":{"type":"Point","coordinates":[382.5,213.5]}},{"type":"Feature","properties":{"id":"LC_JCT_0254","kind":"angled","degree":3,"road_types":["residential"]},"geometry":{"type":"Point","coordinates":[384.62,183.61]}},{"type":"Feature","properties":{"id":"LC_JCT_0255","kind":"end","degree":1,"road_types":["residential"]},"geometry":{"type":"Point","coordinates":[393.5,186.5]}},{"type":"Feature","properties":{"id":"RU_JCT_0119","kind":"type_change","degree":2,"road_types":["rural"]},"geometry":{"type":"Point","coordinates":[502.5,199.5]}},{"type":"Feature","properties":{"id":"RU_JCT_0120","kind":"end","degree":1,"road_types":["rural"]},"geometry":{"type":"Point","coordinates":[527.5,179.5]}},{"type":"Feature","properties":{"id":"RU_JCT_0121","kind":"angled","degree":3,"road_types":["rural"]},"geometry":{"type":"Point","coordinates":[770.5,217.5]}},{"type":"Feature","properties":{"id":"RU_JCT_0122","kind":"end","degree":1,"road_types":["rural"]},"geometry":{"type":"Point","coordinates":[854.5,191.5]}},{"type":"Feature","properties":{"id":"RU_JCT_0123","kind":"T","degree":3,"road_types":["rural"]},"geometry":{"type":"Point","coordinates":[866.5,181.5]}},{"type":"Feature","properties":{"id":"RU_JCT_0124","kind":"end","degree":1,"road_types":["rural"]},"geometry":{"type":"Point","coordinates":[875.5,218.5]}},{"type":"Feature","properties":{"id":"RU_JCT_0125","kind":"angled","degree":3,"road_types":["rural"]},"geometry":{"type":"Point","coordinates":[884.5,210.5]}},{"type":"Feature","properties":{"id":"RU_JCT_0126","kind":"angled","degree":3,"road_types":["rural"]},"geometry":{"type":"Point","coordinates":[887.22,198.26]}},{"type":"Feature","properties":{"id":"RU_JCT_0127","kind":"T","degree":3,"road_types":["rural"]},"geometry":{"type":"Point","coordinates":[890.5,220.5]}},{"type":"Feature","properties":{"id":"RU_JCT_0128","kind":"angled","degree":3,"road_types":["rural"]},"geometry":{"type":"Point","coordinates":[898.5,219.5]}},{"type":"Feature","properties":{"id":"RU_JCT_0129","kind":"angled","degree":3,"road_types":["rural"]},"geometry":{"type":"Point","coordinates":[905.5,209.5]}},{"type":"Feature","properties":{"id":"RU_JCT_0130","kind":"end","degree":1,"road_types":["rural"]},"geometry":{"type":"Point","coordinates":[928.5,199.5]}},{"type":"Feature","properties":{"id":"RU_JCT_0131","kind":"end","degree":1,"road_types":["residential"]},"geometry":{"type":"Point","coordinates":[1091.5,204.5]}},{"type":"Feature","properties":{"id":"HR_JCT_0001","kind":"fork","degree":3,"road_types":["residential","rural"]},"geometry":{"type":"Point","coordinates":[1101.7,206.88]}},{"type":"Feature","properties":{"id":"HR_JCT_0002","kind":"T","degree":3,"road_types":["residential","rural"]},"geometry":{"type":"Point","coordinates":[1106.5,220.5]}},{"type":"Feature","properties":{"id":"RU_JCT_0132","kind":"end","degree":1,"road_types":["rural"]},"geometry":{"type":"Point","coordinates":[1112.5,179.5]}},{"type":"Feature","properties":{"id":"HR_JCT_0003","kind":"T","degree":3,"road_types":["residential"]},"geometry":{"type":"Point","coordinates":[1114.5,221.5]}},{"type":"Feature","properties":{"id":"HR_JCT_0004","kind":"T","degree":3,"road_types":["residential"]},"geometry":{"type":"Point","coordinates":[1116.5,221.5]}},{"type":"Feature","properties":{"id":"HR_JCT_0005","kind":"end","degree":1,"road_types":["residential"]},"geometry":{"type":"Point","coordinates":[1121.5,210.5]}},{"type":"Feature","properties":{"id":"RU_JCT_0133","kind":"fork","degree":3,"road_types":["rural"]},"geometry":{"type":"Point","coordinates":[1272.24,177.3]}},{"type":"Feature","properties":{"id":"RU_JCT_0134","kind":"fork","degree":3,"road_types":["rural"]},"geometry":{"type":"Point","coordinates":[1275.16,184.39]}},{"type":"Feature","properties":{"id":"RU_JCT_0135","kind":"fork","degree":3,"road_types":["rural"]},"geometry":{"type":"Point","coordinates":[1295.5,192.5]}},{"type":"Feature","properties":{"id":"RU_JCT_0136","kind":"angled","degree":3,"road_types":["rural"]},"geometry":{"type":"Point","coordinates":[1306.5,193.5]}},{"type":"Feature","properties":{"id":"RU_JCT_0137","kind":"end","degree":1,"road_types":["rural"]},"geometry":{"type":"Point","coordinates":[1321.5,203.5]}},{"type":"Feature","properties":{"id":"TV_JCT_0198","kind":"end","degree":1,"road_types":["residential"]},"geometry":{"type":"Point","coordinates":[1350.5,214.5]}},{"type":"Feature","properties":{"id":"TV_JCT_0199","kind":"angled","degree":3,"road_types":["residential"]},"geometry":{"type":"Point","coordinates":[1357.5,215.5]}},{"type":"Feature","properties":{"id":"TV_JCT_0200","kind":"T","degree":3,"road_types":["residential"]},"geometry":{"type":"Point","coordinates":[1361.5,189.5]}},{"type":"Feature","properties":{"id":"TV_JCT_0201","kind":"T","degree":3,"road_types":["residential"]},"geometry":{"type":"Point","coordinates":[1366.5,199.5]}},{"type":"Feature","properties":{"id":"TV_JCT_0202","kind":"angled","degree":3,"road_types":["residential"]},"geometry":{"type":"Point","coordinates":[1368.5,212.5]}},{"type":"Feature","properties":{"id":"TV_JCT_0203","kind":"T","degree":3,"road_types":["residential"]},"geometry":{"type":"Point","coordinates":[1369.5,213.5]}},{"type":"Feature","properties":{"id":"TV_JCT_0204","kind":"T","degree":3,"road_types":["residential"]},"geometry":{"type":"Point","coordinates":[1376.5,192.5]}},{"type":"Feature","properties":{"id":"TV_JCT_0205","kind":"angled","degree":3,"road_types":["residential"]},"geometry":{"type":"Point","coordinates":[1376.5,194.5]}},{"type":"Feature","properties":{"id":"TV_JCT_0206","kind":"T","degree":3,"road_types":["residential"]},"geometry":{"type":"Point","coordinates":[1379.5,220.5]}},{"type":"Feature","properties":{"id":"TV_JCT_0207","kind":"end","degree":1,"road_types":["residential"]},"geometry":{"type":"Point","coordinates":[1382.5,181.5]}},{"type":"Feature","properties":{"id":"TV_JCT_0208","kind":"angled","degree":3,"road_types":["residential"]},"geometry":{"type":"Point","coordinates":[1387.5,220.5]}},{"type":"Feature","properties":{"id":"TV_JCT_0209","kind":"T","degree":3,"road_types":["residential"]},"geometry":{"type":"Point","coordinates":[1395.5,204.5]}},{"type":"Feature","properties":{"id":"TV_JCT_0210","kind":"end","degree":1,"road_types":["residential"]},"geometry":{"type":"Point","coordinates":[1406.5,203.5]}},{"type":"Feature","properties":{"id":"TV_JCT_0211","kind":"end","degree":1,"road_types":["residential"]},"geometry":{"type":"Point","coordinates":[1467.5,190.5]}},{"type":"Feature","properties":{"id":"TV_JCT_0212","kind":"angled","degree":3,"road_types":["residential"]},"geometry":{"type":"Point","coordinates":[1479.5,198.5]}},{"type":"Feature","properties":{"id":"TV_JCT_0213","kind":"end","degree":1,"road_types":["residential"]},"geometry":{"type":"Point","coordinates":[1481.5,187.5]}},{"type":"Feature","properties":{"id":"TV_JCT_0214","kind":"end","degree":1,"road_types":["residential"]},"geometry":{"type":"Point","coordinates":[1482.5,204.5]}},{"type":"Feature","properties":{"id":"TV_JCT_0215","kind":"end","degree":1,"road_types":["residential"]},"geometry":{"type":"Point","coordinates":[1518.5,207.5]}},{"type":"Feature","properties":{"id":"TV_JCT_0216","kind":"angled","degree":3,"road_types":["residential"]},"geometry":{"type":"Point","coordinates":[1525.5,209.5]}},{"type":"Feature","properties":{"id":"TV_JCT_0217","kind":"end","degree":1,"road_types":["residential"]},"geometry":{"type":"Point","coordinates":[1531.5,205.5]}},{"type":"Feature","properties":{"id":"TV_JCT_0218","kind":"angled","degree":3,"road_types":["residential"]},"geometry":{"type":"Point","coordinates":[1587.5,214.5]}},{"type":"Feature","properties":{"id":"TV_JCT_0219","kind":"T","degree":3,"road_types":["residential"]},"geometry":{"type":"Point","coordinates":[1587.5,217.5]}},{"type":"Feature","properties":{"id":"TV_JCT_0220","kind":"city","degree":3,"road_types":["residential","urban_street"]},"geometry":{"type":"Point","coordinates":[1590.5,207.5]}},{"type":"Feature","properties":{"id":"TV_JCT_0221","kind":"T","degree":3,"road_types":["residential"]},"geometry":{"type":"Point","coordinates":[1590.5,213.5]}},{"type":"Feature","properties":{"id":"TV_JCT_0222","kind":"angled","degree":3,"road_types":["residential","urban_street"]},"geometry":{"type":"Point","coordinates":[1594.5,213.5]}},{"type":"Feature","properties":{"id":"TV_JCT_0223","kind":"city","degree":3,"road_types":["highway","urban_street"]},"geometry":{"type":"Point","coordinates":[1598.92,224.83]}},{"type":"Feature","properties":{"id":"TV_JCT_0224","kind":"end","degree":1,"road_types":["urban_street"]},"geometry":{"type":"Point","coordinates":[1619.5,201.5]}},{"type":"Feature","properties":{"id":"TV_JCT_0225","kind":"end","degree":1,"road_types":["urban_street"]},"geometry":{"type":"Point","coordinates":[1619.5,222.5]}},{"type":"Feature","properties":{"id":"TV_JCT_0226","kind":"city","degree":3,"road_types":["highway","urban_street"]},"geometry":{"type":"Point","coordinates":[1624.52,215.36]}},{"type":"Feature","properties":{"id":"TV_JCT_0227","kind":"end","degree":1,"road_types":["urban_street"]},"geometry":{"type":"Point","coordinates":[1626.5,189.5]}},{"type":"Feature","properties":{"id":"TV_JCT_0228","kind":"city","degree":3,"road_types":["urban_street"]},"geometry":{"type":"Point","coordinates":[1631.5,195.5]}},{"type":"Feature","properties":{"id":"TV_JCT_0229","kind":"end","degree":1,"road_types":["highway"]},"geometry":{"type":"Point","coordinates":[1632.0,210.0]}},{"type":"Feature","properties":{"id":"TV_JCT_0230","kind":"city","degree":3,"road_types":["urban_street"]},"geometry":{"type":"Point","coordinates":[1638.5,206.5]}},{"type":"Feature","properties":{"id":"TV_JCT_0231","kind":"angled","degree":3,"road_types":["urban_street"]},"geometry":{"type":"Point","coordinates":[1639.5,190.5]}},{"type":"Feature","properties":{"id":"TV_JCT_0232","kind":"city","degree":4,"road_types":["urban_street"]},"geometry":{"type":"Point","coordinates":[1642.62,216.65]}},{"type":"Feature","properties":{"id":"TV_JCT_0233","kind":"city","degree":4,"road_types":["urban_street"]},"geometry":{"type":"Point","coordinates":[1644.83,218.95]}},{"type":"Feature","properties":{"id":"TV_JCT_0234","kind":"city","degree":3,"road_types":["urban_street"]},"geometry":{"type":"Point","coordinates":[1646.5,190.5]}},{"type":"Feature","properties":{"id":"TV_JCT_0235","kind":"city","degree":3,"road_types":["urban_street"]},"geometry":{"type":"Point","coordinates":[1646.74,203.71]}},{"type":"Feature","properties":{"id":"TV_JCT_0236","kind":"fork","degree":3,"road_types":["urban_street"]},"geometry":{"type":"Point","coordinates":[1651.5,222.5]}},{"type":"Feature","properties":{"id":"TV_JCT_0237","kind":"city","degree":3,"road_types":["urban_street"]},"geometry":{"type":"Point","coordinates":[1655.5,190.5]}},{"type":"Feature","properties":{"id":"TV_JCT_0238","kind":"city","degree":3,"road_types":["urban_street"]},"geometry":{"type":"Point","coordinates":[1657.5,204.5]}},{"type":"Feature","properties":{"id":"TV_JCT_0239","kind":"city","degree":3,"road_types":["urban_street"]},"geometry":{"type":"Point","coordinates":[1659.5,204.5]}},{"type":"Feature","properties":{"id":"TV_JCT_0240","kind":"city","degree":4,"road_types":["urban_street"]},"geometry":{"type":"Point","coordinates":[1660.5,215.5]}},{"type":"Feature","properties":{"id":"TV_JCT_0241","kind":"angled","degree":3,"road_types":["urban_street"]},"geometry":{"type":"Point","coordinates":[1664.5,187.5]}},{"type":"Feature","properties":{"id":"TV_JCT_0242","kind":"city","degree":3,"road_types":["urban_street"]},"geometry":{"type":"Point","coordinates":[1665.5,177.5]}},{"type":"Feature","properties":{"id":"TV_JCT_0243","kind":"city","degree":3,"road_types":["urban_street"]},"geometry":{"type":"Point","coordinates":[1669.5,214.5]}},{"type":"Feature","properties":{"id":"TV_JCT_0244","kind":"city","degree":3,"road_types":["urban_street"]},"geometry":{"type":"Point","coordinates":[1670.85,219.18]}},{"type":"Feature","properties":{"id":"TV_JCT_0245","kind":"city","degree":3,"road_types":["urban_street"]},"geometry":{"type":"Point","coordinates":[1673.5,190.5]}},{"type":"Feature","properties":{"id":"TV_JCT_0246","kind":"angled","degree":3,"road_types":["urban_street"]},"geometry":{"type":"Point","coordinates":[1674.5,181.5]}},{"type":"Feature","properties":{"id":"TV_JCT_0247","kind":"angled","degree":3,"road_types":["urban_street"]},"geometry":{"type":"Point","coordinates":[1674.5,194.5]}},{"type":"Feature","properties":{"id":"TV_JCT_0248","kind":"angled","degree":3,"road_types":["urban_street"]},"geometry":{"type":"Point","coordinates":[1677.5,178.5]}},{"type":"Feature","properties":{"id":"TV_JCT_0249","kind":"angled","degree":3,"road_types":["urban_street"]},"geometry":{"type":"Point","coordinates":[1682.5,195.5]}},{"type":"Feature","properties":{"id":"TV_JCT_0250","kind":"city","degree":3,"road_types":["urban_street"]},"geometry":{"type":"Point","coordinates":[1682.5,200.5]}},{"type":"Feature","properties":{"id":"TV_JCT_0251","kind":"angled","degree":3,"road_types":["urban_street"]},"geometry":{"type":"Point","coordinates":[1683.2,205.63]}},{"type":"Feature","properties":{"id":"TV_JCT_0252","kind":"angled","degree":3,"road_types":["urban_street"]},"geometry":{"type":"Point","coordinates":[1690.5,182.5]}},{"type":"Feature","properties":{"id":"TV_JCT_0253","kind":"angled","degree":3,"road_types":["urban_street"]},"geometry":{"type":"Point","coordinates":[1690.5,190.5]}},{"type":"Feature","properties":{"id":"TV_JCT_0254","kind":"angled","degree":3,"road_types":["urban_street"]},"geometry":{"type":"Point","coordinates":[1692.5,187.5]}},{"type":"Feature","properties":{"id":"TV_JCT_0255","kind":"city","degree":3,"road_types":["urban_street"]},"geometry":{"type":"Point","coordinates":[1692.5,198.5]}},{"type":"Feature","properties":{"id":"TV_JCT_0256","kind":"angled","degree":3,"road_types":["urban_street"]},"geometry":{"type":"Point","coordinates":[1694.5,175.5]}},{"type":"Feature","properties":{"id":"TV_JCT_0257","kind":"city","degree":3,"road_types":["urban_street"]},"geometry":{"type":"Point","coordinates":[1694.5,198.5]}},{"type":"Feature","properties":{"id":"TV_JCT_0258","kind":"city","degree":3,"road_types":["urban_street"]},"geometry":{"type":"Point","coordinates":[1694.5,209.5]}},{"type":"Feature","properties":{"id":"TV_JCT_0259","kind":"angled","degree":3,"road_types":["urban_street"]},"geometry":{"type":"Point","coordinates":[1695.5,222.5]}},{"type":"Feature","properties":{"id":"TV_JCT_0260","kind":"city","degree":3,"road_types":["urban_street"]},"geometry":{"type":"Point","coordinates":[1696.5,175.5]}},{"type":"Feature","properties":{"id":"TV_JCT_0261","kind":"city","degree":3,"road_types":["urban_street"]},"geometry":{"type":"Point","coordinates":[1696.5,209.5]}},{"type":"Feature","properties":{"id":"TV_JCT_0262","kind":"city","degree":3,"road_types":["urban_street"]},"geometry":{"type":"Point","coordinates":[1698.5,224.5]}},{"type":"Feature","properties":{"id":"TV_JCT_0263","kind":"angled","degree":3,"road_types":["urban_street"]},"geometry":{"type":"Point","coordinates":[1700.5,183.5]}},{"type":"Feature","properties":{"id":"TV_JCT_0264","kind":"city","degree":3,"road_types":["urban_street"]},"geometry":{"type":"Point","coordinates":[1700.5,187.5]}},{"type":"Feature","properties":{"id":"TV_JCT_0265","kind":"angled","degree":3,"road_types":["urban_street"]},"geometry":{"type":"Point","coordinates":[1700.5,196.5]}},{"type":"Feature","properties":{"id":"TV_JCT_0266","kind":"angled","degree":3,"road_types":["urban_street"]},"geometry":{"type":"Point","coordinates":[1702.5,175.5]}},{"type":"Feature","properties":{"id":"TV_JCT_0267","kind":"city","degree":3,"road_types":["urban_street"]},"geometry":{"type":"Point","coordinates":[1702.5,208.5]}},{"type":"Feature","properties":{"id":"TV_JCT_0268","kind":"city","degree":3,"road_types":["urban_street"]},"geometry":{"type":"Point","coordinates":[1703.5,183.5]}},{"type":"Feature","properties":{"id":"TV_JCT_0269","kind":"city","degree":3,"road_types":["urban_street"]},"geometry":{"type":"Point","coordinates":[1709.5,195.5]}},{"type":"Feature","properties":{"id":"TV_JCT_0270","kind":"city","degree":3,"road_types":["urban_street"]},"geometry":{"type":"Point","coordinates":[1709.5,205.5]}},{"type":"Feature","properties":{"id":"TV_JCT_0271","kind":"city","degree":3,"road_types":["urban_street"]},"geometry":{"type":"Point","coordinates":[1714.5,182.5]}},{"type":"Feature","properties":{"id":"TV_JCT_0272","kind":"city","degree":3,"road_types":["urban_street"]},"geometry":{"type":"Point","coordinates":[1714.5,189.5]}},{"type":"Feature","properties":{"id":"TV_JCT_0273","kind":"city","degree":3,"road_types":["urban_street"]},"geometry":{"type":"Point","coordinates":[1714.5,195.5]}},{"type":"Feature","properties":{"id":"TV_JCT_0274","kind":"city","degree":3,"road_types":["urban_street"]},"geometry":{"type":"Point","coordinates":[1716.5,205.5]}},{"type":"Feature","properties":{"id":"TV_JCT_0275","kind":"city","degree":3,"road_types":["urban_street"]},"geometry":{"type":"Point","coordinates":[1718.5,205.5]}},{"type":"Feature","properties":{"id":"TV_JCT_0276","kind":"angled","degree":3,"road_types":["urban_street"]},"geometry":{"type":"Point","coordinates":[1722.5,177.5]}},{"type":"Feature","properties":{"id":"TV_JCT_0277","kind":"angled","degree":3,"road_types":["urban_street"]},"geometry":{"type":"Point","coordinates":[1723.5,218.5]}},{"type":"Feature","properties":{"id":"TV_JCT_0278","kind":"angled","degree":3,"road_types":["urban_street"]},"geometry":{"type":"Point","coordinates":[1726.5,218.5]}},{"type":"Feature","properties":{"id":"TV_JCT_0279","kind":"city","degree":3,"road_types":["urban_street"]},"geometry":{"type":"Point","coordinates":[1728.5,188.5]}},{"type":"Feature","properties":{"id":"TV_JCT_0280","kind":"city","degree":3,"road_types":["urban_street"]},"geometry":{"type":"Point","coordinates":[1729.5,177.5]}},{"type":"Feature","properties":{"id":"TV_JCT_0281","kind":"city","degree":3,"road_types":["urban_street"]},"geometry":{"type":"Point","coordinates":[1730.5,201.5]}},{"type":"Feature","properties":{"id":"TV_JCT_0282","kind":"city","degree":3,"road_types":["urban_street"]},"geometry":{"type":"Point","coordinates":[1730.5,203.5]}},{"type":"Feature","properties":{"id":"TV_JCT_0283","kind":"angled","degree":3,"road_types":["urban_street"]},"geometry":{"type":"Point","coordinates":[1731.5,189.5]}},{"type":"Feature","properties":{"id":"TV_JCT_0284","kind":"city","degree":3,"road_types":["urban_street"]},"geometry":{"type":"Point","coordinates":[1733.5,175.5]}},{"type":"Feature","properties":{"id":"TV_JCT_0285","kind":"angled","degree":3,"road_types":["urban_street"]},"geometry":{"type":"Point","coordinates":[1733.5,211.5]}},{"type":"Feature","properties":{"id":"TV_JCT_0286","kind":"city","degree":3,"road_types":["urban_street"]},"geometry":{"type":"Point","coordinates":[1737.5,211.5]}},{"type":"Feature","properties":{"id":"TV_JCT_0287","kind":"city","degree":3,"road_types":["urban_street"]},"geometry":{"type":"Point","coordinates":[1738.5,201.5]}},{"type":"Feature","properties":{"id":"TV_JCT_0288","kind":"angled","degree":3,"road_types":["urban_street"]},"geometry":{"type":"Point","coordinates":[1740.5,212.5]}},{"type":"Feature","properties":{"id":"TV_JCT_0289","kind":"city","degree":3,"road_types":["urban_street"]},"geometry":{"type":"Point","coordinates":[1743.5,224.5]}},{"type":"Feature","properties":{"id":"TV_JCT_0290","kind":"city","degree":3,"road_types":["urban_street"]},"geometry":{"type":"Point","coordinates":[1744.5,201.5]}},{"type":"Feature","properties":{"id":"TV_JCT_0291","kind":"angled","degree":3,"road_types":["urban_street"]},"geometry":{"type":"Point","coordinates":[1746.5,182.5]}},{"type":"Feature","properties":{"id":"TV_JCT_0292","kind":"city","degree":3,"road_types":["urban_street"]},"geometry":{"type":"Point","coordinates":[1753.5,200.5]}},{"type":"Feature","properties":{"id":"TV_JCT_0293","kind":"angled","degree":3,"road_types":["urban_street"]},"geometry":{"type":"Point","coordinates":[1781.5,179.5]}},{"type":"Feature","properties":{"id":"TV_JCT_0294","kind":"fork","degree":3,"road_types":["urban_street"]},"geometry":{"type":"Point","coordinates":[1785.5,222.5]}},{"type":"Feature","properties":{"id":"TV_JCT_0295","kind":"city","degree":3,"road_types":["urban_street"]},"geometry":{"type":"Point","coordinates":[1790.5,200.5]}},{"type":"Feature","properties":{"id":"TV_JCT_0296","kind":"city","degree":3,"road_types":["urban_street"]},"geometry":{"type":"Point","coordinates":[1794.5,192.5]}},{"type":"Feature","properties":{"id":"TV_JCT_0297","kind":"city","degree":3,"road_types":["urban_street"]},"geometry":{"type":"Point","coordinates":[1796.5,196.5]}},{"type":"Feature","properties":{"id":"TV_JCT_0298","kind":"city","degree":3,"road_types":["urban_street"]},"geometry":{"type":"Point","coordinates":[1796.5,200.5]}},{"type":"Feature","properties":{"id":"TV_JCT_0299","kind":"city","degree":3,"road_types":["urban_street"]},"geometry":{"type":"Point","coordinates":[1798.5,177.5]}},{"type":"Feature","properties":{"id":"TV_JCT_0300","kind":"city","degree":3,"road_types":["urban_street"]},"geometry":{"type":"Point","coordinates":[1805.5,176.5]}},{"type":"Feature","properties":{"id":"TV_JCT_0301","kind":"city","degree":3,"road_types":["urban_street"]},"geometry":{"type":"Point","coordinates":[1806.5,181.5]}},{"type":"Feature","properties":{"id":"TV_JCT_0302","kind":"city","degree":4,"road_types":["urban_street"]},"geometry":{"type":"Point","coordinates":[1807.5,193.5]}},{"type":"Feature","properties":{"id":"TV_JCT_0303","kind":"city","degree":3,"road_types":["urban_street"]},"geometry":{"type":"Point","coordinates":[1807.5,203.5]}},{"type":"Feature","properties":{"id":"TV_JCT_0304","kind":"angled","degree":3,"road_types":["urban_street"]},"geometry":{"type":"Point","coordinates":[1808.5,205.5]}},{"type":"Feature","properties":{"id":"TV_JCT_0305","kind":"city","degree":3,"road_types":["urban_street"]},"geometry":{"type":"Point","coordinates":[1809.5,215.5]}},{"type":"Feature","properties":{"id":"TV_JCT_0306","kind":"fork","degree":3,"road_types":["urban_street"]},"geometry":{"type":"Point","coordinates":[1816.65,187.12]}},{"type":"Feature","properties":{"id":"TV_JCT_0307","kind":"T","degree":3,"road_types":["residential"]},"geometry":{"type":"Point","coordinates":[1818.5,177.5]}},{"type":"Feature","properties":{"id":"TV_JCT_0308","kind":"city","degree":4,"road_types":["urban_street"]},"geometry":{"type":"Point","coordinates":[1821.63,196.8]}},{"type":"Feature","properties":{"id":"TV_JCT_0309","kind":"angled","degree":3,"road_types":["residential","urban_street"]},"geometry":{"type":"Point","coordinates":[1822.5,180.5]}},{"type":"Feature","properties":{"id":"TV_JCT_0310","kind":"angled","degree":3,"road_types":["residential"]},"geometry":{"type":"Point","coordinates":[1825.5,180.5]}},{"type":"Feature","properties":{"id":"TV_JCT_0311","kind":"angled","degree":3,"road_types":["urban_street"]},"geometry":{"type":"Point","coordinates":[1826.5,200.5]}},{"type":"Feature","properties":{"id":"TV_JCT_0312","kind":"city","degree":3,"road_types":["residential","urban_street"]},"geometry":{"type":"Point","coordinates":[1828.5,210.5]}},{"type":"Feature","properties":{"id":"TV_JCT_0313","kind":"angled","degree":3,"road_types":["residential"]},"geometry":{"type":"Point","coordinates":[1831.5,188.5]}},{"type":"Feature","properties":{"id":"TV_JCT_0314","kind":"city","degree":4,"road_types":["residential","urban_street"]},"geometry":{"type":"Point","coordinates":[1831.5,197.5]}},{"type":"Feature","properties":{"id":"TV_JCT_0315","kind":"T","degree":3,"road_types":["residential"]},"geometry":{"type":"Point","coordinates":[1841.5,176.5]}},{"type":"Feature","properties":{"id":"TV_JCT_0316","kind":"angled","degree":3,"road_types":["residential"]},"geometry":{"type":"Point","coordinates":[1841.5,178.5]}},{"type":"Feature","properties":{"id":"TV_JCT_0317","kind":"angled","degree":3,"road_types":["residential"]},"geometry":{"type":"Point","coordinates":[1845.5,178.5]}},{"type":"Feature","properties":{"id":"TV_JCT_0318","kind":"end","degree":1,"road_types":["residential"]},"geometry":{"type":"Point","coordinates":[1849.5,194.67]}},{"type":"Feature","properties":{"id":"TV_JCT_0319","kind":"T","degree":3,"road_types":["residential"]},"geometry":{"type":"Point","coordinates":[1856.24,182.85]}},{"type":"Feature","properties":{"id":"TV_JCT_0320","kind":"T","degree":3,"road_types":["residential"]},"geometry":{"type":"Point","coordinates":[1885.5,221.5]}},{"type":"Feature","properties":{"id":"TV_JCT_0321","kind":"angled","degree":3,"road_types":["residential"]},"geometry":{"type":"Point","coordinates":[1892.5,219.5]}},{"type":"Feature","properties":{"id":"TV_JCT_0322","kind":"T","degree":3,"road_types":["residential"]},"geometry":{"type":"Point","coordinates":[1905.5,212.5]}},{"type":"Feature","properties":{"id":"TV_JCT_0323","kind":"angled","degree":3,"road_types":["residential"]},"geometry":{"type":"Point","coordinates":[1907.5,217.5]}},{"type":"Feature","properties":{"id":"TV_JCT_0324","kind":"angled","degree":3,"road_types":["residential"]},"geometry":{"type":"Point","coordinates":[1913.5,211.5]}},{"type":"Feature","properties":{"id":"TV_JCT_0325","kind":"angled","degree":3,"road_types":["residential"]},"geometry":{"type":"Point","coordinates":[1913.5,214.5]}},{"type":"Feature","properties":{"id":"TV_JCT_0326","kind":"T","degree":3,"road_types":["residential"]},"geometry":{"type":"Point","coordinates":[1922.86,203.3]}},{"type":"Feature","properties":{"id":"TV_JCT_0327","kind":"end","degree":1,"road_types":["residential"]},"geometry":{"type":"Point","coordinates":[1930.5,195.5]}},{"type":"Feature","properties":{"id":"TV_JCT_0328","kind":"T","degree":3,"road_types":["residential"]},"geometry":{"type":"Point","coordinates":[1936.5,223.5]}},{"type":"Feature","properties":{"id":"TV_JCT_0329","kind":"angled","degree":3,"road_types":["residential"]},"geometry":{"type":"Point","coordinates":[1945.5,221.5]}},{"type":"Feature","properties":{"id":"TV_JCT_0330","kind":"T","degree":3,"road_types":["residential"]},"geometry":{"type":"Point","coordinates":[1946.5,218.5]}},{"type":"Feature","properties":{"id":"TV_JCT_0331","kind":"T","degree":3,"road_types":["residential"]},"geometry":{"type":"Point","coordinates":[1952.5,212.5]}},{"type":"Feature","properties":{"id":"TV_JCT_0332","kind":"T","degree":3,"road_types":["residential"]},"geometry":{"type":"Point","coordinates":[1952.5,218.5]}},{"type":"Feature","properties":{"id":"TV_JCT_0333","kind":"angled","degree":3,"road_types":["residential"]},"geometry":{"type":"Point","coordinates":[1952.5,223.5]}},{"type":"Feature","properties":{"id":"TV_JCT_0334","kind":"fork","degree":3,"road_types":["residential"]},"geometry":{"type":"Point","coordinates":[1961.5,211.5]}},{"type":"Feature","properties":{"id":"TV_JCT_0335","kind":"angled","degree":4,"road_types":["residential"]},"geometry":{"type":"Point","coordinates":[1976.5,221.5]}},{"type":"Feature","properties":{"id":"TV_JCT_0336","kind":"fork","degree":3,"road_types":["residential"]},"geometry":{"type":"Point","coordinates":[1981.5,222.5]}},{"type":"Feature","properties":{"id":"TV_JCT_0337","kind":"end","degree":1,"road_types":["highway"]},"geometry":{"type":"Point","coordinates":[1999.5,182.0]}},{"type":"Feature","properties":{"id":"LC_JCT_0256","kind":"fork","degree":3,"road_types":["residential"]},"geometry":{"type":"Point","coordinates":[86.5,261.5]}},{"type":"Feature","properties":{"id":"LC_JCT_0257","kind":"fork","degree":3,"road_types":["residential"]},"geometry":{"type":"Point","coordinates":[89.5,248.5]}},{"type":"Feature","properties":{"id":"LC_JCT_0258","kind":"angled","degree":3,"road_types":["residential"]},"geometry":{"type":"Point","coordinates":[119.5,244.5]}},{"type":"Feature","properties":{"id":"LC_JCT_0259","kind":"T","degree":3,"road_types":["residential"]},"geometry":{"type":"Point","coordinates":[120.5,231.5]}},{"type":"Feature","properties":{"id":"LC_JCT_0260","kind":"T","degree":3,"road_types":["residential"]},"geometry":{"type":"Point","coordinates":[121.5,238.5]}},{"type":"Feature","properties":{"id":"LC_JCT_0261","kind":"end","degree":1,"road_types":["residential"]},"geometry":{"type":"Point","coordinates":[126.5,247.5]}},{"type":"Feature","properties":{"id":"LC_JCT_0262","kind":"angled","degree":4,"road_types":["residential"]},"geometry":{"type":"Point","coordinates":[129.5,235.5]}},{"type":"Feature","properties":{"id":"LC_JCT_0263","kind":"fork","degree":3,"road_types":["residential"]},"geometry":{"type":"Point","coordinates":[137.5,230.5]}},{"type":"Feature","properties":{"id":"LC_JCT_0264","kind":"angled","degree":3,"road_types":["residential"]},"geometry":{"type":"Point","coordinates":[143.5,226.5]}},{"type":"Feature","properties":{"id":"LC_JCT_0265","kind":"T","degree":3,"road_types":["residential"]},"geometry":{"type":"Point","coordinates":[150.5,247.5]}},{"type":"Feature","properties":{"id":"LC_JCT_0266","kind":"angled","degree":3,"road_types":["residential"]},"geometry":{"type":"Point","coordinates":[159.5,244.5]}},{"type":"Feature","properties":{"id":"LC_JCT_0267","kind":"angled","degree":3,"road_types":["residential"]},"geometry":{"type":"Point","coordinates":[159.5,246.5]}},{"type":"Feature","properties":{"id":"LC_JCT_0268","kind":"angled","degree":3,"road_types":["residential"]},"geometry":{"type":"Point","coordinates":[160.5,243.5]}},{"type":"Feature","properties":{"id":"LC_JCT_0269","kind":"fork","degree":3,"road_types":["residential"]},"geometry":{"type":"Point","coordinates":[170.5,255.5]}},{"type":"Feature","properties":{"id":"LC_JCT_0270","kind":"fork","degree":3,"road_types":["residential"]},"geometry":{"type":"Point","coordinates":[181.5,254.5]}},{"type":"Feature","properties":{"id":"LC_JCT_0271","kind":"T","degree":3,"road_types":["residential"]},"geometry":{"type":"Point","coordinates":[183.5,270.5]}},{"type":"Feature","properties":{"id":"LC_JCT_0272","kind":"angled","degree":3,"road_types":["residential"]},"geometry":{"type":"Point","coordinates":[191.5,254.5]}},{"type":"Feature","properties":{"id":"LC_JCT_0273","kind":"angled","degree":3,"road_types":["residential"]},"geometry":{"type":"Point","coordinates":[192.5,256.5]}},{"type":"Feature","properties":{"id":"LC_JCT_0274","kind":"T","degree":3,"road_types":["residential"]},"geometry":{"type":"Point","coordinates":[193.5,236.5]}},{"type":"Feature","properties":{"id":"LC_JCT_0275","kind":"T","degree":3,"road_types":["residential"]},"geometry":{"type":"Point","coordinates":[193.5,244.5]}},{"type":"Feature","properties":{"id":"LC_JCT_0276","kind":"angled","degree":3,"road_types":["residential"]},"geometry":{"type":"Point","coordinates":[200.5,260.5]}},{"type":"Feature","properties":{"id":"LC_JCT_0277","kind":"angled","degree":3,"road_types":["residential"]},"geometry":{"type":"Point","coordinates":[206.5,234.5]}},{"type":"Feature","properties":{"id":"LC_JCT_0278","kind":"angled","degree":3,"road_types":["residential"]},"geometry":{"type":"Point","coordinates":[207.5,260.5]}},{"type":"Feature","properties":{"id":"LC_JCT_0279","kind":"city","degree":3,"road_types":["residential","urban_street"]},"geometry":{"type":"Point","coordinates":[209.5,244.5]}},{"type":"Feature","properties":{"id":"LC_JCT_0280","kind":"city","degree":3,"road_types":["residential","urban_street"]},"geometry":{"type":"Point","coordinates":[211.5,257.5]}},{"type":"Feature","properties":{"id":"LC_JCT_0281","kind":"type_change","degree":2,"road_types":["residential","urban_street"]},"geometry":{"type":"Point","coordinates":[216.5,264.5]}},{"type":"Feature","properties":{"id":"LC_JCT_0282","kind":"angled","degree":3,"road_types":["urban_street"]},"geometry":{"type":"Point","coordinates":[223.5,263.5]}},{"type":"Feature","properties":{"id":"LC_JCT_0283","kind":"angled","degree":3,"road_types":["urban_street"]},"geometry":{"type":"Point","coordinates":[224.5,257.5]}},{"type":"Feature","properties":{"id":"LC_JCT_0284","kind":"angled","degree":3,"road_types":["urban_street"]},"geometry":{"type":"Point","coordinates":[230.5,257.5]}},{"type":"Feature","properties":{"id":"LC_JCT_0285","kind":"angled","degree":3,"road_types":["urban_street"]},"geometry":{"type":"Point","coordinates":[230.5,270.5]}},{"type":"Feature","properties":{"id":"LC_JCT_0286","kind":"angled","degree":3,"road_types":["urban_street"]},"geometry":{"type":"Point","coordinates":[237.5,270.5]}},{"type":"Feature","properties":{"id":"LC_JCT_0287","kind":"end","degree":1,"road_types":["freeway"]},"geometry":{"type":"Point","coordinates":[247.0,255.0]}},{"type":"Feature","properties":{"id":"LC_JCT_0288","kind":"angled","degree":3,"road_types":["urban_street"]},"geometry":{"type":"Point","coordinates":[247.5,230.5]}},{"type":"Feature","properties":{"id":"LC_JCT_0289","kind":"angled","degree":3,"road_types":["urban_street"]},"geometry":{"type":"Point","coordinates":[253.5,238.5]}},{"type":"Feature","properties":{"id":"LC_JCT_0290","kind":"city","degree":3,"road_types":["urban_street"]},"geometry":{"type":"Point","coordinates":[258.5,238.5]}},{"type":"Feature","properties":{"id":"LC_JCT_0291","kind":"angled","degree":3,"road_types":["urban_street"]},"geometry":{"type":"Point","coordinates":[262.5,234.5]}},{"type":"Feature","properties":{"id":"LC_JCT_0292","kind":"angled","degree":3,"road_types":["urban_street"]},"geometry":{"type":"Point","coordinates":[263.42,258.22]}},{"type":"Feature","properties":{"id":"LC_JCT_0293","kind":"city","degree":3,"road_types":["urban_street"]},"geometry":{"type":"Point","coordinates":[266.5,234.5]}},{"type":"Feature","properties":{"id":"LC_JCT_0294","kind":"angled","degree":3,"road_types":["urban_street"]},"geometry":{"type":"Point","coordinates":[266.5,241.5]}},{"type":"Feature","properties":{"id":"LC_JCT_0295","kind":"city","degree":3,"road_types":["urban_street"]},"geometry":{"type":"Point","coordinates":[269.5,244.5]}},{"type":"Feature","properties":{"id":"LC_JCT_0296","kind":"angled","degree":3,"road_types":["urban_street"]},"geometry":{"type":"Point","coordinates":[274.5,253.5]}},{"type":"Feature","properties":{"id":"LC_JCT_0297","kind":"angled","degree":3,"road_types":["urban_street"]},"geometry":{"type":"Point","coordinates":[275.5,244.5]}},{"type":"Feature","properties":{"id":"LC_JCT_0298","kind":"angled","degree":3,"road_types":["urban_street"]},"geometry":{"type":"Point","coordinates":[278.5,247.5]}},{"type":"Feature","properties":{"id":"LC_JCT_0299","kind":"city","degree":4,"road_types":["urban_street"]},"geometry":{"type":"Point","coordinates":[278.5,253.5]}},{"type":"Feature","properties":{"id":"LC_JCT_0300","kind":"city","degree":3,"road_types":["urban_street"]},"geometry":{"type":"Point","coordinates":[280.5,263.5]}},{"type":"Feature","properties":{"id":"LC_JCT_0301","kind":"angled","degree":3,"road_types":["urban_street"]},"geometry":{"type":"Point","coordinates":[282.5,239.5]}},{"type":"Feature","properties":{"id":"LC_JCT_0302","kind":"angled","degree":3,"road_types":["urban_street"]},"geometry":{"type":"Point","coordinates":[289.5,263.5]}},{"type":"Feature","properties":{"id":"LC_JCT_0303","kind":"city","degree":3,"road_types":["urban_street"]},"geometry":{"type":"Point","coordinates":[292.5,257.5]}},{"type":"Feature","properties":{"id":"LC_JCT_0304","kind":"angled","degree":3,"road_types":["urban_street"]},"geometry":{"type":"Point","coordinates":[292.5,259.5]}},{"type":"Feature","properties":{"id":"LC_JCT_0305","kind":"angled","degree":3,"road_types":["urban_street"]},"geometry":{"type":"Point","coordinates":[294.5,237.5]}},{"type":"Feature","properties":{"id":"LC_JCT_0306","kind":"city","degree":3,"road_types":["urban_street"]},"geometry":{"type":"Point","coordinates":[296.5,245.5]}},{"type":"Feature","properties":{"id":"LC_JCT_0307","kind":"angled","degree":3,"road_types":["urban_street"]},"geometry":{"type":"Point","coordinates":[297.5,228.5]}},{"type":"Feature","properties":{"id":"LC_JCT_0308","kind":"city","degree":3,"road_types":["urban_street"]},"geometry":{"type":"Point","coordinates":[299.5,228.5]}},{"type":"Feature","properties":{"id":"LC_JCT_0309","kind":"angled","degree":3,"road_types":["urban_street"]},"geometry":{"type":"Point","coordinates":[299.5,262.5]}},{"type":"Feature","properties":{"id":"LC_JCT_0310","kind":"city","degree":3,"road_types":["urban_street"]},"geometry":{"type":"Point","coordinates":[302.5,245.5]}},{"type":"Feature","properties":{"id":"LC_JCT_0311","kind":"city","degree":3,"road_types":["urban_street"]},"geometry":{"type":"Point","coordinates":[304.5,245.5]}},{"type":"Feature","properties":{"id":"LC_JCT_0312","kind":"city","degree":3,"road_types":["urban_street"]},"geometry":{"type":"Point","coordinates":[312.5,246.5]}},{"type":"Feature","properties":{"id":"LC_JCT_0313","kind":"city","degree":3,"road_types":["urban_street"]},"geometry":{"type":"Point","coordinates":[313.5,240.5]}},{"type":"Feature","properties":{"id":"LC_JCT_0314","kind":"angled","degree":3,"road_types":["urban_street"]},"geometry":{"type":"Point","coordinates":[315.5,273.5]}},{"type":"Feature","properties":{"id":"LC_JCT_0315","kind":"angled","degree":3,"road_types":["urban_street"]},"geometry":{"type":"Point","coordinates":[318.5,268.5]}},{"type":"Feature","properties":{"id":"LC_JCT_0316","kind":"city","degree":4,"road_types":["urban_street"]},"geometry":{"type":"Point","coordinates":[321.5,252.5]}},{"type":"Feature","properties":{"id":"LC_JCT_0317","kind":"angled","degree":3,"road_types":["urban_street"]},"geometry":{"type":"Point","coordinates":[325.5,245.5]}},{"type":"Feature","properties":{"id":"LC_JCT_0318","kind":"city","degree":3,"road_types":["urban_street"]},"geometry":{"type":"Point","coordinates":[327.5,268.5]}},{"type":"Feature","properties":{"id":"LC_JCT_0319","kind":"angled","degree":3,"road_types":["residential","urban_street"]},"geometry":{"type":"Point","coordinates":[332.5,230.5]}},{"type":"Feature","properties":{"id":"LC_JCT_0320","kind":"city","degree":3,"road_types":["urban_street"]},"geometry":{"type":"Point","coordinates":[332.5,243.5]}},{"type":"Feature","properties":{"id":"LC_JCT_0321","kind":"city","degree":3,"road_types":["residential","urban_street"]},"geometry":{"type":"Point","coordinates":[333.5,232.5]}},{"type":"Feature","properties":{"id":"LC_JCT_0322","kind":"city","degree":3,"road_types":["urban_street"]},"geometry":{"type":"Point","coordinates":[333.5,238.5]}},{"type":"Feature","properties":{"id":"LC_JCT_0323","kind":"city","degree":3,"road_types":["urban_street"]},"geometry":{"type":"Point","coordinates":[348.5,259.5]}},{"type":"Feature","properties":{"id":"LC_JCT_0324","kind":"fork","degree":3,"road_types":["residential"]},"geometry":{"type":"Point","coordinates":[358.5,227.5]}},{"type":"Feature","properties":{"id":"LC_JCT_0325","kind":"city","degree":3,"road_types":["residential","urban_street"]},"geometry":{"type":"Point","coordinates":[359.5,263.5]}},{"type":"Feature","properties":{"id":"LC_JCT_0326","kind":"T","degree":3,"road_types":["residential"]},"geometry":{"type":"Point","coordinates":[362.5,227.5]}},{"type":"Feature","properties":{"id":"LC_JCT_0327","kind":"T","degree":3,"road_types":["residential"]},"geometry":{"type":"Point","coordinates":[365.5,225.5]}},{"type":"Feature","properties":{"id":"LC_JCT_0328","kind":"angled","degree":4,"road_types":["residential"]},"geometry":{"type":"Point","coordinates":[369.5,227.5]}},{"type":"Feature","properties":{"id":"LC_JCT_0329","kind":"angled","degree":3,"road_types":["residential"]},"geometry":{"type":"Point","coordinates":[372.5,257.5]}},{"type":"Feature","properties":{"id":"LC_JCT_0330","kind":"T","degree":3,"road_types":["residential"]},"geometry":{"type":"Point","coordinates":[374.5,268.5]}},{"type":"Feature","properties":{"id":"LC_JCT_0331","kind":"angled","degree":3,"road_types":["residential"]},"geometry":{"type":"Point","coordinates":[382.5,269.5]}},{"type":"Feature","properties":{"id":"LC_JCT_0332","kind":"T","degree":3,"road_types":["residential"]},"geometry":{"type":"Point","coordinates":[383.5,272.5]}},{"type":"Feature","properties":{"id":"LC_JCT_0333","kind":"T","degree":3,"road_types":["residential"]},"geometry":{"type":"Point","coordinates":[384.5,256.5]}},{"type":"Feature","properties":{"id":"LC_JCT_0334","kind":"T","degree":3,"road_types":["residential"]},"geometry":{"type":"Point","coordinates":[387.5,272.5]}},{"type":"Feature","properties":{"id":"LC_JCT_0335","kind":"angled","degree":3,"road_types":["residential"]},"geometry":{"type":"Point","coordinates":[394.5,267.5]}},{"type":"Feature","properties":{"id":"LC_JCT_0336","kind":"T","degree":3,"road_types":["residential"]},"geometry":{"type":"Point","coordinates":[398.5,257.5]}},{"type":"Feature","properties":{"id":"LC_JCT_0337","kind":"end","degree":1,"road_types":["residential"]},"geometry":{"type":"Point","coordinates":[401.5,248.5]}},{"type":"Feature","properties":{"id":"LC_JCT_0338","kind":"end","degree":1,"road_types":["residential"]},"geometry":{"type":"Point","coordinates":[422.5,259.5]}},{"type":"Feature","properties":{"id":"RU_JCT_0138","kind":"T","degree":3,"road_types":["rural"]},"geometry":{"type":"Point","coordinates":[524.5,274.5]}},{"type":"Feature","properties":{"id":"RU_JCT_0139","kind":"T","degree":3,"road_types":["rural"]},"geometry":{"type":"Point","coordinates":[529.5,268.5]}},{"type":"Feature","properties":{"id":"RU_JCT_0140","kind":"end","degree":1,"road_types":["rural"]},"geometry":{"type":"Point","coordinates":[545.5,250.5]}},{"type":"Feature","properties":{"id":"RU_JCT_0141","kind":"end","degree":1,"road_types":["rural"]},"geometry":{"type":"Point","coordinates":[569.5,249.5]}},{"type":"Feature","properties":{"id":"RU_JCT_0142","kind":"angled","degree":3,"road_types":["rural"]},"geometry":{"type":"Point","coordinates":[580.5,247.5]}},{"type":"Feature","properties":{"id":"RU_JCT_0143","kind":"end","degree":1,"road_types":["rural"]},"geometry":{"type":"Point","coordinates":[583.5,257.5]}},{"type":"Feature","properties":{"id":"RU_JCT_0144","kind":"T","degree":3,"road_types":["rural"]},"geometry":{"type":"Point","coordinates":[587.5,234.5]}},{"type":"Feature","properties":{"id":"RU_JCT_0145","kind":"angled","degree":3,"road_types":["rural"]},"geometry":{"type":"Point","coordinates":[589.5,251.5]}},{"type":"Feature","properties":{"id":"RU_JCT_0146","kind":"end","degree":1,"road_types":["rural"]},"geometry":{"type":"Point","coordinates":[595.5,245.5]}},{"type":"Feature","properties":{"id":"RU_JCT_0147","kind":"end","degree":1,"road_types":["rural"]},"geometry":{"type":"Point","coordinates":[596.5,252.5]}},{"type":"Feature","properties":{"id":"RU_JCT_0148","kind":"angled","degree":3,"road_types":["rural"]},"geometry":{"type":"Point","coordinates":[598.06,231.01]}},{"type":"Feature","properties":{"id":"RU_JCT_0149","kind":"end","degree":1,"road_types":["rural"]},"geometry":{"type":"Point","coordinates":[635.5,239.5]}},{"type":"Feature","properties":{"id":"RU_JCT_0150","kind":"angled","degree":3,"road_types":["rural"]},"geometry":{"type":"Point","coordinates":[638.95,256.37]}},{"type":"Feature","properties":{"id":"RU_JCT_0151","kind":"T","degree":3,"road_types":["rural"]},"geometry":{"type":"Point","coordinates":[639.5,247.5]}},{"type":"Feature","properties":{"id":"RU_JCT_0152","kind":"end","degree":1,"road_types":["rural"]},"geometry":{"type":"Point","coordinates":[646.5,247.5]}},{"type":"Feature","properties":{"id":"RU_JCT_0153","kind":"fork","degree":3,"road_types":["rural"]},"geometry":{"type":"Point","coordinates":[765.42,228.68]}},{"type":"Feature","properties":{"id":"RU_JCT_0154","kind":"end","degree":1,"road_types":["rural"]},"geometry":{"type":"Point","coordinates":[784.84,255.38]}},{"type":"Feature","properties":{"id":"RU_JCT_0155","kind":"angled","degree":4,"road_types":["rural"]},"geometry":{"type":"Point","coordinates":[785.53,255.33]}},{"type":"Feature","properties":{"id":"RU_JCT_0156","kind":"fork","degree":3,"road_types":["rural"]},"geometry":{"type":"Point","coordinates":[789.5,253.5]}},{"type":"Feature","properties":{"id":"RU_JCT_0157","kind":"angled","degree":4,"road_types":["rural"]},"geometry":{"type":"Point","coordinates":[790.5,264.5]}},{"type":"Feature","properties":{"id":"RU_JCT_0158","kind":"end","degree":1,"road_types":["rural"]},"geometry":{"type":"Point","coordinates":[836.5,264.5]}},{"type":"Feature","properties":{"id":"HR_JCT_0006","kind":"end","degree":1,"road_types":["residential"]},"geometry":{"type":"Point","coordinates":[949.5,248.5]}},{"type":"Feature","properties":{"id":"HR_JCT_0007","kind":"angled","degree":3,"road_types":["residential"]},"geometry":{"type":"Point","coordinates":[959.5,252.5]}},{"type":"Feature","properties":{"id":"HR_JCT_0008","kind":"fork","degree":3,"road_types":["residential"]},"geometry":{"type":"Point","coordinates":[970.5,268.66]}},{"type":"Feature","properties":{"id":"HR_JCT_0009","kind":"T","degree":3,"road_types":["residential"]},"geometry":{"type":"Point","coordinates":[973.46,248.11]}},{"type":"Feature","properties":{"id":"HR_JCT_0010","kind":"T","degree":3,"road_types":["residential"]},"geometry":{"type":"Point","coordinates":[988.5,261.5]}},{"type":"Feature","properties":{"id":"HR_JCT_0011","kind":"T","degree":3,"road_types":["residential"]},"geometry":{"type":"Point","coordinates":[989.5,253.5]}},{"type":"Feature","properties":{"id":"HR_JCT_0012","kind":"angled","degree":3,"road_types":["residential"]},"geometry":{"type":"Point","coordinates":[994.5,253.5]}},{"type":"Feature","properties":{"id":"HR_JCT_0013","kind":"end","degree":1,"road_types":["residential"]},"geometry":{"type":"Point","coordinates":[995.5,233.5]}},{"type":"Feature","properties":{"id":"HR_JCT_0014","kind":"angled","degree":3,"road_types":["residential"]},"geometry":{"type":"Point","coordinates":[995.5,246.5]}},{"type":"Feature","properties":{"id":"HR_JCT_0015","kind":"angled","degree":4,"road_types":["residential"]},"geometry":{"type":"Point","coordinates":[1003.5,259.5]}},{"type":"Feature","properties":{"id":"HR_JCT_0016","kind":"T","degree":3,"road_types":["residential"]},"geometry":{"type":"Point","coordinates":[1014.5,258.5]}},{"type":"Feature","properties":{"id":"HR_JCT_0017","kind":"angled","degree":3,"road_types":["residential"]},"geometry":{"type":"Point","coordinates":[1021.5,259.5]}},{"type":"Feature","properties":{"id":"HR_JCT_0018","kind":"angled","degree":3,"road_types":["residential"]},"geometry":{"type":"Point","coordinates":[1022.5,244.5]}},{"type":"Feature","properties":{"id":"HR_JCT_0019","kind":"angled","degree":3,"road_types":["residential"]},"geometry":{"type":"Point","coordinates":[1025.5,266.5]}},{"type":"Feature","properties":{"id":"HR_JCT_0020","kind":"angled","degree":3,"road_types":["residential"]},"geometry":{"type":"Point","coordinates":[1032.5,249.5]}},{"type":"Feature","properties":{"id":"HR_JCT_0021","kind":"T","degree":3,"road_types":["residential"]},"geometry":{"type":"Point","coordinates":[1041.5,248.5]}},{"type":"Feature","properties":{"id":"HR_JCT_0022","kind":"T","degree":3,"road_types":["residential","rural"]},"geometry":{"type":"Point","coordinates":[1041.53,225.34]}},{"type":"Feature","properties":{"id":"HR_JCT_0023","kind":"T","degree":3,"road_types":["residential","rural"]},"geometry":{"type":"Point","coordinates":[1043.5,236.5]}},{"type":"Feature","properties":{"id":"HR_JCT_0024","kind":"fork","degree":3,"road_types":["residential"]},"geometry":{"type":"Point","coordinates":[1064.05,242.65]}},{"type":"Feature","properties":{"id":"HR_JCT_0025","kind":"fork","degree":3,"road_types":["residential"]},"geometry":{"type":"Point","coordinates":[1067.5,258.5]}},{"type":"Feature","properties":{"id":"HR_JCT_0026","kind":"T","degree":3,"road_types":["residential"]},"geometry":{"type":"Point","coordinates":[1070.5,246.5]}},{"type":"Feature","properties":{"id":"HR_JCT_0027","kind":"angled","degree":3,"road_types":["residential"]},"geometry":{"type":"Point","coordinates":[1089.26,258.04]}},{"type":"Feature","properties":{"id":"HR_JCT_0028","kind":"angled","degree":4,"road_types":["residential"]},"geometry":{"type":"Point","coordinates":[1091.73,258.72]}},{"type":"Feature","properties":{"id":"HR_JCT_0029","kind":"end","degree":1,"road_types":["residential"]},"geometry":{"type":"Point","coordinates":[1105.5,231.5]}},{"type":"Feature","properties":{"id":"HR_JCT_0030","kind":"fork","degree":3,"road_types":["residential"]},"geometry":{"type":"Point","coordinates":[1128.9,272.37]}},{"type":"Feature","properties":{"id":"HR_JCT_0031","kind":"T","degree":3,"road_types":["residential"]},"geometry":{"type":"Point","coordinates":[1133.5,264.5]}},{"type":"Feature","properties":{"id":"HR_JCT_0032","kind":"end","degree":1,"road_types":["residential"]},"geometry":{"type":"Point","coordinates":[1134.5,256.5]}},{"type":"Feature","properties":{"id":"HR_JCT_0033","kind":"end","degree":1,"road_types":["residential"]},"geometry":{"type":"Point","coordinates":[1138.5,260.5]}},{"type":"Feature","properties":{"id":"HR_JCT_0034","kind":"end","degree":1,"road_types":["residential"]},"geometry":{"type":"Point","coordinates":[1187.5,265.5]}},{"type":"Feature","properties":{"id":"HR_JCT_0035","kind":"angled","degree":3,"road_types":["residential"]},"geometry":{"type":"Point","coordinates":[1189.5,274.5]}},{"type":"Feature","properties":{"id":"RU_JCT_0159","kind":"end","degree":1,"road_types":["rural"]},"geometry":{"type":"Point","coordinates":[1211.5,268.5]}},{"type":"Feature","properties":{"id":"RU_JCT_0160","kind":"end","degree":1,"road_types":["rural"]},"geometry":{"type":"Point","coordinates":[1235.5,273.5]}},{"type":"Feature","properties":{"id":"RU_JCT_0161","kind":"T","degree":3,"road_types":["rural"]},"geometry":{"type":"Point","coordinates":[1320.5,248.5]}},{"type":"Feature","properties":{"id":"RU_JCT_0162","kind":"T","degree":3,"road_types":["rural"]},"geometry":{"type":"Point","coordinates":[1327.5,248.5]}},{"type":"Feature","properties":{"id":"RU_JCT_0163","kind":"fork","degree":3,"road_types":["residential","rural"]},"geometry":{"type":"Point","coordinates":[1341.5,242.5]}},{"type":"Feature","properties":{"id":"TV_JCT_0338","kind":"fork","degree":3,"road_types":["residential","rural"]},"geometry":{"type":"Point","coordinates":[1349.5,239.5]}},{"type":"Feature","properties":{"id":"TV_JCT_0339","kind":"end","degree":1,"road_types":["residential"]},"geometry":{"type":"Point","coordinates":[1382.5,235.5]}},{"type":"Feature","properties":{"id":"TV_JCT_0340","kind":"angled","degree":3,"road_types":["residential"]},"geometry":{"type":"Point","coordinates":[1397.5,228.5]}},{"type":"Feature","properties":{"id":"TV_JCT_0341","kind":"end","degree":1,"road_types":["residential"]},"geometry":{"type":"Point","coordinates":[1412.5,246.5]}},{"type":"Feature","properties":{"id":"TV_JCT_0342","kind":"angled","degree":3,"road_types":["residential"]},"geometry":{"type":"Point","coordinates":[1418.5,250.5]}},{"type":"Feature","properties":{"id":"TV_JCT_0343","kind":"angled","degree":3,"road_types":["residential"]},"geometry":{"type":"Point","coordinates":[1418.5,253.5]}},{"type":"Feature","properties":{"id":"TV_JCT_0344","kind":"fork","degree":3,"road_types":["residential"]},"geometry":{"type":"Point","coordinates":[1419.95,274.27]}},{"type":"Feature","properties":{"id":"TV_JCT_0345","kind":"angled","degree":3,"road_types":["residential"]},"geometry":{"type":"Point","coordinates":[1425.5,260.5]}},{"type":"Feature","properties":{"id":"TV_JCT_0346","kind":"angled","degree":4,"road_types":["residential"]},"geometry":{"type":"Point","coordinates":[1430.5,253.5]}},{"type":"Feature","properties":{"id":"TV_JCT_0347","kind":"angled","degree":3,"road_types":["residential"]},"geometry":{"type":"Point","coordinates":[1430.5,260.5]}},{"type":"Feature","properties":{"id":"TV_JCT_0348","kind":"T","degree":3,"road_types":["residential"]},"geometry":{"type":"Point","coordinates":[1439.5,241.5]}},{"type":"Feature","properties":{"id":"TV_JCT_0349","kind":"fork","degree":3,"road_types":["residential"]},"geometry":{"type":"Point","coordinates":[1439.5,265.5]}},{"type":"Feature","properties":{"id":"TV_JCT_0350","kind":"fork","degree":3,"road_types":["residential"]},"geometry":{"type":"Point","coordinates":[1444.5,268.5]}},{"type":"Feature","properties":{"id":"TV_JCT_0351","kind":"angled","degree":3,"road_types":["residential"]},"geometry":{"type":"Point","coordinates":[1450.5,272.5]}},{"type":"Feature","properties":{"id":"TV_JCT_0352","kind":"angled","degree":3,"road_types":["residential"]},"geometry":{"type":"Point","coordinates":[1453.5,252.5]}},{"type":"Feature","properties":{"id":"TV_JCT_0353","kind":"T","degree":3,"road_types":["residential"]},"geometry":{"type":"Point","coordinates":[1457.5,270.5]}},{"type":"Feature","properties":{"id":"TV_JCT_0354","kind":"T","degree":3,"road_types":["residential"]},"geometry":{"type":"Point","coordinates":[1460.5,267.5]}},{"type":"Feature","properties":{"id":"TV_JCT_0355","kind":"angled","degree":3,"road_types":["residential"]},"geometry":{"type":"Point","coordinates":[1463.5,257.5]}},{"type":"Feature","properties":{"id":"TV_JCT_0356","kind":"multi","degree":7,"road_types":["residential"]},"geometry":{"type":"Point","coordinates":[1470.17,257.5]}},{"type":"Feature","properties":{"id":"TV_JCT_0357","kind":"angled","degree":4,"road_types":["residential"]},"geometry":{"type":"Point","coordinates":[1474.09,255.66]}},{"type":"Feature","properties":{"id":"TV_JCT_0358","kind":"fork","degree":3,"road_types":["residential"]},"geometry":{"type":"Point","coordinates":[1476.96,254.32]}},{"type":"Feature","properties":{"id":"TV_JCT_0359","kind":"end","degree":1,"road_types":["residential"]},"geometry":{"type":"Point","coordinates":[1485.5,253.5]}},{"type":"Feature","properties":{"id":"TV_JCT_0360","kind":"T","degree":3,"road_types":["highway","residential"]},"geometry":{"type":"Point","coordinates":[1488.9,274.33]}},{"type":"Feature","properties":{"id":"TV_JCT_0361","kind":"T","degree":3,"road_types":["highway","residential"]},"geometry":{"type":"Point","coordinates":[1493.06,271.85]}},{"type":"Feature","properties":{"id":"TV_JCT_0362","kind":"T","degree":3,"road_types":["highway","residential"]},"geometry":{"type":"Point","coordinates":[1526.0,256.04]}},{"type":"Feature","properties":{"id":"TV_JCT_0363","kind":"T","degree":3,"road_types":["highway","residential"]},"geometry":{"type":"Point","coordinates":[1529.69,254.31]}},{"type":"Feature","properties":{"id":"TV_JCT_0364","kind":"angled","degree":4,"road_types":["residential"]},"geometry":{"type":"Point","coordinates":[1534.5,268.5]}},{"type":"Feature","properties":{"id":"TV_JCT_0365","kind":"angled","degree":4,"road_types":["residential"]},"geometry":{"type":"Point","coordinates":[1535.63,273.11]}},{"type":"Feature","properties":{"id":"TV_JCT_0366","kind":"T","degree":3,"road_types":["highway","residential"]},"geometry":{"type":"Point","coordinates":[1539.26,250.05]}},{"type":"Feature","properties":{"id":"TV_JCT_0367","kind":"T","degree":3,"road_types":["residential"]},"geometry":{"type":"Point","coordinates":[1542.5,263.5]}},{"type":"Feature","properties":{"id":"TV_JCT_0368","kind":"end","degree":1,"road_types":["residential"]},"geometry":{"type":"Point","coordinates":[1576.5,225.5]}},{"type":"Feature","properties":{"id":"TV_JCT_0369","kind":"T","degree":3,"road_types":["highway","residential"]},"geometry":{"type":"Point","coordinates":[1582.87,231.5]}},{"type":"Feature","properties":{"id":"TV_JCT_0370","kind":"T","degree":3,"road_types":["highway","residential"]},"geometry":{"type":"Point","coordinates":[1587.39,229.59]}},{"type":"Feature","properties":{"id":"TV_JCT_0371","kind":"fork","degree":3,"road_types":["residential","urban_street"]},"geometry":{"type":"Point","coordinates":[1601.5,262.5]}},{"type":"Feature","properties":{"id":"TV_JCT_0372","kind":"angled","degree":3,"road_types":["residential","urban_street"]},"geometry":{"type":"Point","coordinates":[1602.5,242.5]}},{"type":"Feature","properties":{"id":"TV_JCT_0373","kind":"fork","degree":3,"road_types":["residential","urban_street"]},"geometry":{"type":"Point","coordinates":[1602.5,265.5]}},{"type":"Feature","properties":{"id":"TV_JCT_0374","kind":"city","degree":3,"road_types":["urban_street"]},"geometry":{"type":"Point","coordinates":[1608.5,272.5]}},{"type":"Feature","properties":{"id":"TV_JCT_0375","kind":"city","degree":3,"road_types":["urban_street"]},"geometry":{"type":"Point","coordinates":[1618.5,247.5]}},{"type":"Feature","properties":{"id":"TV_JCT_0376","kind":"angled","degree":3,"road_types":["urban_street"]},"geometry":{"type":"Point","coordinates":[1621.5,239.5]}},{"type":"Feature","properties":{"id":"TV_JCT_0377","kind":"angled","degree":3,"road_types":["urban_street"]},"geometry":{"type":"Point","coordinates":[1622.5,259.5]}},{"type":"Feature","properties":{"id":"TV_JCT_0378","kind":"fork","degree":3,"road_types":["urban_street"]},"geometry":{"type":"Point","coordinates":[1628.16,259.36]}},{"type":"Feature","properties":{"id":"TV_JCT_0379","kind":"city","degree":3,"road_types":["urban_street"]},"geometry":{"type":"Point","coordinates":[1629.5,239.5]}},{"type":"Feature","properties":{"id":"TV_JCT_0380","kind":"city","degree":3,"road_types":["urban_street"]},"geometry":{"type":"Point","coordinates":[1632.5,257.5]}},{"type":"Feature","properties":{"id":"TV_JCT_0381","kind":"city","degree":3,"road_types":["urban_street"]},"geometry":{"type":"Point","coordinates":[1644.5,270.5]}},{"type":"Feature","properties":{"id":"TV_JCT_0382","kind":"angled","degree":3,"road_types":["urban_street"]},"geometry":{"type":"Point","coordinates":[1659.5,264.5]}},{"type":"Feature","properties":{"id":"TV_JCT_0383","kind":"city","degree":4,"road_types":["urban_street"]},"geometry":{"type":"Point","coordinates":[1660.5,238.5]}},{"type":"Feature","properties":{"id":"TV_JCT_0384","kind":"angled","degree":3,"road_types":["urban_street"]},"geometry":{"type":"Point","coordinates":[1660.5,244.5]}},{"type":"Feature","properties":{"id":"TV_JCT_0385","kind":"angled","degree":3,"road_types":["urban_street"]},"geometry":{"type":"Point","coordinates":[1669.5,270.5]}},{"type":"Feature","properties":{"id":"TV_JCT_0386","kind":"city","degree":3,"road_types":["urban_street"]},"geometry":{"type":"Point","coordinates":[1671.5,250.5]}},{"type":"Feature","properties":{"id":"TV_JCT_0387","kind":"city","degree":3,"road_types":["urban_street"]},"geometry":{"type":"Point","coordinates":[1672.5,258.5]}},{"type":"Feature","properties":{"id":"TV_JCT_0388","kind":"angled","degree":3,"road_types":["urban_street"]},"geometry":{"type":"Point","coordinates":[1672.5,269.5]}},{"type":"Feature","properties":{"id":"TV_JCT_0389","kind":"city","degree":3,"road_types":["urban_street"]},"geometry":{"type":"Point","coordinates":[1673.5,266.5]}},{"type":"Feature","properties":{"id":"TV_JCT_0390","kind":"angled","degree":3,"road_types":["urban_street"]},"geometry":{"type":"Point","coordinates":[1677.5,260.5]}},{"type":"Feature","properties":{"id":"TV_JCT_0391","kind":"city","degree":3,"road_types":["urban_street"]},"geometry":{"type":"Point","coordinates":[1685.5,248.5]}},{"type":"Feature","properties":{"id":"TV_JCT_0392","kind":"angled","degree":3,"road_types":["urban_street"]},"geometry":{"type":"Point","coordinates":[1687.5,255.5]}},{"type":"Feature","properties":{"id":"TV_JCT_0393","kind":"angled","degree":3,"road_types":["urban_street"]},"geometry":{"type":"Point","coordinates":[1689.5,255.5]}},{"type":"Feature","properties":{"id":"TV_JCT_0394","kind":"city","degree":3,"road_types":["urban_street"]},"geometry":{"type":"Point","coordinates":[1690.5,246.5]}},{"type":"Feature","properties":{"id":"TV_JCT_0395","kind":"city","degree":3,"road_types":["urban_street"]},"geometry":{"type":"Point","coordinates":[1695.5,237.5]}},{"type":"Feature","properties":{"id":"TV_JCT_0396","kind":"city","degree":3,"road_types":["urban_street"]},"geometry":{"type":"Point","coordinates":[1697.5,237.5]}},{"type":"Feature","properties":{"id":"TV_JCT_0397","kind":"city","degree":3,"road_types":["urban_street"]},"geometry":{"type":"Point","coordinates":[1699.5,274.5]}},{"type":"Feature","properties":{"id":"TV_JCT_0398","kind":"city","degree":4,"road_types":["urban_street"]},"geometry":{"type":"Point","coordinates":[1707.95,245.05]}},{"type":"Feature","properties":{"id":"TV_JCT_0399","kind":"city","degree":3,"road_types":["urban_street"]},"geometry":{"type":"Point","coordinates":[1708.5,273.5]}},{"type":"Feature","properties":{"id":"TV_JCT_0400","kind":"city","degree":3,"road_types":["urban_street"]},"geometry":{"type":"Point","coordinates":[1710.5,261.5]}},{"type":"Feature","properties":{"id":"TV_JCT_0401","kind":"city","degree":3,"road_types":["urban_street"]},"geometry":{"type":"Point","coordinates":[1711.5,225.5]}},{"type":"Feature","properties":{"id":"TV_JCT_0402","kind":"city","degree":4,"road_types":["urban_street"]},"geometry":{"type":"Point","coordinates":[1711.5,248.5]}},{"type":"Feature","properties":{"id":"TV_JCT_0403","kind":"end","degree":1,"road_types":["urban_street"]},"geometry":{"type":"Point","coordinates":[1723.5,246.5]}},{"type":"Feature","properties":{"id":"TV_JCT_0404","kind":"city","degree":3,"road_types":["urban_street"]},"geometry":{"type":"Point","coordinates":[1738.5,271.5]}},{"type":"Feature","properties":{"id":"TV_JCT_0405","kind":"city","degree":3,"road_types":["urban_street"]},"geometry":{"type":"Point","coordinates":[1738.5,273.5]}},{"type":"Feature","properties":{"id":"TV_JCT_0406","kind":"city","degree":3,"road_types":["urban_street"]},"geometry":{"type":"Point","coordinates":[1746.5,225.5]}},{"type":"Feature","properties":{"id":"TV_JCT_0407","kind":"angled","degree":3,"road_types":["urban_street"]},"geometry":{"type":"Point","coordinates":[1750.5,237.5]}},{"type":"Feature","properties":{"id":"TV_JCT_0408","kind":"angled","degree":3,"road_types":["urban_street"]},"geometry":{"type":"Point","coordinates":[1750.5,247.5]}},{"type":"Feature","properties":{"id":"TV_JCT_0409","kind":"angled","degree":3,"road_types":["urban_street"]},"geometry":{"type":"Point","coordinates":[1751.5,273.5]}},{"type":"Feature","properties":{"id":"TV_JCT_0410","kind":"angled","degree":3,"road_types":["urban_street"]},"geometry":{"type":"Point","coordinates":[1752.5,225.5]}},{"type":"Feature","properties":{"id":"TV_JCT_0411","kind":"angled","degree":3,"road_types":["urban_street"]},"geometry":{"type":"Point","coordinates":[1755.5,229.5]}},{"type":"Feature","properties":{"id":"TV_JCT_0412","kind":"city","degree":3,"road_types":["urban_street"]},"geometry":{"type":"Point","coordinates":[1756.5,269.5]}},{"type":"Feature","properties":{"id":"TV_JCT_0413","kind":"angled","degree":3,"road_types":["urban_street"]},"geometry":{"type":"Point","coordinates":[1760.55,264.14]}},{"type":"Feature","properties":{"id":"TV_JCT_0414","kind":"city","degree":3,"road_types":["urban_street"]},"geometry":{"type":"Point","coordinates":[1761.5,229.5]}},{"type":"Feature","properties":{"id":"TV_JCT_0415","kind":"angled","degree":3,"road_types":["urban_street"]},"geometry":{"type":"Point","coordinates":[1765.5,274.5]}},{"type":"Feature","properties":{"id":"TV_JCT_0416","kind":"city","degree":3,"road_types":["urban_street"]},"geometry":{"type":"Point","coordinates":[1770.5,273.5]}},{"type":"Feature","properties":{"id":"TV_JCT_0417","kind":"city","degree":3,"road_types":["urban_street"]},"geometry":{"type":"Point","coordinates":[1774.07,270.74]}},{"type":"Feature","properties":{"id":"TV_JCT_0418","kind":"city","degree":3,"road_types":["urban_street"]},"geometry":{"type":"Point","coordinates":[1776.5,250.5]}},{"type":"Feature","properties":{"id":"TV_JCT_0419","kind":"angled","degree":3,"road_types":["urban_street"]},"geometry":{"type":"Point","coordinates":[1779.5,260.5]}},{"type":"Feature","properties":{"id":"TV_JCT_0420","kind":"angled","degree":3,"road_types":["urban_street"]},"geometry":{"type":"Point","coordinates":[1779.5,269.5]}},{"type":"Feature","properties":{"id":"TV_JCT_0421","kind":"angled","degree":3,"road_types":["urban_street"]},"geometry":{"type":"Point","coordinates":[1782.5,274.5]}},{"type":"Feature","properties":{"id":"TV_JCT_0422","kind":"angled","degree":3,"road_types":["urban_street"]},"geometry":{"type":"Point","coordinates":[1785.5,249.5]}},{"type":"Feature","properties":{"id":"TV_JCT_0423","kind":"angled","degree":3,"road_types":["urban_street"]},"geometry":{"type":"Point","coordinates":[1787.5,251.5]}},{"type":"Feature","properties":{"id":"TV_JCT_0424","kind":"city","degree":3,"road_types":["urban_street"]},"geometry":{"type":"Point","coordinates":[1788.5,240.5]}},{"type":"Feature","properties":{"id":"TV_JCT_0425","kind":"city","degree":3,"road_types":["urban_street"]},"geometry":{"type":"Point","coordinates":[1792.5,241.5]}},{"type":"Feature","properties":{"id":"TV_JCT_0426","kind":"city","degree":3,"road_types":["urban_street"]},"geometry":{"type":"Point","coordinates":[1792.5,251.5]}},{"type":"Feature","properties":{"id":"TV_JCT_0427","kind":"city","degree":3,"road_types":["urban_street"]},"geometry":{"type":"Point","coordinates":[1797.5,267.5]}},{"type":"Feature","properties":{"id":"TV_JCT_0428","kind":"city","degree":3,"road_types":["urban_street"]},"geometry":{"type":"Point","coordinates":[1799.5,272.5]}},{"type":"Feature","properties":{"id":"TV_JCT_0429","kind":"city","degree":3,"road_types":["urban_street"]},"geometry":{"type":"Point","coordinates":[1802.5,241.5]}},{"type":"Feature","properties":{"id":"TV_JCT_0430","kind":"city","degree":3,"road_types":["urban_street"]},"geometry":{"type":"Point","coordinates":[1806.5,273.5]}},{"type":"Feature","properties":{"id":"TV_JCT_0431","kind":"city","degree":3,"road_types":["urban_street"]},"geometry":{"type":"Point","coordinates":[1812.5,253.5]}},{"type":"Feature","properties":{"id":"TV_JCT_0432","kind":"city","degree":3,"road_types":["urban_street"]},"geometry":{"type":"Point","coordinates":[1812.5,274.5]}},{"type":"Feature","properties":{"id":"TV_JCT_0433","kind":"city","degree":3,"road_types":["urban_street"]},"geometry":{"type":"Point","coordinates":[1813.5,242.5]}},{"type":"Feature","properties":{"id":"TV_JCT_0434","kind":"city","degree":3,"road_types":["urban_street"]},"geometry":{"type":"Point","coordinates":[1814.5,254.5]}},{"type":"Feature","properties":{"id":"TV_JCT_0435","kind":"city","degree":3,"road_types":["urban_street"]},"geometry":{"type":"Point","coordinates":[1821.5,254.5]}},{"type":"Feature","properties":{"id":"TV_JCT_0436","kind":"fork","degree":3,"road_types":["urban_street"]},"geometry":{"type":"Point","coordinates":[1825.5,240.5]}},{"type":"Feature","properties":{"id":"TV_JCT_0437","kind":"city","degree":3,"road_types":["urban_street"]},"geometry":{"type":"Point","coordinates":[1826.5,269.5]}},{"type":"Feature","properties":{"id":"TV_JCT_0438","kind":"end","degree":1,"road_types":["urban_street"]},"geometry":{"type":"Point","coordinates":[1836.08,253.92]}},{"type":"Feature","properties":{"id":"TV_JCT_0439","kind":"fork","degree":3,"road_types":["residential"]},"geometry":{"type":"Point","coordinates":[1850.5,263.5]}},{"type":"Feature","properties":{"id":"TV_JCT_0440","kind":"fork","degree":3,"road_types":["residential"]},"geometry":{"type":"Point","coordinates":[1852.5,256.5]}},{"type":"Feature","properties":{"id":"TV_JCT_0441","kind":"T","degree":3,"road_types":["residential"]},"geometry":{"type":"Point","coordinates":[1856.5,271.5]}},{"type":"Feature","properties":{"id":"TV_JCT_0442","kind":"T","degree":3,"road_types":["residential"]},"geometry":{"type":"Point","coordinates":[1860.5,273.5]}},{"type":"Feature","properties":{"id":"TV_JCT_0443","kind":"T","degree":3,"road_types":["residential"]},"geometry":{"type":"Point","coordinates":[1870.5,257.5]}},{"type":"Feature","properties":{"id":"TV_JCT_0444","kind":"angled","degree":3,"road_types":["residential"]},"geometry":{"type":"Point","coordinates":[1875.5,244.5]}},{"type":"Feature","properties":{"id":"TV_JCT_0445","kind":"angled","degree":3,"road_types":["residential"]},"geometry":{"type":"Point","coordinates":[1875.5,246.5]}},{"type":"Feature","properties":{"id":"TV_JCT_0446","kind":"angled","degree":3,"road_types":["residential"]},"geometry":{"type":"Point","coordinates":[1879.5,225.5]}},{"type":"Feature","properties":{"id":"TV_JCT_0447","kind":"T","degree":3,"road_types":["residential"]},"geometry":{"type":"Point","coordinates":[1881.5,259.5]}},{"type":"Feature","properties":{"id":"TV_JCT_0448","kind":"T","degree":3,"road_types":["residential"]},"geometry":{"type":"Point","coordinates":[1881.5,263.5]}},{"type":"Feature","properties":{"id":"TV_JCT_0449","kind":"T","degree":3,"road_types":["residential"]},"geometry":{"type":"Point","coordinates":[1881.5,270.5]}},{"type":"Feature","properties":{"id":"TV_JCT_0450","kind":"T","degree":3,"road_types":["residential"]},"geometry":{"type":"Point","coordinates":[1882.5,248.5]}},{"type":"Feature","properties":{"id":"TV_JCT_0451","kind":"T","degree":3,"road_types":["residential"]},"geometry":{"type":"Point","coordinates":[1882.5,257.5]}},{"type":"Feature","properties":{"id":"TV_JCT_0452","kind":"angled","degree":3,"road_types":["residential"]},"geometry":{"type":"Point","coordinates":[1883.5,237.5]}},{"type":"Feature","properties":{"id":"TV_JCT_0453","kind":"T","degree":3,"road_types":["residential"]},"geometry":{"type":"Point","coordinates":[1885.5,228.5]}},{"type":"Feature","properties":{"id":"TV_JCT_0454","kind":"angled","degree":3,"road_types":["residential"]},"geometry":{"type":"Point","coordinates":[1886.5,229.5]}},{"type":"Feature","properties":{"id":"TV_JCT_0455","kind":"T","degree":3,"road_types":["residential"]},"geometry":{"type":"Point","coordinates":[1886.5,270.5]}},{"type":"Feature","properties":{"id":"TV_JCT_0456","kind":"angled","degree":3,"road_types":["residential"]},"geometry":{"type":"Point","coordinates":[1887.5,266.5]}},{"type":"Feature","properties":{"id":"TV_JCT_0457","kind":"T","degree":3,"road_types":["residential"]},"geometry":{"type":"Point","coordinates":[1888.5,269.5]}},{"type":"Feature","properties":{"id":"TV_JCT_0458","kind":"T","degree":3,"road_types":["residential"]},"geometry":{"type":"Point","coordinates":[1889.5,257.5]}},{"type":"Feature","properties":{"id":"TV_JCT_0459","kind":"angled","degree":3,"road_types":["residential"]},"geometry":{"type":"Point","coordinates":[1891.5,229.5]}},{"type":"Feature","properties":{"id":"TV_JCT_0460","kind":"angled","degree":3,"road_types":["residential"]},"geometry":{"type":"Point","coordinates":[1895.5,225.5]}},{"type":"Feature","properties":{"id":"TV_JCT_0461","kind":"angled","degree":3,"road_types":["residential"]},"geometry":{"type":"Point","coordinates":[1897.5,233.5]}},{"type":"Feature","properties":{"id":"TV_JCT_0462","kind":"angled","degree":3,"road_types":["residential"]},"geometry":{"type":"Point","coordinates":[1898.5,226.5]}},{"type":"Feature","properties":{"id":"TV_JCT_0463","kind":"angled","degree":3,"road_types":["residential"]},"geometry":{"type":"Point","coordinates":[1901.5,272.5]}},{"type":"Feature","properties":{"id":"TV_JCT_0464","kind":"T","degree":3,"road_types":["residential"]},"geometry":{"type":"Point","coordinates":[1903.5,239.5]}},{"type":"Feature","properties":{"id":"TV_JCT_0465","kind":"T","degree":3,"road_types":["residential"]},"geometry":{"type":"Point","coordinates":[1905.5,239.5]}},{"type":"Feature","properties":{"id":"TV_JCT_0466","kind":"end","degree":1,"road_types":["residential"]},"geometry":{"type":"Point","coordinates":[1905.5,248.5]}},{"type":"Feature","properties":{"id":"TV_JCT_0467","kind":"T","degree":3,"road_types":["residential"]},"geometry":{"type":"Point","coordinates":[1905.5,258.5]}},{"type":"Feature","properties":{"id":"TV_JCT_0468","kind":"angled","degree":3,"road_types":["residential"]},"geometry":{"type":"Point","coordinates":[1912.5,242.5]}},{"type":"Feature","properties":{"id":"TV_JCT_0469","kind":"angled","degree":3,"road_types":["residential"]},"geometry":{"type":"Point","coordinates":[1916.5,246.5]}},{"type":"Feature","properties":{"id":"TV_JCT_0470","kind":"T","degree":3,"road_types":["residential"]},"geometry":{"type":"Point","coordinates":[1916.5,254.5]}},{"type":"Feature","properties":{"id":"TV_JCT_0471","kind":"T","degree":3,"road_types":["residential"]},"geometry":{"type":"Point","coordinates":[1916.5,266.5]}},{"type":"Feature","properties":{"id":"TV_JCT_0472","kind":"T","degree":3,"road_types":["residential"]},"geometry":{"type":"Point","coordinates":[1917.5,256.5]}},{"type":"Feature","properties":{"id":"TV_JCT_0473","kind":"T","degree":3,"road_types":["residential"]},"geometry":{"type":"Point","coordinates":[1918.5,264.5]}},{"type":"Feature","properties":{"id":"TV_JCT_0474","kind":"angled","degree":3,"road_types":["residential"]},"geometry":{"type":"Point","coordinates":[1922.5,256.5]}},{"type":"Feature","properties":{"id":"TV_JCT_0475","kind":"angled","degree":3,"road_types":["residential"]},"geometry":{"type":"Point","coordinates":[1924.5,232.5]}},{"type":"Feature","properties":{"id":"TV_JCT_0476","kind":"T","degree":3,"road_types":["residential"]},"geometry":{"type":"Point","coordinates":[1925.5,249.5]}},{"type":"Feature","properties":{"id":"TV_JCT_0477","kind":"T","degree":3,"road_types":["residential"]},"geometry":{"type":"Point","coordinates":[1927.5,232.5]}},{"type":"Feature","properties":{"id":"TV_JCT_0478","kind":"T","degree":3,"road_types":["residential"]},"geometry":{"type":"Point","coordinates":[1939.5,244.5]}},{"type":"Feature","properties":{"id":"TV_JCT_0479","kind":"T","degree":3,"road_types":["residential"]},"geometry":{"type":"Point","coordinates":[1943.5,244.5]}},{"type":"Feature","properties":{"id":"TV_JCT_0480","kind":"T","degree":3,"road_types":["residential"]},"geometry":{"type":"Point","coordinates":[1950.5,246.5]}},{"type":"Feature","properties":{"id":"TV_JCT_0481","kind":"T","degree":3,"road_types":["residential"]},"geometry":{"type":"Point","coordinates":[1956.5,229.5]}},{"type":"Feature","properties":{"id":"TV_JCT_0482","kind":"T","degree":3,"road_types":["residential"]},"geometry":{"type":"Point","coordinates":[1957.5,243.5]}},{"type":"Feature","properties":{"id":"TV_JCT_0483","kind":"angled","degree":3,"road_types":["residential"]},"geometry":{"type":"Point","coordinates":[1957.5,245.5]}},{"type":"Feature","properties":{"id":"TV_JCT_0484","kind":"T","degree":3,"road_types":["residential"]},"geometry":{"type":"Point","coordinates":[1961.5,253.5]}},{"type":"Feature","properties":{"id":"TV_JCT_0485","kind":"angled","degree":3,"road_types":["residential"]},"geometry":{"type":"Point","coordinates":[1961.5,250.5]}},{"type":"Feature","properties":{"id":"TV_JCT_0486","kind":"T","degree":3,"road_types":["residential"]},"geometry":{"type":"Point","coordinates":[1966.5,242.5]}},{"type":"Feature","properties":{"id":"TV_JCT_0487","kind":"T","degree":3,"road_types":["residential"]},"geometry":{"type":"Point","coordinates":[1977.5,238.5]}},{"type":"Feature","properties":{"id":"TV_JCT_0488","kind":"end","degree":1,"road_types":["residential"]},"geometry":{"type":"Point","coordinates":[1983.5,235.5]}},{"type":"Feature","properties":{"id":"TV_JCT_0489","kind":"T","degree":3,"road_types":["residential"]},"geometry":{"type":"Point","coordinates":[1984.5,242.5]}},{"type":"Feature","properties":{"id":"TV_JCT_0490","kind":"end","degree":1,"road_types":["residential"]},"geometry":{"type":"Point","coordinates":[1997.5,242.5]}},{"type":"Feature","properties":{"id":"LC_JCT_0339","kind":"T","degree":3,"road_types":["residential"]},"geometry":{"type":"Point","coordinates":[13.5,309.5]}},{"type":"Feature","properties":{"id":"LC_JCT_0340","kind":"T","degree":3,"road_types":["residential"]},"geometry":{"type":"Point","coordinates":[56.5,289.5]}},{"type":"Feature","properties":{"id":"LC_JCT_0341","kind":"T","degree":3,"road_types":["residential"]},"geometry":{"type":"Point","coordinates":[66.5,285.5]}},{"type":"Feature","properties":{"id":"LC_JCT_0342","kind":"T","degree":3,"road_types":["residential"]},"geometry":{"type":"Point","coordinates":[69.5,298.5]}},{"type":"Feature","properties":{"id":"LC_JCT_0343","kind":"T","degree":3,"road_types":["residential"]},"geometry":{"type":"Point","coordinates":[96.02,305.46]}},{"type":"Feature","properties":{"id":"LC_JCT_0344","kind":"fork","degree":3,"road_types":["residential"]},"geometry":{"type":"Point","coordinates":[102.5,309.5]}},{"type":"Feature","properties":{"id":"LC_JCT_0345","kind":"fork","degree":3,"road_types":["residential"]},"geometry":{"type":"Point","coordinates":[108.5,315.5]}},{"type":"Feature","properties":{"id":"LC_JCT_0346","kind":"end","degree":1,"road_types":["residential"]},"geometry":{"type":"Point","coordinates":[116.5,320.51]}},{"type":"Feature","properties":{"id":"LC_JCT_0347","kind":"end","degree":1,"road_types":["residential"]},"geometry":{"type":"Point","coordinates":[136.92,321.08]}},{"type":"Feature","properties":{"id":"LC_JCT_0348","kind":"angled","degree":4,"road_types":["residential"]},"geometry":{"type":"Point","coordinates":[157.5,306.5]}},{"type":"Feature","properties":{"id":"LC_JCT_0349","kind":"T","degree":3,"road_types":["residential"]},"geometry":{"type":"Point","coordinates":[157.5,308.5]}},{"type":"Feature","properties":{"id":"LC_JCT_0350","kind":"end","degree":1,"road_types":["residential"]},"geometry":{"type":"Point","coordinates":[162.5,290.5]}},{"type":"Feature","properties":{"id":"LC_JCT_0351","kind":"angled","degree":3,"road_types":["residential"]},"geometry":{"type":"Point","coordinates":[168.5,314.5]}},{"type":"Feature","properties":{"id":"LC_JCT_0352","kind":"angled","degree":4,"road_types":["residential"]},"geometry":{"type":"Point","coordinates":[169.5,293.5]}},{"type":"Feature","properties":{"id":"LC_JCT_0353","kind":"angled","degree":3,"road_types":["residential"]},"geometry":{"type":"Point","coordinates":[172.5,288.5]}},{"type":"Feature","properties":{"id":"LC_JCT_0354","kind":"angled","degree":3,"road_types":["residential"]},"geometry":{"type":"Point","coordinates":[178.5,320.5]}},{"type":"Feature","properties":{"id":"LC_JCT_0355","kind":"angled","degree":3,"road_types":["residential"]},"geometry":{"type":"Point","coordinates":[179.5,299.5]}},{"type":"Feature","properties":{"id":"LC_JCT_0356","kind":"angled","degree":3,"road_types":["residential"]},"geometry":{"type":"Point","coordinates":[185.5,294.5]}},{"type":"Feature","properties":{"id":"LC_JCT_0357","kind":"T","degree":3,"road_types":["residential"]},"geometry":{"type":"Point","coordinates":[187.5,289.5]}},{"type":"Feature","properties":{"id":"LC_JCT_0358","kind":"angled","degree":3,"road_types":["residential"]},"geometry":{"type":"Point","coordinates":[187.5,304.5]}},{"type":"Feature","properties":{"id":"LC_JCT_0359","kind":"angled","degree":3,"road_types":["residential"]},"geometry":{"type":"Point","coordinates":[189.5,289.5]}},{"type":"Feature","properties":{"id":"LC_JCT_0360","kind":"angled","degree":3,"road_types":["residential"]},"geometry":{"type":"Point","coordinates":[190.5,299.5]}},{"type":"Feature","properties":{"id":"LC_JCT_0361","kind":"angled","degree":3,"road_types":["residential"]},"geometry":{"type":"Point","coordinates":[193.5,298.5]}},{"type":"Feature","properties":{"id":"LC_JCT_0362","kind":"T","degree":3,"road_types":["residential"]},"geometry":{"type":"Point","coordinates":[193.5,318.5]}},{"type":"Feature","properties":{"id":"LC_JCT_0363","kind":"T","degree":3,"road_types":["residential"]},"geometry":{"type":"Point","coordinates":[193.5,320.5]}},{"type":"Feature","properties":{"id":"LC_JCT_0364","kind":"angled","degree":3,"road_types":["residential"]},"geometry":{"type":"Point","coordinates":[193.5,322.5]}},{"type":"Feature","properties":{"id":"LC_JCT_0365","kind":"angled","degree":3,"road_types":["residential"]},"geometry":{"type":"Point","coordinates":[199.5,301.5]}},{"type":"Feature","properties":{"id":"LC_JCT_0366","kind":"T","degree":3,"road_types":["residential"]},"geometry":{"type":"Point","coordinates":[206.5,287.5]}},{"type":"Feature","properties":{"id":"LC_JCT_0367","kind":"angled","degree":3,"road_types":["residential"]},"geometry":{"type":"Point","coordinates":[208.5,301.5]}},{"type":"Feature","properties":{"id":"LC_JCT_0368","kind":"angled","degree":3,"road_types":["residential"]},"geometry":{"type":"Point","coordinates":[208.5,321.5]}},{"type":"Feature","properties":{"id":"LC_JCT_0369","kind":"T","degree":3,"road_types":["residential"]},"geometry":{"type":"Point","coordinates":[209.5,323.5]}},{"type":"Feature","properties":{"id":"LC_JCT_0370","kind":"angled","degree":3,"road_types":["residential"]},"geometry":{"type":"Point","coordinates":[212.5,310.5]}},{"type":"Feature","properties":{"id":"LC_JCT_0371","kind":"angled","degree":3,"road_types":["residential","urban_street"]},"geometry":{"type":"Point","coordinates":[215.5,275.5]}},{"type":"Feature","properties":{"id":"LC_JCT_0372","kind":"angled","degree":3,"road_types":["urban_street"]},"geometry":{"type":"Point","coordinates":[222.5,282.5]}},{"type":"Feature","properties":{"id":"LC_JCT_0373","kind":"angled","degree":3,"road_types":["urban_street"]},"geometry":{"type":"Point","coordinates":[226.5,282.5]}},{"type":"Feature","properties":{"id":"LC_JCT_0374","kind":"angled","degree":3,"road_types":["residential","urban_street"]},"geometry":{"type":"Point","coordinates":[226.5,312.5]}},{"type":"Feature","properties":{"id":"LC_JCT_0375","kind":"city","degree":3,"road_types":["urban_street"]},"geometry":{"type":"Point","coordinates":[229.5,297.5]}},{"type":"Feature","properties":{"id":"LC_JCT_0376","kind":"angled","degree":3,"road_types":["residential","urban_street"]},"geometry":{"type":"Point","coordinates":[229.5,318.5]}},{"type":"Feature","properties":{"id":"LC_JCT_0377","kind":"city","degree":3,"road_types":["urban_street"]},"geometry":{"type":"Point","coordinates":[230.5,291.5]}},{"type":"Feature","properties":{"id":"LC_JCT_0378","kind":"angled","degree":3,"road_types":["urban_street"]},"geometry":{"type":"Point","coordinates":[230.5,303.5]}},{"type":"Feature","properties":{"id":"LC_JCT_0379","kind":"city","degree":3,"road_types":["urban_street"]},"geometry":{"type":"Point","coordinates":[232.5,303.5]}},{"type":"Feature","properties":{"id":"LC_JCT_0380","kind":"multi","degree":7,"road_types":["urban_street"]},"geometry":{"type":"Point","coordinates":[239.5,320.5]}},{"type":"Feature","properties":{"id":"LC_JCT_0381","kind":"angled","degree":3,"road_types":["residential","urban_street"]},"geometry":{"type":"Point","coordinates":[239.5,323.5]}},{"type":"Feature","properties":{"id":"LC_JCT_0382","kind":"city","degree":3,"road_types":["urban_street"]},"geometry":{"type":"Point","coordinates":[241.5,323.5]}},{"type":"Feature","properties":{"id":"LC_JCT_0383","kind":"city","degree":3,"road_types":["urban_street"]},"geometry":{"type":"Point","coordinates":[243.5,323.5]}},{"type":"Feature","properties":{"id":"LC_JCT_0384","kind":"angled","degree":3,"road_types":["urban_street"]},"geometry":{"type":"Point","coordinates":[244.5,287.5]}},{"type":"Feature","properties":{"id":"LC_JCT_0385","kind":"city","degree":3,"road_types":["urban_street"]},"geometry":{"type":"Point","coordinates":[244.5,290.5]}},{"type":"Feature","properties":{"id":"LC_JCT_0386","kind":"city","degree":4,"road_types":["urban_street"]},"geometry":{"type":"Point","coordinates":[245.5,301.5]}},{"type":"Feature","properties":{"id":"LC_JCT_0387","kind":"angled","degree":3,"road_types":["urban_street"]},"geometry":{"type":"Point","coordinates":[252.5,322.5]}},{"type":"Feature","properties":{"id":"LC_JCT_0388","kind":"angled","degree":3,"road_types":["urban_street"]},"geometry":{"type":"Point","coordinates":[254.5,315.5]}},{"type":"Feature","properties":{"id":"LC_JCT_0389","kind":"city","degree":3,"road_types":["urban_street"]},"geometry":{"type":"Point","coordinates":[257.5,285.5]}},{"type":"Feature","properties":{"id":"LC_JCT_0390","kind":"city","degree":3,"road_types":["urban_street"]},"geometry":{"type":"Point","coordinates":[265.5,315.5]}},{"type":"Feature","properties":{"id":"LC_JCT_0391","kind":"city","degree":3,"road_types":["urban_street"]},"geometry":{"type":"Point","coordinates":[266.5,280.5]}},{"type":"Feature","properties":{"id":"LC_JCT_0392","kind":"angled","degree":3,"road_types":["urban_street"]},"geometry":{"type":"Point","coordinates":[270.5,283.5]}},{"type":"Feature","properties":{"id":"LC_JCT_0393","kind":"city","degree":3,"road_types":["urban_street"]},"geometry":{"type":"Point","coordinates":[278.5,283.5]}},{"type":"Feature","properties":{"id":"LC_JCT_0394","kind":"city","degree":3,"road_types":["urban_street"]},"geometry":{"type":"Point","coordinates":[279.5,275.5]}},{"type":"Feature","properties":{"id":"LC_JCT_0395","kind":"city","degree":3,"road_types":["urban_street"]},"geometry":{"type":"Point","coordinates":[279.5,311.5]}},{"type":"Feature","properties":{"id":"LC_JCT_0396","kind":"angled","degree":3,"road_types":["urban_street"]},"geometry":{"type":"Point","coordinates":[285.5,283.5]}},{"type":"Feature","properties":{"id":"LC_JCT_0397","kind":"city","degree":3,"road_types":["urban_street"]},"geometry":{"type":"Point","coordinates":[293.13,310.93]}},{"type":"Feature","properties":{"id":"LC_JCT_0398","kind":"city","degree":3,"road_types":["urban_street"]},"geometry":{"type":"Point","coordinates":[298.5,276.5]}},{"type":"Feature","properties":{"id":"LC_JCT_0399","kind":"city","degree":3,"road_types":["urban_street"]},"geometry":{"type":"Point","coordinates":[300.5,276.5]}},{"type":"Feature","properties":{"id":"LC_JCT_0400","kind":"angled","degree":3,"road_types":["urban_street"]},"geometry":{"type":"Point","coordinates":[300.5,310.5]}},{"type":"Feature","properties":{"id":"LC_JCT_0401","kind":"angled","degree":3,"road_types":["urban_street"]},"geometry":{"type":"Point","coordinates":[304.5,283.5]}},{"type":"Feature","properties":{"id":"LC_JCT_0402","kind":"angled","degree":3,"road_types":["urban_street"]},"geometry":{"type":"Point","coordinates":[305.5,300.5]}},{"type":"Feature","properties":{"id":"LC_JCT_0403","kind":"city","degree":3,"road_types":["urban_street"]},"geometry":{"type":"Point","coordinates":[309.5,300.5]}},{"type":"Feature","properties":{"id":"LC_JCT_0404","kind":"fork","degree":3,"road_types":["urban_street"]},"geometry":{"type":"Point","coordinates":[311.37,324.13]}},{"type":"Feature","properties":{"id":"LC_JCT_0405","kind":"angled","degree":3,"road_types":["urban_street"]},"geometry":{"type":"Point","coordinates":[312.63,323.35]}},{"type":"Feature","properties":{"id":"LC_JCT_0406","kind":"angled","degree":3,"road_types":["urban_street"]},"geometry":{"type":"Point","coordinates":[314.5,299.5]}},{"type":"Feature","properties":{"id":"LC_JCT_0407","kind":"city","degree":3,"road_types":["urban_street"]},"geometry":{"type":"Point","coordinates":[315.5,283.5]}},{"type":"Feature","properties":{"id":"LC_JCT_0408","kind":"city","degree":3,"road_types":["urban_street"]},"geometry":{"type":"Point","coordinates":[325.5,285.5]}},{"type":"Feature","properties":{"id":"LC_JCT_0409","kind":"angled","degree":3,"road_types":["urban_street"]},"geometry":{"type":"Point","coordinates":[325.5,289.5]}},{"type":"Feature","properties":{"id":"LC_JCT_0410","kind":"angled","degree":3,"road_types":["urban_street"]},"geometry":{"type":"Point","coordinates":[326.5,304.5]}},{"type":"Feature","properties":{"id":"LC_JCT_0411","kind":"city","degree":3,"road_types":["urban_street"]},"geometry":{"type":"Point","coordinates":[326.56,310.1]}},{"type":"Feature","properties":{"id":"LC_JCT_0412","kind":"city","degree":3,"road_types":["urban_street"]},"geometry":{"type":"Point","coordinates":[327.5,289.5]}},{"type":"Feature","properties":{"id":"LC_JCT_0413","kind":"city","degree":3,"road_types":["urban_street"]},"geometry":{"type":"Point","coordinates":[328.5,290.5]}},{"type":"Feature","properties":{"id":"LC_JCT_0414","kind":"city","degree":3,"road_types":["urban_street"]},"geometry":{"type":"Point","coordinates":[328.5,320.5]}},{"type":"Feature","properties":{"id":"LC_JCT_0415","kind":"city","degree":3,"road_types":["urban_street"]},"geometry":{"type":"Point","coordinates":[330.5,299.5]}},{"type":"Feature","properties":{"id":"LC_JCT_0416","kind":"city","degree":3,"road_types":["urban_street"]},"geometry":{"type":"Point","coordinates":[331.5,309.5]}},{"type":"Feature","properties":{"id":"LC_JCT_0417","kind":"city","degree":3,"road_types":["urban_street"]},"geometry":{"type":"Point","coordinates":[337.5,293.5]}},{"type":"Feature","properties":{"id":"LC_JCT_0418","kind":"city","degree":3,"road_types":["urban_street"]},"geometry":{"type":"Point","coordinates":[339.5,292.5]}},{"type":"Feature","properties":{"id":"LC_JCT_0419","kind":"city","degree":4,"road_types":["urban_street"]},"geometry":{"type":"Point","coordinates":[345.5,292.5]}},{"type":"Feature","properties":{"id":"LC_JCT_0420","kind":"city","degree":4,"road_types":["residential","urban_street"]},"geometry":{"type":"Point","coordinates":[347.5,275.5]}},{"type":"Feature","properties":{"id":"LC_JCT_0421","kind":"city","degree":3,"road_types":["urban_street"]},"geometry":{"type":"Point","coordinates":[348.5,307.5]}},{"type":"Feature","properties":{"id":"LC_JCT_0422","kind":"city","degree":3,"road_types":["urban_street"]},"geometry":{"type":"Point","coordinates":[349.5,323.5]}},{"type":"Feature","properties":{"id":"LC_JCT_0423","kind":"city","degree":3,"road_types":["urban_street"]},"geometry":{"type":"Point","coordinates":[352.5,309.5]}},{"type":"Feature","properties":{"id":"LC_JCT_0424","kind":"city","degree":3,"road_types":["urban_street"]},"geometry":{"type":"Point","coordinates":[352.5,313.5]}},{"type":"Feature","properties":{"id":"LC_JCT_0425","kind":"city","degree":3,"road_types":["residential","urban_street"]},"geometry":{"type":"Point","coordinates":[355.5,313.5]}},{"type":"Feature","properties":{"id":"LC_JCT_0426","kind":"city","degree":3,"road_types":["residential","urban_street"]},"geometry":{"type":"Point","coordinates":[355.5,323.5]}},{"type":"Feature","properties":{"id":"LC_JCT_0427","kind":"city","degree":3,"road_types":["residential","urban_street"]},"geometry":{"type":"Point","coordinates":[356.5,317.5]}},{"type":"Feature","properties":{"id":"LC_JCT_0428","kind":"city","degree":3,"road_types":["urban_street"]},"geometry":{"type":"Point","coordinates":[357.5,293.5]}},{"type":"Feature","properties":{"id":"LC_JCT_0429","kind":"city","degree":3,"road_types":["residential","urban_street"]},"geometry":{"type":"Point","coordinates":[358.5,288.5]}},{"type":"Feature","properties":{"id":"LC_JCT_0430","kind":"angled","degree":3,"road_types":["residential","urban_street"]},"geometry":{"type":"Point","coordinates":[359.5,299.5]}},{"type":"Feature","properties":{"id":"LC_JCT_0431","kind":"city","degree":3,"road_types":["residential","urban_street"]},"geometry":{"type":"Point","coordinates":[360.5,277.5]}},{"type":"Feature","properties":{"id":"LC_JCT_0432","kind":"T","degree":3,"road_types":["residential"]},"geometry":{"type":"Point","coordinates":[364.5,276.5]}},{"type":"Feature","properties":{"id":"LC_JCT_0433","kind":"T","degree":3,"road_types":["residential"]},"geometry":{"type":"Point","coordinates":[365.5,314.5]}},{"type":"Feature","properties":{"id":"LC_JCT_0434","kind":"angled","degree":3,"road_types":["residential"]},"geometry":{"type":"Point","coordinates":[365.5,317.5]}},{"type":"Feature","properties":{"id":"LC_JCT_0435","kind":"angled","degree":3,"road_types":["residential"]},"geometry":{"type":"Point","coordinates":[367.5,301.5]}},{"type":"Feature","properties":{"id":"LC_JCT_0436","kind":"angled","degree":3,"road_types":["residential"]},"geometry":{"type":"Point","coordinates":[372.5,323.5]}},{"type":"Feature","properties":{"id":"LC_JCT_0437","kind":"T","degree":3,"road_types":["residential"]},"geometry":{"type":"Point","coordinates":[374.5,314.5]}},{"type":"Feature","properties":{"id":"LC_JCT_0438","kind":"angled","degree":3,"road_types":["residential"]},"geometry":{"type":"Point","coordinates":[374.5,322.5]}},{"type":"Feature","properties":{"id":"LC_JCT_0439","kind":"T","degree":3,"road_types":["residential"]},"geometry":{"type":"Point","coordinates":[375.5,308.5]}},{"type":"Feature","properties":{"id":"LC_JCT_0440","kind":"T","degree":3,"road_types":["residential"]},"geometry":{"type":"Point","coordinates":[377.5,299.5]}},{"type":"Feature","properties":{"id":"LC_JCT_0441","kind":"T","degree":3,"road_types":["residential"]},"geometry":{"type":"Point","coordinates":[377.5,302.5]}},{"type":"Feature","properties":{"id":"LC_JCT_0442","kind":"T","degree":3,"road_types":["residential"]},"geometry":{"type":"Point","coordinates":[379.5,290.5]}},{"type":"Feature","properties":{"id":"LC_JCT_0443","kind":"T","degree":3,"road_types":["residential"]},"geometry":{"type":"Point","coordinates":[391.5,307.5]}},{"type":"Feature","properties":{"id":"LC_JCT_0444","kind":"angled","degree":3,"road_types":["residential"]},"geometry":{"type":"Point","coordinates":[392.5,318.5]}},{"type":"Feature","properties":{"id":"LC_JCT_0445","kind":"angled","degree":3,"road_types":["residential"]},"geometry":{"type":"Point","coordinates":[396.5,279.5]}},{"type":"Feature","properties":{"id":"LC_JCT_0446","kind":"angled","degree":3,"road_types":["residential"]},"geometry":{"type":"Point","coordinates":[397.5,318.5]}},{"type":"Feature","properties":{"id":"LC_JCT_0447","kind":"T","degree":3,"road_types":["residential"]},"geometry":{"type":"Point","coordinates":[400.5,310.5]}},{"type":"Feature","properties":{"id":"LC_JCT_0448","kind":"angled","degree":3,"road_types":["residential"]},"geometry":{"type":"Point","coordinates":[407.5,293.5]}},{"type":"Feature","properties":{"id":"LC_JCT_0449","kind":"angled","degree":3,"road_types":["residential"]},"geometry":{"type":"Point","coordinates":[408.5,286.5]}},{"type":"Feature","properties":{"id":"LC_JCT_0450","kind":"angled","degree":4,"road_types":["residential"]},"geometry":{"type":"Point","coordinates":[409.5,311.5]}},{"type":"Feature","properties":{"id":"LC_JCT_0451","kind":"T","degree":3,"road_types":["residential"]},"geometry":{"type":"Point","coordinates":[413.5,305.5]}},{"type":"Feature","properties":{"id":"LC_JCT_0452","kind":"angled","degree":3,"road_types":["residential"]},"geometry":{"type":"Point","coordinates":[415.5,295.5]}},{"type":"Feature","properties":{"id":"LC_JCT_0453","kind":"T","degree":3,"road_types":["residential"]},"geometry":{"type":"Point","coordinates":[415.5,300.5]}},{"type":"Feature","properties":{"id":"LC_JCT_0454","kind":"angled","degree":3,"road_types":["residential"]},"geometry":{"type":"Point","coordinates":[417.5,292.5]}},{"type":"Feature","properties":{"id":"LC_JCT_0455","kind":"T","degree":3,"road_types":["residential"]},"geometry":{"type":"Point","coordinates":[417.5,315.5]}},{"type":"Feature","properties":{"id":"LC_JCT_0456","kind":"T","degree":3,"road_types":["residential"]},"geometry":{"type":"Point","coordinates":[419.5,307.5]}},{"type":"Feature","properties":{"id":"LC_JCT_0457","kind":"angled","degree":3,"road_types":["residential"]},"geometry":{"type":"Point","coordinates":[420.5,292.5]}},{"type":"Feature","properties":{"id":"LC_JCT_0458","kind":"T","degree":3,"road_types":["residential"]},"geometry":{"type":"Point","coordinates":[421.5,308.5]}},{"type":"Feature","properties":{"id":"LC_JCT_0459","kind":"angled","degree":3,"road_types":["residential"]},"geometry":{"type":"Point","coordinates":[422.5,285.5]}},{"type":"Feature","properties":{"id":"LC_JCT_0460","kind":"angled","degree":3,"road_types":["residential"]},"geometry":{"type":"Point","coordinates":[427.5,308.5]}},{"type":"Feature","properties":{"id":"LC_JCT_0461","kind":"angled","degree":3,"road_types":["residential"]},"geometry":{"type":"Point","coordinates":[428.5,318.5]}},{"type":"Feature","properties":{"id":"LC_JCT_0462","kind":"angled","degree":3,"road_types":["residential"]},"geometry":{"type":"Point","coordinates":[429.5,314.5]}},{"type":"Feature","properties":{"id":"LC_JCT_0463","kind":"T","degree":3,"road_types":["residential"]},"geometry":{"type":"Point","coordinates":[432.5,301.5]}},{"type":"Feature","properties":{"id":"LC_JCT_0464","kind":"angled","degree":3,"road_types":["residential"]},"geometry":{"type":"Point","coordinates":[438.5,314.5]}},{"type":"Feature","properties":{"id":"LC_JCT_0465","kind":"angled","degree":3,"road_types":["residential"]},"geometry":{"type":"Point","coordinates":[441.5,305.5]}},{"type":"Feature","properties":{"id":"LC_JCT_0466","kind":"T","degree":3,"road_types":["residential"]},"geometry":{"type":"Point","coordinates":[441.5,308.5]}},{"type":"Feature","properties":{"id":"LC_JCT_0467","kind":"angled","degree":3,"road_types":["residential"]},"geometry":{"type":"Point","coordinates":[446.5,321.5]}},{"type":"Feature","properties":{"id":"LC_JCT_0468","kind":"angled","degree":3,"road_types":["residential"]},"geometry":{"type":"Point","coordinates":[447.5,301.5]}},{"type":"Feature","properties":{"id":"LC_JCT_0469","kind":"angled","degree":3,"road_types":["residential"]},"geometry":{"type":"Point","coordinates":[450.5,296.5]}},{"type":"Feature","properties":{"id":"LC_JCT_0470","kind":"T","degree":3,"road_types":["residential"]},"geometry":{"type":"Point","coordinates":[451.5,309.5]}},{"type":"Feature","properties":{"id":"LC_JCT_0471","kind":"T","degree":3,"road_types":["residential"]},"geometry":{"type":"Point","coordinates":[452.5,321.5]}},{"type":"Feature","properties":{"id":"LC_JCT_0472","kind":"angled","degree":3,"road_types":["residential"]},"geometry":{"type":"Point","coordinates":[457.5,295.5]}},{"type":"Feature","properties":{"id":"LC_JCT_0473","kind":"T","degree":3,"road_types":["residential"]},"geometry":{"type":"Point","coordinates":[460.5,298.5]}},{"type":"Feature","properties":{"id":"LC_JCT_0474","kind":"angled","degree":3,"road_types":["residential"]},"geometry":{"type":"Point","coordinates":[465.5,311.5]}},{"type":"Feature","properties":{"id":"LC_JCT_0475","kind":"T","degree":3,"road_types":["residential"]},"geometry":{"type":"Point","coordinates":[467.5,292.5]}},{"type":"Feature","properties":{"id":"LC_JCT_0476","kind":"angled","degree":3,"road_types":["residential"]},"geometry":{"type":"Point","coordinates":[471.5,314.5]}},{"type":"Feature","properties":{"id":"LC_JCT_0477","kind":"T","degree":3,"road_types":["highway","residential"]},"geometry":{"type":"Point","coordinates":[473.78,324.07]}},{"type":"Feature","properties":{"id":"LC_JCT_0478","kind":"angled","degree":3,"road_types":["residential"]},"geometry":{"type":"Point","coordinates":[477.5,300.5]}},{"type":"Feature","properties":{"id":"LC_JCT_0479","kind":"angled","degree":3,"road_types":["residential"]},"geometry":{"type":"Point","coordinates":[478.5,308.5]}},{"type":"Feature","properties":{"id":"LC_JCT_0480","kind":"angled","degree":3,"road_types":["residential"]},"geometry":{"type":"Point","coordinates":[485.5,303.5]}},{"type":"Feature","properties":{"id":"LC_JCT_0481","kind":"T","degree":3,"road_types":["residential"]},"geometry":{"type":"Point","coordinates":[485.5,308.5]}},{"type":"Feature","properties":{"id":"LC_JCT_0482","kind":"T","degree":3,"road_types":["highway","residential"]},"geometry":{"type":"Point","coordinates":[488.85,321.01]}},{"type":"Feature","properties":{"id":"LC_JCT_0483","kind":"fork","degree":3,"road_types":["residential","rural"]},"geometry":{"type":"Point","coordinates":[499.5,297.5]}},{"type":"Feature","properties":{"id":"RU_JCT_0164","kind":"fork","degree":3,"road_types":["residential","rural"]},"geometry":{"type":"Point","coordinates":[508.5,287.5]}},{"type":"Feature","properties":{"id":"RU_JCT_0165","kind":"T","degree":3,"road_types":["highway","rural"]},"geometry":{"type":"Point","coordinates":[638.94,323.27]}},{"type":"Feature","properties":{"id":"RU_JCT_0166","kind":"end","degree":1,"road_types":["rural"]},"geometry":{"type":"Point","coordinates":[663.5,308.5]}},{"type":"Feature","properties":{"id":"RU_JCT_0167","kind":"end","degree":1,"road_types":["rural"]},"geometry":{"type":"Point","coordinates":[668.5,305.5]}},{"type":"Feature","properties":{"id":"RU_JCT_0168","kind":"T","degree":3,"road_types":["rural"]},"geometry":{"type":"Point","coordinates":[676.5,289.5]}},{"type":"Feature","properties":{"id":"RU_JCT_0169","kind":"angled","degree":3,"road_types":["rural"]},"geometry":{"type":"Point","coordinates":[677.5,313.5]}},{"type":"Feature","properties":{"id":"RU_JCT_0170","kind":"T","degree":3,"road_types":["rural"]},"geometry":{"type":"Point","coordinates":[679.5,312.5]}},{"type":"Feature","properties":{"id":"RU_JCT_0171","kind":"angled","degree":3,"road_types":["rural"]},"geometry":{"type":"Point","coordinates":[683.5,308.5]}},{"type":"Feature","properties":{"id":"RU_JCT_0172","kind":"angled","degree":3,"road_types":["rural"]},"geometry":{"type":"Point","coordinates":[684.5,303.5]}},{"type":"Feature","properties":{"id":"RU_JCT_0173","kind":"T","degree":3,"road_types":["rural"]},"geometry":{"type":"Point","coordinates":[684.5,314.5]}},{"type":"Feature","properties":{"id":"RU_JCT_0174","kind":"angled","degree":3,"road_types":["rural"]},"geometry":{"type":"Point","coordinates":[687.5,311.5]}},{"type":"Feature","properties":{"id":"RU_JCT_0175","kind":"angled","degree":3,"road_types":["rural"]},"geometry":{"type":"Point","coordinates":[694.5,304.5]}},{"type":"Feature","properties":{"id":"RU_JCT_0176","kind":"angled","degree":4,"road_types":["rural"]},"geometry":{"type":"Point","coordinates":[694.5,311.5]}},{"type":"Feature","properties":{"id":"RU_JCT_0177","kind":"multi","degree":5,"road_types":["rural"]},"geometry":{"type":"Point","coordinates":[700.07,315.55]}},{"type":"Feature","properties":{"id":"RU_JCT_0178","kind":"T","degree":3,"road_types":["rural"]},"geometry":{"type":"Point","coordinates":[702.94,294.88]}},{"type":"Feature","properties":{"id":"RU_JCT_0179","kind":"angled","degree":3,"road_types":["rural"]},"geometry":{"type":"Point","coordinates":[718.5,323.5]}},{"type":"Feature","properties":{"id":"RU_JCT_0180","kind":"fork","degree":3,"road_types":["rural"]},"geometry":{"type":"Point","coordinates":[740.99,317.26]}},{"type":"Feature","properties":{"id":"RU_JCT_0181","kind":"end","degree":1,"road_types":["rural"]},"geometry":{"type":"Point","coordinates":[837.5,283.5]}},{"type":"Feature","properties":{"id":"RU_JCT_0182","kind":"type_change","degree":2,"road_types":["rural"]},"geometry":{"type":"Point","coordinates":[855.5,293.5]}},{"type":"Feature","properties":{"id":"HR_JCT_0036","kind":"fork","degree":3,"road_types":["residential"]},"geometry":{"type":"Point","coordinates":[978.32,281.43]}},{"type":"Feature","properties":{"id":"HR_JCT_0037","kind":"angled","degree":4,"road_types":["residential"]},"geometry":{"type":"Point","coordinates":[981.05,279.71]}},{"type":"Feature","properties":{"id":"HR_JCT_0038","kind":"T","degree":3,"road_types":["residential"]},"geometry":{"type":"Point","coordinates":[987.5,297.5]}},{"type":"Feature","properties":{"id":"HR_JCT_0039","kind":"T","degree":3,"road_types":["residential"]},"geometry":{"type":"Point","coordinates":[993.5,294.5]}},{"type":"Feature","properties":{"id":"HR_JCT_0040","kind":"T","degree":3,"road_types":["residential"]},"geometry":{"type":"Point","coordinates":[995.5,280.5]}},{"type":"Feature","properties":{"id":"HR_JCT_0041","kind":"angled","degree":3,"road_types":["urban_street"]},"geometry":{"type":"Point","coordinates":[1004.9,320.54]}},{"type":"Feature","properties":{"id":"HR_JCT_0042","kind":"angled","degree":3,"road_types":["residential"]},"geometry":{"type":"Point","coordinates":[1006.5,293.5]}},{"type":"Feature","properties":{"id":"HR_JCT_0043","kind":"T","degree":3,"road_types":["residential"]},"geometry":{"type":"Point","coordinates":[1008.5,290.5]}},{"type":"Feature","properties":{"id":"HR_JCT_0044","kind":"angled","degree":3,"road_types":["residential","urban_street"]},"geometry":{"type":"Point","coordinates":[1008.5,300.5]}},{"type":"Feature","properties":{"id":"HR_JCT_0045","kind":"T","degree":3,"road_types":["residential"]},"geometry":{"type":"Point","coordinates":[1009.5,275.5]}},{"type":"Feature","properties":{"id":"HR_JCT_0046","kind":"T","degree":3,"road_types":["residential"]},"geometry":{"type":"Point","coordinates":[1014.5,275.5]}},{"type":"Feature","properties":{"id":"HR_JCT_0047","kind":"T","degree":3,"road_types":["residential"]},"geometry":{"type":"Point","coordinates":[1014.5,282.5]}},{"type":"Feature","properties":{"id":"HR_JCT_0048","kind":"angled","degree":3,"road_types":["urban_street"]},"geometry":{"type":"Point","coordinates":[1015.5,318.5]}},{"type":"Feature","properties":{"id":"HR_JCT_0049","kind":"city","degree":3,"road_types":["urban_street"]},"geometry":{"type":"Point","coordinates":[1020.5,304.5]}},{"type":"Feature","properties":{"id":"HR_JCT_0050","kind":"angled","degree":3,"road_types":["urban_street"]},"geometry":{"type":"Point","coordinates":[1020.5,306.5]}},{"type":"Feature","properties":{"id":"HR_JCT_0051","kind":"angled","degree":3,"road_types":["urban_street"]},"geometry":{"type":"Point","coordinates":[1020.5,323.5]}},{"type":"Feature","properties":{"id":"HR_JCT_0052","kind":"angled","degree":3,"road_types":["urban_street"]},"geometry":{"type":"Point","coordinates":[1023.5,323.5]}},{"type":"Feature","properties":{"id":"HR_JCT_0053","kind":"T","degree":3,"road_types":["residential"]},"geometry":{"type":"Point","coordinates":[1025.5,281.5]}},{"type":"Feature","properties":{"id":"HR_JCT_0054","kind":"city","degree":4,"road_types":["residential","urban_street"]},"geometry":{"type":"Point","coordinates":[1025.5,286.5]}},{"type":"Feature","properties":{"id":"HR_JCT_0055","kind":"city","degree":4,"road_types":["urban_street"]},"geometry":{"type":"Point","coordinates":[1026.5,308.5]}},{"type":"Feature","properties":{"id":"HR_JCT_0056","kind":"angled","degree":3,"road_types":["urban_street"]},"geometry":{"type":"Point","coordinates":[1026.5,318.5]}},{"type":"Feature","properties":{"id":"HR_JCT_0057","kind":"angled","degree":3,"road_types":["residential"]},"geometry":{"type":"Point","coordinates":[1030.93,280.88]}},{"type":"Feature","properties":{"id":"HR_JCT_0058","kind":"T","degree":3,"road_types":["residential"]},"geometry":{"type":"Point","coordinates":[1031.9,284.71]}},{"type":"Feature","properties":{"id":"HR_JCT_0059","kind":"city","degree":3,"road_types":["urban_street"]},"geometry":{"type":"Point","coordinates":[1039.5,318.5]}},{"type":"Feature","properties":{"id":"HR_JCT_0060","kind":"angled","degree":3,"road_types":["urban_street"]},"geometry":{"type":"Point","coordinates":[1040.5,316.5]}},{"type":"Feature","properties":{"id":"HR_JCT_0061","kind":"angled","degree":3,"road_types":["residential"]},"geometry":{"type":"Point","coordinates":[1047.5,280.5]}},{"type":"Feature","properties":{"id":"HR_JCT_0062","kind":"city","degree":3,"road_types":["residential","urban_street"]},"geometry":{"type":"Point","coordinates":[1048.5,301.5]}},{"type":"Feature","properties":{"id":"HR_JCT_0063","kind":"angled","degree":3,"road_types":["urban_street"]},"geometry":{"type":"Point","coordinates":[1048.5,313.5]}},{"type":"Feature","properties":{"id":"HR_JCT_0064","kind":"angled","degree":3,"road_types":["residential"]},"geometry":{"type":"Point","coordinates":[1052.5,282.5]}},{"type":"Feature","properties":{"id":"HR_JCT_0065","kind":"angled","degree":3,"road_types":["urban_street"]},"geometry":{"type":"Point","coordinates":[1057.5,313.5]}},{"type":"Feature","properties":{"id":"HR_JCT_0066","kind":"city","degree":4,"road_types":["urban_street"]},"geometry":{"type":"Point","coordinates":[1065.5,323.5]}},{"type":"Feature","properties":{"id":"HR_JCT_0067","kind":"T","degree":3,"road_types":["residential"]},"geometry":{"type":"Point","coordinates":[1066.5,282.5]}},{"type":"Feature","properties":{"id":"HR_JCT_0068","kind":"city","degree":3,"road_types":["urban_street"]},"geometry":{"type":"Point","coordinates":[1071.5,308.5]}},{"type":"Feature","properties":{"id":"HR_JCT_0069","kind":"angled","degree":3,"road_types":["urban_street"]},"geometry":{"type":"Point","coordinates":[1071.5,315.5]}},{"type":"Feature","properties":{"id":"HR_JCT_0070","kind":"T","degree":3,"road_types":["residential"]},"geometry":{"type":"Point","coordinates":[1077.5,279.5]}},{"type":"Feature","properties":{"id":"HR_JCT_0071","kind":"T","degree":3,"road_types":["residential"]},"geometry":{"type":"Point","coordinates":[1077.5,288.5]}},{"type":"Feature","properties":{"id":"HR_JCT_0072","kind":"city","degree":4,"road_types":["urban_street"]},"geometry":{"type":"Point","coordinates":[1077.54,317.11]}},{"type":"Feature","properties":{"id":"HR_JCT_0073","kind":"fork","degree":3,"road_types":["urban_street"]},"geometry":{"type":"Point","coordinates":[1079.67,317.68]}},{"type":"Feature","properties":{"id":"HR_JCT_0074","kind":"city","degree":4,"road_types":["residential","urban_street"]},"geometry":{"type":"Point","coordinates":[1090.5,304.5]}},{"type":"Feature","properties":{"id":"HR_JCT_0075","kind":"angled","degree":3,"road_types":["urban_street"]},"geometry":{"type":"Point","coordinates":[1090.5,307.5]}},{"type":"Feature","properties":{"id":"HR_JCT_0076","kind":"angled","degree":3,"road_types":["urban_street"]},"geometry":{"type":"Point","coordinates":[1092.5,324.5]}},{"type":"Feature","properties":{"id":"HR_JCT_0077","kind":"angled","degree":3,"road_types":["residential"]},"geometry":{"type":"Point","coordinates":[1093.5,288.5]}},{"type":"Feature","properties":{"id":"HR_JCT_0078","kind":"angled","degree":3,"road_types":["residential","urban_street"]},"geometry":{"type":"Point","coordinates":[1093.5,292.5]}},{"type":"Feature","properties":{"id":"HR_JCT_0079","kind":"angled","degree":3,"road_types":["urban_street"]},"geometry":{"type":"Point","coordinates":[1094.5,312.5]}},{"type":"Feature","properties":{"id":"HR_JCT_0080","kind":"city","degree":3,"road_types":["urban_street"]},"geometry":{"type":"Point","coordinates":[1096.5,321.5]}},{"type":"Feature","properties":{"id":"HR_JCT_0081","kind":"angled","degree":3,"road_types":["urban_street"]},"geometry":{"type":"Point","coordinates":[1096.5,323.5]}},{"type":"Feature","properties":{"id":"HR_JCT_0082","kind":"fork","degree":3,"road_types":["residential","urban_street"]},"geometry":{"type":"Point","coordinates":[1107.5,298.5]}},{"type":"Feature","properties":{"id":"HR_JCT_0083","kind":"city","degree":3,"road_types":["urban_street"]},"geometry":{"type":"Point","coordinates":[1108.5,321.5]}},{"type":"Feature","properties":{"id":"HR_JCT_0084","kind":"angled","degree":3,"road_types":["residential"]},"geometry":{"type":"Point","coordinates":[1109.5,279.5]}},{"type":"Feature","properties":{"id":"HR_JCT_0085","kind":"T","degree":3,"road_types":["residential"]},"geometry":{"type":"Point","coordinates":[1109.5,281.5]}},{"type":"Feature","properties":{"id":"HR_JCT_0086","kind":"angled","degree":3,"road_types":["residential"]},"geometry":{"type":"Point","coordinates":[1113.5,282.5]}},{"type":"Feature","properties":{"id":"HR_JCT_0087","kind":"angled","degree":4,"road_types":["residential"]},"geometry":{"type":"Point","coordinates":[1115.87,288.36]}},{"type":"Feature","properties":{"id":"HR_JCT_0088","kind":"angled","degree":4,"road_types":["residential"]},"geometry":{"type":"Point","coordinates":[1116.62,289.77]}},{"type":"Feature","properties":{"id":"HR_JCT_0089","kind":"angled","degree":3,"road_types":["residential"]},"geometry":{"type":"Point","coordinates":[1117.5,290.5]}},{"type":"Feature","properties":{"id":"HR_JCT_0090","kind":"angled","degree":4,"road_types":["residential"]},"geometry":{"type":"Point","coordinates":[1117.5,292.5]}},{"type":"Feature","properties":{"id":"HR_JCT_0091","kind":"angled","degree":4,"road_types":["residential"]},"geometry":{"type":"Point","coordinates":[1117.64,279.04]}},{"type":"Feature","properties":{"id":"HR_JCT_0092","kind":"end","degree":1,"road_types":["residential"]},"geometry":{"type":"Point","coordinates":[1123.5,287.5]}},{"type":"Feature","properties":{"id":"HR_JCT_0093","kind":"T","degree":3,"road_types":["residential"]},"geometry":{"type":"Point","coordinates":[1134.5,308.5]}},{"type":"Feature","properties":{"id":"HR_JCT_0094","kind":"T","degree":3,"road_types":["residential"]},"geometry":{"type":"Point","coordinates":[1138.5,311.5]}},{"type":"Feature","properties":{"id":"HR_JCT_0095","kind":"end","degree":1,"road_types":["residential"]},"geometry":{"type":"Point","coordinates":[1176.5,278.5]}},{"type":"Feature","properties":{"id":"HR_JCT_0096","kind":"end","degree":1,"road_types":["residential"]},"geometry":{"type":"Point","coordinates":[1179.5,297.5]}},{"type":"Feature","properties":{"id":"HR_JCT_0097","kind":"angled","degree":4,"road_types":["residential"]},"geometry":{"type":"Point","coordinates":[1197.5,286.5]}},{"type":"Feature","properties":{"id":"HR_JCT_0098","kind":"end","degree":1,"road_types":["residential"]},"geometry":{"type":"Point","coordinates":[1202.5,302.5]}},{"type":"Feature","properties":{"id":"HR_JCT_0099","kind":"angled","degree":4,"road_types":["residential","rural"]},"geometry":{"type":"Point","coordinates":[1209.5,298.5]}},{"type":"Feature","properties":{"id":"RU_JCT_0183","kind":"angled","degree":3,"road_types":["residential","rural"]},"geometry":{"type":"Point","coordinates":[1210.5,280.5]}},{"type":"Feature","properties":{"id":"RU_JCT_0184","kind":"T","degree":3,"road_types":["highway","residential"]},"geometry":{"type":"Point","coordinates":[1217.45,321.44]}},{"type":"Feature","properties":{"id":"RU_JCT_0185","kind":"angled","degree":3,"road_types":["rural"]},"geometry":{"type":"Point","coordinates":[1225.5,278.5]}},{"type":"Feature","properties":{"id":"RU_JCT_0186","kind":"angled","degree":3,"road_types":["rural"]},"geometry":{"type":"Point","coordinates":[1231.96,292.15]}},{"type":"Feature","properties":{"id":"RU_JCT_0187","kind":"T","degree":3,"road_types":["highway","rural"]},"geometry":{"type":"Point","coordinates":[1249.74,320.07]}},{"type":"Feature","properties":{"id":"RU_JCT_0188","kind":"T","degree":3,"road_types":["highway","rural"]},"geometry":{"type":"Point","coordinates":[1250.27,320.0]}},{"type":"Feature","properties":{"id":"RU_JCT_0189","kind":"cross","degree":4,"road_types":["rural"]},"geometry":{"type":"Point","coordinates":[1251.5,298.5]}},{"type":"Feature","properties":{"id":"RU_JCT_0190","kind":"T","degree":3,"road_types":["rural"]},"geometry":{"type":"Point","coordinates":[1258.5,298.5]}},{"type":"Feature","properties":{"id":"RU_JCT_0191","kind":"T","degree":3,"road_types":["highway","rural"]},"geometry":{"type":"Point","coordinates":[1263.85,317.98]}},{"type":"Feature","properties":{"id":"RU_JCT_0192","kind":"angled","degree":3,"road_types":["rural"]},"geometry":{"type":"Point","coordinates":[1268.5,302.5]}},{"type":"Feature","properties":{"id":"RU_JCT_0193","kind":"T","degree":3,"road_types":["highway","rural"]},"geometry":{"type":"Point","coordinates":[1279.87,314.55]}},{"type":"Feature","properties":{"id":"TV_JCT_0491","kind":"end","degree":1,"road_types":["residential"]},"geometry":{"type":"Point","coordinates":[1404.5,313.5]}},{"type":"Feature","properties":{"id":"TV_JCT_0492","kind":"T","degree":3,"road_types":["highway","residential"]},"geometry":{"type":"Point","coordinates":[1415.0,284.67]}},{"type":"Feature","properties":{"id":"TV_JCT_0493","kind":"angled","degree":3,"road_types":["residential"]},"geometry":{"type":"Point","coordinates":[1419.5,320.5]}},{"type":"Feature","properties":{"id":"TV_JCT_0494","kind":"angled","degree":3,"road_types":["residential"]},"geometry":{"type":"Point","coordinates":[1434.5,317.5]}},{"type":"Feature","properties":{"id":"TV_JCT_0495","kind":"angled","degree":3,"road_types":["highway","residential"]},"geometry":{"type":"Point","coordinates":[1447.31,294.5]}},{"type":"Feature","properties":{"id":"TV_JCT_0496","kind":"T","degree":3,"road_types":["highway","residential"]},"geometry":{"type":"Point","coordinates":[1452.0,291.0]}},{"type":"Feature","properties":{"id":"TV_JCT_0497","kind":"T","degree":3,"road_types":["highway","residential"]},"geometry":{"type":"Point","coordinates":[1462.05,295.2]}},{"type":"Feature","properties":{"id":"TV_JCT_0498","kind":"end","degree":1,"road_types":["residential"]},"geometry":{"type":"Point","coordinates":[1462.92,286.5]}},{"type":"Feature","properties":{"id":"TV_JCT_0499","kind":"T","degree":3,"road_types":["residential"]},"geometry":{"type":"Point","coordinates":[1478.36,305.63]}},{"type":"Feature","properties":{"id":"TV_JCT_0500","kind":"T","degree":3,"road_types":["residential"]},"geometry":{"type":"Point","coordinates":[1497.5,316.5]}},{"type":"Feature","properties":{"id":"TV_JCT_0501","kind":"fork","degree":3,"road_types":["residential"]},"geometry":{"type":"Point","coordinates":[1498.5,291.5]}},{"type":"Feature","properties":{"id":"TV_JCT_0502","kind":"angled","degree":3,"road_types":["residential"]},"geometry":{"type":"Point","coordinates":[1502.5,290.5]}},{"type":"Feature","properties":{"id":"TV_JCT_0503","kind":"angled","degree":3,"road_types":["residential"]},"geometry":{"type":"Point","coordinates":[1508.5,293.5]}},{"type":"Feature","properties":{"id":"TV_JCT_0504","kind":"T","degree":3,"road_types":["residential"]},"geometry":{"type":"Point","coordinates":[1526.5,320.5]}},{"type":"Feature","properties":{"id":"TV_JCT_0505","kind":"angled","degree":3,"road_types":["residential","urban_street"]},"geometry":{"type":"Point","coordinates":[1533.5,318.5]}},{"type":"Feature","properties":{"id":"TV_JCT_0506","kind":"angled","degree":3,"road_types":["residential"]},"geometry":{"type":"Point","coordinates":[1539.5,277.5]}},{"type":"Feature","properties":{"id":"TV_JCT_0507","kind":"fork","degree":3,"road_types":["residential"]},"geometry":{"type":"Point","coordinates":[1542.5,306.5]}},{"type":"Feature","properties":{"id":"TV_JCT_0508","kind":"angled","degree":3,"road_types":["residential"]},"geometry":{"type":"Point","coordinates":[1543.5,292.5]}},{"type":"Feature","properties":{"id":"TV_JCT_0509","kind":"angled","degree":3,"road_types":["residential"]},"geometry":{"type":"Point","coordinates":[1545.5,276.5]}},{"type":"Feature","properties":{"id":"TV_JCT_0510","kind":"angled","degree":4,"road_types":["residential"]},"geometry":{"type":"Point","coordinates":[1546.07,308.29]}},{"type":"Feature","properties":{"id":"TV_JCT_0511","kind":"angled","degree":3,"road_types":["residential"]},"geometry":{"type":"Point","coordinates":[1552.5,295.5]}},{"type":"Feature","properties":{"id":"TV_JCT_0512","kind":"angled","degree":4,"road_types":["residential"]},"geometry":{"type":"Point","coordinates":[1553.5,308.5]}},{"type":"Feature","properties":{"id":"TV_JCT_0513","kind":"angled","degree":3,"road_types":["residential","urban_street"]},"geometry":{"type":"Point","coordinates":[1555.5,321.5]}},{"type":"Feature","properties":{"id":"TV_JCT_0514","kind":"angled","degree":3,"road_types":["residential"]},"geometry":{"type":"Point","coordinates":[1556.5,291.5]}},{"type":"Feature","properties":{"id":"TV_JCT_0515","kind":"angled","degree":3,"road_types":["residential"]},"geometry":{"type":"Point","coordinates":[1557.5,312.5]}},{"type":"Feature","properties":{"id":"TV_JCT_0516","kind":"T","degree":3,"road_types":["residential"]},"geometry":{"type":"Point","coordinates":[1560.5,291.5]}},{"type":"Feature","properties":{"id":"TV_JCT_0517","kind":"T","degree":3,"road_types":["residential"]},"geometry":{"type":"Point","coordinates":[1561.5,313.5]}},{"type":"Feature","properties":{"id":"TV_JCT_0518","kind":"angled","degree":3,"road_types":["residential"]},"geometry":{"type":"Point","coordinates":[1561.5,321.5]}},{"type":"Feature","properties":{"id":"TV_JCT_0519","kind":"end","degree":1,"road_types":["residential"]},"geometry":{"type":"Point","coordinates":[1563.5,285.5]}},{"type":"Feature","properties":{"id":"TV_JCT_0520","kind":"city","degree":3,"road_types":["residential","urban_street"]},"geometry":{"type":"Point","coordinates":[1563.5,324.5]}},{"type":"Feature","properties":{"id":"TV_JCT_0521","kind":"angled","degree":3,"road_types":["residential"]},"geometry":{"type":"Point","coordinates":[1572.5,315.5]}},{"type":"Feature","properties":{"id":"TV_JCT_0522","kind":"city","degree":3,"road_types":["residential","urban_street"]},"geometry":{"type":"Point","coordinates":[1576.5,324.5]}},{"type":"Feature","properties":{"id":"TV_JCT_0523","kind":"angled","degree":3,"road_types":["residential"]},"geometry":{"type":"Point","coordinates":[1577.28,312.41]}},{"type":"Feature","properties":{"id":"TV_JCT_0524","kind":"angled","degree":3,"road_types":["residential"]},"geometry":{"type":"Point","coordinates":[1577.5,323.5]}},{"type":"Feature","properties":{"id":"TV_JCT_0525","kind":"angled","degree":3,"road_types":["residential"]},"geometry":{"type":"Point","coordinates":[1585.5,314.5]}},{"type":"Feature","properties":{"id":"TV_JCT_0526","kind":"angled","degree":3,"road_types":["residential"]},"geometry":{"type":"Point","coordinates":[1585.5,322.5]}},{"type":"Feature","properties":{"id":"TV_JCT_0527","kind":"T","degree":3,"road_types":["residential"]},"geometry":{"type":"Point","coordinates":[1594.5,313.5]}},{"type":"Feature","properties":{"id":"TV_JCT_0528","kind":"city","degree":3,"road_types":["residential","urban_street"]},"geometry":{"type":"Point","coordinates":[1601.36,308.2]}},{"type":"Feature","properties":{"id":"TV_JCT_0529","kind":"end","degree":1,"road_types":["residential"]},"geometry":{"type":"Point","coordinates":[1610.5,323.5]}},{"type":"Feature","properties":{"id":"TV_JCT_0530","kind":"angled","degree":3,"road_types":["urban_street"]},"geometry":{"type":"Point","coordinates":[1617.5,277.5]}},{"type":"Feature","properties":{"id":"TV_JCT_0531","kind":"city","degree":4,"road_types":["urban_street"]},"geometry":{"type":"Point","coordinates":[1626.5,286.5]}},{"type":"Feature","properties":{"id":"TV_JCT_0532","kind":"angled","degree":3,"road_types":["urban_street"]},"geometry":{"type":"Point","coordinates":[1643.5,276.5]}},{"type":"Feature","properties":{"id":"TV_JCT_0533","kind":"angled","degree":3,"road_types":["urban_street"]},"geometry":{"type":"Point","coordinates":[1650.5,300.5]}},{"type":"Feature","properties":{"id":"TV_JCT_0534","kind":"city","degree":3,"road_types":["urban_street"]},"geometry":{"type":"Point","coordinates":[1654.5,300.5]}},{"type":"Feature","properties":{"id":"TV_JCT_0535","kind":"city","degree":3,"road_types":["urban_street"]},"geometry":{"type":"Point","coordinates":[1656.5,306.5]}},{"type":"Feature","properties":{"id":"TV_JCT_0536","kind":"angled","degree":3,"road_types":["urban_street"]},"geometry":{"type":"Point","coordinates":[1657.5,307.5]}},{"type":"Feature","properties":{"id":"TV_JCT_0537","kind":"angled","degree":3,"road_types":["urban_street"]},"geometry":{"type":"Point","coordinates":[1665.5,311.5]}},{"type":"Feature","properties":{"id":"TV_JCT_0538","kind":"city","degree":3,"road_types":["urban_street"]},"geometry":{"type":"Point","coordinates":[1669.5,281.5]}},{"type":"Feature","properties":{"id":"TV_JCT_0539","kind":"end","degree":1,"road_types":["urban_street"]},"geometry":{"type":"Point","coordinates":[1673.5,322.5]}},{"type":"Feature","properties":{"id":"TV_JCT_0540","kind":"angled","degree":3,"road_types":["urban_street"]},"geometry":{"type":"Point","coordinates":[1681.5,278.5]}},{"type":"Feature","properties":{"id":"TV_JCT_0541","kind":"city","degree":3,"road_types":["urban_street"]},"geometry":{"type":"Point","coordinates":[1682.5,316.5]}},{"type":"Feature","properties":{"id":"TV_JCT_0542","kind":"city","degree":3,"road_types":["urban_street"]},"geometry":{"type":"Point","coordinates":[1688.5,298.5]}},{"type":"Feature","properties":{"id":"TV_JCT_0543","kind":"angled","degree":3,"road_types":["urban_street"]},"geometry":{"type":"Point","coordinates":[1690.5,316.5]}},{"type":"Feature","properties":{"id":"TV_JCT_0544","kind":"angled","degree":3,"road_types":["urban_street"]},"geometry":{"type":"Point","coordinates":[1696.5,284.5]}},{"type":"Feature","properties":{"id":"TV_JCT_0545","kind":"city","degree":3,"road_types":["urban_street"]},"geometry":{"type":"Point","coordinates":[1696.5,289.5]}},{"type":"Feature","properties":{"id":"TV_JCT_0546","kind":"angled","degree":3,"road_types":["urban_street"]},"geometry":{"type":"Point","coordinates":[1699.5,279.5]}},{"type":"Feature","properties":{"id":"TV_JCT_0547","kind":"angled","degree":3,"road_types":["urban_street"]},"geometry":{"type":"Point","coordinates":[1702.5,309.5]}},{"type":"Feature","properties":{"id":"TV_JCT_0548","kind":"city","degree":3,"road_types":["urban_street"]},"geometry":{"type":"Point","coordinates":[1702.5,311.5]}},{"type":"Feature","properties":{"id":"TV_JCT_0549","kind":"city","degree":3,"road_types":["urban_street"]},"geometry":{"type":"Point","coordinates":[1702.5,320.5]}},{"type":"Feature","properties":{"id":"TV_JCT_0550","kind":"city","degree":3,"road_types":["urban_street"]},"geometry":{"type":"Point","coordinates":[1706.5,297.5]}},{"type":"Feature","properties":{"id":"TV_JCT_0551","kind":"angled","degree":3,"road_types":["urban_street"]},"geometry":{"type":"Point","coordinates":[1709.5,275.5]}},{"type":"Feature","properties":{"id":"TV_JCT_0552","kind":"city","degree":3,"road_types":["urban_street"]},"geometry":{"type":"Point","coordinates":[1714.5,275.5]}},{"type":"Feature","properties":{"id":"TV_JCT_0553","kind":"city","degree":3,"road_types":["urban_street"]},"geometry":{"type":"Point","coordinates":[1715.5,298.5]}},{"type":"Feature","properties":{"id":"TV_JCT_0554","kind":"angled","degree":3,"road_types":["urban_street"]},"geometry":{"type":"Point","coordinates":[1722.5,305.5]}},{"type":"Feature","properties":{"id":"TV_JCT_0555","kind":"city","degree":3,"road_types":["urban_street"]},"geometry":{"type":"Point","coordinates":[1724.5,298.5]}},{"type":"Feature","properties":{"id":"TV_JCT_0556","kind":"angled","degree":3,"road_types":["urban_street"]},"geometry":{"type":"Point","coordinates":[1727.5,298.5]}},{"type":"Feature","properties":{"id":"TV_JCT_0557","kind":"angled","degree":3,"road_types":["urban_street"]},"geometry":{"type":"Point","coordinates":[1735.5,304.5]}},{"type":"Feature","properties":{"id":"TV_JCT_0558","kind":"city","degree":3,"road_types":["urban_street"]},"geometry":{"type":"Point","coordinates":[1745.5,308.5]}},{"type":"Feature","properties":{"id":"TV_JCT_0559","kind":"angled","degree":3,"road_types":["urban_street"]},"geometry":{"type":"Point","coordinates":[1748.5,313.5]}},{"type":"Feature","properties":{"id":"TV_JCT_0560","kind":"angled","degree":3,"road_types":["urban_street"]},"geometry":{"type":"Point","coordinates":[1764.5,301.5]}},{"type":"Feature","properties":{"id":"TV_JCT_0561","kind":"city","degree":3,"road_types":["urban_street"]},"geometry":{"type":"Point","coordinates":[1765.5,313.5]}},{"type":"Feature","properties":{"id":"TV_JCT_0562","kind":"city","degree":3,"road_types":["urban_street"]},"geometry":{"type":"Point","coordinates":[1765.5,320.5]}},{"type":"Feature","properties":{"id":"TV_JCT_0563","kind":"city","degree":3,"road_types":["urban_street"]},"geometry":{"type":"Point","coordinates":[1767.5,293.5]}},{"type":"Feature","properties":{"id":"TV_JCT_0564","kind":"angled","degree":3,"road_types":["urban_street"]},"geometry":{"type":"Point","coordinates":[1767.5,299.5]}},{"type":"Feature","properties":{"id":"TV_JCT_0565","kind":"city","degree":3,"road_types":["urban_street"]},"geometry":{"type":"Point","coordinates":[1768.5,306.5]}},{"type":"Feature","properties":{"id":"TV_JCT_0566","kind":"city","degree":3,"road_types":["urban_street"]},"geometry":{"type":"Point","coordinates":[1772.5,300.5]}},{"type":"Feature","properties":{"id":"TV_JCT_0567","kind":"city","degree":3,"road_types":["urban_street"]},"geometry":{"type":"Point","coordinates":[1773.5,292.5]}},{"type":"Feature","properties":{"id":"TV_JCT_0568","kind":"angled","degree":3,"road_types":["urban_street"]},"geometry":{"type":"Point","coordinates":[1775.5,280.5]}},{"type":"Feature","properties":{"id":"TV_JCT_0569","kind":"city","degree":3,"road_types":["urban_street"]},"geometry":{"type":"Point","coordinates":[1775.5,298.5]}},{"type":"Feature","properties":{"id":"TV_JCT_0570","kind":"angled","degree":3,"road_types":["urban_street"]},"geometry":{"type":"Point","coordinates":[1778.5,318.5]}},{"type":"Feature","properties":{"id":"TV_JCT_0571","kind":"city","degree":3,"road_types":["urban_street"]},"geometry":{"type":"Point","coordinates":[1779.5,310.5]}},{"type":"Feature","properties":{"id":"TV_JCT_0572","kind":"angled","degree":3,"road_types":["urban_street"]},"geometry":{"type":"Point","coordinates":[1781.5,320.5]}},{"type":"Feature","properties":{"id":"TV_JCT_0573","kind":"angled","degree":3,"road_types":["urban_street"]},"geometry":{"type":"Point","coordinates":[1788.5,311.5]}},{"type":"Feature","properties":{"id":"TV_JCT_0574","kind":"angled","degree":3,"road_types":["urban_street"]},"geometry":{"type":"Point","coordinates":[1791.5,292.5]}},{"type":"Feature","properties":{"id":"TV_JCT_0575","kind":"angled","degree":3,"road_types":["urban_street"]},"geometry":{"type":"Point","coordinates":[1791.5,298.5]}},{"type":"Feature","properties":{"id":"TV_JCT_0576","kind":"angled","degree":3,"road_types":["urban_street"]},"geometry":{"type":"Point","coordinates":[1794.5,302.5]}},{"type":"Feature","properties":{"id":"TV_JCT_0577","kind":"angled","degree":3,"road_types":["urban_street"]},"geometry":{"type":"Point","coordinates":[1795.5,288.5]}},{"type":"Feature","properties":{"id":"TV_JCT_0578","kind":"city","degree":3,"road_types":["urban_street"]},"geometry":{"type":"Point","coordinates":[1798.5,317.5]}},{"type":"Feature","properties":{"id":"TV_JCT_0579","kind":"city","degree":3,"road_types":["urban_street"]},"geometry":{"type":"Point","coordinates":[1803.5,303.5]}},{"type":"Feature","properties":{"id":"TV_JCT_0580","kind":"city","degree":3,"road_types":["urban_street"]},"geometry":{"type":"Point","coordinates":[1803.5,313.5]}},{"type":"Feature","properties":{"id":"TV_JCT_0581","kind":"city","degree":3,"road_types":["urban_street"]},"geometry":{"type":"Point","coordinates":[1805.5,317.5]}},{"type":"Feature","properties":{"id":"TV_JCT_0582","kind":"city","degree":3,"road_types":["urban_street"]},"geometry":{"type":"Point","coordinates":[1806.5,303.5]}},{"type":"Feature","properties":{"id":"TV_JCT_0583","kind":"city","degree":3,"road_types":["urban_street"]},"geometry":{"type":"Point","coordinates":[1808.5,291.5]}},{"type":"Feature","properties":{"id":"TV_JCT_0584","kind":"city","degree":3,"road_types":["urban_street"]},"geometry":{"type":"Point","coordinates":[1830.5,279.5]}},{"type":"Feature","properties":{"id":"TV_JCT_0585","kind":"T","degree":3,"road_types":["residential"]},"geometry":{"type":"Point","coordinates":[1843.5,317.5]}},{"type":"Feature","properties":{"id":"TV_JCT_0586","kind":"fork","degree":3,"road_types":["residential"]},"geometry":{"type":"Point","coordinates":[1847.5,292.5]}},{"type":"Feature","properties":{"id":"TV_JCT_0587","kind":"T","degree":3,"road_types":["residential"]},"geometry":{"type":"Point","coordinates":[1851.5,292.5]}},{"type":"Feature","properties":{"id":"TV_JCT_0588","kind":"T","degree":3,"road_types":["residential"]},"geometry":{"type":"Point","coordinates":[1857.5,289.5]}},{"type":"Feature","properties":{"id":"TV_JCT_0589","kind":"T","degree":3,"road_types":["residential"]},"geometry":{"type":"Point","coordinates":[1862.5,282.5]}},{"type":"Feature","properties":{"id":"TV_JCT_0590","kind":"T","degree":3,"road_types":["residential"]},"geometry":{"type":"Point","coordinates":[1862.5,288.5]}},{"type":"Feature","properties":{"id":"TV_JCT_0591","kind":"angled","degree":3,"road_types":["residential"]},"geometry":{"type":"Point","coordinates":[1865.5,282.5]}},{"type":"Feature","properties":{"id":"TV_JCT_0592","kind":"T","degree":3,"road_types":["residential"]},"geometry":{"type":"Point","coordinates":[1868.5,286.5]}},{"type":"Feature","properties":{"id":"TV_JCT_0593","kind":"angled","degree":3,"road_types":["residential"]},"geometry":{"type":"Point","coordinates":[1876.5,312.5]}},{"type":"Feature","properties":{"id":"TV_JCT_0594","kind":"T","degree":3,"road_types":["residential"]},"geometry":{"type":"Point","coordinates":[1877.5,285.5]}},{"type":"Feature","properties":{"id":"TV_JCT_0595","kind":"T","degree":3,"road_types":["residential"]},"geometry":{"type":"Point","coordinates":[1880.5,278.5]}},{"type":"Feature","properties":{"id":"TV_JCT_0596","kind":"angled","degree":3,"road_types":["residential"]},"geometry":{"type":"Point","coordinates":[1883.5,315.5]}},{"type":"Feature","properties":{"id":"TV_JCT_0597","kind":"angled","degree":3,"road_types":["residential"]},"geometry":{"type":"Point","coordinates":[1889.5,289.5]}},{"type":"Feature","properties":{"id":"TV_JCT_0598","kind":"T","degree":3,"road_types":["residential"]},"geometry":{"type":"Point","coordinates":[1889.5,312.5]}},{"type":"Feature","properties":{"id":"TV_JCT_0599","kind":"end","degree":1,"road_types":["residential"]},"geometry":{"type":"Point","coordinates":[1898.5,317.5]}},{"type":"Feature","properties":{"id":"TV_JCT_0600","kind":"angled","degree":3,"road_types":["residential"]},"geometry":{"type":"Point","coordinates":[1901.5,276.5]}},{"type":"Feature","properties":{"id":"TV_JCT_0601","kind":"end","degree":1,"road_types":["residential"]},"geometry":{"type":"Point","coordinates":[1912.5,279.5]}},{"type":"Feature","properties":{"id":"LC_JCT_0484","kind":"end","degree":1,"road_types":["freeway"]},"geometry":{"type":"Point","coordinates":[0.5,357.0]}},{"type":"Feature","properties":{"id":"LC_JCT_0485","kind":"end","degree":1,"road_types":["residential"]},"geometry":{"type":"Point","coordinates":[0.5,346.5]}},{"type":"Feature","properties":{"id":"LC_JCT_0486","kind":"end","degree":1,"road_types":["residential"]},"geometry":{"type":"Point","coordinates":[9.02,352.5]}},{"type":"Feature","properties":{"id":"LC_JCT_0487","kind":"end","degree":1,"road_types":["urban_street"]},"geometry":{"type":"Point","coordinates":[14.5,367.5]}},{"type":"Feature","properties":{"id":"LC_JCT_0488","kind":"angled","degree":3,"road_types":["urban_street"]},"geometry":{"type":"Point","coordinates":[34.5,371.5]}},{"type":"Feature","properties":{"id":"LC_JCT_0489","kind":"angled","degree":3,"road_types":["urban_street"]},"geometry":{"type":"Point","coordinates":[40.5,371.5]}},{"type":"Feature","properties":{"id":"LC_JCT_0490","kind":"angled","degree":3,"road_types":["urban_street"]},"geometry":{"type":"Point","coordinates":[43.5,369.5]}},{"type":"Feature","properties":{"id":"LC_JCT_0491","kind":"angled","degree":3,"road_types":["urban_street"]},"geometry":{"type":"Point","coordinates":[46.5,369.5]}},{"type":"Feature","properties":{"id":"LC_JCT_0492","kind":"city","degree":3,"road_types":["urban_street"]},"geometry":{"type":"Point","coordinates":[51.5,360.5]}},{"type":"Feature","properties":{"id":"LC_JCT_0493","kind":"angled","degree":3,"road_types":["urban_street"]},"geometry":{"type":"Point","coordinates":[51.5,363.5]}},{"type":"Feature","properties":{"id":"LC_JCT_0494","kind":"city","degree":3,"road_types":["urban_street"]},"geometry":{"type":"Point","coordinates":[57.5,356.5]}},{"type":"Feature","properties":{"id":"LC_JCT_0495","kind":"angled","degree":3,"road_types":["urban_street"]},"geometry":{"type":"Point","coordinates":[73.5,349.5]}},{"type":"Feature","properties":{"id":"LC_JCT_0496","kind":"angled","degree":3,"road_types":["urban_street"]},"geometry":{"type":"Point","coordinates":[84.5,355.5]}},{"type":"Feature","properties":{"id":"LC_JCT_0497","kind":"angled","degree":3,"road_types":["urban_street"]},"geometry":{"type":"Point","coordinates":[87.5,347.5]}},{"type":"Feature","properties":{"id":"LC_JCT_0498","kind":"city","degree":3,"road_types":["urban_street"]},"geometry":{"type":"Point","coordinates":[102.5,358.5]}},{"type":"Feature","properties":{"id":"LC_JCT_0499","kind":"angled","degree":3,"road_types":["urban_street"]},"geometry":{"type":"Point","coordinates":[104.5,372.5]}},{"type":"Feature","properties":{"id":"LC_JCT_0500","kind":"angled","degree":3,"road_types":["urban_street"]},"geometry":{"type":"Point","coordinates":[107.5,357.5]}},{"type":"Feature","properties":{"id":"LC_JCT_0501","kind":"angled","degree":3,"road_types":["urban_street"]},"geometry":{"type":"Point","coordinates":[125.5,366.5]}},{"type":"Feature","properties":{"id":"LC_JCT_0502","kind":"end","degree":1,"road_types":["urban_street"]},"geometry":{"type":"Point","coordinates":[132.5,355.5]}},{"type":"Feature","properties":{"id":"LC_JCT_0503","kind":"city","degree":3,"road_types":["urban_street"]},"geometry":{"type":"Point","coordinates":[145.5,374.5]}},{"type":"Feature","properties":{"id":"LC_JCT_0504","kind":"end","degree":1,"road_types":["residential"]},"geometry":{"type":"Point","coordinates":[156.5,326.95]}},{"type":"Feature","properties":{"id":"LC_JCT_0505","kind":"end","degree":1,"road_types":["urban_street"]},"geometry":{"type":"Point","coordinates":[158.5,339.28]}},{"type":"Feature","properties":{"id":"LC_JCT_0506","kind":"city","degree":3,"road_types":["urban_street"]},"geometry":{"type":"Point","coordinates":[160.5,368.5]}},{"type":"Feature","properties":{"id":"LC_JCT_0507","kind":"angled","degree":3,"road_types":["urban_street"]},"geometry":{"type":"Point","coordinates":[162.5,357.5]}},{"type":"Feature","properties":{"id":"LC_JCT_0508","kind":"angled","degree":3,"road_types":["urban_street"]},"geometry":{"type":"Point","coordinates":[162.5,365.5]}},{"type":"Feature","properties":{"id":"LC_JCT_0509","kind":"city","degree":3,"road_types":["urban_street"]},"geometry":{"type":"Point","coordinates":[167.5,353.5]}},{"type":"Feature","properties":{"id":"LC_JCT_0510","kind":"angled","degree":3,"road_types":["urban_street"]},"geometry":{"type":"Point","coordinates":[168.5,365.5]}},{"type":"Feature","properties":{"id":"LC_JCT_0511","kind":"angled","degree":3,"road_types":["urban_street"]},"geometry":{"type":"Point","coordinates":[173.5,356.5]}},{"type":"Feature","properties":{"id":"LC_JCT_0512","kind":"city","degree":3,"road_types":["urban_street"]},"geometry":{"type":"Point","coordinates":[177.5,352.5]}},{"type":"Feature","properties":{"id":"LC_JCT_0513","kind":"angled","degree":3,"road_types":["urban_street"]},"geometry":{"type":"Point","coordinates":[177.5,354.5]}},{"type":"Feature","properties":{"id":"LC_JCT_0514","kind":"city","degree":3,"road_types":["urban_street"]},"geometry":{"type":"Point","coordinates":[177.5,371.5]}},{"type":"Feature","properties":{"id":"LC_JCT_0515","kind":"city","degree":3,"road_types":["urban_street"]},"geometry":{"type":"Point","coordinates":[182.5,371.5]}},{"type":"Feature","properties":{"id":"LC_JCT_0516","kind":"angled","degree":3,"road_types":["urban_street"]},"geometry":{"type":"Point","coordinates":[183.5,361.5]}},{"type":"Feature","properties":{"id":"LC_JCT_0517","kind":"angled","degree":3,"road_types":["urban_street"]},"geometry":{"type":"Point","coordinates":[188.5,355.5]}},{"type":"Feature","properties":{"id":"LC_JCT_0518","kind":"angled","degree":3,"road_types":["urban_street"]},"geometry":{"type":"Point","coordinates":[188.5,361.5]}},{"type":"Feature","properties":{"id":"LC_JCT_0519","kind":"end","degree":1,"road_types":["urban_street"]},"geometry":{"type":"Point","coordinates":[189.03,344.03]}},{"type":"Feature","properties":{"id":"LC_JCT_0520","kind":"angled","degree":3,"road_types":["residential"]},"geometry":{"type":"Point","coordinates":[209.5,326.5]}},{"type":"Feature","properties":{"id":"LC_JCT_0521","kind":"angled","degree":3,"road_types":["urban_street"]},"geometry":{"type":"Point","coordinates":[209.5,367.5]}},{"type":"Feature","properties":{"id":"LC_JCT_0522","kind":"angled","degree":3,"road_types":["urban_street"]},"geometry":{"type":"Point","coordinates":[212.5,360.5]}},{"type":"Feature","properties":{"id":"LC_JCT_0523","kind":"end","degree":1,"road_types":["residential"]},"geometry":{"type":"Point","coordinates":[216.05,332.5]}},{"type":"Feature","properties":{"id":"LC_JCT_0524","kind":"T","degree":3,"road_types":["residential"]},"geometry":{"type":"Point","coordinates":[224.5,325.5]}},{"type":"Feature","properties":{"id":"LC_JCT_0525","kind":"end","degree":1,"road_types":["residential"]},"geometry":{"type":"Point","coordinates":[224.5,333.38]}},{"type":"Feature","properties":{"id":"LC_JCT_0526","kind":"T","degree":3,"road_types":["residential"]},"geometry":{"type":"Point","coordinates":[226.5,325.5]}},{"type":"Feature","properties":{"id":"LC_JCT_0527","kind":"city","degree":3,"road_types":["urban_street"]},"geometry":{"type":"Point","coordinates":[227.5,364.5]}},{"type":"Feature","properties":{"id":"LC_JCT_0528","kind":"angled","degree":3,"road_types":["urban_street"]},"geometry":{"type":"Point","coordinates":[227.5,366.5]}},{"type":"Feature","properties":{"id":"LC_JCT_0529","kind":"city","degree":3,"road_types":["urban_street"]},"geometry":{"type":"Point","coordinates":[229.5,353.5]}},{"type":"Feature","properties":{"id":"LC_JCT_0530","kind":"city","degree":3,"road_types":["urban_street"]},"geometry":{"type":"Point","coordinates":[237.5,369.5]}},{"type":"Feature","properties":{"id":"LC_JCT_0531","kind":"end","degree":1,"road_types":["urban_street"]},"geometry":{"type":"Point","coordinates":[248.26,361.5]}},{"type":"Feature","properties":{"id":"LC_JCT_0532","kind":"city","degree":4,"road_types":["urban_street"]},"geometry":{"type":"Point","coordinates":[250.5,371.5]}},{"type":"Feature","properties":{"id":"LC_JCT_0533","kind":"fork","degree":3,"road_types":["urban_street"]},"geometry":{"type":"Point","coordinates":[252.5,371.5]}},{"type":"Feature","properties":{"id":"LC_JCT_0534","kind":"angled","degree":3,"road_types":["urban_street"]},"geometry":{"type":"Point","coordinates":[258.5,326.5]}},{"type":"Feature","properties":{"id":"LC_JCT_0535","kind":"angled","degree":3,"road_types":["urban_street"]},"geometry":{"type":"Point","coordinates":[258.5,341.5]}},{"type":"Feature","properties":{"id":"LC_JCT_0536","kind":"angled","degree":3,"road_types":["urban_street"]},"geometry":{"type":"Point","coordinates":[260.5,332.5]}},{"type":"Feature","properties":{"id":"LC_JCT_0537","kind":"end","degree":1,"road_types":["residential"]},"geometry":{"type":"Point","coordinates":[263.5,358.77]}},{"type":"Feature","properties":{"id":"LC_JCT_0538","kind":"city","degree":3,"road_types":["urban_street"]},"geometry":{"type":"Point","coordinates":[265.5,325.5]}},{"type":"Feature","properties":{"id":"LC_JCT_0539","kind":"city","degree":3,"road_types":["residential","urban_street"]},"geometry":{"type":"Point","coordinates":[267.5,346.5]}},{"type":"Feature","properties":{"id":"LC_JCT_0540","kind":"city","degree":4,"road_types":["urban_street"]},"geometry":{"type":"Point","coordinates":[269.5,333.5]}},{"type":"Feature","properties":{"id":"LC_JCT_0541","kind":"city","degree":3,"road_types":["urban_street"]},"geometry":{"type":"Point","coordinates":[270.5,325.5]}},{"type":"Feature","properties":{"id":"LC_JCT_0542","kind":"end","degree":1,"road_types":["residential"]},"geometry":{"type":"Point","coordinates":[274.5,358.5]}},{"type":"Feature","properties":{"id":"LC_JCT_0543","kind":"city","degree":4,"road_types":["urban_street"]},"geometry":{"type":"Point","coordinates":[275.35,326.41]}},{"type":"Feature","properties":{"id":"LC_JCT_0544","kind":"angled","degree":3,"road_types":["urban_street"]},"geometry":{"type":"Point","coordinates":[277.5,340.5]}},{"type":"Feature","properties":{"id":"LC_JCT_0545","kind":"city","degree":4,"road_types":["residential","urban_street"]},"geometry":{"type":"Point","coordinates":[277.5,346.5]}},{"type":"Feature","properties":{"id":"LC_JCT_0546","kind":"city","degree":3,"road_types":["urban_street"]},"geometry":{"type":"Point","coordinates":[281.5,339.5]}},{"type":"Feature","properties":{"id":"LC_JCT_0547","kind":"city","degree":3,"road_types":["urban_street"]},"geometry":{"type":"Point","coordinates":[285.5,329.5]}},{"type":"Feature","properties":{"id":"LC_JCT_0548","kind":"T","degree":3,"road_types":["residential"]},"geometry":{"type":"Point","coordinates":[289.5,351.5]}},{"type":"Feature","properties":{"id":"LC_JCT_0549","kind":"angled","degree":3,"road_types":["urban_street"]},"geometry":{"type":"Point","coordinates":[290.5,329.5]}},{"type":"Feature","properties":{"id":"LC_JCT_0550","kind":"angled","degree":3,"road_types":["urban_street"]},"geometry":{"type":"Point","coordinates":[293.5,332.5]}},{"type":"Feature","properties":{"id":"LC_JCT_0551","kind":"angled","degree":3,"road_types":["urban_street"]},"geometry":{"type":"Point","coordinates":[293.5,336.5]}},{"type":"Feature","properties":{"id":"LC_JCT_0552","kind":"T","degree":3,"road_types":["residential"]},"geometry":{"type":"Point","coordinates":[294.5,363.5]}},{"type":"Feature","properties":{"id":"LC_JCT_0553","kind":"angled","degree":3,"road_types":["urban_street"]},"geometry":{"type":"Point","coordinates":[298.5,331.5]}},{"type":"Feature","properties":{"id":"LC_JCT_0554","kind":"city","degree":3,"road_types":["residential","urban_street"]},"geometry":{"type":"Point","coordinates":[298.5,351.5]}},{"type":"Feature","properties":{"id":"LC_JCT_0555","kind":"T","degree":3,"road_types":["residential"]},"geometry":{"type":"Point","coordinates":[298.5,353.5]}},{"type":"Feature","properties":{"id":"LC_JCT_0556","kind":"multi","degree":5,"road_types":["urban_street"]},"geometry":{"type":"Point","coordinates":[299.5,329.5]}},{"type":"Feature","properties":{"id":"LC_JCT_0557","kind":"city","degree":3,"road_types":["urban_street"]},"geometry":{"type":"Point","coordinates":[307.5,330.5]}},{"type":"Feature","properties":{"id":"LC_JCT_0558","kind":"city","degree":3,"road_types":["urban_street"]},"geometry":{"type":"Point","coordinates":[307.5,333.5]}},{"type":"Feature","properties":{"id":"LC_JCT_0559","kind":"city","degree":4,"road_types":["urban_street"]},"geometry":{"type":"Point","coordinates":[308.26,328.95]}},{"type":"Feature","properties":{"id":"LC_JCT_0560","kind":"city","degree":3,"road_types":["residential","urban_street"]},"geometry":{"type":"Point","coordinates":[319.5,335.5]}},{"type":"Feature","properties":{"id":"LC_JCT_0561","kind":"T","degree":3,"road_types":["residential"]},"geometry":{"type":"Point","coordinates":[320.5,357.5]}},{"type":"Feature","properties":{"id":"LC_JCT_0562","kind":"angled","degree":3,"road_types":["urban_street"]},"geometry":{"type":"Point","coordinates":[321.5,325.5]}},{"type":"Feature","properties":{"id":"LC_JCT_0563","kind":"T","degree":3,"road_types":["residential"]},"geometry":{"type":"Point","coordinates":[328.5,360.5]}},{"type":"Feature","properties":{"id":"LC_JCT_0564","kind":"T","degree":3,"road_types":["residential"]},"geometry":{"type":"Point","coordinates":[344.5,362.5]}},{"type":"Feature","properties":{"id":"LC_JCT_0565","kind":"angled","degree":3,"road_types":["residential","urban_street"]},"geometry":{"type":"Point","coordinates":[345.5,351.5]}},{"type":"Feature","properties":{"id":"LC_JCT_0566","kind":"angled","degree":3,"road_types":["residential","urban_street"]},"geometry":{"type":"Point","coordinates":[347.5,339.5]}},{"type":"Feature","properties":{"id":"LC_JCT_0567","kind":"city","degree":3,"road_types":["urban_street"]},"geometry":{"type":"Point","coordinates":[349.5,328.5]}},{"type":"Feature","properties":{"id":"LC_JCT_0568","kind":"angled","degree":3,"road_types":["residential","urban_street"]},"geometry":{"type":"Point","coordinates":[355.5,326.5]}},{"type":"Feature","properties":{"id":"LC_JCT_0569","kind":"angled","degree":3,"road_types":["residential"]},"geometry":{"type":"Point","coordinates":[360.5,345.5]}},{"type":"Feature","properties":{"id":"LC_JCT_0570","kind":"T","degree":3,"road_types":["residential"]},"geometry":{"type":"Point","coordinates":[360.5,349.5]}},{"type":"Feature","properties":{"id":"LC_JCT_0571","kind":"T","degree":3,"road_types":["residential"]},"geometry":{"type":"Point","coordinates":[361.5,328.5]}},{"type":"Feature","properties":{"id":"LC_JCT_0572","kind":"T","degree":3,"road_types":["residential"]},"geometry":{"type":"Point","coordinates":[365.5,344.5]}},{"type":"Feature","properties":{"id":"LC_JCT_0573","kind":"T","degree":3,"road_types":["residential"]},"geometry":{"type":"Point","coordinates":[366.5,338.5]}},{"type":"Feature","properties":{"id":"LC_JCT_0574","kind":"T","degree":3,"road_types":["residential"]},"geometry":{"type":"Point","coordinates":[369.5,328.5]}},{"type":"Feature","properties":{"id":"LC_JCT_0575","kind":"T","degree":3,"road_types":["residential"]},"geometry":{"type":"Point","coordinates":[369.5,367.5]}},{"type":"Feature","properties":{"id":"LC_JCT_0576","kind":"T","degree":3,"road_types":["residential"]},"geometry":{"type":"Point","coordinates":[371.5,328.5]}},{"type":"Feature","properties":{"id":"LC_JCT_0577","kind":"T","degree":3,"road_types":["residential"]},"geometry":{"type":"Point","coordinates":[374.5,369.5]}},{"type":"Feature","properties":{"id":"LC_JCT_0578","kind":"T","degree":3,"road_types":["residential"]},"geometry":{"type":"Point","coordinates":[376.5,345.5]}},{"type":"Feature","properties":{"id":"LC_JCT_0579","kind":"T","degree":3,"road_types":["residential"]},"geometry":{"type":"Point","coordinates":[381.5,332.5]}},{"type":"Feature","properties":{"id":"LC_JCT_0580","kind":"T","degree":3,"road_types":["residential"]},"geometry":{"type":"Point","coordinates":[385.5,332.5]}},{"type":"Feature","properties":{"id":"LC_JCT_0581","kind":"T","degree":3,"road_types":["residential"]},"geometry":{"type":"Point","coordinates":[386.5,325.5]}},{"type":"Feature","properties":{"id":"LC_JCT_0582","kind":"T","degree":3,"road_types":["highway","residential"]},"geometry":{"type":"Point","coordinates":[390.22,373.51]}},{"type":"Feature","properties":{"id":"LC_JCT_0583","kind":"fork","degree":3,"road_types":["residential"]},"geometry":{"type":"Point","coordinates":[393.5,336.5]}},{"type":"Feature","properties":{"id":"LC_JCT_0584","kind":"fork","degree":3,"road_types":["residential"]},"geometry":{"type":"Point","coordinates":[396.5,338.5]}},{"type":"Feature","properties":{"id":"LC_JCT_0585","kind":"T","degree":3,"road_types":["highway","residential"]},"geometry":{"type":"Point","coordinates":[399.21,366.96]}},{"type":"Feature","properties":{"id":"LC_JCT_0586","kind":"T","degree":3,"road_types":["residential"]},"geometry":{"type":"Point","coordinates":[402.5,350.5]}},{"type":"Feature","properties":{"id":"LC_JCT_0587","kind":"angled","degree":3,"road_types":["residential"]},"geometry":{"type":"Point","coordinates":[403.5,339.5]}},{"type":"Feature","properties":{"id":"LC_JCT_0588","kind":"T","degree":3,"road_types":["highway","residential"]},"geometry":{"type":"Point","coordinates":[405.33,362.38]}},{"type":"Feature","properties":{"id":"LC_JCT_0589","kind":"T","degree":3,"road_types":["highway","residential"]},"geometry":{"type":"Point","coordinates":[406.26,361.67]}},{"type":"Feature","properties":{"id":"LC_JCT_0590","kind":"angled","degree":4,"road_types":["residential"]},"geometry":{"type":"Point","coordinates":[409.5,332.5]}},{"type":"Feature","properties":{"id":"LC_JCT_0591","kind":"T","degree":3,"road_types":["residential"]},"geometry":{"type":"Point","coordinates":[409.5,373.5]}},{"type":"Feature","properties":{"id":"LC_JCT_0592","kind":"T","degree":3,"road_types":["highway","residential"]},"geometry":{"type":"Point","coordinates":[411.14,357.92]}},{"type":"Feature","properties":{"id":"LC_JCT_0593","kind":"end","degree":1,"road_types":["residential"]},"geometry":{"type":"Point","coordinates":[427.5,361.5]}},{"type":"Feature","properties":{"id":"LC_JCT_0594","kind":"angled","degree":3,"road_types":["residential"]},"geometry":{"type":"Point","coordinates":[430.5,325.5]}},{"type":"Feature","properties":{"id":"LC_JCT_0595","kind":"angled","degree":3,"road_types":["residential"]},"geometry":{"type":"Point","coordinates":[435.5,357.5]}},{"type":"Feature","properties":{"id":"LC_JCT_0596","kind":"T","degree":3,"road_types":["residential"]},"geometry":{"type":"Point","coordinates":[440.5,372.5]}},{"type":"Feature","properties":{"id":"LC_JCT_0597","kind":"T","degree":3,"road_types":["residential"]},"geometry":{"type":"Point","coordinates":[462.5,351.5]}},{"type":"Feature","properties":{"id":"LC_JCT_0598","kind":"T","degree":3,"road_types":["residential"]},"geometry":{"type":"Point","coordinates":[464.5,371.5]}},{"type":"Feature","properties":{"id":"LC_JCT_0599","kind":"angled","degree":3,"road_types":["residential"]},"geometry":{"type":"Point","coordinates":[467.5,354.5]}},{"type":"Feature","properties":{"id":"LC_JCT_0600","kind":"angled","degree":3,"road_types":["residential"]},"geometry":{"type":"Point","coordinates":[471.5,348.5]}},{"type":"Feature","properties":{"id":"LC_JCT_0601","kind":"angled","degree":3,"road_types":["residential"]},"geometry":{"type":"Point","coordinates":[471.5,352.5]}},{"type":"Feature","properties":{"id":"LC_JCT_0602","kind":"fork","degree":3,"road_types":["residential"]},"geometry":{"type":"Point","coordinates":[472.5,373.5]}},{"type":"Feature","properties":{"id":"LC_JCT_0603","kind":"end","degree":1,"road_types":["residential"]},"geometry":{"type":"Point","coordinates":[487.5,361.5]}},{"type":"Feature","properties":{"id":"LC_JCT_0604","kind":"end","degree":1,"road_types":["residential"]},"geometry":{"type":"Point","coordinates":[517.5,361.5]}},{"type":"Feature","properties":{"id":"RU_JCT_0194","kind":"T","degree":3,"road_types":["rural"]},"geometry":{"type":"Point","coordinates":[650.5,360.5]}},{"type":"Feature","properties":{"id":"RU_JCT_0195","kind":"angled","degree":3,"road_types":["rural"]},"geometry":{"type":"Point","coordinates":[655.5,372.5]}},{"type":"Feature","properties":{"id":"RU_JCT_0196","kind":"angled","degree":3,"road_types":["rural"]},"geometry":{"type":"Point","coordinates":[657.5,356.5]}},{"type":"Feature","properties":{"id":"RU_JCT_0197","kind":"T","degree":3,"road_types":["highway","rural"]},"geometry":{"type":"Point","coordinates":[657.88,328.9]}},{"type":"Feature","properties":{"id":"RU_JCT_0198","kind":"angled","degree":4,"road_types":["rural"]},"geometry":{"type":"Point","coordinates":[663.5,373.5]}},{"type":"Feature","properties":{"id":"RU_JCT_0199","kind":"T","degree":3,"road_types":["highway","rural"]},"geometry":{"type":"Point","coordinates":[665.44,331.94]}},{"type":"Feature","properties":{"id":"RU_JCT_0200","kind":"end","degree":1,"road_types":["rural"]},"geometry":{"type":"Point","coordinates":[674.5,370.5]}},{"type":"Feature","properties":{"id":"RU_JCT_0201","kind":"fork","degree":3,"road_types":["rural"]},"geometry":{"type":"Point","coordinates":[704.5,326.5]}},{"type":"Feature","properties":{"id":"RU_JCT_0202","kind":"end","degree":1,"road_types":["rural"]},"geometry":{"type":"Point","coordinates":[715.5,363.5]}},{"type":"Feature","properties":{"id":"RU_JCT_0203","kind":"angled","degree":3,"road_types":["rural"]},"geometry":{"type":"Point","coordinates":[718.5,326.5]}},{"type":"Feature","properties":{"id":"RU_JCT_0204","kind":"T","degree":3,"road_types":["highway","rural"]},"geometry":{"type":"Point","coordinates":[726.76,355.35]}},{"type":"Feature","properties":{"id":"RU_JCT_0205","kind":"angled","degree":3,"road_types":["rural"]},"geometry":{"type":"Point","coordinates":[745.68,327.14]}},{"type":"Feature","properties":{"id":"RU_JCT_0206","kind":"T","degree":3,"road_types":["highway","rural"]},"geometry":{"type":"Point","coordinates":[748.23,360.9]}},{"type":"Feature","properties":{"id":"RU_JCT_0207","kind":"T","degree":3,"road_types":["rural"]},"geometry":{"type":"Point","coordinates":[762.5,344.5]}},{"type":"Feature","properties":{"id":"RU_JCT_0208","kind":"T","degree":3,"road_types":["highway","rural"]},"geometry":{"type":"Point","coordinates":[774.24,367.71]}},{"type":"Feature","properties":{"id":"RU_JCT_0209","kind":"end","degree":1,"road_types":["rural"]},"geometry":{"type":"Point","coordinates":[820.5,361.5]}},{"type":"Feature","properties":{"id":"RU_JCT_0210","kind":"T","degree":3,"road_types":["highway","rural"]},"geometry":{"type":"Point","coordinates":[929.87,371.06]}},{"type":"Feature","properties":{"id":"HR_JCT_0100","kind":"angled","degree":3,"road_types":["residential","rural"]},"geometry":{"type":"Point","coordinates":[935.5,357.5]}},{"type":"Feature","properties":{"id":"HR_JCT_0101","kind":"T","degree":3,"road_types":["highway","residential"]},"geometry":{"type":"Point","coordinates":[941.02,367.83]}},{"type":"Feature","properties":{"id":"HR_JCT_0102","kind":"T","degree":3,"road_types":["highway","residential"]},"geometry":{"type":"Point","coordinates":[949.58,365.8]}},{"type":"Feature","properties":{"id":"HR_JCT_0103","kind":"angled","degree":3,"road_types":["residential"]},"geometry":{"type":"Point","coordinates":[954.5,332.5]}},{"type":"Feature","properties":{"id":"HR_JCT_0104","kind":"T","degree":3,"road_types":["residential"]},"geometry":{"type":"Point","coordinates":[959.5,343.5]}},{"type":"Feature","properties":{"id":"HR_JCT_0105","kind":"angled","degree":3,"road_types":["residential"]},"geometry":{"type":"Point","coordinates":[959.5,347.5]}},{"type":"Feature","properties":{"id":"HR_JCT_0106","kind":"T","degree":3,"road_types":["highway","residential"]},"geometry":{"type":"Point","coordinates":[966.5,362.55]}},{"type":"Feature","properties":{"id":"HR_JCT_0107","kind":"angled","degree":3,"road_types":["residential"]},"geometry":{"type":"Point","coordinates":[968.5,349.5]}},{"type":"Feature","properties":{"id":"HR_JCT_0108","kind":"T","degree":3,"road_types":["highway","residential"]},"geometry":{"type":"Point","coordinates":[969.61,361.92]}},{"type":"Feature","properties":{"id":"HR_JCT_0109","kind":"T","degree":3,"road_types":["residential"]},"geometry":{"type":"Point","coordinates":[972.5,340.5]}},{"type":"Feature","properties":{"id":"HR_JCT_0110","kind":"T","degree":3,"road_types":["highway","residential"]},"geometry":{"type":"Point","coordinates":[984.4,358.99]}},{"type":"Feature","properties":{"id":"HR_JCT_0111","kind":"angled","degree":3,"road_types":["residential"]},"geometry":{"type":"Point","coordinates":[988.5,342.5]}},{"type":"Feature","properties":{"id":"HR_JCT_0112","kind":"angled","degree":3,"road_types":["residential"]},"geometry":{"type":"Point","coordinates":[988.5,344.5]}},{"type":"Feature","properties":{"id":"HR_JCT_0113","kind":"T","degree":3,"road_types":["highway","residential"]},"geometry":{"type":"Point","coordinates":[996.93,357.19]}},{"type":"Feature","properties":{"id":"HR_JCT_0114","kind":"angled","degree":3,"road_types":["residential","urban_street"]},"geometry":{"type":"Point","coordinates":[999.5,336.5]}},{"type":"Feature","properties":{"id":"HR_JCT_0115","kind":"city","degree":3,"road_types":["highway","urban_street"]},"geometry":{"type":"Point","coordinates":[1003.85,356.32]}},{"type":"Feature","properties":{"id":"HR_JCT_0116","kind":"city","degree":3,"road_types":["urban_street"]},"geometry":{"type":"Point","coordinates":[1005.5,370.5]}},{"type":"Feature","properties":{"id":"HR_JCT_0117","kind":"angled","degree":3,"road_types":["urban_street"]},"geometry":{"type":"Point","coordinates":[1009.5,370.5]}},{"type":"Feature","properties":{"id":"HR_JCT_0118","kind":"city","degree":3,"road_types":["urban_street"]},"geometry":{"type":"Point","coordinates":[1014.5,337.5]}},{"type":"Feature","properties":{"id":"HR_JCT_0119","kind":"city","degree":3,"road_types":["urban_street"]},"geometry":{"type":"Point","coordinates":[1024.5,365.5]}},{"type":"Feature","properties":{"id":"HR_JCT_0120","kind":"angled","degree":3,"road_types":["urban_street"]},"geometry":{"type":"Point","coordinates":[1031.5,340.5]}},{"type":"Feature","properties":{"id":"HR_JCT_0121","kind":"city","degree":3,"road_types":["urban_street"]},"geometry":{"type":"Point","coordinates":[1031.5,365.5]}},{"type":"Feature","properties":{"id":"HR_JCT_0122","kind":"city","degree":3,"road_types":["urban_street"]},"geometry":{"type":"Point","coordinates":[1031.5,370.5]}},{"type":"Feature","properties":{"id":"HR_JCT_0123","kind":"angled","degree":3,"road_types":["urban_street"]},"geometry":{"type":"Point","coordinates":[1032.5,331.5]}},{"type":"Feature","properties":{"id":"HR_JCT_0124","kind":"angled","degree":3,"road_types":["urban_street"]},"geometry":{"type":"Point","coordinates":[1037.5,370.5]}},{"type":"Feature","properties":{"id":"HR_JCT_0125","kind":"angled","degree":3,"road_types":["urban_street"]},"geometry":{"type":"Point","coordinates":[1038.5,331.5]}},{"type":"Feature","properties":{"id":"HR_JCT_0126","kind":"city","degree":3,"road_types":["urban_street"]},"geometry":{"type":"Point","coordinates":[1040.5,364.5]}},{"type":"Feature","properties":{"id":"HR_JCT_0127","kind":"angled","degree":3,"road_types":["urban_street"]},"geometry":{"type":"Point","coordinates":[1040.5,368.5]}},{"type":"Feature","properties":{"id":"HR_JCT_0128","kind":"city","degree":3,"road_types":["urban_street"]},"geometry":{"type":"Point","coordinates":[1058.5,354.5]}},{"type":"Feature","properties":{"id":"HR_JCT_0129","kind":"angled","degree":3,"road_types":["urban_street"]},"geometry":{"type":"Point","coordinates":[1058.5,356.5]}},{"type":"Feature","properties":{"id":"HR_JCT_0130","kind":"city","degree":4,"road_types":["urban_street"]},"geometry":{"type":"Point","coordinates":[1060.96,360.01]}},{"type":"Feature","properties":{"id":"HR_JCT_0131","kind":"city","degree":4,"road_types":["urban_street"]},"geometry":{"type":"Point","coordinates":[1063.26,363.3]}},{"type":"Feature","properties":{"id":"HR_JCT_0132","kind":"city","degree":3,"road_types":["highway","urban_street"]},"geometry":{"type":"Point","coordinates":[1065.31,345.24]}},{"type":"Feature","properties":{"id":"HR_JCT_0133","kind":"angled","degree":3,"road_types":["urban_street"]},"geometry":{"type":"Point","coordinates":[1065.5,366.5]}},{"type":"Feature","properties":{"id":"HR_JCT_0134","kind":"city","degree":3,"road_types":["urban_street"]},"geometry":{"type":"Point","coordinates":[1072.5,366.5]}},{"type":"Feature","properties":{"id":"HR_JCT_0135","kind":"city","degree":3,"road_types":["urban_street"]},"geometry":{"type":"Point","coordinates":[1072.5,369.5]}},{"type":"Feature","properties":{"id":"HR_JCT_0136","kind":"city","degree":3,"road_types":["highway","urban_street"]},"geometry":{"type":"Point","coordinates":[1074.98,342.67]}},{"type":"Feature","properties":{"id":"HR_JCT_0137","kind":"city","degree":3,"road_types":["urban_street"]},"geometry":{"type":"Point","coordinates":[1076.5,331.5]}},{"type":"Feature","properties":{"id":"HR_JCT_0138","kind":"city","degree":3,"road_types":["urban_street"]},"geometry":{"type":"Point","coordinates":[1077.5,369.5]}},{"type":"Feature","properties":{"id":"HR_JCT_0139","kind":"city","degree":3,"road_types":["urban_street"]},"geometry":{"type":"Point","coordinates":[1078.5,365.5]}},{"type":"Feature","properties":{"id":"HR_JCT_0140","kind":"angled","degree":3,"road_types":["urban_street"]},"geometry":{"type":"Point","coordinates":[1083.5,363.5]}},{"type":"Feature","properties":{"id":"HR_JCT_0141","kind":"city","degree":3,"road_types":["highway","urban_street"]},"geometry":{"type":"Point","coordinates":[1085.09,339.77]}},{"type":"Feature","properties":{"id":"HR_JCT_0142","kind":"city","degree":3,"road_types":["highway","urban_street"]},"geometry":{"type":"Point","coordinates":[1090.6,338.44]}},{"type":"Feature","properties":{"id":"HR_JCT_0143","kind":"angled","degree":3,"road_types":["urban_street"]},"geometry":{"type":"Point","coordinates":[1094.5,368.5]}},{"type":"Feature","properties":{"id":"HR_JCT_0144","kind":"city","degree":3,"road_types":["urban_street"]},"geometry":{"type":"Point","coordinates":[1101.5,344.5]}},{"type":"Feature","properties":{"id":"HR_JCT_0145","kind":"city","degree":3,"road_types":["highway","urban_street"]},"geometry":{"type":"Point","coordinates":[1103.87,335.87]}},{"type":"Feature","properties":{"id":"HR_JCT_0146","kind":"city","degree":3,"road_types":["highway","urban_street"]},"geometry":{"type":"Point","coordinates":[1110.63,334.75]}},{"type":"Feature","properties":{"id":"HR_JCT_0147","kind":"city","degree":3,"road_types":["urban_street"]},"geometry":{"type":"Point","coordinates":[1111.5,351.5]}},{"type":"Feature","properties":{"id":"HR_JCT_0148","kind":"city","degree":3,"road_types":["highway","urban_street"]},"geometry":{"type":"Point","coordinates":[1117.39,333.61]}},{"type":"Feature","properties":{"id":"HR_JCT_0149","kind":"city","degree":4,"road_types":["residential","urban_street"]},"geometry":{"type":"Point","coordinates":[1120.5,374.5]}},{"type":"Feature","properties":{"id":"HR_JCT_0150","kind":"fork","degree":3,"road_types":["residential","urban_street"]},"geometry":{"type":"Point","coordinates":[1138.5,370.5]}},{"type":"Feature","properties":{"id":"HR_JCT_0151","kind":"T","degree":3,"road_types":["residential"]},"geometry":{"type":"Point","coordinates":[1145.5,370.5]}},{"type":"Feature","properties":{"id":"HR_JCT_0152","kind":"T","degree":3,"road_types":["highway","residential"]},"geometry":{"type":"Point","coordinates":[1149.46,326.77]}},{"type":"Feature","properties":{"id":"HR_JCT_0153","kind":"fork","degree":3,"road_types":["residential"]},"geometry":{"type":"Point","coordinates":[1149.5,342.5]}},{"type":"Feature","properties":{"id":"HR_JCT_0154","kind":"fork","degree":3,"road_types":["residential"]},"geometry":{"type":"Point","coordinates":[1150.5,349.5]}},{"type":"Feature","properties":{"id":"HR_JCT_0155","kind":"T","degree":3,"road_types":["highway","residential"]},"geometry":{"type":"Point","coordinates":[1151.46,326.35]}},{"type":"Feature","properties":{"id":"HR_JCT_0156","kind":"T","degree":3,"road_types":["residential"]},"geometry":{"type":"Point","coordinates":[1152.5,355.5]}},{"type":"Feature","properties":{"id":"HR_JCT_0157","kind":"angled","degree":3,"road_types":["residential"]},"geometry":{"type":"Point","coordinates":[1156.5,363.5]}},{"type":"Feature","properties":{"id":"HR_JCT_0158","kind":"T","degree":3,"road_types":["residential"]},"geometry":{"type":"Point","coordinates":[1164.5,360.5]}},{"type":"Feature","properties":{"id":"HR_JCT_0159","kind":"angled","degree":3,"road_types":["residential"]},"geometry":{"type":"Point","coordinates":[1164.5,370.5]}},{"type":"Feature","properties":{"id":"HR_JCT_0160","kind":"T","degree":3,"road_types":["residential"]},"geometry":{"type":"Point","coordinates":[1166.5,360.5]}},{"type":"Feature","properties":{"id":"RU_JCT_0211","kind":"end","degree":1,"road_types":["rural"]},"geometry":{"type":"Point","coordinates":[1214.5,360.5]}},{"type":"Feature","properties":{"id":"RU_JCT_0212","kind":"fork","degree":3,"road_types":["rural"]},"geometry":{"type":"Point","coordinates":[1225.15,352.59]}},{"type":"Feature","properties":{"id":"RU_JCT_0213","kind":"T","degree":3,"road_types":["rural"]},"geometry":{"type":"Point","coordinates":[1232.5,346.5]}},{"type":"Feature","properties":{"id":"RU_JCT_0214","kind":"fork","degree":3,"road_types":["rural"]},"geometry":{"type":"Point","coordinates":[1245.75,335.33]}},{"type":"Feature","properties":{"id":"RU_JCT_0215","kind":"end","degree":1,"road_types":["rural"]},"geometry":{"type":"Point","coordinates":[1256.5,358.5]}},{"type":"Feature","properties":{"id":"RU_JCT_0216","kind":"end","degree":1,"road_types":["rural"]},"geometry":{"type":"Point","coordinates":[1270.5,353.5]}},{"type":"Feature","properties":{"id":"RU_JCT_0217","kind":"fork","degree":3,"road_types":["residential","rural"]},"geometry":{"type":"Point","coordinates":[1360.5,356.5]}},{"type":"Feature","properties":{"id":"RU_JCT_0218","kind":"fork","degree":3,"road_types":["residential","rural"]},"geometry":{"type":"Point","coordinates":[1366.5,353.5]}},{"type":"Feature","properties":{"id":"TV_JCT_0602","kind":"angled","degree":3,"road_types":["residential"]},"geometry":{"type":"Point","coordinates":[1447.5,325.5]}},{"type":"Feature","properties":{"id":"TV_JCT_0603","kind":"end","degree":1,"road_types":["residential"]},"geometry":{"type":"Point","coordinates":[1449.5,332.5]}},{"type":"Feature","properties":{"id":"TV_JCT_0604","kind":"angled","degree":3,"road_types":["residential"]},"geometry":{"type":"Point","coordinates":[1508.5,327.5]}},{"type":"Feature","properties":{"id":"TV_JCT_0605","kind":"fork","degree":3,"road_types":["residential"]},"geometry":{"type":"Point","coordinates":[1511.71,361.92]}},{"type":"Feature","properties":{"id":"TV_JCT_0606","kind":"angled","degree":3,"road_types":["residential"]},"geometry":{"type":"Point","coordinates":[1519.5,361.5]}},{"type":"Feature","properties":{"id":"TV_JCT_0607","kind":"angled","degree":3,"road_types":["residential"]},"geometry":{"type":"Point","coordinates":[1520.5,362.5]}},{"type":"Feature","properties":{"id":"TV_JCT_0608","kind":"T","degree":3,"road_types":["residential"]},"geometry":{"type":"Point","coordinates":[1521.5,369.5]}},{"type":"Feature","properties":{"id":"TV_JCT_0609","kind":"T","degree":3,"road_types":["residential"]},"geometry":{"type":"Point","coordinates":[1530.5,364.5]}},{"type":"Feature","properties":{"id":"TV_JCT_0610","kind":"angled","degree":3,"road_types":["residential","urban_street"]},"geometry":{"type":"Point","coordinates":[1532.5,338.5]}},{"type":"Feature","properties":{"id":"TV_JCT_0611","kind":"city","degree":3,"road_types":["residential","urban_street"]},"geometry":{"type":"Point","coordinates":[1532.5,343.5]}},{"type":"Feature","properties":{"id":"TV_JCT_0612","kind":"city","degree":3,"road_types":["residential","urban_street"]},"geometry":{"type":"Point","coordinates":[1535.5,325.5]}},{"type":"Feature","properties":{"id":"TV_JCT_0613","kind":"T","degree":3,"road_types":["residential"]},"geometry":{"type":"Point","coordinates":[1536.5,373.5]}},{"type":"Feature","properties":{"id":"TV_JCT_0614","kind":"angled","degree":3,"road_types":["urban_street"]},"geometry":{"type":"Point","coordinates":[1537.5,327.5]}},{"type":"Feature","properties":{"id":"TV_JCT_0615","kind":"angled","degree":3,"road_types":["urban_street"]},"geometry":{"type":"Point","coordinates":[1537.5,333.5]}},{"type":"Feature","properties":{"id":"TV_JCT_0616","kind":"angled","degree":3,"road_types":["residential","urban_street"]},"geometry":{"type":"Point","coordinates":[1542.5,368.5]}},{"type":"Feature","properties":{"id":"TV_JCT_0617","kind":"angled","degree":3,"road_types":["residential","urban_street"]},"geometry":{"type":"Point","coordinates":[1542.5,371.5]}},{"type":"Feature","properties":{"id":"TV_JCT_0618","kind":"city","degree":3,"road_types":["urban_street"]},"geometry":{"type":"Point","coordinates":[1544.5,348.5]}},{"type":"Feature","properties":{"id":"TV_JCT_0619","kind":"angled","degree":3,"road_types":["urban_street"]},"geometry":{"type":"Point","coordinates":[1550.5,373.5]}},{"type":"Feature","properties":{"id":"TV_JCT_0620","kind":"angled","degree":3,"road_types":["urban_street"]},"geometry":{"type":"Point","coordinates":[1551.5,355.5]}},{"type":"Feature","properties":{"id":"TV_JCT_0621","kind":"angled","degree":3,"road_types":["urban_street"]},"geometry":{"type":"Point","coordinates":[1553.5,326.5]}},{"type":"Feature","properties":{"id":"TV_JCT_0622","kind":"city","degree":3,"road_types":["urban_street"]},"geometry":{"type":"Point","coordinates":[1553.5,355.5]}},{"type":"Feature","properties":{"id":"TV_JCT_0623","kind":"angled","degree":3,"road_types":["urban_street"]},"geometry":{"type":"Point","coordinates":[1564.5,348.5]}},{"type":"Feature","properties":{"id":"TV_JCT_0624","kind":"angled","degree":3,"road_types":["urban_street"]},"geometry":{"type":"Point","coordinates":[1567.5,358.5]}},{"type":"Feature","properties":{"id":"TV_JCT_0625","kind":"city","degree":3,"road_types":["urban_street"]},"geometry":{"type":"Point","coordinates":[1568.5,335.5]}},{"type":"Feature","properties":{"id":"TV_JCT_0626","kind":"angled","degree":3,"road_types":["urban_street"]},"geometry":{"type":"Point","coordinates":[1568.5,350.5]}},{"type":"Feature","properties":{"id":"TV_JCT_0627","kind":"city","degree":3,"road_types":["urban_street"]},"geometry":{"type":"Point","coordinates":[1568.5,356.5]}},{"type":"Feature","properties":{"id":"TV_JCT_0628","kind":"angled","degree":3,"road_types":["urban_street"]},"geometry":{"type":"Point","coordinates":[1573.5,346.5]}},{"type":"Feature","properties":{"id":"TV_JCT_0629","kind":"city","degree":3,"road_types":["urban_street"]},"geometry":{"type":"Point","coordinates":[1578.5,346.5]}},{"type":"Feature","properties":{"id":"TV_JCT_0630","kind":"angled","degree":3,"road_types":["urban_street"]},"geometry":{"type":"Point","coordinates":[1579.5,356.5]}},{"type":"Feature","properties":{"id":"TV_JCT_0631","kind":"city","degree":4,"road_types":["urban_street"]},"geometry":{"type":"Point","coordinates":[1579.5,371.5]}},{"type":"Feature","properties":{"id":"TV_JCT_0632","kind":"angled","degree":3,"road_types":["urban_street"]},"geometry":{"type":"Point","coordinates":[1582.5,345.5]}},{"type":"Feature","properties":{"id":"TV_JCT_0633","kind":"angled","degree":3,"road_types":["urban_street"]},"geometry":{"type":"Point","coordinates":[1583.5,360.5]}},{"type":"Feature","properties":{"id":"TV_JCT_0634","kind":"angled","degree":3,"road_types":["urban_street"]},"geometry":{"type":"Point","coordinates":[1587.5,360.5]}},{"type":"Feature","properties":{"id":"TV_JCT_0635","kind":"angled","degree":3,"road_types":["urban_street"]},"geometry":{"type":"Point","coordinates":[1590.5,347.5]}},{"type":"Feature","properties":{"id":"TV_JCT_0636","kind":"angled","degree":3,"road_types":["urban_street"]},"geometry":{"type":"Point","coordinates":[1591.5,357.5]}},{"type":"Feature","properties":{"id":"TV_JCT_0637","kind":"angled","degree":3,"road_types":["urban_street"]},"geometry":{"type":"Point","coordinates":[1591.5,374.5]}},{"type":"Feature","properties":{"id":"TV_JCT_0638","kind":"angled","degree":3,"road_types":["urban_street"]},"geometry":{"type":"Point","coordinates":[1593.5,344.5]}},{"type":"Feature","properties":{"id":"TV_JCT_0639","kind":"city","degree":3,"road_types":["urban_street"]},"geometry":{"type":"Point","coordinates":[1595.5,357.5]}},{"type":"Feature","properties":{"id":"TV_JCT_0640","kind":"angled","degree":3,"road_types":["urban_street"]},"geometry":{"type":"Point","coordinates":[1599.5,346.5]}},{"type":"Feature","properties":{"id":"TV_JCT_0641","kind":"city","degree":3,"road_types":["urban_street"]},"geometry":{"type":"Point","coordinates":[1599.5,366.5]}},{"type":"Feature","properties":{"id":"TV_JCT_0642","kind":"angled","degree":3,"road_types":["urban_street"]},"geometry":{"type":"Point","coordinates":[1603.5,371.5]}},{"type":"Feature","properties":{"id":"TV_JCT_0643","kind":"angled","degree":3,"road_types":["residential","urban_street"]},"geometry":{"type":"Point","coordinates":[1604.5,326.5]}},{"type":"Feature","properties":{"id":"TV_JCT_0644","kind":"angled","degree":3,"road_types":["urban_street"]},"geometry":{"type":"Point","coordinates":[1609.5,371.5]}},{"type":"Feature","properties":{"id":"TV_JCT_0645","kind":"city","degree":3,"road_types":["urban_street"]},"geometry":{"type":"Point","coordinates":[1611.5,363.5]}},{"type":"Feature","properties":{"id":"TV_JCT_0646","kind":"city","degree":3,"road_types":["urban_street"]},"geometry":{"type":"Point","coordinates":[1616.5,362.5]}},{"type":"Feature","properties":{"id":"TV_JCT_0647","kind":"angled","degree":3,"road_types":["urban_street"]},"geometry":{"type":"Point","coordinates":[1619.5,347.5]}},{"type":"Feature","properties":{"id":"TV_JCT_0648","kind":"city","degree":3,"road_types":["urban_street"]},"geometry":{"type":"Point","coordinates":[1621.5,342.5]}},{"type":"Feature","properties":{"id":"TV_JCT_0649","kind":"city","degree":3,"road_types":["urban_street"]},"geometry":{"type":"Point","coordinates":[1625.5,362.5]}},{"type":"Feature","properties":{"id":"TV_JCT_0650","kind":"angled","degree":3,"road_types":["urban_street"]},"geometry":{"type":"Point","coordinates":[1631.5,365.5]}},{"type":"Feature","properties":{"id":"TV_JCT_0651","kind":"city","degree":3,"road_types":["urban_street"]},"geometry":{"type":"Point","coordinates":[1632.5,343.5]}},{"type":"Feature","properties":{"id":"TV_JCT_0652","kind":"city","degree":3,"road_types":["urban_street"]},"geometry":{"type":"Point","coordinates":[1633.5,371.5]}},{"type":"Feature","properties":{"id":"TV_JCT_0653","kind":"angled","degree":3,"road_types":["urban_street"]},"geometry":{"type":"Point","coordinates":[1633.5,373.5]}},{"type":"Feature","properties":{"id":"TV_JCT_0654","kind":"city","degree":3,"road_types":["urban_street"]},"geometry":{"type":"Point","coordinates":[1637.5,364.5]}},{"type":"Feature","properties":{"id":"TV_JCT_0655","kind":"angled","degree":3,"road_types":["urban_street"]},"geometry":{"type":"Point","coordinates":[1639.5,362.5]}},{"type":"Feature","properties":{"id":"TV_JCT_0656","kind":"angled","degree":3,"road_types":["urban_street"]},"geometry":{"type":"Point","coordinates":[1645.5,352.5]}},{"type":"Feature","properties":{"id":"TV_JCT_0657","kind":"city","degree":3,"road_types":["urban_street"]},"geometry":{"type":"Point","coordinates":[1663.5,359.5]}},{"type":"Feature","properties":{"id":"TV_JCT_0658","kind":"angled","degree":3,"road_types":["urban_street"]},"geometry":{"type":"Point","coordinates":[1670.5,373.5]}},{"type":"Feature","properties":{"id":"TV_JCT_0659","kind":"city","degree":3,"road_types":["urban_street"]},"geometry":{"type":"Point","coordinates":[1675.5,361.5]}},{"type":"Feature","properties":{"id":"TV_JCT_0660","kind":"angled","degree":3,"road_types":["urban_street"]},"geometry":{"type":"Point","coordinates":[1675.5,368.5]}},{"type":"Feature","properties":{"id":"TV_JCT_0661","kind":"angled","degree":3,"road_types":["urban_street"]},"geometry":{"type":"Point","coordinates":[1686.5,369.5]}},{"type":"Feature","properties":{"id":"TV_JCT_0662","kind":"angled","degree":3,"road_types":["urban_street"]},"geometry":{"type":"Point","coordinates":[1690.5,374.5]}},{"type":"Feature","properties":{"id":"TV_JCT_0663","kind":"city","degree":4,"road_types":["urban_street"]},"geometry":{"type":"Point","coordinates":[1720.92,367.6]}},{"type":"Feature","properties":{"id":"TV_JCT_0664","kind":"city","degree":4,"road_types":["urban_street"]},"geometry":{"type":"Point","coordinates":[1721.46,368.05]}},{"type":"Feature","properties":{"id":"TV_JCT_0665","kind":"city","degree":4,"road_types":["urban_street"]},"geometry":{"type":"Point","coordinates":[1721.91,368.76]}},{"type":"Feature","properties":{"id":"TV_JCT_0666","kind":"angled","degree":3,"road_types":["urban_street"]},"geometry":{"type":"Point","coordinates":[1722.5,327.5]}},{"type":"Feature","properties":{"id":"TV_JCT_0667","kind":"city","degree":3,"road_types":["urban_street"]},"geometry":{"type":"Point","coordinates":[1724.5,327.5]}},{"type":"Feature","properties":{"id":"TV_JCT_0668","kind":"end","degree":1,"road_types":["urban_street"]},"geometry":{"type":"Point","coordinates":[1724.5,336.5]}},{"type":"Feature","properties":{"id":"TV_JCT_0669","kind":"angled","degree":3,"road_types":["urban_street"]},"geometry":{"type":"Point","coordinates":[1745.5,328.5]}},{"type":"Feature","properties":{"id":"TV_JCT_0670","kind":"fork","degree":3,"road_types":["residential"]},"geometry":{"type":"Point","coordinates":[1758.5,366.5]}},{"type":"Feature","properties":{"id":"TV_JCT_0671","kind":"fork","degree":3,"road_types":["residential"]},"geometry":{"type":"Point","coordinates":[1761.5,351.5]}},{"type":"Feature","properties":{"id":"TV_JCT_0672","kind":"type_change","degree":2,"road_types":["residential","urban_street"]},"geometry":{"type":"Point","coordinates":[1763.5,332.5]}},{"type":"Feature","properties":{"id":"TV_JCT_0673","kind":"type_change","degree":2,"road_types":["residential","urban_street"]},"geometry":{"type":"Point","coordinates":[1764.5,332.5]}},{"type":"Feature","properties":{"id":"TV_JCT_0674","kind":"city","degree":3,"road_types":["urban_street"]},"geometry":{"type":"Point","coordinates":[1765.5,326.5]}},{"type":"Feature","properties":{"id":"TV_JCT_0675","kind":"city","degree":3,"road_types":["urban_street"]},"geometry":{"type":"Point","coordinates":[1780.5,327.5]}},{"type":"Feature","properties":{"id":"TV_JCT_0676","kind":"end","degree":1,"road_types":["residential"]},"geometry":{"type":"Point","coordinates":[1810.16,341.5]}},{"type":"Feature","properties":{"id":"TV_JCT_0677","kind":"T","degree":3,"road_types":["residential"]},"geometry":{"type":"Point","coordinates":[1832.5,343.5]}},{"type":"Feature","properties":{"id":"TV_JCT_0678","kind":"T","degree":3,"road_types":["residential"]},"geometry":{"type":"Point","coordinates":[1835.5,344.5]}},{"type":"Feature","properties":{"id":"TV_JCT_0679","kind":"end","degree":1,"road_types":["residential"]},"geometry":{"type":"Point","coordinates":[1860.5,333.5]}},{"type":"Feature","properties":{"id":"TV_JCT_0680","kind":"T","degree":3,"road_types":["residential"]},"geometry":{"type":"Point","coordinates":[1865.08,348.27]}},{"type":"Feature","properties":{"id":"TV_JCT_0681","kind":"angled","degree":3,"road_types":["residential"]},"geometry":{"type":"Point","coordinates":[1872.5,328.5]}},{"type":"Feature","properties":{"id":"TV_JCT_0682","kind":"angled","degree":3,"road_types":["residential"]},"geometry":{"type":"Point","coordinates":[1874.5,328.5]}},{"type":"Feature","properties":{"id":"TV_JCT_0683","kind":"angled","degree":4,"road_types":["residential"]},"geometry":{"type":"Point","coordinates":[1879.5,351.5]}},{"type":"Feature","properties":{"id":"TV_JCT_0684","kind":"fork","degree":3,"road_types":["residential"]},"geometry":{"type":"Point","coordinates":[1896.5,356.5]}},{"type":"Feature","properties":{"id":"TV_JCT_0685","kind":"fork","degree":3,"road_types":["residential"]},"geometry":{"type":"Point","coordinates":[1901.5,351.5]}},{"type":"Feature","properties":{"id":"TV_JCT_0686","kind":"end","degree":1,"road_types":["residential"]},"geometry":{"type":"Point","coordinates":[1925.5,341.5]}},{"type":"Feature","properties":{"id":"TV_JCT_0687","kind":"T","degree":3,"road_types":["residential"]},"geometry":{"type":"Point","coordinates":[1929.5,361.5]}},{"type":"Feature","properties":{"id":"TV_JCT_0688","kind":"T","degree":3,"road_types":["residential"]},"geometry":{"type":"Point","coordinates":[1929.5,363.5]}},{"type":"Feature","properties":{"id":"TV_JCT_0689","kind":"angled","degree":3,"road_types":["residential"]},"geometry":{"type":"Point","coordinates":[1931.5,350.5]}},{"type":"Feature","properties":{"id":"TV_JCT_0690","kind":"end","degree":1,"road_types":["residential"]},"geometry":{"type":"Point","coordinates":[1941.5,346.5]}},{"type":"Feature","properties":{"id":"TV_JCT_0691","kind":"T","degree":3,"road_types":["residential"]},"geometry":{"type":"Point","coordinates":[1943.5,365.5]}},{"type":"Feature","properties":{"id":"TV_JCT_0692","kind":"T","degree":3,"road_types":["residential"]},"geometry":{"type":"Point","coordinates":[1943.5,367.5]}},{"type":"Feature","properties":{"id":"TV_JCT_0693","kind":"end","degree":1,"road_types":["residential"]},"geometry":{"type":"Point","coordinates":[1953.5,356.5]}},{"type":"Feature","properties":{"id":"LC_JCT_0605","kind":"end","degree":1,"road_types":["urban_street"]},"geometry":{"type":"Point","coordinates":[30.5,391.5]}},{"type":"Feature","properties":{"id":"LC_JCT_0606","kind":"angled","degree":3,"road_types":["urban_street"]},"geometry":{"type":"Point","coordinates":[36.5,384.5]}},{"type":"Feature","properties":{"id":"LC_JCT_0607","kind":"city","degree":3,"road_types":["urban_street"]},"geometry":{"type":"Point","coordinates":[36.5,386.5]}},{"type":"Feature","properties":{"id":"LC_JCT_0608","kind":"city","degree":3,"road_types":["urban_street"]},"geometry":{"type":"Point","coordinates":[40.5,384.5]}},{"type":"Feature","properties":{"id":"LC_JCT_0609","kind":"city","degree":3,"road_types":["urban_street"]},"geometry":{"type":"Point","coordinates":[42.5,384.5]}},{"type":"Feature","properties":{"id":"LC_JCT_0610","kind":"city","degree":3,"road_types":["urban_street"]},"geometry":{"type":"Point","coordinates":[48.5,397.5]}},{"type":"Feature","properties":{"id":"LC_JCT_0611","kind":"angled","degree":3,"road_types":["urban_street"]},"geometry":{"type":"Point","coordinates":[49.5,400.5]}},{"type":"Feature","properties":{"id":"LC_JCT_0612","kind":"angled","degree":3,"road_types":["urban_street"]},"geometry":{"type":"Point","coordinates":[54.5,400.5]}},{"type":"Feature","properties":{"id":"LC_JCT_0613","kind":"fork","degree":3,"road_types":["urban_street"]},"geometry":{"type":"Point","coordinates":[55.5,407.5]}},{"type":"Feature","properties":{"id":"LC_JCT_0614","kind":"city","degree":3,"road_types":["urban_street"]},"geometry":{"type":"Point","coordinates":[58.5,383.5]}},{"type":"Feature","properties":{"id":"LC_JCT_0615","kind":"fork","degree":3,"road_types":["urban_street"]},"geometry":{"type":"Point","coordinates":[62.5,405.5]}},{"type":"Feature","properties":{"id":"LC_JCT_0616","kind":"city","degree":3,"road_types":["urban_street"]},"geometry":{"type":"Point","coordinates":[63.5,385.5]}},{"type":"Feature","properties":{"id":"LC_JCT_0617","kind":"angled","degree":3,"road_types":["urban_street"]},"geometry":{"type":"Point","coordinates":[64.5,395.5]}},{"type":"Feature","properties":{"id":"LC_JCT_0618","kind":"city","degree":3,"road_types":["urban_street"]},"geometry":{"type":"Point","coordinates":[70.2,399.81]}},{"type":"Feature","properties":{"id":"LC_JCT_0619","kind":"city","degree":3,"road_types":["urban_street"]},"geometry":{"type":"Point","coordinates":[73.5,408.5]}},{"type":"Feature","properties":{"id":"LC_JCT_0620","kind":"angled","degree":3,"road_types":["urban_street"]},"geometry":{"type":"Point","coordinates":[74.5,405.5]}},{"type":"Feature","properties":{"id":"LC_JCT_0621","kind":"angled","degree":3,"road_types":["urban_street"]},"geometry":{"type":"Point","coordinates":[76.5,384.5]}},{"type":"Feature","properties":{"id":"LC_JCT_0622","kind":"city","degree":3,"road_types":["urban_street"]},"geometry":{"type":"Point","coordinates":[78.5,412.5]}},{"type":"Feature","properties":{"id":"LC_JCT_0623","kind":"angled","degree":3,"road_types":["urban_street"]},"geometry":{"type":"Point","coordinates":[81.5,390.5]}},{"type":"Feature","properties":{"id":"LC_JCT_0624","kind":"city","degree":3,"road_types":["urban_street"]},"geometry":{"type":"Point","coordinates":[81.5,407.5]}},{"type":"Feature","properties":{"id":"LC_JCT_0625","kind":"angled","degree":3,"road_types":["urban_street"]},"geometry":{"type":"Point","coordinates":[82.5,377.5]}},{"type":"Feature","properties":{"id":"LC_JCT_0626","kind":"city","degree":4,"road_types":["urban_street"]},"geometry":{"type":"Point","coordinates":[83.5,416.5]}},{"type":"Feature","properties":{"id":"LC_JCT_0627","kind":"city","degree":3,"road_types":["urban_street"]},"geometry":{"type":"Point","coordinates":[85.5,407.5]}},{"type":"Feature","properties":{"id":"LC_JCT_0628","kind":"fork","degree":3,"road_types":["urban_street"]},"geometry":{"type":"Point","coordinates":[89.46,393.14]}},{"type":"Feature","properties":{"id":"LC_JCT_0629","kind":"angled","degree":3,"road_types":["urban_street"]},"geometry":{"type":"Point","coordinates":[89.5,406.5]}},{"type":"Feature","properties":{"id":"LC_JCT_0630","kind":"angled","degree":3,"road_types":["urban_street"]},"geometry":{"type":"Point","coordinates":[94.5,399.5]}},{"type":"Feature","properties":{"id":"LC_JCT_0631","kind":"angled","degree":3,"road_types":["urban_street"]},"geometry":{"type":"Point","coordinates":[100.5,418.5]}},{"type":"Feature","properties":{"id":"LC_JCT_0632","kind":"angled","degree":3,"road_types":["urban_street"]},"geometry":{"type":"Point","coordinates":[101.5,377.5]}},{"type":"Feature","properties":{"id":"LC_JCT_0633","kind":"city","degree":3,"road_types":["urban_street"]},"geometry":{"type":"Point","coordinates":[101.5,380.5]}},{"type":"Feature","properties":{"id":"LC_JCT_0634","kind":"angled","degree":3,"road_types":["urban_street"]},"geometry":{"type":"Point","coordinates":[107.5,401.5]}},{"type":"Feature","properties":{"id":"LC_JCT_0635","kind":"angled","degree":3,"road_types":["urban_street"]},"geometry":{"type":"Point","coordinates":[109.5,392.5]}},{"type":"Feature","properties":{"id":"LC_JCT_0636","kind":"city","degree":3,"road_types":["urban_street"]},"geometry":{"type":"Point","coordinates":[111.5,397.5]}},{"type":"Feature","properties":{"id":"LC_JCT_0637","kind":"angled","degree":3,"road_types":["urban_street"]},"geometry":{"type":"Point","coordinates":[112.5,381.5]}},{"type":"Feature","properties":{"id":"LC_JCT_0638","kind":"angled","degree":3,"road_types":["urban_street"]},"geometry":{"type":"Point","coordinates":[113.5,424.5]}},{"type":"Feature","properties":{"id":"LC_JCT_0639","kind":"city","degree":3,"road_types":["urban_street"]},"geometry":{"type":"Point","coordinates":[114.5,377.5]}},{"type":"Feature","properties":{"id":"LC_JCT_0640","kind":"angled","degree":3,"road_types":["urban_street"]},"geometry":{"type":"Point","coordinates":[114.5,384.5]}},{"type":"Feature","properties":{"id":"LC_JCT_0641","kind":"angled","degree":3,"road_types":["urban_street"]},"geometry":{"type":"Point","coordinates":[114.5,386.5]}},{"type":"Feature","properties":{"id":"LC_JCT_0642","kind":"city","degree":3,"road_types":["urban_street"]},"geometry":{"type":"Point","coordinates":[118.5,390.5]}},{"type":"Feature","properties":{"id":"LC_JCT_0643","kind":"angled","degree":3,"road_types":["urban_street"]},"geometry":{"type":"Point","coordinates":[118.5,410.5]}},{"type":"Feature","properties":{"id":"LC_JCT_0644","kind":"city","degree":3,"road_types":["urban_street"]},"geometry":{"type":"Point","coordinates":[119.5,378.5]}},{"type":"Feature","properties":{"id":"LC_JCT_0645","kind":"city","degree":3,"road_types":["urban_street"]},"geometry":{"type":"Point","coordinates":[120.5,415.5]}},{"type":"Feature","properties":{"id":"LC_JCT_0646","kind":"city","degree":3,"road_types":["urban_street"]},"geometry":{"type":"Point","coordinates":[120.5,422.5]}},{"type":"Feature","properties":{"id":"LC_JCT_0647","kind":"city","degree":3,"road_types":["urban_street"]},"geometry":{"type":"Point","coordinates":[122.5,378.5]}},{"type":"Feature","properties":{"id":"LC_JCT_0648","kind":"angled","degree":3,"road_types":["urban_street"]},"geometry":{"type":"Point","coordinates":[126.5,376.5]}},{"type":"Feature","properties":{"id":"LC_JCT_0649","kind":"city","degree":3,"road_types":["urban_street"]},"geometry":{"type":"Point","coordinates":[130.5,424.5]}},{"type":"Feature","properties":{"id":"LC_JCT_0650","kind":"angled","degree":3,"road_types":["urban_street"]},"geometry":{"type":"Point","coordinates":[132.5,418.5]}},{"type":"Feature","properties":{"id":"LC_JCT_0651","kind":"angled","degree":3,"road_types":["urban_street"]},"geometry":{"type":"Point","coordinates":[132.5,421.5]}},{"type":"Feature","properties":{"id":"LC_JCT_0652","kind":"angled","degree":3,"road_types":["urban_street"]},"geometry":{"type":"Point","coordinates":[136.5,413.5]}},{"type":"Feature","properties":{"id":"LC_JCT_0653","kind":"city","degree":3,"road_types":["urban_street"]},"geometry":{"type":"Point","coordinates":[138.5,380.5]}},{"type":"Feature","properties":{"id":"LC_JCT_0654","kind":"city","degree":3,"road_types":["urban_street"]},"geometry":{"type":"Point","coordinates":[140.5,413.5]}},{"type":"Feature","properties":{"id":"LC_JCT_0655","kind":"city","degree":3,"road_types":["urban_street"]},"geometry":{"type":"Point","coordinates":[149.5,417.5]}},{"type":"Feature","properties":{"id":"LC_JCT_0656","kind":"angled","degree":3,"road_types":["urban_street"]},"geometry":{"type":"Point","coordinates":[151.5,396.5]}},{"type":"Feature","properties":{"id":"LC_JCT_0657","kind":"angled","degree":3,"road_types":["urban_street"]},"geometry":{"type":"Point","coordinates":[152.5,382.5]}},{"type":"Feature","properties":{"id":"LC_JCT_0658","kind":"city","degree":3,"road_types":["urban_street"]},"geometry":{"type":"Point","coordinates":[152.5,384.5]}},{"type":"Feature","properties":{"id":"LC_JCT_0659","kind":"city","degree":3,"road_types":["urban_street"]},"geometry":{"type":"Point","coordinates":[153.5,406.5]}},{"type":"Feature","properties":{"id":"LC_JCT_0660","kind":"city","degree":3,"road_types":["urban_street"]},"geometry":{"type":"Point","coordinates":[156.5,381.5]}},{"type":"Feature","properties":{"id":"LC_JCT_0661","kind":"city","degree":3,"road_types":["urban_street"]},"geometry":{"type":"Point","coordinates":[156.5,397.5]}},{"type":"Feature","properties":{"id":"LC_JCT_0662","kind":"angled","degree":3,"road_types":["urban_street"]},"geometry":{"type":"Point","coordinates":[161.5,382.5]}},{"type":"Feature","properties":{"id":"LC_JCT_0663","kind":"city","degree":3,"road_types":["urban_street"]},"geometry":{"type":"Point","coordinates":[168.5,424.5]}},{"type":"Feature","properties":{"id":"LC_JCT_0664","kind":"angled","degree":3,"road_types":["urban_street"]},"geometry":{"type":"Point","coordinates":[169.5,411.5]}},{"type":"Feature","properties":{"id":"LC_JCT_0665","kind":"angled","degree":3,"road_types":["urban_street"]},"geometry":{"type":"Point","coordinates":[171.5,424.5]}},{"type":"Feature","properties":{"id":"LC_JCT_0666","kind":"city","degree":3,"road_types":["urban_street"]},"geometry":{"type":"Point","coordinates":[173.5,404.5]}},{"type":"Feature","properties":{"id":"LC_JCT_0667","kind":"angled","degree":3,"road_types":["urban_street"]},"geometry":{"type":"Point","coordinates":[173.5,415.5]}},{"type":"Feature","properties":{"id":"LC_JCT_0668","kind":"angled","degree":3,"road_types":["urban_street"]},"geometry":{"type":"Point","coordinates":[173.5,422.5]}},{"type":"Feature","properties":{"id":"LC_JCT_0669","kind":"city","degree":3,"road_types":["urban_street"]},"geometry":{"type":"Point","coordinates":[174.5,399.5]}},{"type":"Feature","properties":{"id":"LC_JCT_0670","kind":"city","degree":3,"road_types":["urban_street"]},"geometry":{"type":"Point","coordinates":[176.5,377.5]}},{"type":"Feature","properties":{"id":"LC_JCT_0671","kind":"angled","degree":3,"road_types":["urban_street"]},"geometry":{"type":"Point","coordinates":[178.5,407.5]}},{"type":"Feature","properties":{"id":"LC_JCT_0672","kind":"city","degree":3,"road_types":["urban_street"]},"geometry":{"type":"Point","coordinates":[180.5,399.5]}},{"type":"Feature","properties":{"id":"LC_JCT_0673","kind":"city","degree":3,"road_types":["urban_street"]},"geometry":{"type":"Point","coordinates":[180.5,401.5]}},{"type":"Feature","properties":{"id":"LC_JCT_0674","kind":"city","degree":3,"road_types":["urban_street"]},"geometry":{"type":"Point","coordinates":[180.5,407.5]}},{"type":"Feature","properties":{"id":"LC_JCT_0675","kind":"city","degree":3,"road_types":["urban_street"]},"geometry":{"type":"Point","coordinates":[182.5,422.5]}},{"type":"Feature","properties":{"id":"LC_JCT_0676","kind":"angled","degree":3,"road_types":["urban_street"]},"geometry":{"type":"Point","coordinates":[186.5,408.5]}},{"type":"Feature","properties":{"id":"LC_JCT_0677","kind":"city","degree":3,"road_types":["urban_street"]},"geometry":{"type":"Point","coordinates":[187.5,380.5]}},{"type":"Feature","properties":{"id":"LC_JCT_0678","kind":"angled","degree":3,"road_types":["urban_street"]},"geometry":{"type":"Point","coordinates":[187.5,413.5]}},{"type":"Feature","properties":{"id":"LC_JCT_0679","kind":"city","degree":3,"road_types":["urban_street"]},"geometry":{"type":"Point","coordinates":[188.5,403.5]}},{"type":"Feature","properties":{"id":"LC_JCT_0680","kind":"city","degree":3,"road_types":["urban_street"]},"geometry":{"type":"Point","coordinates":[189.5,375.5]}},{"type":"Feature","properties":{"id":"LC_JCT_0681","kind":"angled","degree":3,"road_types":["urban_street"]},"geometry":{"type":"Point","coordinates":[193.5,414.5]}},{"type":"Feature","properties":{"id":"LC_JCT_0682","kind":"city","degree":3,"road_types":["urban_street"]},"geometry":{"type":"Point","coordinates":[194.5,421.5]}},{"type":"Feature","properties":{"id":"LC_JCT_0683","kind":"city","degree":3,"road_types":["urban_street"]},"geometry":{"type":"Point","coordinates":[197.5,421.5]}},{"type":"Feature","properties":{"id":"LC_JCT_0684","kind":"angled","degree":3,"road_types":["urban_street"]},"geometry":{"type":"Point","coordinates":[208.5,378.5]}},{"type":"Feature","properties":{"id":"LC_JCT_0685","kind":"angled","degree":3,"road_types":["urban_street"]},"geometry":{"type":"Point","coordinates":[208.5,386.5]}},{"type":"Feature","properties":{"id":"LC_JCT_0686","kind":"city","degree":3,"road_types":["urban_street"]},"geometry":{"type":"Point","coordinates":[208.5,422.5]}},{"type":"Feature","properties":{"id":"LC_JCT_0687","kind":"angled","degree":3,"road_types":["urban_street"]},"geometry":{"type":"Point","coordinates":[208.5,424.5]}},{"type":"Feature","properties":{"id":"LC_JCT_0688","kind":"city","degree":3,"road_types":["urban_street"]},"geometry":{"type":"Point","coordinates":[209.5,382.5]}},{"type":"Feature","properties":{"id":"LC_JCT_0689","kind":"city","degree":3,"road_types":["urban_street"]},"geometry":{"type":"Point","coordinates":[211.5,396.5]}},{"type":"Feature","properties":{"id":"LC_JCT_0690","kind":"city","degree":3,"road_types":["urban_street"]},"geometry":{"type":"Point","coordinates":[211.5,416.5]}},{"type":"Feature","properties":{"id":"LC_JCT_0691","kind":"city","degree":3,"road_types":["urban_street"]},"geometry":{"type":"Point","coordinates":[214.5,404.5]}},{"type":"Feature","properties":{"id":"LC_JCT_0692","kind":"angled","degree":3,"road_types":["urban_street"]},"geometry":{"type":"Point","coordinates":[214.5,406.5]}},{"type":"Feature","properties":{"id":"LC_JCT_0693","kind":"angled","degree":3,"road_types":["urban_street"]},"geometry":{"type":"Point","coordinates":[215.5,397.5]}},{"type":"Feature","properties":{"id":"LC_JCT_0694","kind":"city","degree":3,"road_types":["urban_street"]},"geometry":{"type":"Point","coordinates":[219.5,406.5]}},{"type":"Feature","properties":{"id":"LC_JCT_0695","kind":"angled","degree":3,"road_types":["urban_street"]},"geometry":{"type":"Point","coordinates":[220.5,384.5]}},{"type":"Feature","properties":{"id":"LC_JCT_0696","kind":"angled","degree":3,"road_types":["urban_street"]},"geometry":{"type":"Point","coordinates":[221.5,416.5]}},{"type":"Feature","properties":{"id":"LC_JCT_0697","kind":"angled","degree":3,"road_types":["urban_street"]},"geometry":{"type":"Point","coordinates":[225.5,421.5]}},{"type":"Feature","properties":{"id":"LC_JCT_0698","kind":"city","degree":3,"road_types":["urban_street"]},"geometry":{"type":"Point","coordinates":[228.5,404.5]}},{"type":"Feature","properties":{"id":"LC_JCT_0699","kind":"angled","degree":3,"road_types":["urban_street"]},"geometry":{"type":"Point","coordinates":[231.5,421.5]}},{"type":"Feature","properties":{"id":"LC_JCT_0700","kind":"angled","degree":3,"road_types":["urban_street"]},"geometry":{"type":"Point","coordinates":[233.5,387.5]}},{"type":"Feature","properties":{"id":"LC_JCT_0701","kind":"fork","degree":3,"road_types":["urban_street"]},"geometry":{"type":"Point","coordinates":[233.9,404.5]}},{"type":"Feature","properties":{"id":"LC_JCT_0702","kind":"angled","degree":3,"road_types":["urban_street"]},"geometry":{"type":"Point","coordinates":[236.5,417.5]}},{"type":"Feature","properties":{"id":"LC_JCT_0703","kind":"angled","degree":3,"road_types":["urban_street"]},"geometry":{"type":"Point","coordinates":[237.5,404.5]}},{"type":"Feature","properties":{"id":"LC_JCT_0704","kind":"city","degree":3,"road_types":["urban_street"]},"geometry":{"type":"Point","coordinates":[237.5,411.5]}},{"type":"Feature","properties":{"id":"LC_JCT_0705","kind":"city","degree":4,"road_types":["urban_street"]},"geometry":{"type":"Point","coordinates":[238.64,402.87]}},{"type":"Feature","properties":{"id":"LC_JCT_0706","kind":"city","degree":3,"road_types":["urban_street"]},"geometry":{"type":"Point","coordinates":[243.5,416.5]}},{"type":"Feature","properties":{"id":"LC_JCT_0707","kind":"city","degree":3,"road_types":["urban_street"]},"geometry":{"type":"Point","coordinates":[246.5,383.5]}},{"type":"Feature","properties":{"id":"LC_JCT_0708","kind":"city","degree":3,"road_types":["urban_street"]},"geometry":{"type":"Point","coordinates":[246.5,417.5]}},{"type":"Feature","properties":{"id":"LC_JCT_0709","kind":"fork","degree":3,"road_types":["urban_street"]},"geometry":{"type":"Point","coordinates":[252.5,417.5]}},{"type":"Feature","properties":{"id":"LC_JCT_0710","kind":"angled","degree":3,"road_types":["urban_street"]},"geometry":{"type":"Point","coordinates":[253.5,397.5]}},{"type":"Feature","properties":{"id":"LC_JCT_0711","kind":"city","degree":3,"road_types":["urban_street"]},"geometry":{"type":"Point","coordinates":[253.5,403.5]}},{"type":"Feature","properties":{"id":"LC_JCT_0712","kind":"city","degree":3,"road_types":["urban_street"]},"geometry":{"type":"Point","coordinates":[256.5,397.5]}},{"type":"Feature","properties":{"id":"LC_JCT_0713","kind":"city","degree":3,"road_types":["urban_street"]},"geometry":{"type":"Point","coordinates":[257.5,386.5]}},{"type":"Feature","properties":{"id":"LC_JCT_0714","kind":"angled","degree":3,"road_types":["urban_street"]},"geometry":{"type":"Point","coordinates":[259.5,407.5]}},{"type":"Feature","properties":{"id":"LC_JCT_0715","kind":"angled","degree":3,"road_types":["urban_street"]},"geometry":{"type":"Point","coordinates":[262.5,397.5]}},{"type":"Feature","properties":{"id":"LC_JCT_0716","kind":"angled","degree":3,"road_types":["urban_street"]},"geometry":{"type":"Point","coordinates":[264.5,386.5]}},{"type":"Feature","properties":{"id":"LC_JCT_0717","kind":"city","degree":3,"road_types":["urban_street"]},"geometry":{"type":"Point","coordinates":[265.5,404.5]}},{"type":"Feature","properties":{"id":"LC_JCT_0718","kind":"city","degree":3,"road_types":["urban_street"]},"geometry":{"type":"Point","coordinates":[266.5,413.5]}},{"type":"Feature","properties":{"id":"LC_JCT_0719","kind":"city","degree":3,"road_types":["urban_street"]},"geometry":{"type":"Point","coordinates":[267.5,382.5]}},{"type":"Feature","properties":{"id":"LC_JCT_0720","kind":"city","degree":3,"road_types":["urban_street"]},"geometry":{"type":"Point","coordinates":[268.5,404.5]}},{"type":"Feature","properties":{"id":"LC_JCT_0721","kind":"city","degree":3,"road_types":["urban_street"]},"geometry":{"type":"Point","coordinates":[268.5,412.5]}},{"type":"Feature","properties":{"id":"LC_JCT_0722","kind":"end","degree":1,"road_types":["highway"]},"geometry":{"type":"Point","coordinates":[279.0,381.0]}},{"type":"Feature","properties":{"id":"LC_JCT_0723","kind":"city","degree":4,"road_types":["urban_street"]},"geometry":{"type":"Point","coordinates":[279.5,409.5]}},{"type":"Feature","properties":{"id":"LC_JCT_0724","kind":"end","degree":1,"road_types":["urban_street"]},"geometry":{"type":"Point","coordinates":[281.5,387.5]}},{"type":"Feature","properties":{"id":"LC_JCT_0725","kind":"T","degree":3,"road_types":["highway","residential"]},"geometry":{"type":"Point","coordinates":[294.49,385.1]}},{"type":"Feature","properties":{"id":"LC_JCT_0726","kind":"end","degree":1,"road_types":["urban_street"]},"geometry":{"type":"Point","coordinates":[294.82,398.18]}},{"type":"Feature","properties":{"id":"LC_JCT_0727","kind":"end","degree":1,"road_types":["urban_street"]},"geometry":{"type":"Point","coordinates":[308.5,423.5]}},{"type":"Feature","properties":{"id":"LC_JCT_0728","kind":"T","degree":3,"road_types":["highway","residential"]},"geometry":{"type":"Point","coordinates":[312.13,390.31]}},{"type":"Feature","properties":{"id":"LC_JCT_0729","kind":"T","degree":3,"road_types":["highway","residential"]},"geometry":{"type":"Point","coordinates":[315.84,390.7]}},{"type":"Feature","properties":{"id":"LC_JCT_0730","kind":"end","degree":1,"road_types":["residential"]},"geometry":{"type":"Point","coordinates":[319.24,414.76]}},{"type":"Feature","properties":{"id":"LC_JCT_0731","kind":"T","degree":3,"road_types":["residential"]},"geometry":{"type":"Point","coordinates":[322.5,401.5]}},{"type":"Feature","properties":{"id":"LC_JCT_0732","kind":"T","degree":3,"road_types":["residential"]},"geometry":{"type":"Point","coordinates":[323.5,378.5]}},{"type":"Feature","properties":{"id":"LC_JCT_0733","kind":"T","degree":3,"road_types":["highway","residential"]},"geometry":{"type":"Point","coordinates":[324.36,391.27]}},{"type":"Feature","properties":{"id":"LC_JCT_0734","kind":"T","degree":3,"road_types":["residential"]},"geometry":{"type":"Point","coordinates":[325.5,375.5]}},{"type":"Feature","properties":{"id":"LC_JCT_0735","kind":"T","degree":3,"road_types":["residential"]},"geometry":{"type":"Point","coordinates":[332.5,420.5]}},{"type":"Feature","properties":{"id":"LC_JCT_0736","kind":"angled","degree":3,"road_types":["residential"]},"geometry":{"type":"Point","coordinates":[334.5,410.5]}},{"type":"Feature","properties":{"id":"LC_JCT_0737","kind":"angled","degree":3,"road_types":["residential"]},"geometry":{"type":"Point","coordinates":[340.5,410.5]}},{"type":"Feature","properties":{"id":"LC_JCT_0738","kind":"T","degree":3,"road_types":["residential"]},"geometry":{"type":"Point","coordinates":[346.5,418.5]}},{"type":"Feature","properties":{"id":"LC_JCT_0739","kind":"fork","degree":3,"road_types":["residential"]},"geometry":{"type":"Point","coordinates":[349.17,383.43]}},{"type":"Feature","properties":{"id":"LC_JCT_0740","kind":"T","degree":3,"road_types":["highway","residential"]},"geometry":{"type":"Point","coordinates":[353.78,388.94]}},{"type":"Feature","properties":{"id":"LC_JCT_0741","kind":"angled","degree":4,"road_types":["residential"]},"geometry":{"type":"Point","coordinates":[355.5,378.5]}},{"type":"Feature","properties":{"id":"LC_JCT_0742","kind":"T","degree":3,"road_types":["highway","residential"]},"geometry":{"type":"Point","coordinates":[360.53,387.83]}},{"type":"Feature","properties":{"id":"LC_JCT_0743","kind":"angled","degree":3,"road_types":["residential"]},"geometry":{"type":"Point","coordinates":[363.5,421.5]}},{"type":"Feature","properties":{"id":"LC_JCT_0744","kind":"T","degree":3,"road_types":["highway","residential"]},"geometry":{"type":"Point","coordinates":[364.64,386.76]}},{"type":"Feature","properties":{"id":"LC_JCT_0745","kind":"T","degree":3,"road_types":["highway","residential"]},"geometry":{"type":"Point","coordinates":[378.78,380.66]}},{"type":"Feature","properties":{"id":"LC_JCT_0746","kind":"fork","degree":3,"road_types":["residential"]},"geometry":{"type":"Point","coordinates":[384.5,422.5]}},{"type":"Feature","properties":{"id":"LC_JCT_0747","kind":"end","degree":1,"road_types":["residential"]},"geometry":{"type":"Point","coordinates":[403.5,399.5]}},{"type":"Feature","properties":{"id":"LC_JCT_0748","kind":"fork","degree":3,"road_types":["residential"]},"geometry":{"type":"Point","coordinates":[403.5,415.5]}},{"type":"Feature","properties":{"id":"LC_JCT_0749","kind":"angled","degree":3,"road_types":["residential"]},"geometry":{"type":"Point","coordinates":[410.5,376.5]}},{"type":"Feature","properties":{"id":"LC_JCT_0750","kind":"T","degree":3,"road_types":["residential"]},"geometry":{"type":"Point","coordinates":[414.32,395.93]}},{"type":"Feature","properties":{"id":"LC_JCT_0751","kind":"angled","degree":3,"road_types":["residential"]},"geometry":{"type":"Point","coordinates":[418.5,392.5]}},{"type":"Feature","properties":{"id":"LC_JCT_0752","kind":"T","degree":3,"road_types":["residential"]},"geometry":{"type":"Point","coordinates":[421.5,382.5]}},{"type":"Feature","properties":{"id":"LC_JCT_0753","kind":"T","degree":3,"road_types":["residential"]},"geometry":{"type":"Point","coordinates":[425.5,408.5]}},{"type":"Feature","properties":{"id":"LC_JCT_0754","kind":"angled","degree":3,"road_types":["residential"]},"geometry":{"type":"Point","coordinates":[429.5,394.5]}},{"type":"Feature","properties":{"id":"LC_JCT_0755","kind":"angled","degree":3,"road_types":["residential"]},"geometry":{"type":"Point","coordinates":[432.5,403.5]}},{"type":"Feature","properties":{"id":"LC_JCT_0756","kind":"T","degree":3,"road_types":["residential"]},"geometry":{"type":"Point","coordinates":[435.86,423.29]}},{"type":"Feature","properties":{"id":"LC_JCT_0757","kind":"angled","degree":3,"road_types":["residential"]},"geometry":{"type":"Point","coordinates":[444.5,403.5]}},{"type":"Feature","properties":{"id":"LC_JCT_0758","kind":"angled","degree":3,"road_types":["residential"]},"geometry":{"type":"Point","coordinates":[446.5,384.5]}},{"type":"Feature","properties":{"id":"LC_JCT_0759","kind":"angled","degree":3,"road_types":["residential"]},"geometry":{"type":"Point","coordinates":[448.5,396.5]}},{"type":"Feature","properties":{"id":"LC_JCT_0760","kind":"T","degree":3,"road_types":["residential"]},"geometry":{"type":"Point","coordinates":[453.28,418.73]}},{"type":"Feature","properties":{"id":"LC_JCT_0761","kind":"T","degree":3,"road_types":["residential"]},"geometry":{"type":"Point","coordinates":[454.5,379.5]}},{"type":"Feature","properties":{"id":"LC_JCT_0762","kind":"T","degree":3,"road_types":["residential"]},"geometry":{"type":"Point","coordinates":[456.5,378.5]}},{"type":"Feature","properties":{"id":"LC_JCT_0763","kind":"angled","degree":3,"road_types":["residential"]},"geometry":{"type":"Point","coordinates":[459.5,397.5]}},{"type":"Feature","properties":{"id":"LC_JCT_0764","kind":"T","degree":3,"road_types":["residential"]},"geometry":{"type":"Point","coordinates":[463.5,377.5]}},{"type":"Feature","properties":{"id":"LC_JCT_0765","kind":"T","degree":3,"road_types":["residential"]},"geometry":{"type":"Point","coordinates":[465.5,377.5]}},{"type":"Feature","properties":{"id":"LC_JCT_0766","kind":"angled","degree":3,"road_types":["residential"]},"geometry":{"type":"Point","coordinates":[465.74,388.49]}},{"type":"Feature","properties":{"id":"LC_JCT_0767","kind":"angled","degree":4,"road_types":["residential"]},"geometry":{"type":"Point","coordinates":[482.49,378.5]}},{"type":"Feature","properties":{"id":"LC_JCT_0768","kind":"T","degree":3,"road_types":["residential"]},"geometry":{"type":"Point","coordinates":[482.5,413.5]}},{"type":"Feature","properties":{"id":"LC_JCT_0769","kind":"T","degree":3,"road_types":["residential"]},"geometry":{"type":"Point","coordinates":[483.5,423.5]}},{"type":"Feature","properties":{"id":"LC_JCT_0770","kind":"angled","degree":4,"road_types":["residential"]},"geometry":{"type":"Point","coordinates":[486.82,379.13]}},{"type":"Feature","properties":{"id":"LC_JCT_0771","kind":"angled","degree":4,"road_types":["residential"]},"geometry":{"type":"Point","coordinates":[489.29,378.74]}},{"type":"Feature","properties":{"id":"LC_JCT_0772","kind":"fork","degree":3,"road_types":["residential"]},"geometry":{"type":"Point","coordinates":[493.16,375.98]}},{"type":"Feature","properties":{"id":"LC_JCT_0773","kind":"T","degree":3,"road_types":["residential"]},"geometry":{"type":"Point","coordinates":[496.5,398.5]}},{"type":"Feature","properties":{"id":"LC_JCT_0774","kind":"angled","degree":3,"road_types":["residential"]},"geometry":{"type":"Point","coordinates":[498.5,409.5]}},{"type":"Feature","properties":{"id":"LC_JCT_0775","kind":"angled","degree":3,"road_types":["residential"]},"geometry":{"type":"Point","coordinates":[500.5,411.5]}},{"type":"Feature","properties":{"id":"LC_JCT_0776","kind":"T","degree":3,"road_types":["residential"]},"geometry":{"type":"Point","coordinates":[501.5,419.5]}},{"type":"Feature","properties":{"id":"LC_JCT_0777","kind":"fork","degree":3,"road_types":["residential"]},"geometry":{"type":"Point","coordinates":[507.5,396.5]}},{"type":"Feature","properties":{"id":"LC_JCT_0778","kind":"fork","degree":3,"road_types":["residential"]},"geometry":{"type":"Point","coordinates":[509.5,380.5]}},{"type":"Feature","properties":{"id":"LC_JCT_0779","kind":"angled","degree":3,"road_types":["residential"]},"geometry":{"type":"Point","coordinates":[513.5,410.5]}},{"type":"Feature","properties":{"id":"LC_JCT_0780","kind":"T","degree":3,"road_types":["residential"]},"geometry":{"type":"Point","coordinates":[513.5,417.5]}},{"type":"Feature","properties":{"id":"LC_JCT_0781","kind":"angled","degree":4,"road_types":["residential"]},"geometry":{"type":"Point","coordinates":[520.67,407.01]}},{"type":"Feature","properties":{"id":"LC_JCT_0782","kind":"fork","degree":3,"road_types":["residential"]},"geometry":{"type":"Point","coordinates":[521.36,406.72]}},{"type":"Feature","properties":{"id":"LC_JCT_0783","kind":"T","degree":3,"road_types":["residential"]},"geometry":{"type":"Point","coordinates":[527.5,415.5]}},{"type":"Feature","properties":{"id":"LC_JCT_0784","kind":"T","degree":3,"road_types":["residential"]},"geometry":{"type":"Point","coordinates":[531.5,415.5]}},{"type":"Feature","properties":{"id":"RU_JCT_0219","kind":"fork","degree":3,"road_types":["residential","rural"]},"geometry":{"type":"Point","coordinates":[585.5,396.5]}},{"type":"Feature","properties":{"id":"RU_JCT_0220","kind":"fork","degree":3,"road_types":["residential","rural"]},"geometry":{"type":"Point","coordinates":[595.5,393.5]}},{"type":"Feature","properties":{"id":"RU_JCT_0221","kind":"T","degree":3,"road_types":["rural"]},"geometry":{"type":"Point","coordinates":[626.5,383.5]}},{"type":"Feature","properties":{"id":"RU_JCT_0222","kind":"T","degree":3,"road_types":["rural"]},"geometry":{"type":"Point","coordinates":[633.5,381.5]}},{"type":"Feature","properties":{"id":"RU_JCT_0223","kind":"T","degree":3,"road_types":["rural"]},"geometry":{"type":"Point","coordinates":[669.5,400.5]}},{"type":"Feature","properties":{"id":"RU_JCT_0224","kind":"angled","degree":3,"road_types":["rural"]},"geometry":{"type":"Point","coordinates":[671.5,394.5]}},{"type":"Feature","properties":{"id":"RU_JCT_0225","kind":"angled","degree":3,"road_types":["rural"]},"geometry":{"type":"Point","coordinates":[672.5,398.5]}},{"type":"Feature","properties":{"id":"RU_JCT_0226","kind":"angled","degree":3,"road_types":["rural"]},"geometry":{"type":"Point","coordinates":[674.5,390.5]}},{"type":"Feature","properties":{"id":"RU_JCT_0227","kind":"T","degree":3,"road_types":["rural"]},"geometry":{"type":"Point","coordinates":[675.5,398.5]}},{"type":"Feature","properties":{"id":"RU_JCT_0228","kind":"fork","degree":3,"road_types":["rural"]},"geometry":{"type":"Point","coordinates":[680.5,393.5]}},{"type":"Feature","properties":{"id":"RU_JCT_0229","kind":"end","degree":1,"road_types":["rural"]},"geometry":{"type":"Point","coordinates":[695.5,402.5]}},{"type":"Feature","properties":{"id":"RU_JCT_0230","kind":"end","degree":1,"road_types":["rural"]},"geometry":{"type":"Point","coordinates":[728.5,415.5]}},{"type":"Feature","properties":{"id":"RU_JCT_0231","kind":"end","degree":1,"road_types":["rural"]},"geometry":{"type":"Point","coordinates":[758.5,407.5]}},{"type":"Feature","properties":{"id":"RU_JCT_0232","kind":"angled","degree":3,"road_types":["rural"]},"geometry":{"type":"Point","coordinates":[765.5,402.5]}},{"type":"Feature","properties":{"id":"RU_JCT_0233","kind":"end","degree":1,"road_types":["rural"]},"geometry":{"type":"Point","coordinates":[778.5,395.5]}},{"type":"Feature","properties":{"id":"RU_JCT_0234","kind":"T","degree":3,"road_types":["highway","rural"]},"geometry":{"type":"Point","coordinates":[828.09,381.84]}},{"type":"Feature","properties":{"id":"RU_JCT_0235","kind":"angled","degree":3,"road_types":["rural"]},"geometry":{"type":"Point","coordinates":[833.5,419.5]}},{"type":"Feature","properties":{"id":"RU_JCT_0236","kind":"end","degree":1,"road_types":["rural"]},"geometry":{"type":"Point","coordinates":[835.5,392.5]}},{"type":"Feature","properties":{"id":"RU_JCT_0237","kind":"angled","degree":3,"road_types":["rural"]},"geometry":{"type":"Point","coordinates":[835.5,424.5]}},{"type":"Feature","properties":{"id":"RU_JCT_0238","kind":"angled","degree":3,"road_types":["rural"]},"geometry":{"type":"Point","coordinates":[840.5,416.5]}},{"type":"Feature","properties":{"id":"RU_JCT_0239","kind":"angled","degree":3,"road_types":["rural"]},"geometry":{"type":"Point","coordinates":[841.5,422.5]}},{"type":"Feature","properties":{"id":"RU_JCT_0240","kind":"T","degree":3,"road_types":["rural"]},"geometry":{"type":"Point","coordinates":[847.5,409.5]}},{"type":"Feature","properties":{"id":"RU_JCT_0241","kind":"end","degree":1,"road_types":["rural"]},"geometry":{"type":"Point","coordinates":[851.5,423.5]}},{"type":"Feature","properties":{"id":"RU_JCT_0242","kind":"end","degree":1,"road_types":["rural"]},"geometry":{"type":"Point","coordinates":[854.5,418.5]}},{"type":"Feature","properties":{"id":"HR_JCT_0161","kind":"end","degree":1,"road_types":["residential"]},"geometry":{"type":"Point","coordinates":[952.5,392.5]}},{"type":"Feature","properties":{"id":"HR_JCT_0162","kind":"T","degree":3,"road_types":["residential"]},"geometry":{"type":"Point","coordinates":[971.5,381.5]}},{"type":"Feature","properties":{"id":"HR_JCT_0163","kind":"end","degree":1,"road_types":["residential"]},"geometry":{"type":"Point","coordinates":[987.5,412.5]}},{"type":"Feature","properties":{"id":"HR_JCT_0164","kind":"city","degree":3,"road_types":["residential","urban_street"]},"geometry":{"type":"Point","coordinates":[994.57,388.92]}},{"type":"Feature","properties":{"id":"HR_JCT_0165","kind":"end","degree":1,"road_types":["residential"]},"geometry":{"type":"Point","coordinates":[1000.5,424.5]}},{"type":"Feature","properties":{"id":"HR_JCT_0166","kind":"angled","degree":3,"road_types":["residential","urban_street"]},"geometry":{"type":"Point","coordinates":[1016.31,381.58]}},{"type":"Feature","properties":{"id":"HR_JCT_0167","kind":"city","degree":3,"road_types":["urban_street"]},"geometry":{"type":"Point","coordinates":[1021.62,382.81]}},{"type":"Feature","properties":{"id":"HR_JCT_0168","kind":"city","degree":3,"road_types":["residential","urban_street"]},"geometry":{"type":"Point","coordinates":[1038.35,396.92]}},{"type":"Feature","properties":{"id":"HR_JCT_0169","kind":"angled","degree":3,"road_types":["urban_street"]},"geometry":{"type":"Point","coordinates":[1038.5,381.5]}},{"type":"Feature","properties":{"id":"HR_JCT_0170","kind":"city","degree":3,"road_types":["urban_street"]},"geometry":{"type":"Point","coordinates":[1044.5,384.5]}},{"type":"Feature","properties":{"id":"HR_JCT_0171","kind":"city","degree":4,"road_types":["urban_street"]},"geometry":{"type":"Point","coordinates":[1057.5,382.5]}},{"type":"Feature","properties":{"id":"HR_JCT_0172","kind":"angled","degree":3,"road_types":["urban_street"]},"geometry":{"type":"Point","coordinates":[1057.5,384.5]}},{"type":"Feature","properties":{"id":"HR_JCT_0173","kind":"angled","degree":3,"road_types":["urban_street"]},"geometry":{"type":"Point","coordinates":[1058.42,376.68]}},{"type":"Feature","properties":{"id":"HR_JCT_0174","kind":"city","degree":4,"road_types":["urban_street"]},"geometry":{"type":"Point","coordinates":[1059.96,375.55]}},{"type":"Feature","properties":{"id":"HR_JCT_0175","kind":"city","degree":3,"road_types":["urban_street"]},"geometry":{"type":"Point","coordinates":[1062.5,382.5]}},{"type":"Feature","properties":{"id":"HR_JCT_0176","kind":"city","degree":3,"road_types":["urban_street"]},"geometry":{"type":"Point","coordinates":[1064.5,375.5]}},{"type":"Feature","properties":{"id":"HR_JCT_0177","kind":"city","degree":3,"road_types":["urban_street"]},"geometry":{"type":"Point","coordinates":[1064.5,377.5]}},{"type":"Feature","properties":{"id":"HR_JCT_0178","kind":"angled","degree":3,"road_types":["residential","urban_street"]},"geometry":{"type":"Point","coordinates":[1067.5,397.5]}},{"type":"Feature","properties":{"id":"HR_JCT_0179","kind":"city","degree":3,"road_types":["urban_street"]},"geometry":{"type":"Point","coordinates":[1072.5,383.5]}},{"type":"Feature","properties":{"id":"HR_JCT_0180","kind":"city","degree":3,"road_types":["urban_street"]},"geometry":{"type":"Point","coordinates":[1073.5,376.5]}},{"type":"Feature","properties":{"id":"HR_JCT_0181","kind":"angled","degree":3,"road_types":["urban_street"]},"geometry":{"type":"Point","coordinates":[1074.5,394.5]}},{"type":"Feature","properties":{"id":"HR_JCT_0182","kind":"angled","degree":3,"road_types":["residential"]},"geometry":{"type":"Point","coordinates":[1074.5,413.5]}},{"type":"Feature","properties":{"id":"HR_JCT_0183","kind":"angled","degree":3,"road_types":["residential"]},"geometry":{"type":"Point","coordinates":[1074.5,416.5]}},{"type":"Feature","properties":{"id":"HR_JCT_0184","kind":"angled","degree":3,"road_types":["urban_street"]},"geometry":{"type":"Point","coordinates":[1084.5,384.5]}},{"type":"Feature","properties":{"id":"HR_JCT_0185","kind":"angled","degree":3,"road_types":["residential"]},"geometry":{"type":"Point","coordinates":[1090.5,410.5]}},{"type":"Feature","properties":{"id":"HR_JCT_0186","kind":"city","degree":3,"road_types":["residential","urban_street"]},"geometry":{"type":"Point","coordinates":[1093.5,405.5]}},{"type":"Feature","properties":{"id":"HR_JCT_0187","kind":"T","degree":3,"road_types":["residential"]},"geometry":{"type":"Point","coordinates":[1097.5,413.5]}},{"type":"Feature","properties":{"id":"HR_JCT_0188","kind":"angled","degree":3,"road_types":["residential"]},"geometry":{"type":"Point","coordinates":[1097.5,418.5]}},{"type":"Feature","properties":{"id":"HR_JCT_0189","kind":"city","degree":3,"road_types":["urban_street"]},"geometry":{"type":"Point","coordinates":[1098.5,392.5]}},{"type":"Feature","properties":{"id":"HR_JCT_0190","kind":"fork","degree":3,"road_types":["residential","urban_street"]},"geometry":{"type":"Point","coordinates":[1114.43,397.36]}},{"type":"Feature","properties":{"id":"HR_JCT_0191","kind":"city","degree":3,"road_types":["residential","urban_street"]},"geometry":{"type":"Point","coordinates":[1125.5,397.5]}},{"type":"Feature","properties":{"id":"HR_JCT_0192","kind":"angled","degree":3,"road_types":["residential","urban_street"]},"geometry":{"type":"Point","coordinates":[1127.5,391.5]}},{"type":"Feature","properties":{"id":"HR_JCT_0193","kind":"T","degree":3,"road_types":["residential"]},"geometry":{"type":"Point","coordinates":[1134.5,401.5]}},{"type":"Feature","properties":{"id":"HR_JCT_0194","kind":"fork","degree":3,"road_types":["residential"]},"geometry":{"type":"Point","coordinates":[1143.5,393.5]}},{"type":"Feature","properties":{"id":"HR_JCT_0195","kind":"angled","degree":3,"road_types":["residential"]},"geometry":{"type":"Point","coordinates":[1148.5,404.5]}},{"type":"Feature","properties":{"id":"HR_JCT_0196","kind":"T","degree":3,"road_types":["residential"]},"geometry":{"type":"Point","coordinates":[1151.5,403.5]}},{"type":"Feature","properties":{"id":"HR_JCT_0197","kind":"angled","degree":4,"road_types":["residential"]},"geometry":{"type":"Point","coordinates":[1153.5,389.5]}},{"type":"Feature","properties":{"id":"HR_JCT_0198","kind":"angled","degree":3,"road_types":["residential"]},"geometry":{"type":"Point","coordinates":[1159.5,381.5]}},{"type":"Feature","properties":{"id":"HR_JCT_0199","kind":"T","degree":3,"road_types":["residential"]},"geometry":{"type":"Point","coordinates":[1160.5,410.5]}},{"type":"Feature","properties":{"id":"HR_JCT_0200","kind":"angled","degree":3,"road_types":["residential"]},"geometry":{"type":"Point","coordinates":[1165.5,397.5]}},{"type":"Feature","properties":{"id":"HR_JCT_0201","kind":"T","degree":3,"road_types":["residential"]},"geometry":{"type":"Point","coordinates":[1167.5,379.5]}},{"type":"Feature","properties":{"id":"HR_JCT_0202","kind":"T","degree":3,"road_types":["residential"]},"geometry":{"type":"Point","coordinates":[1168.5,412.5]}},{"type":"Feature","properties":{"id":"HR_JCT_0203","kind":"T","degree":3,"road_types":["residential"]},"geometry":{"type":"Point","coordinates":[1169.5,379.5]}},{"type":"Feature","properties":{"id":"HR_JCT_0204","kind":"angled","degree":3,"road_types":["residential"]},"geometry":{"type":"Point","coordinates":[1172.5,386.5]}},{"type":"Feature","properties":{"id":"HR_JCT_0205","kind":"angled","degree":3,"road_types":["residential"]},"geometry":{"type":"Point","coordinates":[1176.5,377.5]}},{"type":"Feature","properties":{"id":"HR_JCT_0206","kind":"T","degree":3,"road_types":["residential"]},"geometry":{"type":"Point","coordinates":[1179.5,383.5]}},{"type":"Feature","properties":{"id":"HR_JCT_0207","kind":"T","degree":3,"road_types":["residential"]},"geometry":{"type":"Point","coordinates":[1179.5,385.5]}},{"type":"Feature","properties":{"id":"HR_JCT_0208","kind":"T","degree":3,"road_types":["residential"]},"geometry":{"type":"Point","coordinates":[1181.71,412.9]}},{"type":"Feature","properties":{"id":"HR_JCT_0209","kind":"T","degree":3,"road_types":["residential"]},"geometry":{"type":"Point","coordinates":[1184.5,376.5]}},{"type":"Feature","properties":{"id":"RU_JCT_0243","kind":"angled","degree":4,"road_types":["residential","rural"]},"geometry":{"type":"Point","coordinates":[1210.07,412.08]}},{"type":"Feature","properties":{"id":"RU_JCT_0244","kind":"fork","degree":3,"road_types":["residential","rural"]},"geometry":{"type":"Point","coordinates":[1212.5,412.5]}},{"type":"Feature","properties":{"id":"RU_JCT_0245","kind":"multi","degree":6,"road_types":["residential","rural"]},"geometry":{"type":"Point","coordinates":[1214.74,410.93]}},{"type":"Feature","properties":{"id":"RU_JCT_0246","kind":"angled","degree":4,"road_types":["residential","rural"]},"geometry":{"type":"Point","coordinates":[1220.5,409.5]}},{"type":"Feature","properties":{"id":"RU_JCT_0247","kind":"type_change","degree":2,"road_types":["rural"]},"geometry":{"type":"Point","coordinates":[1425.5,400.5]}},{"type":"Feature","properties":{"id":"TV_JCT_0694","kind":"end","degree":1,"road_types":["residential"]},"geometry":{"type":"Point","coordinates":[1490.5,391.5]}},{"type":"Feature","properties":{"id":"TV_JCT_0695","kind":"end","degree":1,"road_types":["residential"]},"geometry":{"type":"Point","coordinates":[1499.5,412.5]}},{"type":"Feature","properties":{"id":"TV_JCT_0696","kind":"end","degree":1,"road_types":["residential"]},"geometry":{"type":"Point","coordinates":[1514.5,390.5]}},{"type":"Feature","properties":{"id":"TV_JCT_0697","kind":"T","degree":3,"road_types":["residential"]},"geometry":{"type":"Point","coordinates":[1521.09,385.16]}},{"type":"Feature","properties":{"id":"TV_JCT_0698","kind":"T","degree":3,"road_types":["residential"]},"geometry":{"type":"Point","coordinates":[1524.5,379.5]}},{"type":"Feature","properties":{"id":"TV_JCT_0699","kind":"angled","degree":3,"road_types":["residential","urban_street"]},"geometry":{"type":"Point","coordinates":[1538.5,386.5]}},{"type":"Feature","properties":{"id":"TV_JCT_0700","kind":"angled","degree":3,"road_types":["urban_street"]},"geometry":{"type":"Point","coordinates":[1552.5,379.5]}},{"type":"Feature","properties":{"id":"TV_JCT_0701","kind":"angled","degree":3,"road_types":["residential","urban_street"]},"geometry":{"type":"Point","coordinates":[1555.5,409.5]}},{"type":"Feature","properties":{"id":"TV_JCT_0702","kind":"city","degree":3,"road_types":["urban_street"]},"geometry":{"type":"Point","coordinates":[1564.5,410.5]}},{"type":"Feature","properties":{"id":"TV_JCT_0703","kind":"city","degree":3,"road_types":["urban_street"]},"geometry":{"type":"Point","coordinates":[1572.03,381.04]}},{"type":"Feature","properties":{"id":"TV_JCT_0704","kind":"city","degree":3,"road_types":["urban_street"]},"geometry":{"type":"Point","coordinates":[1572.99,377.72]}},{"type":"Feature","properties":{"id":"TV_JCT_0705","kind":"angled","degree":3,"road_types":["urban_street"]},"geometry":{"type":"Point","coordinates":[1573.5,414.5]}},{"type":"Feature","properties":{"id":"TV_JCT_0706","kind":"angled","degree":3,"road_types":["urban_street"]},"geometry":{"type":"Point","coordinates":[1574.5,391.5]}},{"type":"Feature","properties":{"id":"TV_JCT_0707","kind":"angled","degree":3,"road_types":["urban_street"]},"geometry":{"type":"Point","coordinates":[1576.5,386.5]}},{"type":"Feature","properties":{"id":"TV_JCT_0708","kind":"angled","degree":3,"road_types":["residential","urban_street"]},"geometry":{"type":"Point","coordinates":[1576.5,422.5]}},{"type":"Feature","properties":{"id":"TV_JCT_0709","kind":"fork","degree":3,"road_types":["urban_street"]},"geometry":{"type":"Point","coordinates":[1579.5,399.5]}},{"type":"Feature","properties":{"id":"TV_JCT_0710","kind":"angled","degree":3,"road_types":["urban_street"]},"geometry":{"type":"Point","coordinates":[1581.5,406.5]}},{"type":"Feature","properties":{"id":"TV_JCT_0711","kind":"angled","degree":3,"road_types":["urban_street"]},"geometry":{"type":"Point","coordinates":[1583.5,386.5]}},{"type":"Feature","properties":{"id":"TV_JCT_0712","kind":"angled","degree":3,"road_types":["urban_street"]},"geometry":{"type":"Point","coordinates":[1584.5,389.5]}},{"type":"Feature","properties":{"id":"TV_JCT_0713","kind":"angled","degree":3,"road_types":["urban_street"]},"geometry":{"type":"Point","coordinates":[1586.5,375.5]}},{"type":"Feature","properties":{"id":"TV_JCT_0714","kind":"angled","degree":3,"road_types":["residential","urban_street"]},"geometry":{"type":"Point","coordinates":[1587.5,424.5]}},{"type":"Feature","properties":{"id":"TV_JCT_0715","kind":"city","degree":3,"road_types":["urban_street"]},"geometry":{"type":"Point","coordinates":[1590.5,397.5]}},{"type":"Feature","properties":{"id":"TV_JCT_0716","kind":"city","degree":3,"road_types":["urban_street"]},"geometry":{"type":"Point","coordinates":[1597.5,408.5]}},{"type":"Feature","properties":{"id":"TV_JCT_0717","kind":"angled","degree":3,"road_types":["urban_street"]},"geometry":{"type":"Point","coordinates":[1598.5,400.5]}},{"type":"Feature","properties":{"id":"TV_JCT_0718","kind":"angled","degree":3,"road_types":["urban_street"]},"geometry":{"type":"Point","coordinates":[1600.5,378.5]}},{"type":"Feature","properties":{"id":"TV_JCT_0719","kind":"city","degree":3,"road_types":["urban_street"]},"geometry":{"type":"Point","coordinates":[1603.5,400.5]}},{"type":"Feature","properties":{"id":"TV_JCT_0720","kind":"angled","degree":3,"road_types":["urban_street"]},"geometry":{"type":"Point","coordinates":[1610.5,397.5]}},{"type":"Feature","properties":{"id":"TV_JCT_0721","kind":"angled","degree":3,"road_types":["urban_street"]},"geometry":{"type":"Point","coordinates":[1611.5,385.5]}},{"type":"Feature","properties":{"id":"TV_JCT_0722","kind":"angled","degree":3,"road_types":["urban_street"]},"geometry":{"type":"Point","coordinates":[1611.92,404.49]}},{"type":"Feature","properties":{"id":"TV_JCT_0723","kind":"city","degree":3,"road_types":["urban_street"]},"geometry":{"type":"Point","coordinates":[1615.5,382.5]}},{"type":"Feature","properties":{"id":"TV_JCT_0724","kind":"city","degree":3,"road_types":["urban_street"]},"geometry":{"type":"Point","coordinates":[1615.5,398.5]}},{"type":"Feature","properties":{"id":"TV_JCT_0725","kind":"fork","degree":3,"road_types":["urban_street"]},"geometry":{"type":"Point","coordinates":[1616.5,407.5]}},{"type":"Feature","properties":{"id":"TV_JCT_0726","kind":"angled","degree":3,"road_types":["urban_street"]},"geometry":{"type":"Point","coordinates":[1618.5,398.5]}},{"type":"Feature","properties":{"id":"TV_JCT_0727","kind":"city","degree":3,"road_types":["urban_street"]},"geometry":{"type":"Point","coordinates":[1626.5,380.5]}},{"type":"Feature","properties":{"id":"TV_JCT_0728","kind":"angled","degree":3,"road_types":["urban_street"]},"geometry":{"type":"Point","coordinates":[1635.47,413.96]}},{"type":"Feature","properties":{"id":"TV_JCT_0729","kind":"angled","degree":3,"road_types":["urban_street"]},"geometry":{"type":"Point","coordinates":[1636.5,406.5]}},{"type":"Feature","properties":{"id":"TV_JCT_0730","kind":"city","degree":3,"road_types":["urban_street"]},"geometry":{"type":"Point","coordinates":[1637.5,383.5]}},{"type":"Feature","properties":{"id":"TV_JCT_0731","kind":"angled","degree":3,"road_types":["urban_street"]},"geometry":{"type":"Point","coordinates":[1637.5,409.5]}},{"type":"Feature","properties":{"id":"TV_JCT_0732","kind":"city","degree":3,"road_types":["urban_street"]},"geometry":{"type":"Point","coordinates":[1639.5,378.5]}},{"type":"Feature","properties":{"id":"TV_JCT_0733","kind":"city","degree":3,"road_types":["urban_street"]},"geometry":{"type":"Point","coordinates":[1646.5,387.5]}},{"type":"Feature","properties":{"id":"TV_JCT_0734","kind":"city","degree":3,"road_types":["urban_street"]},"geometry":{"type":"Point","coordinates":[1647.5,382.5]}},{"type":"Feature","properties":{"id":"TV_JCT_0735","kind":"city","degree":3,"road_types":["urban_street"]},"geometry":{"type":"Point","coordinates":[1658.5,418.5]}},{"type":"Feature","properties":{"id":"TV_JCT_0736","kind":"angled","degree":3,"road_types":["urban_street"]},"geometry":{"type":"Point","coordinates":[1660.5,388.5]}},{"type":"Feature","properties":{"id":"TV_JCT_0737","kind":"city","degree":3,"road_types":["urban_street"]},"geometry":{"type":"Point","coordinates":[1660.5,392.5]}},{"type":"Feature","properties":{"id":"TV_JCT_0738","kind":"angled","degree":3,"road_types":["urban_street"]},"geometry":{"type":"Point","coordinates":[1660.5,395.5]}},{"type":"Feature","properties":{"id":"TV_JCT_0739","kind":"city","degree":3,"road_types":["urban_street"]},"geometry":{"type":"Point","coordinates":[1670.14,399.93]}},{"type":"Feature","properties":{"id":"TV_JCT_0740","kind":"city","degree":3,"road_types":["urban_street"]},"geometry":{"type":"Point","coordinates":[1678.5,402.5]}},{"type":"Feature","properties":{"id":"TV_JCT_0741","kind":"city","degree":3,"road_types":["urban_street"]},"geometry":{"type":"Point","coordinates":[1682.5,393.5]}},{"type":"Feature","properties":{"id":"TV_JCT_0742","kind":"city","degree":3,"road_types":["urban_street"]},"geometry":{"type":"Point","coordinates":[1687.5,382.5]}},{"type":"Feature","properties":{"id":"TV_JCT_0743","kind":"angled","degree":3,"road_types":["urban_street"]},"geometry":{"type":"Point","coordinates":[1697.5,417.5]}},{"type":"Feature","properties":{"id":"TV_JCT_0744","kind":"angled","degree":3,"road_types":["urban_street"]},"geometry":{"type":"Point","coordinates":[1702.5,378.5]}},{"type":"Feature","properties":{"id":"TV_JCT_0745","kind":"angled","degree":3,"road_types":["urban_street"]},"geometry":{"type":"Point","coordinates":[1703.5,417.5]}},{"type":"Feature","properties":{"id":"TV_JCT_0746","kind":"fork","degree":3,"road_types":["urban_street"]},"geometry":{"type":"Point","coordinates":[1704.3,378.5]}},{"type":"Feature","properties":{"id":"TV_JCT_0747","kind":"angled","degree":3,"road_types":["urban_street"]},"geometry":{"type":"Point","coordinates":[1704.5,414.5]}},{"type":"Feature","properties":{"id":"TV_JCT_0748","kind":"city","degree":4,"road_types":["urban_street"]},"geometry":{"type":"Point","coordinates":[1707.05,376.83]}},{"type":"Feature","properties":{"id":"TV_JCT_0749","kind":"city","degree":4,"road_types":["urban_street"]},"geometry":{"type":"Point","coordinates":[1711.5,378.5]}},{"type":"Feature","properties":{"id":"TV_JCT_0750","kind":"city","degree":3,"road_types":["urban_street"]},"geometry":{"type":"Point","coordinates":[1713.5,417.5]}},{"type":"Feature","properties":{"id":"TV_JCT_0751","kind":"angled","degree":3,"road_types":["urban_street"]},"geometry":{"type":"Point","coordinates":[1713.5,421.5]}},{"type":"Feature","properties":{"id":"TV_JCT_0752","kind":"city","degree":3,"road_types":["urban_street"]},"geometry":{"type":"Point","coordinates":[1718.5,392.5]}},{"type":"Feature","properties":{"id":"TV_JCT_0753","kind":"city","degree":3,"road_types":["urban_street"]},"geometry":{"type":"Point","coordinates":[1719.5,414.5]}},{"type":"Feature","properties":{"id":"TV_JCT_0754","kind":"angled","degree":3,"road_types":["urban_street"]},"geometry":{"type":"Point","coordinates":[1719.5,417.5]}},{"type":"Feature","properties":{"id":"TV_JCT_0755","kind":"city","degree":3,"road_types":["urban_street"]},"geometry":{"type":"Point","coordinates":[1721.5,385.5]}},{"type":"Feature","properties":{"id":"TV_JCT_0756","kind":"city","degree":3,"road_types":["urban_street"]},"geometry":{"type":"Point","coordinates":[1727.5,401.5]}},{"type":"Feature","properties":{"id":"TV_JCT_0757","kind":"city","degree":3,"road_types":["urban_street"]},"geometry":{"type":"Point","coordinates":[1728.5,412.5]}},{"type":"Feature","properties":{"id":"TV_JCT_0758","kind":"angled","degree":3,"road_types":["urban_street"]},"geometry":{"type":"Point","coordinates":[1730.5,405.5]}},{"type":"Feature","properties":{"id":"TV_JCT_0759","kind":"city","degree":3,"road_types":["urban_street"]},"geometry":{"type":"Point","coordinates":[1732.5,405.5]}},{"type":"Feature","properties":{"id":"TV_JCT_0760","kind":"city","degree":3,"road_types":["urban_street"]},"geometry":{"type":"Point","coordinates":[1734.5,387.5]}},{"type":"Feature","properties":{"id":"TV_JCT_0761","kind":"angled","degree":3,"road_types":["urban_street"]},"geometry":{"type":"Point","coordinates":[1745.5,401.5]}},{"type":"Feature","properties":{"id":"TV_JCT_0762","kind":"city","degree":3,"road_types":["urban_street"]},"geometry":{"type":"Point","coordinates":[1746.5,390.5]}},{"type":"Feature","properties":{"id":"TV_JCT_0763","kind":"city","degree":3,"road_types":["urban_street"]},"geometry":{"type":"Point","coordinates":[1746.5,395.5]}},{"type":"Feature","properties":{"id":"TV_JCT_0764","kind":"angled","degree":3,"road_types":["urban_street"]},"geometry":{"type":"Point","coordinates":[1748.5,405.5]}},{"type":"Feature","properties":{"id":"TV_JCT_0765","kind":"angled","degree":3,"road_types":["urban_street"]},"geometry":{"type":"Point","coordinates":[1749.5,389.5]}},{"type":"Feature","properties":{"id":"TV_JCT_0766","kind":"city","degree":3,"road_types":["urban_street"]},"geometry":{"type":"Point","coordinates":[1750.5,380.5]}},{"type":"Feature","properties":{"id":"TV_JCT_0767","kind":"angled","degree":3,"road_types":["residential","urban_street"]},"geometry":{"type":"Point","coordinates":[1753.5,379.5]}},{"type":"Feature","properties":{"id":"TV_JCT_0768","kind":"city","degree":3,"road_types":["urban_street"]},"geometry":{"type":"Point","coordinates":[1756.5,417.5]}},{"type":"Feature","properties":{"id":"TV_JCT_0769","kind":"city","degree":3,"road_types":["urban_street"]},"geometry":{"type":"Point","coordinates":[1759.5,391.5]}},{"type":"Feature","properties":{"id":"TV_JCT_0770","kind":"city","degree":3,"road_types":["urban_street"]},"geometry":{"type":"Point","coordinates":[1761.5,416.5]}},{"type":"Feature","properties":{"id":"TV_JCT_0771","kind":"city","degree":3,"road_types":["urban_street"]},"geometry":{"type":"Point","coordinates":[1764.5,393.5]}},{"type":"Feature","properties":{"id":"TV_JCT_0772","kind":"city","degree":3,"road_types":["urban_street"]},"geometry":{"type":"Point","coordinates":[1764.5,400.5]}},{"type":"Feature","properties":{"id":"TV_JCT_0773","kind":"city","degree":3,"road_types":["urban_street"]},"geometry":{"type":"Point","coordinates":[1766.5,416.5]}},{"type":"Feature","properties":{"id":"TV_JCT_0774","kind":"angled","degree":3,"road_types":["urban_street"]},"geometry":{"type":"Point","coordinates":[1773.5,414.5]}},{"type":"Feature","properties":{"id":"TV_JCT_0775","kind":"city","degree":3,"road_types":["urban_street"]},"geometry":{"type":"Point","coordinates":[1774.5,406.5]}},{"type":"Feature","properties":{"id":"TV_JCT_0776","kind":"city","degree":3,"road_types":["urban_street"]},"geometry":{"type":"Point","coordinates":[1779.5,418.5]}},{"type":"Feature","properties":{"id":"TV_JCT_0777","kind":"angled","degree":3,"road_types":["urban_street"]},"geometry":{"type":"Point","coordinates":[1792.5,424.5]}},{"type":"Feature","properties":{"id":"TV_JCT_0778","kind":"city","degree":3,"road_types":["urban_street"]},"geometry":{"type":"Point","coordinates":[1793.5,412.5]}},{"type":"Feature","properties":{"id":"TV_JCT_0779","kind":"city","degree":3,"road_types":["urban_street"]},"geometry":{"type":"Point","coordinates":[1801.89,393.13]}},{"type":"Feature","properties":{"id":"TV_JCT_0780","kind":"city","degree":3,"road_types":["urban_street"]},"geometry":{"type":"Point","coordinates":[1802.5,412.5]}},{"type":"Feature","properties":{"id":"TV_JCT_0781","kind":"angled","degree":3,"road_types":["urban_street"]},"geometry":{"type":"Point","coordinates":[1802.5,418.5]}},{"type":"Feature","properties":{"id":"TV_JCT_0782","kind":"end","degree":1,"road_types":["freeway"]},"geometry":{"type":"Point","coordinates":[1806.0,380.0]}},{"type":"Feature","properties":{"id":"TV_JCT_0783","kind":"angled","degree":3,"road_types":["urban_street"]},"geometry":{"type":"Point","coordinates":[1806.5,421.5]}},{"type":"Feature","properties":{"id":"TV_JCT_0784","kind":"angled","degree":3,"road_types":["urban_street"]},"geometry":{"type":"Point","coordinates":[1813.5,421.5]}},{"type":"Feature","properties":{"id":"TV_JCT_0785","kind":"city","degree":3,"road_types":["residential","urban_street"]},"geometry":{"type":"Point","coordinates":[1815.5,398.5]}},{"type":"Feature","properties":{"id":"TV_JCT_0786","kind":"angled","degree":3,"road_types":["urban_street"]},"geometry":{"type":"Point","coordinates":[1819.5,417.5]}},{"type":"Feature","properties":{"id":"TV_JCT_0787","kind":"fork","degree":3,"road_types":["residential","urban_street"]},"geometry":{"type":"Point","coordinates":[1822.5,395.5]}},{"type":"Feature","properties":{"id":"TV_JCT_0788","kind":"angled","degree":3,"road_types":["urban_street"]},"geometry":{"type":"Point","coordinates":[1823.5,421.5]}},{"type":"Feature","properties":{"id":"TV_JCT_0789","kind":"fork","degree":3,"road_types":["residential","urban_street"]},"geometry":{"type":"Point","coordinates":[1830.5,399.5]}},{"type":"Feature","properties":{"id":"TV_JCT_0790","kind":"end","degree":1,"road_types":["residential"]},"geometry":{"type":"Point","coordinates":[1869.5,408.5]}},{"type":"Feature","properties":{"id":"TV_JCT_0791","kind":"angled","degree":3,"road_types":["residential","urban_street"]},"geometry":{"type":"Point","coordinates":[1874.5,421.5]}},{"type":"Feature","properties":{"id":"TV_JCT_0792","kind":"city","degree":3,"road_types":["residential","urban_street"]},"geometry":{"type":"Point","coordinates":[1877.5,421.5]}},{"type":"Feature","properties":{"id":"TV_JCT_0793","kind":"city","degree":3,"road_types":["residential","urban_street"]},"geometry":{"type":"Point","coordinates":[1883.5,421.5]}},{"type":"Feature","properties":{"id":"TV_JCT_0794","kind":"end","degree":1,"road_types":["residential"]},"geometry":{"type":"Point","coordinates":[1987.5,385.5]}},{"type":"Feature","properties":{"id":"LC_JCT_0785","kind":"end","degree":1,"road_types":["urban_street"]},"geometry":{"type":"Point","coordinates":[33.5,426.5]}},{"type":"Feature","properties":{"id":"LC_JCT_0786","kind":"city","degree":4,"road_types":["urban_street"]},"geometry":{"type":"Point","coordinates":[40.5,425.5]}},{"type":"Feature","properties":{"id":"LC_JCT_0787","kind":"angled","degree":3,"road_types":["urban_street"]},"geometry":{"type":"Point","coordinates":[68.5,442.5]}},{"type":"Feature","properties":{"id":"LC_JCT_0788","kind":"city","degree":3,"road_types":["urban_street"]},"geometry":{"type":"Point","coordinates":[73.5,433.5]}},{"type":"Feature","properties":{"id":"LC_JCT_0789","kind":"angled","degree":3,"road_types":["urban_street"]},"geometry":{"type":"Point","coordinates":[73.5,436.5]}},{"type":"Feature","properties":{"id":"LC_JCT_0790","kind":"fork","degree":3,"road_types":["urban_street"]},"geometry":{"type":"Point","coordinates":[80.5,448.5]}},{"type":"Feature","properties":{"id":"LC_JCT_0791","kind":"city","degree":3,"road_types":["urban_street"]},"geometry":{"type":"Point","coordinates":[84.5,438.5]}},{"type":"Feature","properties":{"id":"LC_JCT_0792","kind":"fork","degree":3,"road_types":["urban_street"]},"geometry":{"type":"Point","coordinates":[86.5,449.5]}},{"type":"Feature","properties":{"id":"LC_JCT_0793","kind":"T","degree":3,"road_types":["residential"]},"geometry":{"type":"Point","coordinates":[94.33,468.3]}},{"type":"Feature","properties":{"id":"LC_JCT_0794","kind":"city","degree":3,"road_types":["urban_street"]},"geometry":{"type":"Point","coordinates":[95.5,425.5]}},{"type":"Feature","properties":{"id":"LC_JCT_0795","kind":"angled","degree":3,"road_types":["urban_street"]},"geometry":{"type":"Point","coordinates":[95.5,431.5]}},{"type":"Feature","properties":{"id":"LC_JCT_0796","kind":"angled","degree":3,"road_types":["urban_street"]},"geometry":{"type":"Point","coordinates":[108.5,439.5]}},{"type":"Feature","properties":{"id":"LC_JCT_0797","kind":"angled","degree":3,"road_types":["urban_street"]},"geometry":{"type":"Point","coordinates":[111.5,445.5]}},{"type":"Feature","properties":{"id":"LC_JCT_0798","kind":"angled","degree":3,"road_types":["residential","urban_street"]},"geometry":{"type":"Point","coordinates":[111.5,453.5]}},{"type":"Feature","properties":{"id":"LC_JCT_0799","kind":"city","degree":3,"road_types":["urban_street"]},"geometry":{"type":"Point","coordinates":[115.5,437.5]}},{"type":"Feature","properties":{"id":"LC_JCT_0800","kind":"city","degree":3,"road_types":["urban_street"]},"geometry":{"type":"Point","coordinates":[115.5,445.5]}},{"type":"Feature","properties":{"id":"LC_JCT_0801","kind":"angled","degree":3,"road_types":["residential","urban_street"]},"geometry":{"type":"Point","coordinates":[121.5,463.5]}},{"type":"Feature","properties":{"id":"LC_JCT_0802","kind":"angled","degree":3,"road_types":["urban_street"]},"geometry":{"type":"Point","coordinates":[130.5,464.5]}},{"type":"Feature","properties":{"id":"LC_JCT_0803","kind":"angled","degree":3,"road_types":["urban_street"]},"geometry":{"type":"Point","coordinates":[135.5,437.5]}},{"type":"Feature","properties":{"id":"LC_JCT_0804","kind":"city","degree":4,"road_types":["urban_street"]},"geometry":{"type":"Point","coordinates":[140.5,444.5]}},{"type":"Feature","properties":{"id":"LC_JCT_0805","kind":"angled","degree":3,"road_types":["urban_street"]},"geometry":{"type":"Point","coordinates":[142.5,452.5]}},{"type":"Feature","properties":{"id":"LC_JCT_0806","kind":"city","degree":4,"road_types":["urban_street"]},"geometry":{"type":"Point","coordinates":[143.5,435.5]}},{"type":"Feature","properties":{"id":"LC_JCT_0807","kind":"city","degree":3,"road_types":["urban_street"]},"geometry":{"type":"Point","coordinates":[151.5,456.5]}},{"type":"Feature","properties":{"id":"LC_JCT_0808","kind":"city","degree":3,"road_types":["urban_street"]},"geometry":{"type":"Point","coordinates":[151.5,459.5]}},{"type":"Feature","properties":{"id":"LC_JCT_0809","kind":"city","degree":3,"road_types":["urban_street"]},"geometry":{"type":"Point","coordinates":[151.5,461.5]}},{"type":"Feature","properties":{"id":"LC_JCT_0810","kind":"city","degree":3,"road_types":["urban_street"]},"geometry":{"type":"Point","coordinates":[163.5,432.5]}},{"type":"Feature","properties":{"id":"LC_JCT_0811","kind":"city","degree":3,"road_types":["urban_street"]},"geometry":{"type":"Point","coordinates":[163.5,462.5]}},{"type":"Feature","properties":{"id":"LC_JCT_0812","kind":"city","degree":3,"road_types":["urban_street"]},"geometry":{"type":"Point","coordinates":[163.5,469.5]}},{"type":"Feature","properties":{"id":"LC_JCT_0813","kind":"city","degree":3,"road_types":["urban_street"]},"geometry":{"type":"Point","coordinates":[166.5,462.5]}},{"type":"Feature","properties":{"id":"LC_JCT_0814","kind":"angled","degree":3,"road_types":["urban_street"]},"geometry":{"type":"Point","coordinates":[168.5,472.5]}},{"type":"Feature","properties":{"id":"LC_JCT_0815","kind":"angled","degree":3,"road_types":["urban_street"]},"geometry":{"type":"Point","coordinates":[169.5,438.5]}},{"type":"Feature","properties":{"id":"LC_JCT_0816","kind":"angled","degree":3,"road_types":["urban_street"]},"geometry":{"type":"Point","coordinates":[178.5,435.5]}},{"type":"Feature","properties":{"id":"LC_JCT_0817","kind":"angled","degree":3,"road_types":["urban_street"]},"geometry":{"type":"Point","coordinates":[178.5,438.5]}},{"type":"Feature","properties":{"id":"LC_JCT_0818","kind":"angled","degree":3,"road_types":["urban_street"]},"geometry":{"type":"Point","coordinates":[180.5,466.5]}},{"type":"Feature","properties":{"id":"LC_JCT_0819","kind":"city","degree":4,"road_types":["urban_street"]},"geometry":{"type":"Point","coordinates":[180.5,472.5]}},{"type":"Feature","properties":{"id":"LC_JCT_0820","kind":"angled","degree":3,"road_types":["urban_street"]},"geometry":{"type":"Point","coordinates":[183.5,441.5]}},{"type":"Feature","properties":{"id":"LC_JCT_0821","kind":"angled","degree":3,"road_types":["urban_street"]},"geometry":{"type":"Point","coordinates":[184.5,472.5]}},{"type":"Feature","properties":{"id":"LC_JCT_0822","kind":"city","degree":3,"road_types":["urban_street"]},"geometry":{"type":"Point","coordinates":[188.5,439.5]}},{"type":"Feature","properties":{"id":"LC_JCT_0823","kind":"city","degree":3,"road_types":["urban_street"]},"geometry":{"type":"Point","coordinates":[192.5,458.5]}},{"type":"Feature","properties":{"id":"LC_JCT_0824","kind":"angled","degree":3,"road_types":["urban_street"]},"geometry":{"type":"Point","coordinates":[192.5,464.5]}},{"type":"Feature","properties":{"id":"LC_JCT_0825","kind":"city","degree":3,"road_types":["urban_street"]},"geometry":{"type":"Point","coordinates":[194.5,451.5]}},{"type":"Feature","properties":{"id":"LC_JCT_0826","kind":"angled","degree":3,"road_types":["urban_street"]},"geometry":{"type":"Point","coordinates":[198.5,444.5]}},{"type":"Feature","properties":{"id":"LC_JCT_0827","kind":"city","degree":3,"road_types":["urban_street"]},"geometry":{"type":"Point","coordinates":[200.5,470.5]}},{"type":"Feature","properties":{"id":"LC_JCT_0828","kind":"angled","degree":3,"road_types":["urban_street"]},"geometry":{"type":"Point","coordinates":[204.5,429.5]}},{"type":"Feature","properties":{"id":"LC_JCT_0829","kind":"angled","degree":3,"road_types":["urban_street"]},"geometry":{"type":"Point","coordinates":[207.5,444.5]}},{"type":"Feature","properties":{"id":"LC_JCT_0830","kind":"angled","degree":3,"road_types":["urban_street"]},"geometry":{"type":"Point","coordinates":[209.5,437.5]}},{"type":"Feature","properties":{"id":"LC_JCT_0831","kind":"angled","degree":3,"road_types":["urban_street"]},"geometry":{"type":"Point","coordinates":[219.5,430.5]}},{"type":"Feature","properties":{"id":"LC_JCT_0832","kind":"angled","degree":3,"road_types":["urban_street"]},"geometry":{"type":"Point","coordinates":[221.5,465.5]}},{"type":"Feature","properties":{"id":"LC_JCT_0833","kind":"city","degree":3,"road_types":["urban_street"]},"geometry":{"type":"Point","coordinates":[223.5,453.5]}},{"type":"Feature","properties":{"id":"LC_JCT_0834","kind":"city","degree":3,"road_types":["urban_street"]},"geometry":{"type":"Point","coordinates":[223.5,458.5]}},{"type":"Feature","properties":{"id":"LC_JCT_0835","kind":"angled","degree":3,"road_types":["urban_street"]},"geometry":{"type":"Point","coordinates":[224.5,428.5]}},{"type":"Feature","properties":{"id":"LC_JCT_0836","kind":"angled","degree":3,"road_types":["urban_street"]},"geometry":{"type":"Point","coordinates":[228.5,460.5]}},{"type":"Feature","properties":{"id":"LC_JCT_0837","kind":"angled","degree":3,"road_types":["urban_street"]},"geometry":{"type":"Point","coordinates":[228.5,464.5]}},{"type":"Feature","properties":{"id":"LC_JCT_0838","kind":"end","degree":1,"road_types":["urban_street"]},"geometry":{"type":"Point","coordinates":[235.5,442.5]}},{"type":"Feature","properties":{"id":"LC_JCT_0839","kind":"angled","degree":3,"road_types":["urban_street"]},"geometry":{"type":"Point","coordinates":[236.5,469.5]}},{"type":"Feature","properties":{"id":"LC_JCT_0840","kind":"city","degree":3,"road_types":["urban_street"]},"geometry":{"type":"Point","coordinates":[240.75,443.41]}},{"type":"Feature","properties":{"id":"LC_JCT_0841","kind":"angled","degree":3,"road_types":["urban_street"]},"geometry":{"type":"Point","coordinates":[243.5,431.5]}},{"type":"Feature","properties":{"id":"LC_JCT_0842","kind":"city","degree":4,"road_types":["urban_street"]},"geometry":{"type":"Point","coordinates":[244.5,458.5]}},{"type":"Feature","properties":{"id":"LC_JCT_0843","kind":"angled","degree":3,"road_types":["urban_street"]},"geometry":{"type":"Point","coordinates":[247.5,434.5]}},{"type":"Feature","properties":{"id":"LC_JCT_0844","kind":"city","degree":3,"road_types":["urban_street"]},"geometry":{"type":"Point","coordinates":[248.5,441.5]}},{"type":"Feature","properties":{"id":"LC_JCT_0845","kind":"city","degree":3,"road_types":["urban_street"]},"geometry":{"type":"Point","coordinates":[253.5,457.5]}},{"type":"Feature","properties":{"id":"LC_JCT_0846","kind":"city","degree":3,"road_types":["urban_street"]},"geometry":{"type":"Point","coordinates":[255.5,441.5]}},{"type":"Feature","properties":{"id":"LC_JCT_0847","kind":"city","degree":3,"road_types":["urban_street"]},"geometry":{"type":"Point","coordinates":[256.5,433.5]}},{"type":"Feature","properties":{"id":"LC_JCT_0848","kind":"city","degree":3,"road_types":["urban_street"]},"geometry":{"type":"Point","coordinates":[257.5,441.5]}},{"type":"Feature","properties":{"id":"LC_JCT_0849","kind":"angled","degree":3,"road_types":["urban_street"]},"geometry":{"type":"Point","coordinates":[270.5,446.5]}},{"type":"Feature","properties":{"id":"LC_JCT_0850","kind":"angled","degree":3,"road_types":["urban_street"]},"geometry":{"type":"Point","coordinates":[270.5,449.5]}},{"type":"Feature","properties":{"id":"LC_JCT_0851","kind":"city","degree":4,"road_types":["urban_street"]},"geometry":{"type":"Point","coordinates":[291.5,428.5]}},{"type":"Feature","properties":{"id":"LC_JCT_0852","kind":"city","degree":3,"road_types":["urban_street"]},"geometry":{"type":"Point","coordinates":[294.42,444.13]}},{"type":"Feature","properties":{"id":"LC_JCT_0853","kind":"fork","degree":3,"road_types":["residential","urban_street"]},"geometry":{"type":"Point","coordinates":[303.5,441.5]}},{"type":"Feature","properties":{"id":"LC_JCT_0854","kind":"end","degree":1,"road_types":["residential"]},"geometry":{"type":"Point","coordinates":[325.5,425.5]}},{"type":"Feature","properties":{"id":"LC_JCT_0855","kind":"T","degree":3,"road_types":["residential"]},"geometry":{"type":"Point","coordinates":[341.5,435.5]}},{"type":"Feature","properties":{"id":"LC_JCT_0856","kind":"angled","degree":3,"road_types":["residential"]},"geometry":{"type":"Point","coordinates":[368.5,427.5]}},{"type":"Feature","properties":{"id":"LC_JCT_0857","kind":"angled","degree":3,"road_types":["residential"]},"geometry":{"type":"Point","coordinates":[377.5,427.5]}},{"type":"Feature","properties":{"id":"LC_JCT_0858","kind":"T","degree":3,"road_types":["residential"]},"geometry":{"type":"Point","coordinates":[384.5,460.5]}},{"type":"Feature","properties":{"id":"LC_JCT_0859","kind":"angled","degree":3,"road_types":["residential"]},"geometry":{"type":"Point","coordinates":[388.19,463.72]}},{"type":"Feature","properties":{"id":"LC_JCT_0860","kind":"angled","degree":3,"road_types":["residential"]},"geometry":{"type":"Point","coordinates":[398.5,445.5]}},{"type":"Feature","properties":{"id":"LC_JCT_0861","kind":"T","degree":3,"road_types":["residential"]},"geometry":{"type":"Point","coordinates":[401.5,445.5]}},{"type":"Feature","properties":{"id":"LC_JCT_0862","kind":"angled","degree":3,"road_types":["residential"]},"geometry":{"type":"Point","coordinates":[403.5,457.5]}},{"type":"Feature","properties":{"id":"LC_JCT_0863","kind":"fork","degree":3,"road_types":["residential"]},"geometry":{"type":"Point","coordinates":[414.47,438.81]}},{"type":"Feature","properties":{"id":"LC_JCT_0864","kind":"angled","degree":4,"road_types":["residential"]},"geometry":{"type":"Point","coordinates":[420.94,437.15]}},{"type":"Feature","properties":{"id":"LC_JCT_0865","kind":"fork","degree":3,"road_types":["residential"]},"geometry":{"type":"Point","coordinates":[423.5,436.5]}},{"type":"Feature","properties":{"id":"LC_JCT_0866","kind":"fork","degree":3,"road_types":["residential"]},"geometry":{"type":"Point","coordinates":[428.5,436.5]}},{"type":"Feature","properties":{"id":"LC_JCT_0867","kind":"angled","degree":4,"road_types":["residential"]},"geometry":{"type":"Point","coordinates":[431.5,426.5]}},{"type":"Feature","properties":{"id":"LC_JCT_0868","kind":"T","degree":3,"road_types":["residential"]},"geometry":{"type":"Point","coordinates":[434.5,433.5]}},{"type":"Feature","properties":{"id":"LC_JCT_0869","kind":"T","degree":3,"road_types":["residential"]},"geometry":{"type":"Point","coordinates":[437.5,433.5]}},{"type":"Feature","properties":{"id":"LC_JCT_0870","kind":"cross","degree":4,"road_types":["residential"]},"geometry":{"type":"Point","coordinates":[439.5,455.5]}},{"type":"Feature","properties":{"id":"LC_JCT_0871","kind":"end","degree":1,"road_types":["residential"]},"geometry":{"type":"Point","coordinates":[440.5,425.5]}},{"type":"Feature","properties":{"id":"LC_JCT_0872","kind":"angled","degree":3,"road_types":["residential"]},"geometry":{"type":"Point","coordinates":[447.45,461.94]}},{"type":"Feature","properties":{"id":"LC_JCT_0873","kind":"angled","degree":3,"road_types":["residential"]},"geometry":{"type":"Point","coordinates":[450.5,448.5]}},{"type":"Feature","properties":{"id":"LC_JCT_0874","kind":"cross","degree":4,"road_types":["residential"]},"geometry":{"type":"Point","coordinates":[454.5,429.5]}},{"type":"Feature","properties":{"id":"LC_JCT_0875","kind":"angled","degree":3,"road_types":["residential"]},"geometry":{"type":"Point","coordinates":[457.5,456.5]}},{"type":"Feature","properties":{"id":"LC_JCT_0876","kind":"T","degree":3,"road_types":["residential"]},"geometry":{"type":"Point","coordinates":[457.5,460.5]}},{"type":"Feature","properties":{"id":"LC_JCT_0877","kind":"angled","degree":4,"road_types":["residential"]},"geometry":{"type":"Point","coordinates":[459.01,429.4]}},{"type":"Feature","properties":{"id":"LC_JCT_0878","kind":"fork","degree":3,"road_types":["residential"]},"geometry":{"type":"Point","coordinates":[462.0,429.17]}},{"type":"Feature","properties":{"id":"LC_JCT_0879","kind":"T","degree":3,"road_types":["residential"]},"geometry":{"type":"Point","coordinates":[472.5,426.5]}},{"type":"Feature","properties":{"id":"LC_JCT_0880","kind":"T","degree":3,"road_types":["residential"]},"geometry":{"type":"Point","coordinates":[475.5,426.5]}},{"type":"Feature","properties":{"id":"LC_JCT_0881","kind":"T","degree":3,"road_types":["residential"]},"geometry":{"type":"Point","coordinates":[481.5,450.5]}},{"type":"Feature","properties":{"id":"LC_JCT_0882","kind":"angled","degree":4,"road_types":["residential"]},"geometry":{"type":"Point","coordinates":[482.5,437.5]}},{"type":"Feature","properties":{"id":"LC_JCT_0883","kind":"cross","degree":4,"road_types":["residential"]},"geometry":{"type":"Point","coordinates":[483.5,459.5]}},{"type":"Feature","properties":{"id":"LC_JCT_0884","kind":"angled","degree":3,"road_types":["residential"]},"geometry":{"type":"Point","coordinates":[484.5,465.5]}},{"type":"Feature","properties":{"id":"LC_JCT_0885","kind":"fork","degree":3,"road_types":["residential"]},"geometry":{"type":"Point","coordinates":[490.5,435.5]}},{"type":"Feature","properties":{"id":"LC_JCT_0886","kind":"T","degree":3,"road_types":["residential"]},"geometry":{"type":"Point","coordinates":[490.5,459.5]}},{"type":"Feature","properties":{"id":"LC_JCT_0887","kind":"angled","degree":3,"road_types":["residential"]},"geometry":{"type":"Point","coordinates":[496.5,459.5]}},{"type":"Feature","properties":{"id":"LC_JCT_0888","kind":"angled","degree":3,"road_types":["residential"]},"geometry":{"type":"Point","coordinates":[498.5,446.5]}},{"type":"Feature","properties":{"id":"LC_JCT_0889","kind":"fork","degree":3,"road_types":["residential"]},"geometry":{"type":"Point","coordinates":[503.31,440.71]}},{"type":"Feature","properties":{"id":"LC_JCT_0890","kind":"angled","degree":3,"road_types":["residential"]},"geometry":{"type":"Point","coordinates":[504.5,435.5]}},{"type":"Feature","properties":{"id":"LC_JCT_0891","kind":"end","degree":1,"road_types":["residential"]},"geometry":{"type":"Point","coordinates":[505.5,465.5]}},{"type":"Feature","properties":{"id":"LC_JCT_0892","kind":"fork","degree":3,"road_types":["residential"]},"geometry":{"type":"Point","coordinates":[525.5,440.5]}},{"type":"Feature","properties":{"id":"LC_JCT_0893","kind":"T","degree":3,"road_types":["residential"]},"geometry":{"type":"Point","coordinates":[530.72,436.25]}},{"type":"Feature","properties":{"id":"LC_JCT_0894","kind":"T","degree":3,"road_types":["residential"]},"geometry":{"type":"Point","coordinates":[542.5,444.5]}},{"type":"Feature","properties":{"id":"LC_JCT_0895","kind":"end","degree":1,"road_types":["residential"]},"geometry":{"type":"Point","coordinates":[543.5,452.5]}},{"type":"Feature","properties":{"id":"LC_JCT_0896","kind":"end","degree":1,"road_types":["residential"]},"geometry":{"type":"Point","coordinates":[550.5,446.5]}},{"type":"Feature","properties":{"id":"RU_JCT_0248","kind":"end","degree":1,"road_types":["rural"]},"geometry":{"type":"Point","coordinates":[708.5,465.5]}},{"type":"Feature","properties":{"id":"RU_JCT_0249","kind":"end","degree":1,"road_types":["rural"]},"geometry":{"type":"Point","coordinates":[766.5,452.5]}},{"type":"Feature","properties":{"id":"RU_JCT_0250","kind":"T","degree":3,"road_types":["rural"]},"geometry":{"type":"Point","coordinates":[777.5,460.5]}},{"type":"Feature","properties":{"id":"RU_JCT_0251","kind":"angled","degree":3,"road_types":["rural"]},"geometry":{"type":"Point","coordinates":[779.5,464.5]}},{"type":"Feature","properties":{"id":"RU_JCT_0252","kind":"T","degree":3,"road_types":["rural"]},"geometry":{"type":"Point","coordinates":[785.5,459.5]}},{"type":"Feature","properties":{"id":"RU_JCT_0253","kind":"fork","degree":3,"road_types":["rural"]},"geometry":{"type":"Point","coordinates":[796.5,453.5]}},{"type":"Feature","properties":{"id":"RU_JCT_0254","kind":"fork","degree":3,"road_types":["rural"]},"geometry":{"type":"Point","coordinates":[809.5,446.5]}},{"type":"Feature","properties":{"id":"RU_JCT_0255","kind":"T","degree":3,"road_types":["rural"]},"geometry":{"type":"Point","coordinates":[826.5,431.5]}},{"type":"Feature","properties":{"id":"RU_JCT_0256","kind":"angled","degree":4,"road_types":["rural"]},"geometry":{"type":"Point","coordinates":[826.5,441.5]}},{"type":"Feature","properties":{"id":"RU_JCT_0257","kind":"end","degree":1,"road_types":["rural"]},"geometry":{"type":"Point","coordinates":[827.5,459.5]}},{"type":"Feature","properties":{"id":"RU_JCT_0258","kind":"angled","degree":4,"road_types":["rural"]},"geometry":{"type":"Point","coordinates":[833.67,445.09]}},{"type":"Feature","properties":{"id":"RU_JCT_0259","kind":"fork","degree":3,"road_types":["rural"]},"geometry":{"type":"Point","coordinates":[839.5,446.5]}},{"type":"Feature","properties":{"id":"RU_JCT_0260","kind":"angled","degree":3,"road_types":["rural"]},"geometry":{"type":"Point","coordinates":[841.5,453.5]}},{"type":"Feature","properties":{"id":"RU_JCT_0261","kind":"angled","degree":3,"road_types":["rural"]},"geometry":{"type":"Point","coordinates":[853.5,455.5]}},{"type":"Feature","properties":{"id":"RU_JCT_0262","kind":"angled","degree":3,"road_types":["rural"]},"geometry":{"type":"Point","coordinates":[861.5,453.5]}},{"type":"Feature","properties":{"id":"RU_JCT_0263","kind":"end","degree":1,"road_types":["rural"]},"geometry":{"type":"Point","coordinates":[862.5,468.5]}},{"type":"Feature","properties":{"id":"RU_JCT_0264","kind":"fork","degree":3,"road_types":["rural"]},"geometry":{"type":"Point","coordinates":[865.5,449.5]}},{"type":"Feature","properties":{"id":"RU_JCT_0265","kind":"T","degree":3,"road_types":["rural"]},"geometry":{"type":"Point","coordinates":[866.5,455.5]}},{"type":"Feature","properties":{"id":"RU_JCT_0266","kind":"T","degree":3,"road_types":["rural"]},"geometry":{"type":"Point","coordinates":[873.21,454.93]}},{"type":"Feature","properties":{"id":"RU_JCT_0267","kind":"angled","degree":3,"road_types":["rural"]},"geometry":{"type":"Point","coordinates":[873.5,448.5]}},{"type":"Feature","properties":{"id":"RU_JCT_0268","kind":"end","degree":1,"road_types":["rural"]},"geometry":{"type":"Point","coordinates":[878.5,439.5]}},{"type":"Feature","properties":{"id":"RU_JCT_0269","kind":"angled","degree":3,"road_types":["rural"]},"geometry":{"type":"Point","coordinates":[893.5,445.5]}},{"type":"Feature","properties":{"id":"RU_JCT_0270","kind":"end","degree":1,"road_types":["rural"]},"geometry":{"type":"Point","coordinates":[898.5,441.5]}},{"type":"Feature","properties":{"id":"RU_JCT_0271","kind":"end","degree":1,"road_types":["rural"]},"geometry":{"type":"Point","coordinates":[900.5,452.5]}},{"type":"Feature","properties":{"id":"RU_JCT_0272","kind":"end","degree":1,"road_types":["rural"]},"geometry":{"type":"Point","coordinates":[917.5,474.5]}},{"type":"Feature","properties":{"id":"HR_JCT_0210","kind":"end","degree":1,"road_types":["residential"]},"geometry":{"type":"Point","coordinates":[959.5,430.5]}},{"type":"Feature","properties":{"id":"HR_JCT_0211","kind":"angled","degree":3,"road_types":["residential","rural"]},"geometry":{"type":"Point","coordinates":[977.5,434.5]}},{"type":"Feature","properties":{"id":"HR_JCT_0212","kind":"angled","degree":3,"road_types":["residential"]},"geometry":{"type":"Point","coordinates":[986.5,426.5]}},{"type":"Feature","properties":{"id":"RU_JCT_0273","kind":"fork","degree":3,"road_types":["residential","rural"]},"geometry":{"type":"Point","coordinates":[988.42,446.19]}},{"type":"Feature","properties":{"id":"HR_JCT_0213","kind":"angled","degree":3,"road_types":["residential"]},"geometry":{"type":"Point","coordinates":[988.5,428.5]}},{"type":"Feature","properties":{"id":"RU_JCT_0274","kind":"T","degree":3,"road_types":["rural"]},"geometry":{"type":"Point","coordinates":[994.92,450.06]}},{"type":"Feature","properties":{"id":"RU_JCT_0275","kind":"T","degree":3,"road_types":["rural"]},"geometry":{"type":"Point","coordinates":[1016.5,460.5]}},{"type":"Feature","properties":{"id":"RU_JCT_0276","kind":"end","degree":1,"road_types":["rural"]},"geometry":{"type":"Point","coordinates":[1022.5,455.5]}},{"type":"Feature","properties":{"id":"HR_JCT_0214","kind":"end","degree":1,"road_types":["residential"]},"geometry":{"type":"Point","coordinates":[1106.5,429.5]}},{"type":"Feature","properties":{"id":"HR_JCT_0215","kind":"end","degree":1,"road_types":["residential"]},"geometry":{"type":"Point","coordinates":[1109.5,466.5]}},{"type":"Feature","properties":{"id":"RU_JCT_0277","kind":"end","degree":1,"road_types":["rural"]},"geometry":{"type":"Point","coordinates":[1170.5,474.5]}},{"type":"Feature","properties":{"id":"RU_JCT_0278","kind":"end","degree":1,"road_types":["rural"]},"geometry":{"type":"Point","coordinates":[1180.5,472.5]}},{"type":"Feature","properties":{"id":"RU_JCT_0279","kind":"end","degree":1,"road_types":["rural"]},"geometry":{"type":"Point","coordinates":[1210.5,457.5]}},{"type":"Feature","properties":{"id":"RU_JCT_0280","kind":"angled","degree":3,"road_types":["rural"]},"geometry":{"type":"Point","coordinates":[1220.5,457.5]}},{"type":"Feature","properties":{"id":"RU_JCT_0281","kind":"end","degree":1,"road_types":["rural"]},"geometry":{"type":"Point","coordinates":[1225.5,469.5]}},{"type":"Feature","properties":{"id":"RU_JCT_0282","kind":"angled","degree":3,"road_types":["rural"]},"geometry":{"type":"Point","coordinates":[1228.5,450.5]}},{"type":"Feature","properties":{"id":"RU_JCT_0283","kind":"end","degree":1,"road_types":["rural"]},"geometry":{"type":"Point","coordinates":[1240.5,458.5]}},{"type":"Feature","properties":{"id":"RU_JCT_0284","kind":"end","degree":1,"road_types":["rural"]},"geometry":{"type":"Point","coordinates":[1346.5,470.5]}},{"type":"Feature","properties":{"id":"RU_JCT_0285","kind":"end","degree":1,"road_types":["rural"]},"geometry":{"type":"Point","coordinates":[1416.5,461.5]}},{"type":"Feature","properties":{"id":"RU_JCT_0286","kind":"T","degree":3,"road_types":["rural"]},"geometry":{"type":"Point","coordinates":[1423.5,463.5]}},{"type":"Feature","properties":{"id":"RU_JCT_0287","kind":"T","degree":3,"road_types":["rural"]},"geometry":{"type":"Point","coordinates":[1427.5,463.5]}},{"type":"Feature","properties":{"id":"RU_JCT_0288","kind":"end","degree":1,"road_types":["rural"]},"geometry":{"type":"Point","coordinates":[1428.5,471.5]}},{"type":"Feature","properties":{"id":"TV_JCT_0795","kind":"angled","degree":4,"road_types":["residential"]},"geometry":{"type":"Point","coordinates":[1543.5,428.5]}},{"type":"Feature","properties":{"id":"TV_JCT_0796","kind":"T","degree":3,"road_types":["residential"]},"geometry":{"type":"Point","coordinates":[1549.5,445.5]}},{"type":"Feature","properties":{"id":"TV_JCT_0797","kind":"T","degree":3,"road_types":["residential"]},"geometry":{"type":"Point","coordinates":[1572.5,431.5]}},{"type":"Feature","properties":{"id":"TV_JCT_0798","kind":"angled","degree":3,"road_types":["residential"]},"geometry":{"type":"Point","coordinates":[1586.5,431.5]}},{"type":"Feature","properties":{"id":"TV_JCT_0799","kind":"end","degree":1,"road_types":["residential"]},"geometry":{"type":"Point","coordinates":[1586.5,464.5]}},{"type":"Feature","properties":{"id":"TV_JCT_0800","kind":"end","degree":1,"road_types":["residential"]},"geometry":{"type":"Point","coordinates":[1597.5,473.5]}},{"type":"Feature","properties":{"id":"TV_JCT_0801","kind":"angled","degree":4,"road_types":["residential"]},"geometry":{"type":"Point","coordinates":[1600.5,466.5]}},{"type":"Feature","properties":{"id":"TV_JCT_0802","kind":"T","degree":3,"road_types":["residential"]},"geometry":{"type":"Point","coordinates":[1608.5,456.5]}},{"type":"Feature","properties":{"id":"TV_JCT_0803","kind":"T","degree":3,"road_types":["residential"]},"geometry":{"type":"Point","coordinates":[1609.5,440.5]}},{"type":"Feature","properties":{"id":"TV_JCT_0804","kind":"end","degree":1,"road_types":["residential"]},"geometry":{"type":"Point","coordinates":[1615.5,439.5]}},{"type":"Feature","properties":{"id":"TV_JCT_0805","kind":"T","degree":3,"road_types":["residential"]},"geometry":{"type":"Point","coordinates":[1616.5,446.5]}},{"type":"Feature","properties":{"id":"TV_JCT_0806","kind":"angled","degree":3,"road_types":["residential","urban_street"]},"geometry":{"type":"Point","coordinates":[1620.5,446.5]}},{"type":"Feature","properties":{"id":"TV_JCT_0807","kind":"angled","degree":3,"road_types":["residential"]},"geometry":{"type":"Point","coordinates":[1632.5,456.5]}},{"type":"Feature","properties":{"id":"TV_JCT_0808","kind":"angled","degree":3,"road_types":["residential","urban_street"]},"geometry":{"type":"Point","coordinates":[1636.5,455.5]}},{"type":"Feature","properties":{"id":"TV_JCT_0809","kind":"city","degree":3,"road_types":["urban_street"]},"geometry":{"type":"Point","coordinates":[1639.45,435.27]}},{"type":"Feature","properties":{"id":"TV_JCT_0810","kind":"angled","degree":3,"road_types":["residential"]},"geometry":{"type":"Point","coordinates":[1652.5,465.5]}},{"type":"Feature","properties":{"id":"TV_JCT_0811","kind":"city","degree":3,"road_types":["urban_street"]},"geometry":{"type":"Point","coordinates":[1654.5,435.5]}},{"type":"Feature","properties":{"id":"TV_JCT_0812","kind":"city","degree":3,"road_types":["urban_street"]},"geometry":{"type":"Point","coordinates":[1663.5,439.5]}},{"type":"Feature","properties":{"id":"TV_JCT_0813","kind":"T","degree":3,"road_types":["residential"]},"geometry":{"type":"Point","coordinates":[1664.97,466.89]}},{"type":"Feature","properties":{"id":"TV_JCT_0814","kind":"fork","degree":3,"road_types":["urban_street"]},"geometry":{"type":"Point","coordinates":[1666.5,433.5]}},{"type":"Feature","properties":{"id":"TV_JCT_0815","kind":"city","degree":4,"road_types":["urban_street"]},"geometry":{"type":"Point","coordinates":[1669.87,433.95]}},{"type":"Feature","properties":{"id":"TV_JCT_0816","kind":"angled","degree":3,"road_types":["residential","urban_street"]},"geometry":{"type":"Point","coordinates":[1670.5,467.5]}},{"type":"Feature","properties":{"id":"TV_JCT_0817","kind":"angled","degree":3,"road_types":["urban_street"]},"geometry":{"type":"Point","coordinates":[1678.5,448.5]}},{"type":"Feature","properties":{"id":"TV_JCT_0818","kind":"city","degree":3,"road_types":["urban_street"]},"geometry":{"type":"Point","coordinates":[1681.5,436.5]}},{"type":"Feature","properties":{"id":"TV_JCT_0819","kind":"city","degree":4,"road_types":["urban_street"]},"geometry":{"type":"Point","coordinates":[1682.5,426.5]}},{"type":"Feature","properties":{"id":"TV_JCT_0820","kind":"city","degree":3,"road_types":["urban_street"]},"geometry":{"type":"Point","coordinates":[1682.5,448.5]}},{"type":"Feature","properties":{"id":"TV_JCT_0821","kind":"city","degree":3,"road_types":["urban_street"]},"geometry":{"type":"Point","coordinates":[1683.5,437.5]}},{"type":"Feature","properties":{"id":"TV_JCT_0822","kind":"angled","degree":3,"road_types":["urban_street"]},"geometry":{"type":"Point","coordinates":[1685.5,437.5]}},{"type":"Feature","properties":{"id":"TV_JCT_0823","kind":"angled","degree":3,"road_types":["urban_street"]},"geometry":{"type":"Point","coordinates":[1690.5,445.5]}},{"type":"Feature","properties":{"id":"TV_JCT_0824","kind":"city","degree":3,"road_types":["urban_street"]},"geometry":{"type":"Point","coordinates":[1693.5,425.5]}},{"type":"Feature","properties":{"id":"TV_JCT_0825","kind":"city","degree":3,"road_types":["residential","urban_street"]},"geometry":{"type":"Point","coordinates":[1713.5,470.5]}},{"type":"Feature","properties":{"id":"TV_JCT_0826","kind":"angled","degree":3,"road_types":["urban_street"]},"geometry":{"type":"Point","coordinates":[1714.5,459.5]}},{"type":"Feature","properties":{"id":"TV_JCT_0827","kind":"angled","degree":3,"road_types":["urban_street"]},"geometry":{"type":"Point","coordinates":[1722.5,453.5]}},{"type":"Feature","properties":{"id":"TV_JCT_0828","kind":"city","degree":3,"road_types":["urban_street"]},"geometry":{"type":"Point","coordinates":[1723.5,440.5]}},{"type":"Feature","properties":{"id":"TV_JCT_0829","kind":"city","degree":3,"road_types":["urban_street"]},"geometry":{"type":"Point","coordinates":[1726.5,428.5]}},{"type":"Feature","properties":{"id":"TV_JCT_0830","kind":"angled","degree":3,"road_types":["urban_street"]},"geometry":{"type":"Point","coordinates":[1728.5,428.5]}},{"type":"Feature","properties":{"id":"TV_JCT_0831","kind":"angled","degree":3,"road_types":["urban_street"]},"geometry":{"type":"Point","coordinates":[1728.5,431.5]}},{"type":"Feature","properties":{"id":"TV_JCT_0832","kind":"city","degree":3,"road_types":["urban_street"]},"geometry":{"type":"Point","coordinates":[1738.11,474.39]}},{"type":"Feature","properties":{"id":"TV_JCT_0833","kind":"angled","degree":3,"road_types":["urban_street"]},"geometry":{"type":"Point","coordinates":[1741.5,468.5]}},{"type":"Feature","properties":{"id":"TV_JCT_0834","kind":"angled","degree":3,"road_types":["urban_street"]},"geometry":{"type":"Point","coordinates":[1751.5,434.5]}},{"type":"Feature","properties":{"id":"TV_JCT_0835","kind":"angled","degree":3,"road_types":["urban_street"]},"geometry":{"type":"Point","coordinates":[1751.5,438.5]}},{"type":"Feature","properties":{"id":"TV_JCT_0836","kind":"city","degree":3,"road_types":["urban_street"]},"geometry":{"type":"Point","coordinates":[1756.5,432.5]}},{"type":"Feature","properties":{"id":"TV_JCT_0837","kind":"city","degree":3,"road_types":["urban_street"]},"geometry":{"type":"Point","coordinates":[1763.5,449.5]}},{"type":"Feature","properties":{"id":"TV_JCT_0838","kind":"city","degree":3,"road_types":["urban_street"]},"geometry":{"type":"Point","coordinates":[1776.5,439.5]}},{"type":"Feature","properties":{"id":"TV_JCT_0839","kind":"city","degree":3,"road_types":["urban_street"]},"geometry":{"type":"Point","coordinates":[1777.5,425.5]}},{"type":"Feature","properties":{"id":"TV_JCT_0840","kind":"city","degree":3,"road_types":["urban_street"]},"geometry":{"type":"Point","coordinates":[1777.69,460.9]}},{"type":"Feature","properties":{"id":"TV_JCT_0841","kind":"end","degree":1,"road_types":["urban_street"]},"geometry":{"type":"Point","coordinates":[1779.5,447.5]}},{"type":"Feature","properties":{"id":"TV_JCT_0842","kind":"angled","degree":3,"road_types":["urban_street"]},"geometry":{"type":"Point","coordinates":[1784.5,439.5]}},{"type":"Feature","properties":{"id":"TV_JCT_0843","kind":"angled","degree":3,"road_types":["urban_street"]},"geometry":{"type":"Point","coordinates":[1785.5,431.5]}},{"type":"Feature","properties":{"id":"TV_JCT_0844","kind":"angled","degree":3,"road_types":["urban_street"]},"geometry":{"type":"Point","coordinates":[1789.5,431.5]}},{"type":"Feature","properties":{"id":"TV_JCT_0845","kind":"angled","degree":3,"road_types":["urban_street"]},"geometry":{"type":"Point","coordinates":[1794.5,439.5]}},{"type":"Feature","properties":{"id":"TV_JCT_0846","kind":"city","degree":3,"road_types":["urban_street"]},"geometry":{"type":"Point","coordinates":[1795.5,460.5]}},{"type":"Feature","properties":{"id":"TV_JCT_0847","kind":"angled","degree":3,"road_types":["urban_street"]},"geometry":{"type":"Point","coordinates":[1804.5,426.5]}},{"type":"Feature","properties":{"id":"TV_JCT_0848","kind":"city","degree":3,"road_types":["urban_street"]},"geometry":{"type":"Point","coordinates":[1808.5,435.5]}},{"type":"Feature","properties":{"id":"TV_JCT_0849","kind":"city","degree":3,"road_types":["urban_street"]},"geometry":{"type":"Point","coordinates":[1811.5,466.5]}},{"type":"Feature","properties":{"id":"TV_JCT_0850","kind":"angled","degree":3,"road_types":["urban_street"]},"geometry":{"type":"Point","coordinates":[1814.5,455.5]}},{"type":"Feature","properties":{"id":"TV_JCT_0851","kind":"city","degree":3,"road_types":["urban_street"]},"geometry":{"type":"Point","coordinates":[1818.5,455.5]}},{"type":"Feature","properties":{"id":"TV_JCT_0852","kind":"angled","degree":3,"road_types":["urban_street"]},"geometry":{"type":"Point","coordinates":[1818.5,474.5]}},{"type":"Feature","properties":{"id":"TV_JCT_0853","kind":"city","degree":3,"road_types":["urban_street"]},"geometry":{"type":"Point","coordinates":[1818.5,468.5]}},{"type":"Feature","properties":{"id":"TV_JCT_0854","kind":"city","degree":3,"road_types":["urban_street"]},"geometry":{"type":"Point","coordinates":[1820.5,429.5]}},{"type":"Feature","properties":{"id":"TV_JCT_0855","kind":"angled","degree":3,"road_types":["urban_street"]},"geometry":{"type":"Point","coordinates":[1820.5,433.5]}},{"type":"Feature","properties":{"id":"TV_JCT_0856","kind":"angled","degree":3,"road_types":["urban_street"]},"geometry":{"type":"Point","coordinates":[1822.5,435.5]}},{"type":"Feature","properties":{"id":"TV_JCT_0857","kind":"angled","degree":3,"road_types":["urban_street"]},"geometry":{"type":"Point","coordinates":[1822.5,457.5]}},{"type":"Feature","properties":{"id":"TV_JCT_0858","kind":"city","degree":3,"road_types":["urban_street"]},"geometry":{"type":"Point","coordinates":[1822.5,468.5]}},{"type":"Feature","properties":{"id":"TV_JCT_0859","kind":"angled","degree":3,"road_types":["urban_street"]},"geometry":{"type":"Point","coordinates":[1823.5,444.5]}},{"type":"Feature","properties":{"id":"TV_JCT_0860","kind":"angled","degree":3,"road_types":["urban_street"]},"geometry":{"type":"Point","coordinates":[1830.5,445.5]}},{"type":"Feature","properties":{"id":"TV_JCT_0861","kind":"angled","degree":3,"road_types":["urban_street"]},"geometry":{"type":"Point","coordinates":[1832.5,454.5]}},{"type":"Feature","properties":{"id":"TV_JCT_0862","kind":"angled","degree":3,"road_types":["urban_street"]},"geometry":{"type":"Point","coordinates":[1837.5,438.5]}},{"type":"Feature","properties":{"id":"TV_JCT_0863","kind":"city","degree":3,"road_types":["urban_street"]},"geometry":{"type":"Point","coordinates":[1837.5,440.5]}},{"type":"Feature","properties":{"id":"TV_JCT_0864","kind":"angled","degree":3,"road_types":["urban_street"]},"geometry":{"type":"Point","coordinates":[1838.5,437.5]}},{"type":"Feature","properties":{"id":"TV_JCT_0865","kind":"angled","degree":3,"road_types":["urban_street"]},"geometry":{"type":"Point","coordinates":[1846.5,453.5]}},{"type":"Feature","properties":{"id":"TV_JCT_0866","kind":"angled","degree":3,"road_types":["urban_street"]},"geometry":{"type":"Point","coordinates":[1846.5,455.5]}},{"type":"Feature","properties":{"id":"TV_JCT_0867","kind":"angled","degree":3,"road_types":["urban_street"]},"geometry":{"type":"Point","coordinates":[1851.5,467.5]}},{"type":"Feature","properties":{"id":"TV_JCT_0868","kind":"city","degree":3,"road_types":["urban_street"]},"geometry":{"type":"Point","coordinates":[1854.5,429.5]}},{"type":"Feature","properties":{"id":"TV_JCT_0869","kind":"city","degree":3,"road_types":["urban_street"]},"geometry":{"type":"Point","coordinates":[1854.5,451.5]}},{"type":"Feature","properties":{"id":"TV_JCT_0870","kind":"angled","degree":3,"road_types":["urban_street"]},"geometry":{"type":"Point","coordinates":[1858.5,451.5]}},{"type":"Feature","properties":{"id":"TV_JCT_0871","kind":"city","degree":3,"road_types":["urban_street"]},"geometry":{"type":"Point","coordinates":[1858.5,454.5]}},{"type":"Feature","properties":{"id":"TV_JCT_0872","kind":"city","degree":3,"road_types":["urban_street"]},"geometry":{"type":"Point","coordinates":[1864.5,438.5]}},{"type":"Feature","properties":{"id":"TV_JCT_0873","kind":"city","degree":4,"road_types":["urban_street"]},"geometry":{"type":"Point","coordinates":[1866.5,438.5]}},{"type":"Feature","properties":{"id":"TV_JCT_0874","kind":"angled","degree":3,"road_types":["urban_street"]},"geometry":{"type":"Point","coordinates":[1866.5,445.5]}},{"type":"Feature","properties":{"id":"TV_JCT_0875","kind":"angled","degree":3,"road_types":["urban_street"]},"geometry":{"type":"Point","coordinates":[1871.5,458.5]}},{"type":"Feature","properties":{"id":"TV_JCT_0876","kind":"city","degree":3,"road_types":["urban_street"]},"geometry":{"type":"Point","coordinates":[1871.5,466.5]}},{"type":"Feature","properties":{"id":"TV_JCT_0877","kind":"angled","degree":3,"road_types":["urban_street"]},"geometry":{"type":"Point","coordinates":[1873.5,455.5]}},{"type":"Feature","properties":{"id":"TV_JCT_0878","kind":"multi","degree":8,"road_types":["urban_street"]},"geometry":{"type":"Point","coordinates":[1874.18,437.47]}},{"type":"Feature","properties":{"id":"TV_JCT_0879","kind":"type_change","degree":2,"road_types":["residential","urban_street"]},"geometry":{"type":"Point","coordinates":[1890.5,425.5]}},{"type":"Feature","properties":{"id":"TV_JCT_0880","kind":"city","degree":3,"road_types":["urban_street"]},"geometry":{"type":"Point","coordinates":[1893.5,471.5]}},{"type":"Feature","properties":{"id":"LC_JCT_0897","kind":"end","degree":1,"road_types":["residential"]},"geometry":{"type":"Point","coordinates":[0.5,491.5]}},{"type":"Feature","properties":{"id":"LC_JCT_0898","kind":"end","degree":1,"road_types":["residential"]},"geometry":{"type":"Point","coordinates":[82.5,495.5]}},{"type":"Feature","properties":{"id":"LC_JCT_0899","kind":"angled","degree":3,"road_types":["residential"]},"geometry":{"type":"Point","coordinates":[86.5,475.5]}},{"type":"Feature","properties":{"id":"LC_JCT_0900","kind":"angled","degree":3,"road_types":["residential"]},"geometry":{"type":"Point","coordinates":[88.5,488.5]}},{"type":"Feature","properties":{"id":"LC_JCT_0901","kind":"T","degree":3,"road_types":["residential"]},"geometry":{"type":"Point","coordinates":[90.5,482.5]}},{"type":"Feature","properties":{"id":"LC_JCT_0902","kind":"end","degree":1,"road_types":["residential"]},"geometry":{"type":"Point","coordinates":[113.5,509.5]}},{"type":"Feature","properties":{"id":"LC_JCT_0903","kind":"T","degree":3,"road_types":["residential"]},"geometry":{"type":"Point","coordinates":[137.5,523.5]}},{"type":"Feature","properties":{"id":"LC_JCT_0904","kind":"end","degree":1,"road_types":["residential"]},"geometry":{"type":"Point","coordinates":[140.5,487.5]}},{"type":"Feature","properties":{"id":"LC_JCT_0905","kind":"angled","degree":3,"road_types":["residential","urban_street"]},"geometry":{"type":"Point","coordinates":[146.5,482.5]}},{"type":"Feature","properties":{"id":"LC_JCT_0906","kind":"angled","degree":3,"road_types":["residential"]},"geometry":{"type":"Point","coordinates":[150.5,509.5]}},{"type":"Feature","properties":{"id":"LC_JCT_0907","kind":"T","degree":3,"road_types":["residential"]},"geometry":{"type":"Point","coordinates":[150.5,516.5]}},{"type":"Feature","properties":{"id":"LC_JCT_0908","kind":"angled","degree":3,"road_types":["residential"]},"geometry":{"type":"Point","coordinates":[154.5,509.5]}},{"type":"Feature","properties":{"id":"LC_JCT_0909","kind":"T","degree":3,"road_types":["residential"]},"geometry":{"type":"Point","coordinates":[155.23,485.95]}},{"type":"Feature","properties":{"id":"LC_JCT_0910","kind":"T","degree":3,"road_types":["residential"]},"geometry":{"type":"Point","coordinates":[155.5,513.5]}},{"type":"Feature","properties":{"id":"LC_JCT_0911","kind":"T","degree":3,"road_types":["residential"]},"geometry":{"type":"Point","coordinates":[160.5,501.5]}},{"type":"Feature","properties":{"id":"LC_JCT_0912","kind":"T","degree":3,"road_types":["residential"]},"geometry":{"type":"Point","coordinates":[163.5,490.5]}},{"type":"Feature","properties":{"id":"LC_JCT_0913","kind":"T","degree":3,"road_types":["residential"]},"geometry":{"type":"Point","coordinates":[163.5,495.5]}},{"type":"Feature","properties":{"id":"LC_JCT_0914","kind":"angled","degree":3,"road_types":["residential"]},"geometry":{"type":"Point","coordinates":[164.5,507.5]}},{"type":"Feature","properties":{"id":"LC_JCT_0915","kind":"angled","degree":3,"road_types":["residential","urban_street"]},"geometry":{"type":"Point","coordinates":[169.5,482.5]}},{"type":"Feature","properties":{"id":"LC_JCT_0916","kind":"angled","degree":3,"road_types":["residential"]},"geometry":{"type":"Point","coordinates":[173.5,501.5]}},{"type":"Feature","properties":{"id":"LC_JCT_0917","kind":"angled","degree":3,"road_types":["residential"]},"geometry":{"type":"Point","coordinates":[178.5,501.5]}},{"type":"Feature","properties":{"id":"LC_JCT_0918","kind":"end","degree":1,"road_types":["residential"]},"geometry":{"type":"Point","coordinates":[178.5,520.5]}},{"type":"Feature","properties":{"id":"LC_JCT_0919","kind":"city","degree":3,"road_types":["urban_street"]},"geometry":{"type":"Point","coordinates":[179.5,482.5]}},{"type":"Feature","properties":{"id":"LC_JCT_0920","kind":"angled","degree":3,"road_types":["urban_street"]},"geometry":{"type":"Point","coordinates":[186.5,484.5]}},{"type":"Feature","properties":{"id":"LC_JCT_0921","kind":"angled","degree":3,"road_types":["residential"]},"geometry":{"type":"Point","coordinates":[186.5,497.5]}},{"type":"Feature","properties":{"id":"LC_JCT_0922","kind":"city","degree":3,"road_types":["residential","urban_street"]},"geometry":{"type":"Point","coordinates":[187.5,489.5]}},{"type":"Feature","properties":{"id":"LC_JCT_0923","kind":"angled","degree":3,"road_types":["urban_street"]},"geometry":{"type":"Point","coordinates":[190.5,480.5]}},{"type":"Feature","properties":{"id":"LC_JCT_0924","kind":"angled","degree":3,"road_types":["urban_street"]},"geometry":{"type":"Point","coordinates":[192.5,480.5]}},{"type":"Feature","properties":{"id":"LC_JCT_0925","kind":"city","degree":3,"road_types":["urban_street"]},"geometry":{"type":"Point","coordinates":[196.5,486.5]}},{"type":"Feature","properties":{"id":"LC_JCT_0926","kind":"angled","degree":3,"road_types":["urban_street"]},"geometry":{"type":"Point","coordinates":[198.5,486.5]}},{"type":"Feature","properties":{"id":"LC_JCT_0927","kind":"city","degree":3,"road_types":["residential","urban_street"]},"geometry":{"type":"Point","coordinates":[198.5,489.5]}},{"type":"Feature","properties":{"id":"LC_JCT_0928","kind":"angled","degree":3,"road_types":["urban_street"]},"geometry":{"type":"Point","coordinates":[199.5,476.5]}},{"type":"Feature","properties":{"id":"LC_JCT_0929","kind":"angled","degree":3,"road_types":["urban_street"]},"geometry":{"type":"Point","coordinates":[201.5,481.5]}},{"type":"Feature","properties":{"id":"LC_JCT_0930","kind":"T","degree":3,"road_types":["residential"]},"geometry":{"type":"Point","coordinates":[201.5,516.5]}},{"type":"Feature","properties":{"id":"LC_JCT_0931","kind":"angled","degree":3,"road_types":["urban_street"]},"geometry":{"type":"Point","coordinates":[208.5,475.5]}},{"type":"Feature","properties":{"id":"LC_JCT_0932","kind":"city","degree":3,"road_types":["urban_street"]},"geometry":{"type":"Point","coordinates":[208.5,479.5]}},{"type":"Feature","properties":{"id":"LC_JCT_0933","kind":"angled","degree":3,"road_types":["residential","urban_street"]},"geometry":{"type":"Point","coordinates":[209.5,492.5]}},{"type":"Feature","properties":{"id":"LC_JCT_0934","kind":"city","degree":3,"road_types":["urban_street"]},"geometry":{"type":"Point","coordinates":[212.5,491.5]}},{"type":"Feature","properties":{"id":"LC_JCT_0935","kind":"angled","degree":3,"road_types":["residential","urban_street"]},"geometry":{"type":"Point","coordinates":[214.5,491.5]}},{"type":"Feature","properties":{"id":"LC_JCT_0936","kind":"angled","degree":4,"road_types":["residential"]},"geometry":{"type":"Point","coordinates":[242.5,490.5]}},{"type":"Feature","properties":{"id":"LC_JCT_0937","kind":"angled","degree":4,"road_types":["residential"]},"geometry":{"type":"Point","coordinates":[245.98,494.63]}},{"type":"Feature","properties":{"id":"LC_JCT_0938","kind":"angled","degree":4,"road_types":["residential"]},"geometry":{"type":"Point","coordinates":[246.66,496.31]}},{"type":"Feature","properties":{"id":"LC_JCT_0939","kind":"angled","degree":3,"road_types":["residential"]},"geometry":{"type":"Point","coordinates":[253.5,513.5]}},{"type":"Feature","properties":{"id":"LC_JCT_0940","kind":"angled","degree":3,"road_types":["residential"]},"geometry":{"type":"Point","coordinates":[255.5,505.5]}},{"type":"Feature","properties":{"id":"LC_JCT_0941","kind":"T","degree":3,"road_types":["residential"]},"geometry":{"type":"Point","coordinates":[255.5,507.5]}},{"type":"Feature","properties":{"id":"LC_JCT_0942","kind":"T","degree":3,"road_types":["residential"]},"geometry":{"type":"Point","coordinates":[257.5,504.5]}},{"type":"Feature","properties":{"id":"LC_JCT_0943","kind":"T","degree":3,"road_types":["residential"]},"geometry":{"type":"Point","coordinates":[257.5,520.5]}},{"type":"Feature","properties":{"id":"LC_JCT_0944","kind":"T","degree":3,"road_types":["residential"]},"geometry":{"type":"Point","coordinates":[263.5,504.5]}},{"type":"Feature","properties":{"id":"LC_JCT_0945","kind":"T","degree":3,"road_types":["residential"]},"geometry":{"type":"Point","coordinates":[263.5,512.5]}},{"type":"Feature","properties":{"id":"LC_JCT_0946","kind":"angled","degree":3,"road_types":["residential"]},"geometry":{"type":"Point","coordinates":[265.5,504.5]}},{"type":"Feature","properties":{"id":"LC_JCT_0947","kind":"T","degree":3,"road_types":["residential"]},"geometry":{"type":"Point","coordinates":[265.5,513.5]}},{"type":"Feature","properties":{"id":"LC_JCT_0948","kind":"T","degree":3,"road_types":["residential"]},"geometry":{"type":"Point","coordinates":[269.5,513.5]}},{"type":"Feature","properties":{"id":"LC_JCT_0949","kind":"angled","degree":3,"road_types":["residential"]},"geometry":{"type":"Point","coordinates":[271.5,513.5]}},{"type":"Feature","properties":{"id":"LC_JCT_0950","kind":"end","degree":1,"road_types":["residential"]},"geometry":{"type":"Point","coordinates":[275.5,522.5]}},{"type":"Feature","properties":{"id":"LC_JCT_0951","kind":"angled","degree":3,"road_types":["residential"]},"geometry":{"type":"Point","coordinates":[278.5,497.5]}},{"type":"Feature","properties":{"id":"LC_JCT_0952","kind":"T","degree":3,"road_types":["residential"]},"geometry":{"type":"Point","coordinates":[281.5,505.5]}},{"type":"Feature","properties":{"id":"LC_JCT_0953","kind":"angled","degree":3,"road_types":["residential"]},"geometry":{"type":"Point","coordinates":[281.5,507.5]}},{"type":"Feature","properties":{"id":"LC_JCT_0954","kind":"end","degree":1,"road_types":["residential"]},"geometry":{"type":"Point","coordinates":[283.5,493.5]}},{"type":"Feature","properties":{"id":"LC_JCT_0955","kind":"T","degree":3,"road_types":["residential"]},"geometry":{"type":"Point","coordinates":[283.5,505.5]}},{"type":"Feature","properties":{"id":"LC_JCT_0956","kind":"end","degree":1,"road_types":["residential"]},"geometry":{"type":"Point","coordinates":[287.5,499.5]}},{"type":"Feature","properties":{"id":"LC_JCT_0957","kind":"end","degree":1,"road_types":["residential"]},"geometry":{"type":"Point","coordinates":[323.5,507.5]}},{"type":"Feature","properties":{"id":"LC_JCT_0958","kind":"end","degree":1,"road_types":["residential"]},"geometry":{"type":"Point","coordinates":[345.47,496.53]}},{"type":"Feature","properties":{"id":"LC_JCT_0959","kind":"end","degree":1,"road_types":["residential"]},"geometry":{"type":"Point","coordinates":[354.5,505.22]}},{"type":"Feature","properties":{"id":"LC_JCT_0960","kind":"end","degree":1,"road_types":["residential"]},"geometry":{"type":"Point","coordinates":[362.7,495.3]}},{"type":"Feature","properties":{"id":"LC_JCT_0961","kind":"T","degree":3,"road_types":["residential"]},"geometry":{"type":"Point","coordinates":[371.5,480.5]}},{"type":"Feature","properties":{"id":"LC_JCT_0962","kind":"end","degree":1,"road_types":["residential"]},"geometry":{"type":"Point","coordinates":[374.5,517.5]}},{"type":"Feature","properties":{"id":"LC_JCT_0963","kind":"T","degree":3,"road_types":["residential"]},"geometry":{"type":"Point","coordinates":[394.5,499.5]}},{"type":"Feature","properties":{"id":"LC_JCT_0964","kind":"angled","degree":3,"road_types":["residential"]},"geometry":{"type":"Point","coordinates":[396.56,484.75]}},{"type":"Feature","properties":{"id":"LC_JCT_0965","kind":"T","degree":3,"road_types":["residential"]},"geometry":{"type":"Point","coordinates":[402.5,498.5]}},{"type":"Feature","properties":{"id":"LC_JCT_0966","kind":"angled","degree":3,"road_types":["residential"]},"geometry":{"type":"Point","coordinates":[403.5,486.5]}},{"type":"Feature","properties":{"id":"LC_JCT_0967","kind":"end","degree":1,"road_types":["residential"]},"geometry":{"type":"Point","coordinates":[404.42,517.58]}},{"type":"Feature","properties":{"id":"LC_JCT_0968","kind":"T","degree":3,"road_types":["residential"]},"geometry":{"type":"Point","coordinates":[404.5,498.5]}},{"type":"Feature","properties":{"id":"LC_JCT_0969","kind":"T","degree":3,"road_types":["residential"]},"geometry":{"type":"Point","coordinates":[405.5,478.5]}},{"type":"Feature","properties":{"id":"LC_JCT_0970","kind":"T","degree":3,"road_types":["residential"]},"geometry":{"type":"Point","coordinates":[405.5,505.5]}},{"type":"Feature","properties":{"id":"LC_JCT_0971","kind":"T","degree":3,"road_types":["residential"]},"geometry":{"type":"Point","coordinates":[406.5,491.5]}},{"type":"Feature","properties":{"id":"LC_JCT_0972","kind":"T","degree":3,"road_types":["residential"]},"geometry":{"type":"Point","coordinates":[409.5,478.5]}},{"type":"Feature","properties":{"id":"LC_JCT_0973","kind":"T","degree":3,"road_types":["residential"]},"geometry":{"type":"Point","coordinates":[410.5,482.5]}},{"type":"Feature","properties":{"id":"LC_JCT_0974","kind":"T","degree":3,"road_types":["residential"]},"geometry":{"type":"Point","coordinates":[416.5,505.5]}},{"type":"Feature","properties":{"id":"LC_JCT_0975","kind":"angled","degree":3,"road_types":["residential"]},"geometry":{"type":"Point","coordinates":[422.5,506.5]}},{"type":"Feature","properties":{"id":"LC_JCT_0976","kind":"T","degree":3,"road_types":["residential"]},"geometry":{"type":"Point","coordinates":[424.5,485.5]}},{"type":"Feature","properties":{"id":"LC_JCT_0977","kind":"angled","degree":3,"road_types":["residential"]},"geometry":{"type":"Point","coordinates":[425.5,503.5]}},{"type":"Feature","properties":{"id":"LC_JCT_0978","kind":"angled","degree":4,"road_types":["residential"]},"geometry":{"type":"Point","coordinates":[425.94,495.42]}},{"type":"Feature","properties":{"id":"LC_JCT_0979","kind":"fork","degree":3,"road_types":["residential"]},"geometry":{"type":"Point","coordinates":[427.26,479.38]}},{"type":"Feature","properties":{"id":"LC_JCT_0980","kind":"angled","degree":3,"road_types":["residential"]},"geometry":{"type":"Point","coordinates":[427.5,503.5]}},{"type":"Feature","properties":{"id":"LC_JCT_0981","kind":"angled","degree":4,"road_types":["residential"]},"geometry":{"type":"Point","coordinates":[427.7,502.33]}},{"type":"Feature","properties":{"id":"LC_JCT_0982","kind":"angled","degree":3,"road_types":["residential"]},"geometry":{"type":"Point","coordinates":[428.5,497.5]}},{"type":"Feature","properties":{"id":"LC_JCT_0983","kind":"angled","degree":4,"road_types":["residential"]},"geometry":{"type":"Point","coordinates":[429.25,479.9]}},{"type":"Feature","properties":{"id":"LC_JCT_0984","kind":"angled","degree":3,"road_types":["residential"]},"geometry":{"type":"Point","coordinates":[431.5,481.5]}},{"type":"Feature","properties":{"id":"LC_JCT_0985","kind":"angled","degree":3,"road_types":["residential"]},"geometry":{"type":"Point","coordinates":[431.5,483.5]}},{"type":"Feature","properties":{"id":"LC_JCT_0986","kind":"angled","degree":4,"road_types":["residential"]},"geometry":{"type":"Point","coordinates":[431.9,507.17]}},{"type":"Feature","properties":{"id":"LC_JCT_0987","kind":"angled","degree":4,"road_types":["residential"]},"geometry":{"type":"Point","coordinates":[432.6,507.75]}},{"type":"Feature","properties":{"id":"LC_JCT_0988","kind":"angled","degree":3,"road_types":["residential"]},"geometry":{"type":"Point","coordinates":[433.5,508.5]}},{"type":"Feature","properties":{"id":"LC_JCT_0989","kind":"angled","degree":4,"road_types":["residential"]},"geometry":{"type":"Point","coordinates":[441.5,507.5]}},{"type":"Feature","properties":{"id":"LC_JCT_0990","kind":"T","degree":3,"road_types":["residential"]},"geometry":{"type":"Point","coordinates":[442.5,493.5]}},{"type":"Feature","properties":{"id":"LC_JCT_0991","kind":"T","degree":3,"road_types":["residential"]},"geometry":{"type":"Point","coordinates":[447.86,492.27]}},{"type":"Feature","properties":{"id":"LC_JCT_0992","kind":"T","degree":3,"road_types":["residential"]},"geometry":{"type":"Point","coordinates":[453.5,512.5]}},{"type":"Feature","properties":{"id":"LC_JCT_0993","kind":"angled","degree":3,"road_types":["residential"]},"geometry":{"type":"Point","coordinates":[457.5,513.5]}},{"type":"Feature","properties":{"id":"LC_JCT_0994","kind":"T","degree":3,"road_types":["residential"]},"geometry":{"type":"Point","coordinates":[457.5,515.5]}},{"type":"Feature","properties":{"id":"LC_JCT_0995","kind":"T","degree":3,"road_types":["residential"]},"geometry":{"type":"Point","coordinates":[457.5,521.5]}},{"type":"Feature","properties":{"id":"LC_JCT_0996","kind":"T","degree":3,"road_types":["residential"]},"geometry":{"type":"Point","coordinates":[458.5,502.5]}},{"type":"Feature","properties":{"id":"LC_JCT_0997","kind":"end","degree":1,"road_types":["residential"]},"geometry":{"type":"Point","coordinates":[459.5,495.5]}},{"type":"Feature","properties":{"id":"LC_JCT_0998","kind":"angled","degree":4,"road_types":["residential"]},"geometry":{"type":"Point","coordinates":[460.5,502.5]}},{"type":"Feature","properties":{"id":"LC_JCT_0999","kind":"end","degree":1,"road_types":["residential"]},"geometry":{"type":"Point","coordinates":[467.5,502.5]}},{"type":"Feature","properties":{"id":"LC_JCT_1000","kind":"T","degree":3,"road_types":["residential"]},"geometry":{"type":"Point","coordinates":[471.64,487.77]}},{"type":"Feature","properties":{"id":"LC_JCT_1001","kind":"end","degree":1,"road_types":["residential"]},"geometry":{"type":"Point","coordinates":[499.5,523.5]}},{"type":"Feature","properties":{"id":"RU_JCT_0289","kind":"end","degree":1,"road_types":["rural"]},"geometry":{"type":"Point","coordinates":[703.5,493.5]}},{"type":"Feature","properties":{"id":"RU_JCT_0290","kind":"end","degree":1,"road_types":["rural"]},"geometry":{"type":"Point","coordinates":[703.5,502.5]}},{"type":"Feature","properties":{"id":"RU_JCT_0291","kind":"end","degree":1,"road_types":["rural"]},"geometry":{"type":"Point","coordinates":[734.5,476.5]}},{"type":"Feature","properties":{"id":"RU_JCT_0292","kind":"end","degree":1,"road_types":["rural"]},"geometry":{"type":"Point","coordinates":[772.5,477.5]}},{"type":"Feature","properties":{"id":"RU_JCT_0293","kind":"type_change","degree":2,"road_types":["rural"]},"geometry":{"type":"Point","coordinates":[776.5,515.5]}},{"type":"Feature","properties":{"id":"RU_JCT_0294","kind":"end","degree":1,"road_types":["rural"]},"geometry":{"type":"Point","coordinates":[870.5,492.5]}},{"type":"Feature","properties":{"id":"RU_JCT_0295","kind":"angled","degree":3,"road_types":["rural"]},"geometry":{"type":"Point","coordinates":[878.95,497.86]}},{"type":"Feature","properties":{"id":"RU_JCT_0296","kind":"end","degree":1,"road_types":["rural"]},"geometry":{"type":"Point","coordinates":[898.5,505.5]}},{"type":"Feature","properties":{"id":"RU_JCT_0297","kind":"T","degree":3,"road_types":["rural"]},"geometry":{"type":"Point","coordinates":[905.5,490.5]}},{"type":"Feature","properties":{"id":"RU_JCT_0298","kind":"end","degree":1,"road_types":["rural"]},"geometry":{"type":"Point","coordinates":[908.5,496.5]}},{"type":"Feature","properties":{"id":"RU_JCT_0299","kind":"angled","degree":3,"road_types":["rural"]},"geometry":{"type":"Point","coordinates":[915.5,480.5]}},{"type":"Feature","properties":{"id":"RU_JCT_0300","kind":"end","degree":1,"road_types":["rural"]},"geometry":{"type":"Point","coordinates":[921.5,484.5]}},{"type":"Feature","properties":{"id":"RU_JCT_0301","kind":"end","degree":1,"road_types":["rural"]},"geometry":{"type":"Point","coordinates":[979.5,490.5]}},{"type":"Feature","properties":{"id":"RU_JCT_0302","kind":"angled","degree":3,"road_types":["residential","rural"]},"geometry":{"type":"Point","coordinates":[1087.5,478.5]}},{"type":"Feature","properties":{"id":"RU_JCT_0303","kind":"fork","degree":3,"road_types":["rural"]},"geometry":{"type":"Point","coordinates":[1095.5,485.5]}},{"type":"Feature","properties":{"id":"RU_JCT_0304","kind":"fork","degree":3,"road_types":["rural"]},"geometry":{"type":"Point","coordinates":[1100.5,489.5]}},{"type":"Feature","properties":{"id":"RU_JCT_0305","kind":"end","degree":1,"road_types":["rural"]},"geometry":{"type":"Point","coordinates":[1126.5,499.5]}},{"type":"Feature","properties":{"id":"RU_JCT_0306","kind":"end","degree":1,"road_types":["rural"]},"geometry":{"type":"Point","coordinates":[1164.5,502.5]}},{"type":"Feature","properties":{"id":"RU_JCT_0307","kind":"angled","degree":3,"road_types":["rural"]},"geometry":{"type":"Point","coordinates":[1171.5,500.5]}},{"type":"Feature","properties":{"id":"RU_JCT_0308","kind":"angled","degree":3,"road_types":["rural"]},"geometry":{"type":"Point","coordinates":[1177.5,478.5]}},{"type":"Feature","properties":{"id":"RU_JCT_0309","kind":"angled","degree":3,"road_types":["rural"]},"geometry":{"type":"Point","coordinates":[1177.75,488.62]}},{"type":"Feature","properties":{"id":"RU_JCT_0310","kind":"T","degree":3,"road_types":["rural"]},"geometry":{"type":"Point","coordinates":[1180.5,503.5]}},{"type":"Feature","properties":{"id":"RU_JCT_0311","kind":"end","degree":1,"road_types":["rural"]},"geometry":{"type":"Point","coordinates":[1192.5,512.5]}},{"type":"Feature","properties":{"id":"RU_JCT_0312","kind":"end","degree":1,"road_types":["rural"]},"geometry":{"type":"Point","coordinates":[1238.5,505.5]}},{"type":"Feature","properties":{"id":"RU_JCT_0313","kind":"end","degree":1,"road_types":["rural"]},"geometry":{"type":"Point","coordinates":[1267.5,491.5]}},{"type":"Feature","properties":{"id":"RU_JCT_0314","kind":"T","degree":3,"road_types":["rural"]},"geometry":{"type":"Point","coordinates":[1271.84,509.3]}},{"type":"Feature","properties":{"id":"RU_JCT_0315","kind":"multi","degree":5,"road_types":["rural"]},"geometry":{"type":"Point","coordinates":[1281.5,512.5]}},{"type":"Feature","properties":{"id":"RU_JCT_0316","kind":"angled","degree":4,"road_types":["rural"]},"geometry":{"type":"Point","coordinates":[1282.24,512.2]}},{"type":"Feature","properties":{"id":"RU_JCT_0317","kind":"fork","degree":3,"road_types":["rural"]},"geometry":{"type":"Point","coordinates":[1287.0,511.74]}},{"type":"Feature","properties":{"id":"RU_JCT_0318","kind":"end","degree":1,"road_types":["rural"]},"geometry":{"type":"Point","coordinates":[1289.5,500.5]}},{"type":"Feature","properties":{"id":"RU_JCT_0319","kind":"end","degree":1,"road_types":["rural"]},"geometry":{"type":"Point","coordinates":[1341.5,479.5]}},{"type":"Feature","properties":{"id":"RU_JCT_0320","kind":"end","degree":1,"road_types":["rural"]},"geometry":{"type":"Point","coordinates":[1426.5,484.5]}},{"type":"Feature","properties":{"id":"RU_JCT_0321","kind":"end","degree":1,"road_types":["rural"]},"geometry":{"type":"Point","coordinates":[1436.5,478.5]}},{"type":"Feature","properties":{"id":"TV_JCT_0881","kind":"fork","degree":3,"road_types":["residential"]},"geometry":{"type":"Point","coordinates":[1608.5,478.5]}},{"type":"Feature","properties":{"id":"TV_JCT_0882","kind":"T","degree":3,"road_types":["residential"]},"geometry":{"type":"Point","coordinates":[1609.5,497.5]}},{"type":"Feature","properties":{"id":"TV_JCT_0883","kind":"fork","degree":3,"road_types":["residential"]},"geometry":{"type":"Point","coordinates":[1611.5,477.5]}},{"type":"Feature","properties":{"id":"TV_JCT_0884","kind":"T","degree":3,"road_types":["residential"]},"geometry":{"type":"Point","coordinates":[1615.5,498.5]}},{"type":"Feature","properties":{"id":"TV_JCT_0885","kind":"T","degree":3,"road_types":["residential"]},"geometry":{"type":"Point","coordinates":[1622.5,496.5]}},{"type":"Feature","properties":{"id":"TV_JCT_0886","kind":"angled","degree":3,"road_types":["residential"]},"geometry":{"type":"Point","coordinates":[1624.5,476.5]}},{"type":"Feature","properties":{"id":"TV_JCT_0887","kind":"T","degree":3,"road_types":["residential"]},"geometry":{"type":"Point","coordinates":[1624.5,478.5]}},{"type":"Feature","properties":{"id":"TV_JCT_0888","kind":"T","degree":3,"road_types":["residential"]},"geometry":{"type":"Point","coordinates":[1626.5,484.5]}},{"type":"Feature","properties":{"id":"TV_JCT_0889","kind":"T","degree":3,"road_types":["residential"]},"geometry":{"type":"Point","coordinates":[1626.5,491.5]}},{"type":"Feature","properties":{"id":"TV_JCT_0890","kind":"T","degree":3,"road_types":["residential"]},"geometry":{"type":"Point","coordinates":[1628.5,496.5]}},{"type":"Feature","properties":{"id":"TV_JCT_0891","kind":"T","degree":3,"road_types":["residential"]},"geometry":{"type":"Point","coordinates":[1630.5,480.5]}},{"type":"Feature","properties":{"id":"TV_JCT_0892","kind":"T","degree":3,"road_types":["residential"]},"geometry":{"type":"Point","coordinates":[1630.5,501.5]}},{"type":"Feature","properties":{"id":"TV_JCT_0893","kind":"T","degree":3,"road_types":["residential"]},"geometry":{"type":"Point","coordinates":[1632.5,506.5]}},{"type":"Feature","properties":{"id":"TV_JCT_0894","kind":"T","degree":3,"road_types":["residential"]},"geometry":{"type":"Point","coordinates":[1634.5,514.5]}},{"type":"Feature","properties":{"id":"TV_JCT_0895","kind":"T","degree":3,"road_types":["residential"]},"geometry":{"type":"Point","coordinates":[1634.5,522.5]}},{"type":"Feature","properties":{"id":"TV_JCT_0896","kind":"fork","degree":3,"road_types":["residential"]},"geometry":{"type":"Point","coordinates":[1635.5,500.5]}},{"type":"Feature","properties":{"id":"TV_JCT_0897","kind":"T","degree":3,"road_types":["residential"]},"geometry":{"type":"Point","coordinates":[1635.5,506.5]}},{"type":"Feature","properties":{"id":"TV_JCT_0898","kind":"T","degree":3,"road_types":["residential"]},"geometry":{"type":"Point","coordinates":[1638.5,506.5]}},{"type":"Feature","properties":{"id":"TV_JCT_0899","kind":"T","degree":3,"road_types":["residential"]},"geometry":{"type":"Point","coordinates":[1638.5,514.5]}},{"type":"Feature","properties":{"id":"TV_JCT_0900","kind":"T","degree":3,"road_types":["residential"]},"geometry":{"type":"Point","coordinates":[1639.5,484.5]}},{"type":"Feature","properties":{"id":"TV_JCT_0901","kind":"angled","degree":3,"road_types":["residential"]},"geometry":{"type":"Point","coordinates":[1642.5,483.5]}},{"type":"Feature","properties":{"id":"TV_JCT_0902","kind":"fork","degree":3,"road_types":["residential"]},"geometry":{"type":"Point","coordinates":[1646.5,491.5]}},{"type":"Feature","properties":{"id":"TV_JCT_0903","kind":"T","degree":3,"road_types":["residential"]},"geometry":{"type":"Point","coordinates":[1690.5,518.5]}},{"type":"Feature","properties":{"id":"TV_JCT_0904","kind":"angled","degree":3,"road_types":["residential"]},"geometry":{"type":"Point","coordinates":[1690.5,523.5]}},{"type":"Feature","properties":{"id":"TV_JCT_0905","kind":"angled","degree":3,"road_types":["residential"]},"geometry":{"type":"Point","coordinates":[1699.5,518.5]}},{"type":"Feature","properties":{"id":"TV_JCT_0906","kind":"T","degree":3,"road_types":["residential"]},"geometry":{"type":"Point","coordinates":[1711.5,492.5]}},{"type":"Feature","properties":{"id":"TV_JCT_0907","kind":"T","degree":3,"road_types":["residential"]},"geometry":{"type":"Point","coordinates":[1713.5,501.5]}},{"type":"Feature","properties":{"id":"TV_JCT_0908","kind":"T","degree":3,"road_types":["residential"]},"geometry":{"type":"Point","coordinates":[1713.5,507.5]}},{"type":"Feature","properties":{"id":"TV_JCT_0909","kind":"end","degree":1,"road_types":["residential"]},"geometry":{"type":"Point","coordinates":[1722.5,504.5]}},{"type":"Feature","properties":{"id":"TV_JCT_0910","kind":"end","degree":1,"road_types":["urban_street"]},"geometry":{"type":"Point","coordinates":[1769.5,487.5]}},{"type":"Feature","properties":{"id":"TV_JCT_0911","kind":"city","degree":3,"road_types":["urban_street"]},"geometry":{"type":"Point","coordinates":[1780.5,491.5]}},{"type":"Feature","properties":{"id":"TV_JCT_0912","kind":"angled","degree":3,"road_types":["urban_street"]},"geometry":{"type":"Point","coordinates":[1785.5,498.5]}},{"type":"Feature","properties":{"id":"TV_JCT_0913","kind":"city","degree":3,"road_types":["urban_street"]},"geometry":{"type":"Point","coordinates":[1788.5,493.5]}},{"type":"Feature","properties":{"id":"TV_JCT_0914","kind":"end","degree":1,"road_types":["urban_street"]},"geometry":{"type":"Point","coordinates":[1790.5,514.5]}},{"type":"Feature","properties":{"id":"TV_JCT_0915","kind":"city","degree":3,"road_types":["urban_street"]},"geometry":{"type":"Point","coordinates":[1807.5,481.5]}},{"type":"Feature","properties":{"id":"TV_JCT_0916","kind":"angled","degree":3,"road_types":["urban_street"]},"geometry":{"type":"Point","coordinates":[1808.5,477.5]}},{"type":"Feature","properties":{"id":"TV_JCT_0917","kind":"city","degree":4,"road_types":["urban_street"]},"geometry":{"type":"Point","coordinates":[1831.5,492.5]}},{"type":"Feature","properties":{"id":"TV_JCT_0918","kind":"angled","degree":3,"road_types":["urban_street"]},"geometry":{"type":"Point","coordinates":[1831.5,482.5]}},{"type":"Feature","properties":{"id":"TV_JCT_0919","kind":"angled","degree":3,"road_types":["urban_street"]},"geometry":{"type":"Point","coordinates":[1839.5,476.5]}},{"type":"Feature","properties":{"id":"TV_JCT_0920","kind":"angled","degree":3,"road_types":["urban_street"]},"geometry":{"type":"Point","coordinates":[1844.5,497.5]}},{"type":"Feature","properties":{"id":"TV_JCT_0921","kind":"city","degree":3,"road_types":["urban_street"]},"geometry":{"type":"Point","coordinates":[1845.5,475.5]}},{"type":"Feature","properties":{"id":"TV_JCT_0922","kind":"angled","degree":3,"road_types":["urban_street"]},"geometry":{"type":"Point","coordinates":[1854.5,478.5]}},{"type":"Feature","properties":{"id":"TV_JCT_0923","kind":"city","degree":3,"road_types":["urban_street"]},"geometry":{"type":"Point","coordinates":[1857.5,475.5]}},{"type":"Feature","properties":{"id":"TV_JCT_0924","kind":"city","degree":3,"road_types":["urban_street"]},"geometry":{"type":"Point","coordinates":[1860.5,493.5]}},{"type":"Feature","properties":{"id":"TV_JCT_0925","kind":"city","degree":3,"road_types":["urban_street"]},"geometry":{"type":"Point","coordinates":[1860.5,495.5]}},{"type":"Feature","properties":{"id":"TV_JCT_0926","kind":"angled","degree":3,"road_types":["urban_street"]},"geometry":{"type":"Point","coordinates":[1862.5,499.5]}},{"type":"Feature","properties":{"id":"TV_JCT_0927","kind":"city","degree":3,"road_types":["urban_street"]},"geometry":{"type":"Point","coordinates":[1866.5,488.5]}},{"type":"Feature","properties":{"id":"TV_JCT_0928","kind":"angled","degree":3,"road_types":["urban_street"]},"geometry":{"type":"Point","coordinates":[1871.5,508.5]}},{"type":"Feature","properties":{"id":"TV_JCT_0929","kind":"city","degree":3,"road_types":["urban_street"]},"geometry":{"type":"Point","coordinates":[1876.5,517.5]}},{"type":"Feature","properties":{"id":"TV_JCT_0930","kind":"city","degree":3,"road_types":["urban_street"]},"geometry":{"type":"Point","coordinates":[1879.5,512.5]}},{"type":"Feature","properties":{"id":"TV_JCT_0931","kind":"city","degree":3,"road_types":["urban_street"]},"geometry":{"type":"Point","coordinates":[1883.5,476.5]}},{"type":"Feature","properties":{"id":"TV_JCT_0932","kind":"angled","degree":3,"road_types":["urban_street"]},"geometry":{"type":"Point","coordinates":[1895.5,500.5]}},{"type":"Feature","properties":{"id":"TV_JCT_0933","kind":"city","degree":3,"road_types":["urban_street"]},"geometry":{"type":"Point","coordinates":[1895.5,504.5]}},{"type":"Feature","properties":{"id":"TV_JCT_0934","kind":"city","degree":3,"road_types":["urban_street"]},"geometry":{"type":"Point","coordinates":[1897.5,500.5]}},{"type":"Feature","properties":{"id":"TV_JCT_0935","kind":"angled","degree":3,"road_types":["urban_street"]},"geometry":{"type":"Point","coordinates":[1903.5,511.5]}},{"type":"Feature","properties":{"id":"TV_JCT_0936","kind":"angled","degree":3,"road_types":["urban_street"]},"geometry":{"type":"Point","coordinates":[1905.5,491.5]}},{"type":"Feature","properties":{"id":"TV_JCT_0937","kind":"angled","degree":3,"road_types":["urban_street"]},"geometry":{"type":"Point","coordinates":[1906.5,521.5]}},{"type":"Feature","properties":{"id":"TV_JCT_0938","kind":"angled","degree":3,"road_types":["urban_street"]},"geometry":{"type":"Point","coordinates":[1907.5,505.5]}},{"type":"Feature","properties":{"id":"TV_JCT_0939","kind":"city","degree":3,"road_types":["urban_street"]},"geometry":{"type":"Point","coordinates":[1910.5,492.5]}},{"type":"Feature","properties":{"id":"TV_JCT_0940","kind":"city","degree":3,"road_types":["urban_street"]},"geometry":{"type":"Point","coordinates":[1910.5,499.5]}},{"type":"Feature","properties":{"id":"TV_JCT_0941","kind":"angled","degree":3,"road_types":["urban_street"]},"geometry":{"type":"Point","coordinates":[1910.5,504.5]}},{"type":"Feature","properties":{"id":"TV_JCT_0942","kind":"city","degree":3,"road_types":["urban_street"]},"geometry":{"type":"Point","coordinates":[1919.5,498.5]}},{"type":"Feature","properties":{"id":"TV_JCT_0943","kind":"city","degree":3,"road_types":["urban_street"]},"geometry":{"type":"Point","coordinates":[1926.5,515.5]}},{"type":"Feature","properties":{"id":"TV_JCT_0944","kind":"city","degree":3,"road_types":["urban_street"]},"geometry":{"type":"Point","coordinates":[1928.5,516.5]}},{"type":"Feature","properties":{"id":"TV_JCT_0945","kind":"angled","degree":3,"road_types":["urban_street"]},"geometry":{"type":"Point","coordinates":[1928.5,518.5]}},{"type":"Feature","properties":{"id":"LC_JCT_1002","kind":"end","degree":1,"road_types":["residential"]},"geometry":{"type":"Point","coordinates":[104.5,551.5]}},{"type":"Feature","properties":{"id":"LC_JCT_1003","kind":"angled","degree":3,"road_types":["residential"]},"geometry":{"type":"Point","coordinates":[107.5,542.5]}},{"type":"Feature","properties":{"id":"LC_JCT_1004","kind":"T","degree":3,"road_types":["residential"]},"geometry":{"type":"Point","coordinates":[109.5,542.5]}},{"type":"Feature","properties":{"id":"LC_JCT_1005","kind":"angled","degree":3,"road_types":["residential"]},"geometry":{"type":"Point","coordinates":[110.5,536.5]}},{"type":"Feature","properties":{"id":"LC_JCT_1006","kind":"angled","degree":3,"road_types":["residential"]},"geometry":{"type":"Point","coordinates":[116.5,527.5]}},{"type":"Feature","properties":{"id":"LC_JCT_1007","kind":"end","degree":1,"road_types":["residential"]},"geometry":{"type":"Point","coordinates":[117.5,540.5]}},{"type":"Feature","properties":{"id":"LC_JCT_1008","kind":"end","degree":1,"road_types":["residential"]},"geometry":{"type":"Point","coordinates":[128.5,530.5]}},{"type":"Feature","properties":{"id":"LC_JCT_1009","kind":"end","degree":1,"road_types":["residential"]},"geometry":{"type":"Point","coordinates":[179.5,537.5]}},{"type":"Feature","properties":{"id":"LC_JCT_1010","kind":"T","degree":3,"road_types":["residential"]},"geometry":{"type":"Point","coordinates":[187.5,537.5]}},{"type":"Feature","properties":{"id":"LC_JCT_1011","kind":"T","degree":3,"road_types":["collector","residential"]},"geometry":{"type":"Point","coordinates":[198.5,538.5]}},{"type":"Feature","properties":{"id":"LC_JCT_1012","kind":"T","degree":3,"road_types":["collector","residential"]},"geometry":{"type":"Point","coordinates":[199.71,561.6]}},{"type":"Feature","properties":{"id":"LC_JCT_1013","kind":"T","degree":3,"road_types":["residential"]},"geometry":{"type":"Point","coordinates":[227.5,558.5]}},{"type":"Feature","properties":{"id":"LC_JCT_1014","kind":"angled","degree":3,"road_types":["residential"]},"geometry":{"type":"Point","coordinates":[232.5,554.5]}},{"type":"Feature","properties":{"id":"LC_JCT_1015","kind":"T","degree":3,"road_types":["residential"]},"geometry":{"type":"Point","coordinates":[234.5,554.5]}},{"type":"Feature","properties":{"id":"LC_JCT_1016","kind":"T","degree":3,"road_types":["residential"]},"geometry":{"type":"Point","coordinates":[247.5,571.5]}},{"type":"Feature","properties":{"id":"LC_JCT_1017","kind":"angled","degree":3,"road_types":["residential"]},"geometry":{"type":"Point","coordinates":[249.94,548.7]}},{"type":"Feature","properties":{"id":"LC_JCT_1018","kind":"fork","degree":3,"road_types":["residential"]},"geometry":{"type":"Point","coordinates":[250.5,533.5]}},{"type":"Feature","properties":{"id":"LC_JCT_1019","kind":"end","degree":1,"road_types":["residential"]},"geometry":{"type":"Point","coordinates":[257.5,551.5]}},{"type":"Feature","properties":{"id":"LC_JCT_1020","kind":"T","degree":3,"road_types":["residential"]},"geometry":{"type":"Point","coordinates":[261.5,573.5]}},{"type":"Feature","properties":{"id":"LC_JCT_1021","kind":"end","degree":1,"road_types":["residential"]},"geometry":{"type":"Point","coordinates":[281.5,568.5]}},{"type":"Feature","properties":{"id":"LC_JCT_1022","kind":"T","degree":3,"road_types":["residential"]},"geometry":{"type":"Point","coordinates":[285.5,574.5]}},{"type":"Feature","properties":{"id":"LC_JCT_1023","kind":"end","degree":1,"road_types":["residential"]},"geometry":{"type":"Point","coordinates":[319.5,538.5]}},{"type":"Feature","properties":{"id":"LC_JCT_1024","kind":"end","degree":1,"road_types":["residential"]},"geometry":{"type":"Point","coordinates":[333.5,550.5]}},{"type":"Feature","properties":{"id":"LC_JCT_1025","kind":"angled","degree":3,"road_types":["residential"]},"geometry":{"type":"Point","coordinates":[337.5,574.5]}},{"type":"Feature","properties":{"id":"LC_JCT_1026","kind":"end","degree":1,"road_types":["residential"]},"geometry":{"type":"Point","coordinates":[347.5,538.5]}},{"type":"Feature","properties":{"id":"LC_JCT_1027","kind":"cross","degree":4,"road_types":["residential"]},"geometry":{"type":"Point","coordinates":[348.5,558.5]}},{"type":"Feature","properties":{"id":"LC_JCT_1028","kind":"angled","degree":3,"road_types":["residential"]},"geometry":{"type":"Point","coordinates":[354.5,544.5]}},{"type":"Feature","properties":{"id":"LC_JCT_1029","kind":"angled","degree":3,"road_types":["residential"]},"geometry":{"type":"Point","coordinates":[364.5,535.5]}},{"type":"Feature","properties":{"id":"LC_JCT_1030","kind":"end","degree":1,"road_types":["residential"]},"geometry":{"type":"Point","coordinates":[371.5,543.5]}},{"type":"Feature","properties":{"id":"LC_JCT_1031","kind":"angled","degree":4,"road_types":["collector","residential"]},"geometry":{"type":"Point","coordinates":[379.1,563.7]}},{"type":"Feature","properties":{"id":"LC_JCT_1032","kind":"fork","degree":3,"road_types":["collector","residential"]},"geometry":{"type":"Point","coordinates":[383.61,558.2]}},{"type":"Feature","properties":{"id":"LC_JCT_1033","kind":"end","degree":1,"road_types":["collector"]},"geometry":{"type":"Point","coordinates":[398.5,529.03]}},{"type":"Feature","properties":{"id":"LC_JCT_1034","kind":"angled","degree":3,"road_types":["residential"]},"geometry":{"type":"Point","coordinates":[496.5,531.5]}},{"type":"Feature","properties":{"id":"LC_JCT_1035","kind":"end","degree":1,"road_types":["residential"]},"geometry":{"type":"Point","coordinates":[508.5,541.5]}},{"type":"Feature","properties":{"id":"RU_JCT_0322","kind":"type_change","degree":2,"road_types":["rural"]},"geometry":{"type":"Point","coordinates":[746.5,532.5]}},{"type":"Feature","properties":{"id":"RU_JCT_0323","kind":"end","degree":1,"road_types":["rural"]},"geometry":{"type":"Point","coordinates":[826.5,567.5]}},{"type":"Feature","properties":{"id":"RU_JCT_0324","kind":"angled","degree":3,"road_types":["rural"]},"geometry":{"type":"Point","coordinates":[829.5,574.5]}},{"type":"Feature","properties":{"id":"RU_JCT_0325","kind":"end","degree":1,"road_types":["rural"]},"geometry":{"type":"Point","coordinates":[876.5,532.5]}},{"type":"Feature","properties":{"id":"RU_JCT_0326","kind":"end","degree":1,"road_types":["rural"]},"geometry":{"type":"Point","coordinates":[892.5,538.5]}},{"type":"Feature","properties":{"id":"RU_JCT_0327","kind":"end","degree":1,"road_types":["rural"]},"geometry":{"type":"Point","coordinates":[954.5,568.5]}},{"type":"Feature","properties":{"id":"RU_JCT_0328","kind":"end","degree":1,"road_types":["rural"]},"geometry":{"type":"Point","coordinates":[956.5,542.5]}},{"type":"Feature","properties":{"id":"RU_JCT_0329","kind":"T","degree":3,"road_types":["rural"]},"geometry":{"type":"Point","coordinates":[1216.5,530.5]}},{"type":"Feature","properties":{"id":"RU_JCT_0330","kind":"end","degree":1,"road_types":["rural"]},"geometry":{"type":"Point","coordinates":[1224.5,528.5]}},{"type":"Feature","properties":{"id":"RU_JCT_0331","kind":"end","degree":1,"road_types":["rural"]},"geometry":{"type":"Point","coordinates":[1272.5,574.5]}},{"type":"Feature","properties":{"id":"RU_JCT_0332","kind":"end","degree":1,"road_types":["rural"]},"geometry":{"type":"Point","coordinates":[1276.5,547.5]}},{"type":"Feature","properties":{"id":"RU_JCT_0333","kind":"fork","degree":3,"road_types":["rural"]},"geometry":{"type":"Point","coordinates":[1337.41,538.65]}},{"type":"Feature","properties":{"id":"RU_JCT_0334","kind":"T","degree":3,"road_types":["rural"]},"geometry":{"type":"Point","coordinates":[1343.5,561.5]}},{"type":"Feature","properties":{"id":"RU_JCT_0335","kind":"T","degree":3,"road_types":["rural"]},"geometry":{"type":"Point","coordinates":[1355.5,560.5]}},{"type":"Feature","properties":{"id":"RU_JCT_0336","kind":"T","degree":3,"road_types":["rural"]},"geometry":{"type":"Point","coordinates":[1356.5,562.5]}},{"type":"Feature","properties":{"id":"RU_JCT_0337","kind":"T","degree":3,"road_types":["rural"]},"geometry":{"type":"Point","coordinates":[1356.5,568.5]}},{"type":"Feature","properties":{"id":"RU_JCT_0338","kind":"end","degree":1,"road_types":["rural"]},"geometry":{"type":"Point","coordinates":[1363.5,553.5]}},{"type":"Feature","properties":{"id":"RU_JCT_0339","kind":"end","degree":1,"road_types":["rural"]},"geometry":{"type":"Point","coordinates":[1379.5,560.5]}},{"type":"Feature","properties":{"id":"RU_JCT_0340","kind":"end","degree":1,"road_types":["rural"]},"geometry":{"type":"Point","coordinates":[1444.5,540.5]}},{"type":"Feature","properties":{"id":"RU_JCT_0341","kind":"end","degree":1,"road_types":["rural"]},"geometry":{"type":"Point","coordinates":[1447.5,525.5]}},{"type":"Feature","properties":{"id":"RU_JCT_0342","kind":"end","degree":1,"road_types":["rural"]},"geometry":{"type":"Point","coordinates":[1471.5,553.5]}},{"type":"Feature","properties":{"id":"RU_JCT_0343","kind":"end","degree":1,"road_types":["rural"]},"geometry":{"type":"Point","coordinates":[1472.5,560.5]}},{"type":"Feature","properties":{"id":"RU_JCT_0344","kind":"type_change","degree":2,"road_types":["rural"]},"geometry":{"type":"Point","coordinates":[1483.5,528.5]}},{"type":"Feature","properties":{"id":"RU_JCT_0345","kind":"end","degree":1,"road_types":["rural"]},"geometry":{"type":"Point","coordinates":[1560.5,571.5]}},{"type":"Feature","properties":{"id":"TV_JCT_0946","kind":"end","degree":1,"road_types":["residential"]},"geometry":{"type":"Point","coordinates":[1619.5,535.5]}},{"type":"Feature","properties":{"id":"TV_JCT_0947","kind":"end","degree":1,"road_types":["residential"]},"geometry":{"type":"Point","coordinates":[1648.5,574.5]}},{"type":"Feature","properties":{"id":"TV_JCT_0948","kind":"end","degree":1,"road_types":["residential"]},"geometry":{"type":"Point","coordinates":[1649.5,555.5]}},{"type":"Feature","properties":{"id":"TV_JCT_0949","kind":"angled","degree":3,"road_types":["residential"]},"geometry":{"type":"Point","coordinates":[1652.5,569.5]}},{"type":"Feature","properties":{"id":"TV_JCT_0950","kind":"T","degree":3,"road_types":["residential"]},"geometry":{"type":"Point","coordinates":[1659.5,570.5]}},{"type":"Feature","properties":{"id":"TV_JCT_0951","kind":"end","degree":1,"road_types":["residential"]},"geometry":{"type":"Point","coordinates":[1667.5,567.5]}},{"type":"Feature","properties":{"id":"TV_JCT_0952","kind":"T","degree":3,"road_types":["residential"]},"geometry":{"type":"Point","coordinates":[1695.5,530.5]}},{"type":"Feature","properties":{"id":"TV_JCT_0953","kind":"angled","degree":3,"road_types":["residential"]},"geometry":{"type":"Point","coordinates":[1699.5,547.5]}},{"type":"Feature","properties":{"id":"TV_JCT_0954","kind":"angled","degree":3,"road_types":["residential"]},"geometry":{"type":"Point","coordinates":[1701.5,530.5]}},{"type":"Feature","properties":{"id":"TV_JCT_0955","kind":"T","degree":3,"road_types":["residential"]},"geometry":{"type":"Point","coordinates":[1702.5,525.5]}},{"type":"Feature","properties":{"id":"TV_JCT_0956","kind":"angled","degree":3,"road_types":["residential"]},"geometry":{"type":"Point","coordinates":[1709.5,535.5]}},{"type":"Feature","properties":{"id":"TV_JCT_0957","kind":"T","degree":3,"road_types":["residential"]},"geometry":{"type":"Point","coordinates":[1712.5,531.5]}},{"type":"Feature","properties":{"id":"TV_JCT_0958","kind":"angled","degree":3,"road_types":["residential"]},"geometry":{"type":"Point","coordinates":[1712.5,533.5]}},{"type":"Feature","properties":{"id":"TV_JCT_0959","kind":"end","degree":1,"road_types":["residential"]},"geometry":{"type":"Point","coordinates":[1729.5,553.5]}},{"type":"Feature","properties":{"id":"TV_JCT_0960","kind":"angled","degree":3,"road_types":["residential"]},"geometry":{"type":"Point","coordinates":[1730.5,544.5]}},{"type":"Feature","properties":{"id":"TV_JCT_0961","kind":"T","degree":3,"road_types":["residential"]},"geometry":{"type":"Point","coordinates":[1748.5,537.5]}},{"type":"Feature","properties":{"id":"TV_JCT_0962","kind":"angled","degree":3,"road_types":["residential"]},"geometry":{"type":"Point","coordinates":[1765.5,540.5]}},{"type":"Feature","properties":{"id":"TV_JCT_0963","kind":"T","degree":3,"road_types":["residential"]},"geometry":{"type":"Point","coordinates":[1774.5,553.5]}},{"type":"Feature","properties":{"id":"TV_JCT_0964","kind":"city","degree":3,"road_types":["urban_street"]},"geometry":{"type":"Point","coordinates":[1899.5,533.5]}},{"type":"Feature","properties":{"id":"TV_JCT_0965","kind":"end","degree":1,"road_types":["urban_street"]},"geometry":{"type":"Point","coordinates":[1900.5,562.5]}},{"type":"Feature","properties":{"id":"TV_JCT_0966","kind":"angled","degree":3,"road_types":["urban_street"]},"geometry":{"type":"Point","coordinates":[1902.5,525.5]}},{"type":"Feature","properties":{"id":"TV_JCT_0967","kind":"angled","degree":3,"road_types":["urban_street"]},"geometry":{"type":"Point","coordinates":[1902.5,528.5]}},{"type":"Feature","properties":{"id":"TV_JCT_0968","kind":"angled","degree":3,"road_types":["residential","urban_street"]},"geometry":{"type":"Point","coordinates":[1905.5,570.5]}},{"type":"Feature","properties":{"id":"TV_JCT_0969","kind":"angled","degree":3,"road_types":["urban_street"]},"geometry":{"type":"Point","coordinates":[1908.5,532.5]}},{"type":"Feature","properties":{"id":"TV_JCT_0970","kind":"city","degree":3,"road_types":["urban_street"]},"geometry":{"type":"Point","coordinates":[1908.5,537.5]}},{"type":"Feature","properties":{"id":"TV_JCT_0971","kind":"angled","degree":3,"road_types":["urban_street"]},"geometry":{"type":"Point","coordinates":[1910.5,538.5]}},{"type":"Feature","properties":{"id":"TV_JCT_0972","kind":"end","degree":1,"road_types":["residential"]},"geometry":{"type":"Point","coordinates":[1911.5,573.5]}},{"type":"Feature","properties":{"id":"TV_JCT_0973","kind":"angled","degree":3,"road_types":["urban_street"]},"geometry":{"type":"Point","coordinates":[1912.5,526.5]}},{"type":"Feature","properties":{"id":"TV_JCT_0974","kind":"angled","degree":3,"road_types":["urban_street"]},"geometry":{"type":"Point","coordinates":[1920.5,545.5]}},{"type":"Feature","properties":{"id":"TV_JCT_0975","kind":"angled","degree":3,"road_types":["urban_street"]},"geometry":{"type":"Point","coordinates":[1922.5,529.5]}},{"type":"Feature","properties":{"id":"TV_JCT_0976","kind":"city","degree":3,"road_types":["urban_street"]},"geometry":{"type":"Point","coordinates":[1923.5,540.5]}},{"type":"Feature","properties":{"id":"TV_JCT_0977","kind":"city","degree":3,"road_types":["urban_street"]},"geometry":{"type":"Point","coordinates":[1923.5,544.5]}},{"type":"Feature","properties":{"id":"TV_JCT_0978","kind":"angled","degree":3,"road_types":["urban_street"]},"geometry":{"type":"Point","coordinates":[1925.5,535.5]}},{"type":"Feature","properties":{"id":"TV_JCT_0979","kind":"city","degree":3,"road_types":["urban_street"]},"geometry":{"type":"Point","coordinates":[1934.5,542.5]}},{"type":"Feature","properties":{"id":"TV_JCT_0980","kind":"city","degree":3,"road_types":["urban_street"]},"geometry":{"type":"Point","coordinates":[1934.5,546.5]}},{"type":"Feature","properties":{"id":"TV_JCT_0981","kind":"city","degree":3,"road_types":["urban_street"]},"geometry":{"type":"Point","coordinates":[1934.5,549.5]}},{"type":"Feature","properties":{"id":"TV_JCT_0982","kind":"city","degree":3,"road_types":["urban_street"]},"geometry":{"type":"Point","coordinates":[1941.5,526.5]}},{"type":"Feature","properties":{"id":"TV_JCT_0983","kind":"city","degree":3,"road_types":["urban_street"]},"geometry":{"type":"Point","coordinates":[1945.5,550.5]}},{"type":"Feature","properties":{"id":"TV_JCT_0984","kind":"fork","degree":3,"road_types":["urban_street"]},"geometry":{"type":"Point","coordinates":[1948.28,528.94]}},{"type":"Feature","properties":{"id":"TV_JCT_0985","kind":"fork","degree":3,"road_types":["urban_street"]},"geometry":{"type":"Point","coordinates":[1970.5,548.5]}},{"type":"Feature","properties":{"id":"TV_JCT_0986","kind":"end","degree":1,"road_types":["urban_street"]},"geometry":{"type":"Point","coordinates":[1998.5,561.5]}},{"type":"Feature","properties":{"id":"LC_JCT_1036","kind":"T","degree":3,"road_types":["residential"]},"geometry":{"type":"Point","coordinates":[25.5,611.5]}},{"type":"Feature","properties":{"id":"LC_JCT_1037","kind":"T","degree":3,"road_types":["residential"]},"geometry":{"type":"Point","coordinates":[34.5,609.5]}},{"type":"Feature","properties":{"id":"LC_JCT_1038","kind":"end","degree":1,"road_types":["residential"]},"geometry":{"type":"Point","coordinates":[41.5,607.5]}},{"type":"Feature","properties":{"id":"LC_JCT_1039","kind":"angled","degree":3,"road_types":["residential"]},"geometry":{"type":"Point","coordinates":[239.5,576.5]}},{"type":"Feature","properties":{"id":"LC_JCT_1040","kind":"angled","degree":3,"road_types":["residential"]},"geometry":{"type":"Point","coordinates":[241.5,576.5]}},{"type":"Feature","properties":{"id":"LC_JCT_1041","kind":"end","degree":1,"road_types":["residential"]},"geometry":{"type":"Point","coordinates":[255.5,589.5]}},{"type":"Feature","properties":{"id":"LC_JCT_1042","kind":"T","degree":3,"road_types":["residential"]},"geometry":{"type":"Point","coordinates":[257.89,583.13]}},{"type":"Feature","properties":{"id":"LC_JCT_1043","kind":"T","degree":3,"road_types":["residential"]},"geometry":{"type":"Point","coordinates":[269.5,576.5]}},{"type":"Feature","properties":{"id":"LC_JCT_1044","kind":"T","degree":3,"road_types":["residential"]},"geometry":{"type":"Point","coordinates":[276.5,575.5]}},{"type":"Feature","properties":{"id":"LC_JCT_1045","kind":"T","degree":3,"road_types":["residential"]},"geometry":{"type":"Point","coordinates":[278.5,575.5]}},{"type":"Feature","properties":{"id":"LC_JCT_1046","kind":"T","degree":3,"road_types":["residential"]},"geometry":{"type":"Point","coordinates":[285.5,581.5]}},{"type":"Feature","properties":{"id":"LC_JCT_1047","kind":"end","degree":1,"road_types":["residential"]},"geometry":{"type":"Point","coordinates":[288.5,593.5]}},{"type":"Feature","properties":{"id":"LC_JCT_1048","kind":"T","degree":3,"road_types":["residential"]},"geometry":{"type":"Point","coordinates":[292.5,582.5]}},{"type":"Feature","properties":{"id":"LC_JCT_1049","kind":"T","degree":3,"road_types":["residential"]},"geometry":{"type":"Point","coordinates":[292.5,585.5]}},{"type":"Feature","properties":{"id":"LC_JCT_1050","kind":"T","degree":3,"road_types":["residential"]},"geometry":{"type":"Point","coordinates":[299.5,587.5]}},{"type":"Feature","properties":{"id":"LC_JCT_1051","kind":"T","degree":3,"road_types":["residential"]},"geometry":{"type":"Point","coordinates":[312.5,582.5]}},{"type":"Feature","properties":{"id":"LC_JCT_1052","kind":"T","degree":3,"road_types":["residential"]},"geometry":{"type":"Point","coordinates":[318.5,575.5]}},{"type":"Feature","properties":{"id":"LC_JCT_1053","kind":"angled","degree":3,"road_types":["residential"]},"geometry":{"type":"Point","coordinates":[319.54,614.96]}},{"type":"Feature","properties":{"id":"LC_JCT_1054","kind":"T","degree":3,"road_types":["residential"]},"geometry":{"type":"Point","coordinates":[325.5,576.5]}},{"type":"Feature","properties":{"id":"LC_JCT_1055","kind":"fork","degree":3,"road_types":["residential"]},"geometry":{"type":"Point","coordinates":[325.5,579.5]}},{"type":"Feature","properties":{"id":"LC_JCT_1056","kind":"angled","degree":3,"road_types":["residential"]},"geometry":{"type":"Point","coordinates":[330.5,619.5]}},{"type":"Feature","properties":{"id":"LC_JCT_1057","kind":"angled","degree":3,"road_types":["residential"]},"geometry":{"type":"Point","coordinates":[353.5,604.5]}},{"type":"Feature","properties":{"id":"LC_JCT_1058","kind":"end","degree":1,"road_types":["residential"]},"geometry":{"type":"Point","coordinates":[353.5,616.5]}},{"type":"Feature","properties":{"id":"LC_JCT_1059","kind":"angled","degree":3,"road_types":["collector","residential"]},"geometry":{"type":"Point","coordinates":[360.5,588.5]}},{"type":"Feature","properties":{"id":"LC_JCT_1060","kind":"angled","degree":3,"road_types":["residential"]},"geometry":{"type":"Point","coordinates":[362.5,617.5]}},{"type":"Feature","properties":{"id":"LC_JCT_1061","kind":"fork","degree":3,"road_types":["collector","residential"]},"geometry":{"type":"Point","coordinates":[367.96,581.15]}},{"type":"Feature","properties":{"id":"LC_JCT_1062","kind":"multi","degree":5,"road_types":["residential"]},"geometry":{"type":"Point","coordinates":[370.5,612.5]}},{"type":"Feature","properties":{"id":"LC_JCT_1063","kind":"angled","degree":4,"road_types":["residential"]},"geometry":{"type":"Point","coordinates":[375.24,616.45]}},{"type":"Feature","properties":{"id":"LC_JCT_1064","kind":"angled","degree":4,"road_types":["residential"]},"geometry":{"type":"Point","coordinates":[375.59,616.6]}},{"type":"Feature","properties":{"id":"LC_JCT_1065","kind":"angled","degree":4,"road_types":["residential"]},"geometry":{"type":"Point","coordinates":[376.86,617.62]}},{"type":"Feature","properties":{"id":"LC_JCT_1066","kind":"angled","degree":4,"road_types":["residential"]},"geometry":{"type":"Point","coordinates":[382.5,619.5]}},{"type":"Feature","properties":{"id":"LC_JCT_1067","kind":"end","degree":1,"road_types":["residential"]},"geometry":{"type":"Point","coordinates":[578.5,581.5]}},{"type":"Feature","properties":{"id":"LC_JCT_1068","kind":"angled","degree":3,"road_types":["residential"]},"geometry":{"type":"Point","coordinates":[582.5,586.5]}},{"type":"Feature","properties":{"id":"LC_JCT_1069","kind":"T","degree":3,"road_types":["residential","rural"]},"geometry":{"type":"Point","coordinates":[586.5,587.5]}},{"type":"Feature","properties":{"id":"LC_JCT_1070","kind":"type_change","degree":2,"road_types":["residential","rural"]},"geometry":{"type":"Point","coordinates":[586.5,596.5]}},{"type":"Feature","properties":{"id":"LC_JCT_1071","kind":"end","degree":1,"road_types":["residential"]},"geometry":{"type":"Point","coordinates":[587.5,606.5]}},{"type":"Feature","properties":{"id":"RU_JCT_0346","kind":"end","degree":1,"road_types":["rural"]},"geometry":{"type":"Point","coordinates":[800.5,577.5]}},{"type":"Feature","properties":{"id":"RU_JCT_0347","kind":"angled","degree":3,"road_types":["rural"]},"geometry":{"type":"Point","coordinates":[808.5,582.5]}},{"type":"Feature","properties":{"id":"RU_JCT_0348","kind":"end","degree":1,"road_types":["rural"]},"geometry":{"type":"Point","coordinates":[809.5,593.5]}},{"type":"Feature","properties":{"id":"RU_JCT_0349","kind":"T","degree":3,"road_types":["rural"]},"geometry":{"type":"Point","coordinates":[845.65,588.45]}},{"type":"Feature","properties":{"id":"RU_JCT_0350","kind":"angled","degree":3,"road_types":["rural"]},"geometry":{"type":"Point","coordinates":[854.5,593.5]}},{"type":"Feature","properties":{"id":"RU_JCT_0351","kind":"angled","degree":3,"road_types":["rural"]},"geometry":{"type":"Point","coordinates":[854.5,597.5]}},{"type":"Feature","properties":{"id":"RU_JCT_0352","kind":"fork","degree":3,"road_types":["rural"]},"geometry":{"type":"Point","coordinates":[867.5,603.5]}},{"type":"Feature","properties":{"id":"RU_JCT_0353","kind":"multi","degree":6,"road_types":["rural"]},"geometry":{"type":"Point","coordinates":[874.89,610.88]}},{"type":"Feature","properties":{"id":"RU_JCT_0354","kind":"T","degree":3,"road_types":["rural"]},"geometry":{"type":"Point","coordinates":[875.5,586.5]}},{"type":"Feature","properties":{"id":"RU_JCT_0355","kind":"multi","degree":6,"road_types":["rural"]},"geometry":{"type":"Point","coordinates":[875.87,611.54]}},{"type":"Feature","properties":{"id":"RU_JCT_0356","kind":"angled","degree":4,"road_types":["rural"]},"geometry":{"type":"Point","coordinates":[879.5,615.5]}},{"type":"Feature","properties":{"id":"RU_JCT_0357","kind":"end","degree":1,"road_types":["rural"]},"geometry":{"type":"Point","coordinates":[885.5,582.5]}},{"type":"Feature","properties":{"id":"RU_JCT_0358","kind":"angled","degree":3,"road_types":["rural"]},"geometry":{"type":"Point","coordinates":[888.5,621.5]}},{"type":"Feature","properties":{"id":"RU_JCT_0359","kind":"fork","degree":3,"road_types":["rural"]},"geometry":{"type":"Point","coordinates":[910.5,611.5]}},{"type":"Feature","properties":{"id":"RU_JCT_0360","kind":"angled","degree":4,"road_types":["rural"]},"geometry":{"type":"Point","coordinates":[916.05,613.09]}},{"type":"Feature","properties":{"id":"RU_JCT_0361","kind":"fork","degree":3,"road_types":["rural"]},"geometry":{"type":"Point","coordinates":[918.5,612.5]}},{"type":"Feature","properties":{"id":"RU_JCT_0362","kind":"fork","degree":3,"road_types":["rural"]},"geometry":{"type":"Point","coordinates":[927.8,611.01]}},{"type":"Feature","properties":{"id":"RU_JCT_0363","kind":"end","degree":1,"road_types":["rural"]},"geometry":{"type":"Point","coordinates":[976.5,608.5]}},{"type":"Feature","properties":{"id":"RU_JCT_0364","kind":"end","degree":1,"road_types":["rural"]},"geometry":{"type":"Point","coordinates":[1191.5,612.5]}},{"type":"Feature","properties":{"id":"RU_JCT_0365","kind":"end","degree":1,"road_types":["rural"]},"geometry":{"type":"Point","coordinates":[1282.5,600.5]}},{"type":"Feature","properties":{"id":"RU_JCT_0366","kind":"T","degree":3,"road_types":["rural"]},"geometry":{"type":"Point","coordinates":[1291.5,598.5]}},{"type":"Feature","properties":{"id":"RU_JCT_0367","kind":"end","degree":1,"road_types":["rural"]},"geometry":{"type":"Point","coordinates":[1291.5,605.5]}},{"type":"Feature","properties":{"id":"RU_JCT_0368","kind":"T","degree":3,"road_types":["rural"]},"geometry":{"type":"Point","coordinates":[1295.5,579.5]}},{"type":"Feature","properties":{"id":"RU_JCT_0369","kind":"end","degree":1,"road_types":["rural"]},"geometry":{"type":"Point","coordinates":[1310.5,604.5]}},{"type":"Feature","properties":{"id":"RU_JCT_0370","kind":"T","degree":3,"road_types":["rural"]},"geometry":{"type":"Point","coordinates":[1314.5,578.5]}},{"type":"Feature","properties":{"id":"RU_JCT_0371","kind":"angled","degree":4,"road_types":["rural"]},"geometry":{"type":"Point","coordinates":[1323.5,603.5]}},{"type":"Feature","properties":{"id":"RU_JCT_0372","kind":"end","degree":1,"road_types":["rural"]},"geometry":{"type":"Point","coordinates":[1328.5,592.5]}},{"type":"Feature","properties":{"id":"RU_JCT_0373","kind":"end","degree":1,"road_types":["rural"]},"geometry":{"type":"Point","coordinates":[1336.5,610.5]}},{"type":"Feature","properties":{"id":"RU_JCT_0374","kind":"T","degree":3,"road_types":["rural"]},"geometry":{"type":"Point","coordinates":[1389.5,602.5]}},{"type":"Feature","properties":{"id":"RU_JCT_0375","kind":"angled","degree":3,"road_types":["rural"]},"geometry":{"type":"Point","coordinates":[1396.5,607.5]}},{"type":"Feature","properties":{"id":"RU_JCT_0376","kind":"end","degree":1,"road_types":["rural"]},"geometry":{"type":"Point","coordinates":[1397.5,596.5]}},{"type":"Feature","properties":{"id":"RU_JCT_0377","kind":"end","degree":1,"road_types":["rural"]},"geometry":{"type":"Point","coordinates":[1404.5,604.5]}},{"type":"Feature","properties":{"id":"RU_JCT_0378","kind":"angled","degree":4,"road_types":["rural"]},"geometry":{"type":"Point","coordinates":[1571.09,597.38]}},{"type":"Feature","properties":{"id":"RU_JCT_0379","kind":"fork","degree":3,"road_types":["rural"]},"geometry":{"type":"Point","coordinates":[1572.5,595.5]}},{"type":"Feature","properties":{"id":"RU_JCT_0380","kind":"angled","degree":4,"road_types":["rural"]},"geometry":{"type":"Point","coordinates":[1572.5,599.5]}},{"type":"Feature","properties":{"id":"TV_JCT_0987","kind":"end","degree":1,"road_types":["residential"]},"geometry":{"type":"Point","coordinates":[1658.5,578.5]}},{"type":"Feature","properties":{"id":"TV_JCT_0988","kind":"T","degree":3,"road_types":["residential"]},"geometry":{"type":"Point","coordinates":[1663.5,577.5]}},{"type":"Feature","properties":{"id":"TV_JCT_0989","kind":"T","degree":3,"road_types":["residential"]},"geometry":{"type":"Point","coordinates":[1678.5,577.5]}},{"type":"Feature","properties":{"id":"TV_JCT_0990","kind":"T","degree":3,"road_types":["residential"]},"geometry":{"type":"Point","coordinates":[1682.5,609.5]}},{"type":"Feature","properties":{"id":"TV_JCT_0991","kind":"fork","degree":3,"road_types":["residential"]},"geometry":{"type":"Point","coordinates":[1687.29,621.47]}},{"type":"Feature","properties":{"id":"TV_JCT_0992","kind":"T","degree":3,"road_types":["residential"]},"geometry":{"type":"Point","coordinates":[1700.5,600.5]}},{"type":"Feature","properties":{"id":"TV_JCT_0993","kind":"end","degree":1,"road_types":["residential"]},"geometry":{"type":"Point","coordinates":[1707.5,581.5]}},{"type":"Feature","properties":{"id":"TV_JCT_0994","kind":"T","degree":3,"road_types":["residential"]},"geometry":{"type":"Point","coordinates":[1712.5,594.5]}},{"type":"Feature","properties":{"id":"TV_JCT_0995","kind":"end","degree":1,"road_types":["residential"]},"geometry":{"type":"Point","coordinates":[1723.5,620.5]}},{"type":"Feature","properties":{"id":"TV_JCT_0996","kind":"T","degree":3,"road_types":["residential"]},"geometry":{"type":"Point","coordinates":[1728.5,589.5]}},{"type":"Feature","properties":{"id":"TV_JCT_0997","kind":"T","degree":3,"road_types":["residential"]},"geometry":{"type":"Point","coordinates":[1743.5,584.5]}},{"type":"Feature","properties":{"id":"TV_JCT_0998","kind":"angled","degree":3,"road_types":["residential"]},"geometry":{"type":"Point","coordinates":[1774.5,575.5]}},{"type":"Feature","properties":{"id":"TV_JCT_0999","kind":"end","degree":1,"road_types":["residential"]},"geometry":{"type":"Point","coordinates":[1905.5,581.5]}},{"type":"Feature","properties":{"id":"TV_JCT_1000","kind":"end","degree":1,"road_types":["urban_street"]},"geometry":{"type":"Point","coordinates":[1986.5,576.5]}},{"type":"Feature","properties":{"id":"LC_JCT_1072","kind":"T","degree":3,"road_types":["residential"]},"geometry":{"type":"Point","coordinates":[17.51,637.34]}},{"type":"Feature","properties":{"id":"LC_JCT_1073","kind":"T","degree":3,"road_types":["residential"]},"geometry":{"type":"Point","coordinates":[19.5,642.5]}},{"type":"Feature","properties":{"id":"LC_JCT_1074","kind":"end","degree":1,"road_types":["residential"]},"geometry":{"type":"Point","coordinates":[24.5,649.5]}},{"type":"Feature","properties":{"id":"LC_JCT_1075","kind":"end","degree":1,"road_types":["residential"]},"geometry":{"type":"Point","coordinates":[119.5,665.5]}},{"type":"Feature","properties":{"id":"LC_JCT_1076","kind":"end","degree":1,"road_types":["residential"]},"geometry":{"type":"Point","coordinates":[130.5,631.5]}},{"type":"Feature","properties":{"id":"LC_JCT_1077","kind":"T","degree":3,"road_types":["residential"]},"geometry":{"type":"Point","coordinates":[149.5,638.5]}},{"type":"Feature","properties":{"id":"LC_JCT_1078","kind":"end","degree":1,"road_types":["residential"]},"geometry":{"type":"Point","coordinates":[162.5,647.5]}},{"type":"Feature","properties":{"id":"LC_JCT_1079","kind":"T","degree":3,"road_types":["collector","residential"]},"geometry":{"type":"Point","coordinates":[164.5,632.5]}},{"type":"Feature","properties":{"id":"LC_JCT_1080","kind":"end","degree":1,"road_types":["residential"]},"geometry":{"type":"Point","coordinates":[303.5,629.5]}},{"type":"Feature","properties":{"id":"LC_JCT_1081","kind":"end","degree":1,"road_types":["residential"]},"geometry":{"type":"Point","coordinates":[311.5,639.5]}},{"type":"Feature","properties":{"id":"LC_JCT_1082","kind":"T","degree":3,"road_types":["residential"]},"geometry":{"type":"Point","coordinates":[315.5,627.5]}},{"type":"Feature","properties":{"id":"LC_JCT_1083","kind":"T","degree":3,"road_types":["residential"]},"geometry":{"type":"Point","coordinates":[317.5,627.5]}},{"type":"Feature","properties":{"id":"LC_JCT_1084","kind":"end","degree":1,"road_types":["residential"]},"geometry":{"type":"Point","coordinates":[321.5,648.5]}},{"type":"Feature","properties":{"id":"LC_JCT_1085","kind":"angled","degree":3,"road_types":["residential"]},"geometry":{"type":"Point","coordinates":[323.5,630.5]}},{"type":"Feature","properties":{"id":"LC_JCT_1086","kind":"T","degree":3,"road_types":["residential"]},"geometry":{"type":"Point","coordinates":[323.5,634.5]}},{"type":"Feature","properties":{"id":"LC_JCT_1087","kind":"end","degree":1,"road_types":["residential"]},"geometry":{"type":"Point","coordinates":[334.5,628.5]}},{"type":"Feature","properties":{"id":"LC_JCT_1088","kind":"T","degree":3,"road_types":["residential"]},"geometry":{"type":"Point","coordinates":[334.5,635.5]}},{"type":"Feature","properties":{"id":"LC_JCT_1089","kind":"end","degree":1,"road_types":["residential"]},"geometry":{"type":"Point","coordinates":[339.5,637.5]}},{"type":"Feature","properties":{"id":"LC_JCT_1090","kind":"T","degree":3,"road_types":["residential"]},"geometry":{"type":"Point","coordinates":[408.5,642.5]}},{"type":"Feature","properties":{"id":"LC_JCT_1091","kind":"T","degree":3,"road_types":["residential"]},"geometry":{"type":"Point","coordinates":[411.5,646.5]}},{"type":"Feature","properties":{"id":"LC_JCT_1092","kind":"end","degree":1,"road_types":["residential"]},"geometry":{"type":"Point","coordinates":[424.5,643.5]}},{"type":"Feature","properties":{"id":"LC_JCT_1093","kind":"end","degree":1,"road_types":["residential"]},"geometry":{"type":"Point","coordinates":[487.5,644.5]}},{"type":"Feature","properties":{"id":"LC_JCT_1094","kind":"end","degree":1,"road_types":["residential"]},"geometry":{"type":"Point","coordinates":[491.5,661.5]}},{"type":"Feature","properties":{"id":"LC_JCT_1095","kind":"angled","degree":3,"road_types":["residential"]},"geometry":{"type":"Point","coordinates":[495.5,644.5]}},{"type":"Feature","properties":{"id":"LC_JCT_1096","kind":"angled","degree":3,"road_types":["residential"]},"geometry":{"type":"Point","coordinates":[496.5,647.5]}},{"type":"Feature","properties":{"id":"LC_JCT_1097","kind":"T","degree":3,"road_types":["residential"]},"geometry":{"type":"Point","coordinates":[499.5,647.5]}},{"type":"Feature","properties":{"id":"LC_JCT_1098","kind":"T","degree":3,"road_types":["residential"]},"geometry":{"type":"Point","coordinates":[502.5,642.5]}},{"type":"Feature","properties":{"id":"LC_JCT_1099","kind":"end","degree":1,"road_types":["residential"]},"geometry":{"type":"Point","coordinates":[504.5,666.5]}},{"type":"Feature","properties":{"id":"LC_JCT_1100","kind":"angled","degree":3,"road_types":["residential"]},"geometry":{"type":"Point","coordinates":[505.5,650.5]}},{"type":"Feature","properties":{"id":"LC_JCT_1101","kind":"angled","degree":3,"road_types":["residential"]},"geometry":{"type":"Point","coordinates":[508.5,642.5]}},{"type":"Feature","properties":{"id":"LC_JCT_1102","kind":"T","degree":3,"road_types":["residential"]},"geometry":{"type":"Point","coordinates":[515.5,638.5]}},{"type":"Feature","properties":{"id":"LC_JCT_1103","kind":"angled","degree":3,"road_types":["residential"]},"geometry":{"type":"Point","coordinates":[516.5,641.5]}},{"type":"Feature","properties":{"id":"LC_JCT_1104","kind":"end","degree":1,"road_types":["residential"]},"geometry":{"type":"Point","coordinates":[517.5,629.5]}},{"type":"Feature","properties":{"id":"LC_JCT_1105","kind":"end","degree":1,"road_types":["residential"]},"geometry":{"type":"Point","coordinates":[518.5,658.5]}},{"type":"Feature","properties":{"id":"LC_JCT_1106","kind":"angled","degree":3,"road_types":["residential"]},"geometry":{"type":"Point","coordinates":[519.5,642.5]}},{"type":"Feature","properties":{"id":"LC_JCT_1107","kind":"end","degree":1,"road_types":["residential"]},"geometry":{"type":"Point","coordinates":[528.5,651.5]}},{"type":"Feature","properties":{"id":"LC_JCT_1108","kind":"end","degree":1,"road_types":["residential"]},"geometry":{"type":"Point","coordinates":[529.4,637.6]}},{"type":"Feature","properties":{"id":"LC_JCT_1109","kind":"end","degree":1,"road_types":["freeway"]},"geometry":{"type":"Point","coordinates":[541.0,666.5]}},{"type":"Feature","properties":{"id":"RU_JCT_0381","kind":"end","degree":1,"road_types":["rural"]},"geometry":{"type":"Point","coordinates":[872.5,634.5]}},{"type":"Feature","properties":{"id":"RU_JCT_0382","kind":"end","degree":1,"road_types":["rural"]},"geometry":{"type":"Point","coordinates":[894.5,637.5]}},{"type":"Feature","properties":{"id":"RU_JCT_0383","kind":"end","degree":1,"road_types":["rural"]},"geometry":{"type":"Point","coordinates":[894.5,648.5]}},{"type":"Feature","properties":{"id":"RU_JCT_0384","kind":"T","degree":3,"road_types":["rural"]},"geometry":{"type":"Point","coordinates":[905.5,634.5]}},{"type":"Feature","properties":{"id":"RU_JCT_0385","kind":"angled","degree":3,"road_types":["rural"]},"geometry":{"type":"Point","coordinates":[906.5,641.5]}},{"type":"Feature","properties":{"id":"RU_JCT_0386","kind":"end","degree":1,"road_types":["rural"]},"geometry":{"type":"Point","coordinates":[919.5,662.5]}},{"type":"Feature","properties":{"id":"RU_JCT_0387","kind":"end","degree":1,"road_types":["rural"]},"geometry":{"type":"Point","coordinates":[1202.5,628.5]}},{"type":"Feature","properties":{"id":"RU_JCT_0388","kind":"end","degree":1,"road_types":["rural"]},"geometry":{"type":"Point","coordinates":[1394.5,645.5]}},{"type":"Feature","properties":{"id":"RU_JCT_0389","kind":"T","degree":3,"road_types":["rural"]},"geometry":{"type":"Point","coordinates":[1401.5,647.5]}},{"type":"Feature","properties":{"id":"RU_JCT_0390","kind":"T","degree":3,"road_types":["rural"]},"geometry":{"type":"Point","coordinates":[1409.5,644.5]}},{"type":"Feature","properties":{"id":"RU_JCT_0391","kind":"T","degree":3,"road_types":["rural"]},"geometry":{"type":"Point","coordinates":[1414.5,645.5]}},{"type":"Feature","properties":{"id":"RU_JCT_0392","kind":"angled","degree":3,"road_types":["rural"]},"geometry":{"type":"Point","coordinates":[1422.5,635.5]}},{"type":"Feature","properties":{"id":"RU_JCT_0393","kind":"angled","degree":3,"road_types":["rural"]},"geometry":{"type":"Point","coordinates":[1423.5,643.5]}},{"type":"Feature","properties":{"id":"RU_JCT_0394","kind":"end","degree":1,"road_types":["rural"]},"geometry":{"type":"Point","coordinates":[1429.5,632.5]}},{"type":"Feature","properties":{"id":"RU_JCT_0395","kind":"fork","degree":3,"road_types":["rural"]},"geometry":{"type":"Point","coordinates":[1432.51,658.7]}},{"type":"Feature","properties":{"id":"RU_JCT_0396","kind":"end","degree":1,"road_types":["rural"]},"geometry":{"type":"Point","coordinates":[1437.5,665.5]}},{"type":"Feature","properties":{"id":"TV_JCT_1001","kind":"angled","degree":3,"road_types":["residential"]},"geometry":{"type":"Point","coordinates":[1700.5,633.5]}},{"type":"Feature","properties":{"id":"TV_JCT_1002","kind":"T","degree":3,"road_types":["residential"]},"geometry":{"type":"Point","coordinates":[1703.5,632.5]}},{"type":"Feature","properties":{"id":"TV_JCT_1003","kind":"end","degree":1,"road_types":["residential"]},"geometry":{"type":"Point","coordinates":[1716.5,637.5]}},{"type":"Feature","properties":{"id":"TV_JCT_1004","kind":"end","degree":1,"road_types":["residential"]},"geometry":{"type":"Point","coordinates":[1732.5,666.5]}}]}
